[2026-04-17 00:51:31,668][timm.models._builder][INFO] - Loading pretrained weights from Hugging Face hub (timm/swin_base_patch4_window7_224.ms_in22k_ft_in1k)
[2026-04-17 00:51:32,475][httpx][INFO] - HTTP Request: HEAD https://hf-mirror.com/timm/swin_base_patch4_window7_224.ms_in22k_ft_in1k/resolve/main/model.safetensors "HTTP/1.1 302 Found"
[2026-04-17 00:51:32,478][timm.models._hub][INFO] - [timm/swin_base_patch4_window7_224.ms_in22k_ft_in1k] Safe alternative available for 'pytorch_model.bin' (as 'model.safetensors'). Loading weights using safetensors.
[2026-04-17 00:51:32,968][timm.models._builder][INFO] - Missing keys (head.fc.weight, head.fc.bias) discovered while loading pretrained weights. This is expected if model is being adapted.
2026-04-17 00:51:33 | INFO     | crowdcount.trainer:104 - Number of trainable parameters: 67,861,697
2026-04-17 00:51:33 | INFO     | crowdcount.trainer:145 - Optimizer: AdamW
2026-04-17 00:51:33 | INFO     | crowdcount.trainer:245 - Scheduler: cosine_annealing with linear warmup (10 epochs, start_factor=0.01)
2026-04-17 00:51:33 | INFO     | crowdcount.trainer:215 - Config:
data:
  dataset: SHHA
  data_root: data/shanghaitech/part_A_final
  batch_size: 8
  patch: true
  patch_size: 128
  flip: true
model:
  architecture: swin_crowd_net
  backbone: swin_base
  backbone_pretrained: true
  row: 2
  line: 2
  feature_dim: 256
  fpn_c2_channels: 256
  fpn_c3_channels: 256
  fpn_c4_channels: 512
  use_dfr: true
  use_decoupled_head: true
  use_freq_router: true
  moe:
    grid_stride: 4
    temperature_init: 0.5
    temperature_min: 0.15
    lambda_balance: 0.05
    dense_expansion: 3
    use_density_gate: true
    lambda_decorr: 0.1
  set_cost_class: 1.0
  set_cost_point: 0.05
  point_loss_coef: 0.0002
  eos_coef: 0.5
  count_loss_coef: 0.001
  consistency_loss_coef: 0.001
  use_focal_loss: true
  focal_loss:
    alpha: 0.25
    gamma: 2.0
optimizer:
  name: adamw
  lr: 0.0001
  lr_backbone: 1.0e-05
  weight_decay: 0.0001
  amsgrad: false
scheduler:
  name: cosine_annealing
  T_max: ${epochs}
  eta_min: 1.0e-06
  warmup_epochs: 10
  warmup_start_factor: 0.01
seed: 42
gpu_id: 0
num_workers: 8
eval_freq: 1
epochs: 3500
clip_max_norm: 0.1
frozen_weights: null
resume: ''
reset_optimizer: false
start_epoch: 0
checkpoints_dir: checkpoints
tensorboard_dir: runs/swin_crowd_net
density_loss_weight: 0.01
uncertainty_weighting:
  enabled: false
  init_log_var_den: 3.91
  init_log_var_ce: -0.693
  init_log_var_reg: 8.52
  lr_scale: 1.0
density_dmcount:
  enabled: false
  lambda_count: 1.0
  lambda_ot: 0.1
  lambda_tv: 0.01
  count_loss_type: l1
density_ssim:
  enabled: true
  weight: 0.005
  window_size: 7
  sigma: 1.5
refine_loss_weight: 0.0
fg_loss_weight: 0.0
fg_pos_weight: 5.0
density_multi_scale:
  enabled: false
  cross_scale_refine: false
  fuse_to_gcn: false
  consistency_weight: 0.0
  count_consistency_weight: 0.0
  weights:
    block3: 0.5
    block4: 1.0
    block5: 0.5
    original: 1.0
eval_counting:
  method: threshold
  threshold: 0.5

2026-04-17 00:51:33 | INFO     | crowdcount.trainer:260 - Start training
2026-04-17 00:51:52 | INFO     | crowdcount.engine:429 - Averaged stats: lr: 0.000001  loss_sum: 1.1676 (1.2262)  losses: 1.0621 (1.0668)  den_loss: 0.1032 (0.1534)  loss_ce: 0.0753 (0.0761)  loss_points: 0.0003 (0.0003)  loss_count: 0.4830 (0.4845)  loss_consistency: 0.5031 (0.5059)  loss_ce_unscaled: 0.0753 (0.0761)  loss_points_unscaled: 1.5798 (1.5889)  loss_count_unscaled: 483.0339 (484.4549)  loss_consistency_unscaled: 503.0965 (505.9037)  den_ssim: 0.0038 (0.0037)  moe_aux_total: 0.0057 (0.0060)  moe_aux_raw: 0.0057 (0.0060)  l_balance: 0.0057 (0.0060)  l_decorr: 0.0000 (0.0002)  moe_temperature: 0.4986 (0.4991)
2026-04-17 00:51:52 | INFO     | crowdcount.trainer:289 - [ep 0][lr 0.0000010][19.25s]
2026-04-17 00:52:11 | INFO     | crowdcount.engine:429 - Averaged stats: lr: 0.000011  loss_sum: 0.8472 (0.9651)  losses: 0.6931 (0.8126)  den_loss: 0.1059 (0.1482)  loss_ce: 0.0429 (0.0540)  loss_points: 0.0003 (0.0003)  loss_count: 0.3255 (0.3741)  loss_consistency: 0.3245 (0.3842)  loss_ce_unscaled: 0.0429 (0.0540)  loss_points_unscaled: 1.6462 (1.6153)  loss_count_unscaled: 325.4950 (374.0596)  loss_consistency_unscaled: 324.4694 (384.2295)  den_ssim: 0.0041 (0.0041)  moe_aux_total: 0.0039 (0.0043)  moe_aux_raw: 0.0039 (0.0043)  l_balance: 0.0039 (0.0043)  l_decorr: 0.0000 (0.0000)  moe_temperature: 0.4968 (0.4972)
2026-04-17 00:52:11 | INFO     | crowdcount.trainer:289 - [ep 1][lr 0.0000109][17.24s]
2026-04-17 00:52:29 | INFO     | crowdcount.trainer:348 - [Eval] mae=433.90  mse=559.81  time=15.7s  best_mae=433.90  best_mse=559.81
2026-04-17 00:52:29 | INFO     | crowdcount.trainer:352 - [Eval] density_mae=770.55  density_mse=896.26  best_density_mae=770.55
2026-04-17 00:52:47 | INFO     | crowdcount.engine:429 - Averaged stats: lr: 0.000021  loss_sum: 0.1129 (0.2459)  losses: 0.0435 (0.1209)  den_loss: 0.0672 (0.1224)  loss_ce: 0.0161 (0.0195)  loss_points: 0.0003 (0.0003)  loss_count: 0.0174 (0.0533)  loss_consistency: 0.0094 (0.0478)  loss_ce_unscaled: 0.0161 (0.0195)  loss_points_unscaled: 1.4632 (1.5391)  loss_count_unscaled: 17.3608 (53.2900)  loss_consistency_unscaled: 9.4393 (47.8001)  den_ssim: 0.0032 (0.0036)  moe_aux_total: 0.0023 (0.0027)  moe_aux_raw: 0.0023 (0.0027)  l_balance: 0.0023 (0.0027)  l_decorr: 0.0000 (0.0000)  moe_temperature: 0.4949 (0.4954)
2026-04-17 00:52:47 | INFO     | crowdcount.trainer:289 - [ep 2][lr 0.0000208][16.40s]
2026-04-17 00:53:03 | INFO     | crowdcount.trainer:348 - [Eval] mae=433.90  mse=559.81  time=13.3s  best_mae=433.90  best_mse=559.81
2026-04-17 00:53:03 | INFO     | crowdcount.trainer:352 - [Eval] density_mae=239.57  density_mse=354.66  best_density_mae=239.57
2026-04-17 00:53:22 | INFO     | crowdcount.engine:429 - Averaged stats: lr: 0.000031  loss_sum: 0.0873 (0.1479)  losses: 0.0344 (0.0430)  den_loss: 0.0526 (0.1043)  loss_ce: 0.0132 (0.0167)  loss_points: 0.0003 (0.0003)  loss_count: 0.0119 (0.0164)  loss_consistency: 0.0075 (0.0096)  loss_ce_unscaled: 0.0132 (0.0167)  loss_points_unscaled: 1.4549 (1.4423)  loss_count_unscaled: 11.9338 (16.4241)  loss_consistency_unscaled: 7.4804 (9.5689)  den_ssim: 0.0029 (0.0029)  moe_aux_total: 0.0002 (0.0006)  moe_aux_raw: 0.0002 (0.0006)  l_balance: 0.0002 (0.0006)  l_decorr: 0.0000 (0.0000)  moe_temperature: 0.4931 (0.4935)
2026-04-17 00:53:22 | INFO     | crowdcount.trainer:289 - [ep 3][lr 0.0000307][17.03s]
2026-04-17 00:53:38 | INFO     | crowdcount.trainer:348 - [Eval] mae=433.90  mse=559.81  time=13.8s  best_mae=433.90  best_mse=559.81
2026-04-17 00:53:38 | INFO     | crowdcount.trainer:352 - [Eval] density_mae=970.67  density_mse=1112.16  best_density_mae=239.57
2026-04-17 00:53:57 | INFO     | crowdcount.engine:429 - Averaged stats: lr: 0.000041  loss_sum: 0.0619 (0.1164)  losses: 0.0249 (0.0298)  den_loss: 0.0404 (0.0865)  loss_ce: 0.0100 (0.0116)  loss_points: 0.0003 (0.0003)  loss_count: 0.0072 (0.0113)  loss_consistency: 0.0064 (0.0066)  loss_ce_unscaled: 0.0100 (0.0116)  loss_points_unscaled: 1.3741 (1.4017)  loss_count_unscaled: 7.1995 (11.3091)  loss_consistency_unscaled: 6.3720 (6.5992)  den_ssim: 0.0026 (0.0027)  moe_aux_total: 0.0000 (0.0001)  moe_aux_raw: 0.0000 (0.0001)  l_balance: 0.0000 (0.0001)  l_decorr: 0.0000 (0.0000)  moe_temperature: 0.4913 (0.4917)
2026-04-17 00:53:57 | INFO     | crowdcount.trainer:289 - [ep 4][lr 0.0000406][17.57s]
2026-04-17 00:54:13 | INFO     | crowdcount.trainer:348 - [Eval] mae=433.90  mse=559.81  time=13.3s  best_mae=433.90  best_mse=559.81
2026-04-17 00:54:13 | INFO     | crowdcount.trainer:352 - [Eval] density_mae=758.35  density_mse=877.77  best_density_mae=239.57
2026-04-17 00:54:32 | INFO     | crowdcount.engine:429 - Averaged stats: lr: 0.000051  loss_sum: 0.0852 (0.1091)  losses: 0.0251 (0.0273)  den_loss: 0.0579 (0.0818)  loss_ce: 0.0094 (0.0099)  loss_points: 0.0003 (0.0003)  loss_count: 0.0088 (0.0103)  loss_consistency: 0.0066 (0.0068)  loss_ce_unscaled: 0.0094 (0.0099)  loss_points_unscaled: 1.3944 (1.3965)  loss_count_unscaled: 8.7689 (10.3122)  loss_consistency_unscaled: 6.5984 (6.7877)  den_ssim: 0.0025 (0.0026)  moe_aux_total: 0.0000 (0.0000)  moe_aux_raw: 0.0000 (0.0000)  l_balance: 0.0000 (0.0000)  l_decorr: 0.0000 (0.0000)  moe_temperature: 0.4895 (0.4899)
2026-04-17 00:54:32 | INFO     | crowdcount.trainer:289 - [ep 5][lr 0.0000505][17.09s]
2026-04-17 00:54:47 | INFO     | crowdcount.trainer:348 - [Eval] mae=433.90  mse=559.81  time=13.1s  best_mae=433.90  best_mse=559.81
2026-04-17 00:54:47 | INFO     | crowdcount.trainer:352 - [Eval] density_mae=1049.80  density_mse=1195.52  best_density_mae=239.57
2026-04-17 00:55:06 | INFO     | crowdcount.engine:429 - Averaged stats: lr: 0.000060  loss_sum: 0.0752 (0.1071)  losses: 0.0234 (0.0257)  den_loss: 0.0526 (0.0813)  loss_ce: 0.0091 (0.0097)  loss_points: 0.0003 (0.0003)  loss_count: 0.0080 (0.0092)  loss_consistency: 0.0063 (0.0065)  loss_ce_unscaled: 0.0091 (0.0097)  loss_points_unscaled: 1.3421 (1.3466)  loss_count_unscaled: 8.0394 (9.2428)  loss_consistency_unscaled: 6.3117 (6.4708)  den_ssim: 0.0025 (0.0026)  moe_aux_total: 0.0000 (0.0000)  moe_aux_raw: 0.0000 (0.0000)  l_balance: 0.0000 (0.0000)  l_decorr: 0.0000 (0.0000)  moe_temperature: 0.4877 (0.4881)
2026-04-17 00:55:06 | INFO     | crowdcount.trainer:289 - [ep 6][lr 0.0000604][17.29s]
2026-04-17 00:55:21 | INFO     | crowdcount.trainer:348 - [Eval] mae=433.90  mse=559.81  time=13.0s  best_mae=433.90  best_mse=559.81
2026-04-17 00:55:21 | INFO     | crowdcount.trainer:352 - [Eval] density_mae=2111.45  density_mse=2314.81  best_density_mae=239.57
2026-04-17 00:55:40 | INFO     | crowdcount.engine:429 - Averaged stats: lr: 0.000070  loss_sum: 0.0653 (0.1117)  losses: 0.0212 (0.0236)  den_loss: 0.0448 (0.0880)  loss_ce: 0.0087 (0.0089)  loss_points: 0.0003 (0.0003)  loss_count: 0.0074 (0.0087)  loss_consistency: 0.0051 (0.0058)  loss_ce_unscaled: 0.0087 (0.0089)  loss_points_unscaled: 1.3593 (1.3720)  loss_count_unscaled: 7.4371 (8.6552)  loss_consistency_unscaled: 5.0794 (5.7569)  den_ssim: 0.0022 (0.0023)  moe_aux_total: 0.0000 (0.0000)  moe_aux_raw: 0.0000 (0.0000)  l_balance: 0.0000 (0.0000)  l_decorr: 0.0000 (0.0000)  moe_temperature: 0.4859 (0.4863)
2026-04-17 00:55:40 | INFO     | crowdcount.trainer:289 - [ep 7][lr 0.0000703][16.85s]
2026-04-17 00:55:56 | INFO     | crowdcount.trainer:348 - [Eval] mae=433.90  mse=559.81  time=13.8s  best_mae=433.90  best_mse=559.81
2026-04-17 00:55:56 | INFO     | crowdcount.trainer:352 - [Eval] density_mae=1121.27  density_mse=1268.14  best_density_mae=239.57
2026-04-17 00:56:17 | INFO     | crowdcount.engine:429 - Averaged stats: lr: 0.000080  loss_sum: 0.0868 (0.1186)  losses: 0.0246 (0.0259)  den_loss: 0.0598 (0.0927)  loss_ce: 0.0094 (0.0099)  loss_points: 0.0003 (0.0003)  loss_count: 0.0079 (0.0097)  loss_consistency: 0.0070 (0.0060)  loss_ce_unscaled: 0.0094 (0.0099)  loss_points_unscaled: 1.3346 (1.3430)  loss_count_unscaled: 7.8643 (9.7354)  loss_consistency_unscaled: 6.9754 (6.0070)  den_ssim: 0.0023 (0.0024)  moe_aux_total: 0.0000 (0.0000)  moe_aux_raw: 0.0000 (0.0000)  l_balance: 0.0000 (0.0000)  l_decorr: 0.0000 (0.0000)  moe_temperature: 0.4841 (0.4845)
2026-04-17 00:56:17 | INFO     | crowdcount.trainer:289 - [ep 8][lr 0.0000802][18.14s]
2026-04-17 00:56:32 | INFO     | crowdcount.trainer:348 - [Eval] mae=433.90  mse=559.81  time=13.3s  best_mae=433.90  best_mse=559.81
2026-04-17 00:56:32 | INFO     | crowdcount.trainer:352 - [Eval] density_mae=1390.39  density_mse=1545.59  best_density_mae=239.57
2026-04-17 00:56:51 | INFO     | crowdcount.engine:429 - Averaged stats: lr: 0.000090  loss_sum: 0.0530 (0.1080)  losses: 0.0185 (0.0243)  den_loss: 0.0342 (0.0837)  loss_ce: 0.0075 (0.0093)  loss_points: 0.0003 (0.0003)  loss_count: 0.0063 (0.0093)  loss_consistency: 0.0038 (0.0055)  loss_ce_unscaled: 0.0075 (0.0093)  loss_points_unscaled: 1.2861 (1.3052)  loss_count_unscaled: 6.3086 (9.2650)  loss_consistency_unscaled: 3.8412 (5.4890)  den_ssim: 0.0021 (0.0023)  moe_aux_total: 0.0000 (0.0000)  moe_aux_raw: 0.0000 (0.0000)  l_balance: 0.0000 (0.0000)  l_decorr: 0.0000 (0.0000)  moe_temperature: 0.4823 (0.4827)
2026-04-17 00:56:51 | INFO     | crowdcount.trainer:289 - [ep 9][lr 0.0000901][17.24s]
2026-04-17 00:57:06 | INFO     | crowdcount.trainer:348 - [Eval] mae=433.90  mse=559.81  time=13.2s  best_mae=433.90  best_mse=559.81
2026-04-17 00:57:06 | INFO     | crowdcount.trainer:352 - [Eval] density_mae=1128.19  density_mse=1257.22  best_density_mae=239.57
2026-04-17 00:57:25 | INFO     | crowdcount.engine:429 - Averaged stats: lr: 0.000100  loss_sum: 0.0730 (0.0981)  losses: 0.0202 (0.0228)  den_loss: 0.0542 (0.0753)  loss_ce: 0.0078 (0.0088)  loss_points: 0.0003 (0.0003)  loss_count: 0.0065 (0.0082)  loss_consistency: 0.0055 (0.0055)  loss_ce_unscaled: 0.0078 (0.0088)  loss_points_unscaled: 1.2904 (1.2953)  loss_count_unscaled: 6.5361 (8.2111)  loss_consistency_unscaled: 5.5091 (5.5399)  den_ssim: 0.0022 (0.0022)  moe_aux_total: 0.0000 (0.0000)  moe_aux_raw: 0.0000 (0.0000)  l_balance: 0.0000 (0.0000)  l_decorr: 0.0000 (0.0000)  moe_temperature: 0.4805 (0.4809)
2026-04-17 00:57:25 | INFO     | crowdcount.trainer:289 - [ep 10][lr 0.0001000][16.61s]
2026-04-17 00:57:40 | INFO     | crowdcount.trainer:348 - [Eval] mae=433.90  mse=559.81  time=13.4s  best_mae=433.90  best_mse=559.81
2026-04-17 00:57:40 | INFO     | crowdcount.trainer:352 - [Eval] density_mae=1228.61  density_mse=1360.95  best_density_mae=239.57
2026-04-17 00:58:00 | INFO     | crowdcount.engine:429 - Averaged stats: lr: 0.000100  loss_sum: 0.0555 (0.0975)  losses: 0.0199 (0.0247)  den_loss: 0.0346 (0.0728)  loss_ce: 0.0071 (0.0091)  loss_points: 0.0003 (0.0003)  loss_count: 0.0061 (0.0092)  loss_consistency: 0.0051 (0.0061)  loss_ce_unscaled: 0.0071 (0.0091)  loss_points_unscaled: 1.2675 (1.2840)  loss_count_unscaled: 6.0899 (9.2114)  loss_consistency_unscaled: 5.0605 (6.1215)  den_ssim: 0.0021 (0.0023)  moe_aux_total: 0.0000 (0.0000)  moe_aux_raw: 0.0000 (0.0000)  l_balance: 0.0000 (0.0000)  l_decorr: 0.0000 (0.0000)  moe_temperature: 0.4787 (0.4791)
2026-04-17 00:58:00 | INFO     | crowdcount.trainer:289 - [ep 11][lr 0.0001000][17.39s]
2026-04-17 00:58:15 | INFO     | crowdcount.trainer:348 - [Eval] mae=433.90  mse=559.81  time=13.2s  best_mae=433.90  best_mse=559.81
2026-04-17 00:58:15 | INFO     | crowdcount.trainer:352 - [Eval] density_mae=673.88  density_mse=760.75  best_density_mae=239.57
2026-04-17 00:58:33 | INFO     | crowdcount.engine:429 - Averaged stats: lr: 0.000100  loss_sum: 0.0773 (0.0922)  losses: 0.0233 (0.0239)  den_loss: 0.0572 (0.0682)  loss_ce: 0.0094 (0.0092)  loss_points: 0.0003 (0.0003)  loss_count: 0.0074 (0.0080)  loss_consistency: 0.0062 (0.0065)  loss_ce_unscaled: 0.0094 (0.0092)  loss_points_unscaled: 1.2638 (1.2640)  loss_count_unscaled: 7.3743 (8.0000)  loss_consistency_unscaled: 6.2478 (6.4541)  den_ssim: 0.0023 (0.0022)  moe_aux_total: 0.0000 (0.0000)  moe_aux_raw: 0.0000 (0.0000)  l_balance: 0.0000 (0.0000)  l_decorr: 0.0000 (0.0000)  moe_temperature: 0.4769 (0.4774)
2026-04-17 00:58:33 | INFO     | crowdcount.trainer:289 - [ep 12][lr 0.0001000][16.94s]
2026-04-17 00:58:49 | INFO     | crowdcount.trainer:348 - [Eval] mae=433.90  mse=559.81  time=13.1s  best_mae=433.90  best_mse=559.81
2026-04-17 00:58:49 | INFO     | crowdcount.trainer:352 - [Eval] density_mae=917.64  density_mse=1020.30  best_density_mae=239.57
2026-04-17 00:59:07 | INFO     | crowdcount.engine:429 - Averaged stats: lr: 0.000100  loss_sum: 0.0535 (0.0769)  losses: 0.0176 (0.0207)  den_loss: 0.0361 (0.0562)  loss_ce: 0.0077 (0.0086)  loss_points: 0.0003 (0.0003)  loss_count: 0.0049 (0.0072)  loss_consistency: 0.0039 (0.0046)  loss_ce_unscaled: 0.0077 (0.0086)  loss_points_unscaled: 1.2553 (1.2608)  loss_count_unscaled: 4.8558 (7.2162)  loss_consistency_unscaled: 3.9341 (4.6074)  den_ssim: 0.0020 (0.0021)  moe_aux_total: 0.0000 (0.0000)  moe_aux_raw: 0.0000 (0.0000)  l_balance: 0.0000 (0.0000)  l_decorr: 0.0000 (0.0000)  moe_temperature: 0.4752 (0.4756)
2026-04-17 00:59:07 | INFO     | crowdcount.trainer:289 - [ep 13][lr 0.0001000][16.64s]
2026-04-17 00:59:22 | INFO     | crowdcount.trainer:348 - [Eval] mae=433.90  mse=559.81  time=13.0s  best_mae=433.90  best_mse=559.81
2026-04-17 00:59:22 | INFO     | crowdcount.trainer:352 - [Eval] density_mae=533.18  density_mse=596.90  best_density_mae=239.57
2026-04-17 00:59:40 | INFO     | crowdcount.engine:429 - Averaged stats: lr: 0.000100  loss_sum: 0.0739 (0.1015)  losses: 0.0196 (0.0230)  den_loss: 0.0507 (0.0785)  loss_ce: 0.0088 (0.0091)  loss_points: 0.0003 (0.0003)  loss_count: 0.0060 (0.0084)  loss_consistency: 0.0056 (0.0052)  loss_ce_unscaled: 0.0088 (0.0091)  loss_points_unscaled: 1.2527 (1.2904)  loss_count_unscaled: 6.0237 (8.4494)  loss_consistency_unscaled: 5.5877 (5.1949)  den_ssim: 0.0021 (0.0021)  moe_aux_total: 0.0000 (0.0000)  moe_aux_raw: 0.0000 (0.0000)  l_balance: 0.0000 (0.0000)  l_decorr: 0.0000 (0.0000)  moe_temperature: 0.4734 (0.4739)
2026-04-17 00:59:40 | INFO     | crowdcount.trainer:289 - [ep 14][lr 0.0001000][16.54s]
2026-04-17 00:59:55 | INFO     | crowdcount.trainer:348 - [Eval] mae=433.90  mse=559.81  time=13.0s  best_mae=433.90  best_mse=559.81
2026-04-17 00:59:55 | INFO     | crowdcount.trainer:352 - [Eval] density_mae=248.51  density_mse=298.15  best_density_mae=239.57
2026-04-17 01:00:14 | INFO     | crowdcount.engine:429 - Averaged stats: lr: 0.000100  loss_sum: 0.0534 (0.0880)  losses: 0.0172 (0.0216)  den_loss: 0.0374 (0.0663)  loss_ce: 0.0077 (0.0091)  loss_points: 0.0002 (0.0002)  loss_count: 0.0055 (0.0075)  loss_consistency: 0.0040 (0.0048)  loss_ce_unscaled: 0.0077 (0.0091)  loss_points_unscaled: 1.2273 (1.2413)  loss_count_unscaled: 5.5101 (7.5468)  loss_consistency_unscaled: 4.0494 (4.7611)  den_ssim: 0.0021 (0.0022)  moe_aux_total: 0.0000 (0.0000)  moe_aux_raw: 0.0000 (0.0000)  l_balance: 0.0000 (0.0000)  l_decorr: 0.0000 (0.0000)  moe_temperature: 0.4717 (0.4721)
2026-04-17 01:00:14 | INFO     | crowdcount.trainer:289 - [ep 15][lr 0.0001000][16.87s]
2026-04-17 01:00:29 | INFO     | crowdcount.trainer:348 - [Eval] mae=433.90  mse=559.81  time=13.0s  best_mae=433.90  best_mse=559.81
2026-04-17 01:00:29 | INFO     | crowdcount.trainer:352 - [Eval] density_mae=392.91  density_mse=454.21  best_density_mae=239.57
2026-04-17 01:00:47 | INFO     | crowdcount.engine:429 - Averaged stats: lr: 0.000100  loss_sum: 0.0729 (0.0859)  losses: 0.0207 (0.0238)  den_loss: 0.0512 (0.0621)  loss_ce: 0.0068 (0.0085)  loss_points: 0.0002 (0.0002)  loss_count: 0.0051 (0.0078)  loss_consistency: 0.0075 (0.0073)  loss_ce_unscaled: 0.0068 (0.0085)  loss_points_unscaled: 1.2275 (1.2446)  loss_count_unscaled: 5.1301 (7.7706)  loss_consistency_unscaled: 7.5225 (7.3257)  den_ssim: 0.0021 (0.0022)  moe_aux_total: 0.0000 (0.0000)  moe_aux_raw: 0.0000 (0.0000)  l_balance: 0.0000 (0.0000)  l_decorr: 0.0000 (0.0000)  moe_temperature: 0.4699 (0.4704)
2026-04-17 01:00:47 | INFO     | crowdcount.trainer:289 - [ep 16][lr 0.0001000][16.96s]
2026-04-17 01:01:03 | INFO     | crowdcount.trainer:348 - [Eval] mae=433.90  mse=559.81  time=13.3s  best_mae=433.90  best_mse=559.81
2026-04-17 01:01:03 | INFO     | crowdcount.trainer:352 - [Eval] density_mae=132.72  density_mse=225.73  best_density_mae=132.72
2026-04-17 01:01:23 | INFO     | crowdcount.engine:429 - Averaged stats: lr: 0.000100  loss_sum: 0.0511 (0.0927)  losses: 0.0180 (0.0249)  den_loss: 0.0333 (0.0677)  loss_ce: 0.0076 (0.0091)  loss_points: 0.0003 (0.0003)  loss_count: 0.0061 (0.0095)  loss_consistency: 0.0041 (0.0061)  loss_ce_unscaled: 0.0076 (0.0091)  loss_points_unscaled: 1.2562 (1.2608)  loss_count_unscaled: 6.1041 (9.4979)  loss_consistency_unscaled: 4.1013 (6.1056)  den_ssim: 0.0020 (0.0020)  moe_aux_total: 0.0000 (0.0000)  moe_aux_raw: 0.0000 (0.0000)  l_balance: 0.0000 (0.0000)  l_decorr: 0.0000 (0.0000)  moe_temperature: 0.4682 (0.4686)
2026-04-17 01:01:23 | INFO     | crowdcount.trainer:289 - [ep 17][lr 0.0001000][17.58s]
2026-04-17 01:01:38 | INFO     | crowdcount.trainer:348 - [Eval] mae=433.90  mse=559.81  time=13.2s  best_mae=433.90  best_mse=559.81
2026-04-17 01:01:38 | INFO     | crowdcount.trainer:352 - [Eval] density_mae=105.02  density_mse=182.41  best_density_mae=105.02
2026-04-17 01:01:57 | INFO     | crowdcount.engine:429 - Averaged stats: lr: 0.000100  loss_sum: 0.0804 (0.0796)  losses: 0.0192 (0.0214)  den_loss: 0.0604 (0.0582)  loss_ce: 0.0078 (0.0086)  loss_points: 0.0003 (0.0003)  loss_count: 0.0062 (0.0070)  loss_consistency: 0.0055 (0.0056)  loss_ce_unscaled: 0.0078 (0.0086)  loss_points_unscaled: 1.2836 (1.2611)  loss_count_unscaled: 6.2155 (6.9678)  loss_consistency_unscaled: 5.4992 (5.5564)  den_ssim: 0.0019 (0.0019)  moe_aux_total: 0.0000 (0.0000)  moe_aux_raw: 0.0000 (0.0000)  l_balance: 0.0000 (0.0000)  l_decorr: 0.0000 (0.0000)  moe_temperature: 0.4665 (0.4669)
2026-04-17 01:01:57 | INFO     | crowdcount.trainer:289 - [ep 18][lr 0.0001000][16.76s]
2026-04-17 01:02:12 | INFO     | crowdcount.trainer:348 - [Eval] mae=433.90  mse=559.81  time=13.0s  best_mae=433.90  best_mse=559.81
2026-04-17 01:02:12 | INFO     | crowdcount.trainer:352 - [Eval] density_mae=85.15  density_mse=129.94  best_density_mae=85.15
2026-04-17 01:02:30 | INFO     | crowdcount.engine:429 - Averaged stats: lr: 0.000100  loss_sum: 0.0635 (0.0712)  losses: 0.0176 (0.0193)  den_loss: 0.0371 (0.0518)  loss_ce: 0.0078 (0.0081)  loss_points: 0.0002 (0.0003)  loss_count: 0.0049 (0.0065)  loss_consistency: 0.0041 (0.0045)  loss_ce_unscaled: 0.0078 (0.0081)  loss_points_unscaled: 1.2221 (1.2513)  loss_count_unscaled: 4.9499 (6.5057)  loss_consistency_unscaled: 4.0610 (4.4638)  den_ssim: 0.0018 (0.0020)  moe_aux_total: 0.0000 (0.0000)  moe_aux_raw: 0.0000 (0.0000)  l_balance: 0.0000 (0.0000)  l_decorr: 0.0000 (0.0000)  moe_temperature: 0.4647 (0.4652)
2026-04-17 01:02:30 | INFO     | crowdcount.trainer:289 - [ep 19][lr 0.0001000][16.03s]
2026-04-17 01:02:45 | INFO     | crowdcount.trainer:348 - [Eval] mae=433.90  mse=559.81  time=13.2s  best_mae=433.90  best_mse=559.81
2026-04-17 01:02:45 | INFO     | crowdcount.trainer:352 - [Eval] density_mae=105.65  density_mse=162.98  best_density_mae=85.15
2026-04-17 01:03:03 | INFO     | crowdcount.engine:429 - Averaged stats: lr: 0.000100  loss_sum: 0.0545 (0.0926)  losses: 0.0176 (0.0226)  den_loss: 0.0378 (0.0700)  loss_ce: 0.0066 (0.0086)  loss_points: 0.0003 (0.0003)  loss_count: 0.0051 (0.0082)  loss_consistency: 0.0043 (0.0055)  loss_ce_unscaled: 0.0066 (0.0086)  loss_points_unscaled: 1.2912 (1.2783)  loss_count_unscaled: 5.0716 (8.2452)  loss_consistency_unscaled: 4.2930 (5.4864)  den_ssim: 0.0019 (0.0020)  moe_aux_total: 0.0000 (0.0000)  moe_aux_raw: 0.0000 (0.0000)  l_balance: 0.0000 (0.0000)  l_decorr: 0.0000 (0.0000)  moe_temperature: 0.4630 (0.4634)
2026-04-17 01:03:03 | INFO     | crowdcount.trainer:289 - [ep 20][lr 0.0001000][16.43s]
2026-04-17 01:03:18 | INFO     | crowdcount.trainer:348 - [Eval] mae=433.89  mse=559.79  time=12.9s  best_mae=433.89  best_mse=559.79
2026-04-17 01:03:18 | INFO     | crowdcount.trainer:352 - [Eval] density_mae=82.77  density_mse=131.58  best_density_mae=82.77
2026-04-17 01:03:37 | INFO     | crowdcount.engine:429 - Averaged stats: lr: 0.000100  loss_sum: 0.0586 (0.0834)  losses: 0.0167 (0.0201)  den_loss: 0.0421 (0.0633)  loss_ce: 0.0074 (0.0083)  loss_points: 0.0002 (0.0003)  loss_count: 0.0063 (0.0076)  loss_consistency: 0.0029 (0.0039)  loss_ce_unscaled: 0.0074 (0.0083)  loss_points_unscaled: 1.2401 (1.2594)  loss_count_unscaled: 6.2555 (7.5947)  loss_consistency_unscaled: 2.8989 (3.8995)  den_ssim: 0.0018 (0.0020)  moe_aux_total: 0.0000 (0.0000)  moe_aux_raw: 0.0000 (0.0000)  l_balance: 0.0000 (0.0000)  l_decorr: 0.0000 (0.0000)  moe_temperature: 0.4613 (0.4617)
2026-04-17 01:03:37 | INFO     | crowdcount.trainer:289 - [ep 21][lr 0.0001000][16.75s]
2026-04-17 01:03:51 | INFO     | crowdcount.trainer:348 - [Eval] mae=433.87  mse=559.75  time=12.8s  best_mae=433.87  best_mse=559.75
2026-04-17 01:03:51 | INFO     | crowdcount.trainer:352 - [Eval] density_mae=96.34  density_mse=140.92  best_density_mae=82.77
2026-04-17 01:04:09 | INFO     | crowdcount.engine:429 - Averaged stats: lr: 0.000100  loss_sum: 0.0623 (0.0751)  losses: 0.0189 (0.0201)  den_loss: 0.0409 (0.0550)  loss_ce: 0.0084 (0.0083)  loss_points: 0.0003 (0.0003)  loss_count: 0.0066 (0.0070)  loss_consistency: 0.0034 (0.0045)  loss_ce_unscaled: 0.0084 (0.0083)  loss_points_unscaled: 1.3092 (1.3258)  loss_count_unscaled: 6.5848 (7.0355)  loss_consistency_unscaled: 3.4242 (4.4842)  den_ssim: 0.0017 (0.0018)  moe_aux_total: 0.0000 (0.0000)  moe_aux_raw: 0.0000 (0.0000)  l_balance: 0.0000 (0.0000)  l_decorr: 0.0000 (0.0000)  moe_temperature: 0.4596 (0.4600)
2026-04-17 01:04:09 | INFO     | crowdcount.trainer:289 - [ep 22][lr 0.0001000][16.19s]
2026-04-17 01:04:24 | INFO     | crowdcount.trainer:348 - [Eval] mae=433.40  mse=558.61  time=13.0s  best_mae=433.40  best_mse=558.61
2026-04-17 01:04:24 | INFO     | crowdcount.trainer:352 - [Eval] density_mae=83.45  density_mse=141.43  best_density_mae=82.77
2026-04-17 01:04:43 | INFO     | crowdcount.engine:429 - Averaged stats: lr: 0.000100  loss_sum: 0.0502 (0.0684)  losses: 0.0164 (0.0177)  den_loss: 0.0343 (0.0506)  loss_ce: 0.0081 (0.0080)  loss_points: 0.0003 (0.0003)  loss_count: 0.0054 (0.0061)  loss_consistency: 0.0030 (0.0034)  loss_ce_unscaled: 0.0081 (0.0080)  loss_points_unscaled: 1.2898 (1.3318)  loss_count_unscaled: 5.3550 (6.1181)  loss_consistency_unscaled: 3.0201 (3.3599)  den_ssim: 0.0016 (0.0018)  moe_aux_total: 0.0000 (0.0000)  moe_aux_raw: 0.0000 (0.0000)  l_balance: 0.0000 (0.0000)  l_decorr: 0.0000 (0.0000)  moe_temperature: 0.4579 (0.4583)
2026-04-17 01:04:43 | INFO     | crowdcount.trainer:289 - [ep 23][lr 0.0001000][16.51s]
2026-04-17 01:04:58 | INFO     | crowdcount.trainer:348 - [Eval] mae=427.96  mse=548.76  time=13.5s  best_mae=427.96  best_mse=548.76
2026-04-17 01:04:58 | INFO     | crowdcount.trainer:352 - [Eval] density_mae=106.39  density_mse=149.91  best_density_mae=82.77
2026-04-17 01:05:19 | INFO     | crowdcount.engine:429 - Averaged stats: lr: 0.000100  loss_sum: 0.0526 (0.0730)  losses: 0.0171 (0.0184)  den_loss: 0.0354 (0.0546)  loss_ce: 0.0080 (0.0080)  loss_points: 0.0003 (0.0003)  loss_count: 0.0056 (0.0065)  loss_consistency: 0.0035 (0.0037)  loss_ce_unscaled: 0.0080 (0.0080)  loss_points_unscaled: 1.4299 (1.3939)  loss_count_unscaled: 5.6047 (6.4597)  loss_consistency_unscaled: 3.5129 (3.7044)  den_ssim: 0.0017 (0.0018)  moe_aux_total: 0.0000 (0.0000)  moe_aux_raw: 0.0000 (0.0000)  l_balance: 0.0000 (0.0000)  l_decorr: 0.0000 (0.0000)  moe_temperature: 0.4562 (0.4566)
2026-04-17 01:05:19 | INFO     | crowdcount.trainer:289 - [ep 24][lr 0.0001000][18.57s]
2026-04-17 01:05:34 | INFO     | crowdcount.trainer:348 - [Eval] mae=421.91  mse=538.56  time=13.0s  best_mae=421.91  best_mse=538.56
2026-04-17 01:05:34 | INFO     | crowdcount.trainer:352 - [Eval] density_mae=103.40  density_mse=158.06  best_density_mae=82.77
2026-04-17 01:05:53 | INFO     | crowdcount.engine:429 - Averaged stats: lr: 0.000100  loss_sum: 0.0578 (0.0632)  losses: 0.0196 (0.0194)  den_loss: 0.0373 (0.0437)  loss_ce: 0.0067 (0.0080)  loss_points: 0.0003 (0.0003)  loss_count: 0.0056 (0.0067)  loss_consistency: 0.0053 (0.0044)  loss_ce_unscaled: 0.0067 (0.0080)  loss_points_unscaled: 1.4223 (1.4714)  loss_count_unscaled: 5.5818 (6.7424)  loss_consistency_unscaled: 5.3097 (4.3855)  den_ssim: 0.0017 (0.0018)  moe_aux_total: 0.0000 (0.0000)  moe_aux_raw: 0.0000 (0.0000)  l_balance: 0.0000 (0.0000)  l_decorr: 0.0000 (0.0000)  moe_temperature: 0.4545 (0.4550)
2026-04-17 01:05:53 | INFO     | crowdcount.trainer:289 - [ep 25][lr 0.0001000][16.92s]
2026-04-17 01:06:08 | INFO     | crowdcount.trainer:348 - [Eval] mae=377.76  mse=475.33  time=13.6s  best_mae=377.76  best_mse=475.33
2026-04-17 01:06:08 | INFO     | crowdcount.trainer:352 - [Eval] density_mae=103.41  density_mse=153.29  best_density_mae=82.77
2026-04-17 01:06:28 | INFO     | crowdcount.engine:429 - Averaged stats: lr: 0.000100  loss_sum: 0.0527 (0.0657)  losses: 0.0169 (0.0177)  den_loss: 0.0364 (0.0480)  loss_ce: 0.0066 (0.0075)  loss_points: 0.0003 (0.0003)  loss_count: 0.0049 (0.0055)  loss_consistency: 0.0037 (0.0045)  loss_ce_unscaled: 0.0066 (0.0075)  loss_points_unscaled: 1.5081 (1.5713)  loss_count_unscaled: 4.9465 (5.4506)  loss_consistency_unscaled: 3.7291 (4.4517)  den_ssim: 0.0017 (0.0017)  moe_aux_total: 0.0000 (0.0000)  moe_aux_raw: 0.0000 (0.0000)  l_balance: 0.0000 (0.0000)  l_decorr: 0.0000 (0.0000)  moe_temperature: 0.4529 (0.4533)
2026-04-17 01:06:28 | INFO     | crowdcount.trainer:289 - [ep 26][lr 0.0001000][17.43s]
2026-04-17 01:06:44 | INFO     | crowdcount.trainer:348 - [Eval] mae=392.18  mse=490.72  time=13.6s  best_mae=377.76  best_mse=475.33
2026-04-17 01:06:44 | INFO     | crowdcount.trainer:352 - [Eval] density_mae=87.64  density_mse=135.88  best_density_mae=82.77
2026-04-17 01:07:01 | INFO     | crowdcount.engine:429 - Averaged stats: lr: 0.000100  loss_sum: 0.0414 (0.0759)  losses: 0.0152 (0.0183)  den_loss: 0.0279 (0.0576)  loss_ce: 0.0070 (0.0077)  loss_points: 0.0003 (0.0003)  loss_count: 0.0047 (0.0065)  loss_consistency: 0.0025 (0.0038)  loss_ce_unscaled: 0.0070 (0.0077)  loss_points_unscaled: 1.5919 (1.7016)  loss_count_unscaled: 4.7180 (6.4793)  loss_consistency_unscaled: 2.5239 (3.7716)  den_ssim: 0.0016 (0.0017)  moe_aux_total: 0.0000 (0.0000)  moe_aux_raw: 0.0000 (0.0000)  l_balance: 0.0000 (0.0000)  l_decorr: 0.0000 (0.0000)  moe_temperature: 0.4512 (0.4516)
2026-04-17 01:07:01 | INFO     | crowdcount.trainer:289 - [ep 27][lr 0.0001000][17.82s]
2026-04-17 01:07:17 | INFO     | crowdcount.trainer:348 - [Eval] mae=332.12  mse=416.76  time=13.6s  best_mae=332.12  best_mse=416.76
2026-04-17 01:07:17 | INFO     | crowdcount.trainer:352 - [Eval] density_mae=110.95  density_mse=176.16  best_density_mae=82.77
2026-04-17 01:07:37 | INFO     | crowdcount.engine:429 - Averaged stats: lr: 0.000100  loss_sum: 0.0573 (0.0783)  losses: 0.0154 (0.0182)  den_loss: 0.0399 (0.0601)  loss_ce: 0.0068 (0.0078)  loss_points: 0.0003 (0.0003)  loss_count: 0.0052 (0.0068)  loss_consistency: 0.0026 (0.0033)  loss_ce_unscaled: 0.0068 (0.0078)  loss_points_unscaled: 1.6866 (1.6371)  loss_count_unscaled: 5.2168 (6.7927)  loss_consistency_unscaled: 2.5593 (3.3193)  den_ssim: 0.0017 (0.0018)  moe_aux_total: 0.0000 (0.0000)  moe_aux_raw: 0.0000 (0.0000)  l_balance: 0.0000 (0.0000)  l_decorr: 0.0000 (0.0000)  moe_temperature: 0.4495 (0.4499)
2026-04-17 01:07:37 | INFO     | crowdcount.trainer:289 - [ep 28][lr 0.0001000][17.85s]
2026-04-17 01:07:53 | INFO     | crowdcount.trainer:348 - [Eval] mae=365.19  mse=454.71  time=13.5s  best_mae=332.12  best_mse=416.76
2026-04-17 01:07:53 | INFO     | crowdcount.trainer:352 - [Eval] density_mae=149.43  density_mse=190.58  best_density_mae=82.77
2026-04-17 01:08:10 | INFO     | crowdcount.engine:429 - Averaged stats: lr: 0.000100  loss_sum: 0.0435 (0.0643)  losses: 0.0147 (0.0166)  den_loss: 0.0303 (0.0478)  loss_ce: 0.0064 (0.0072)  loss_points: 0.0003 (0.0003)  loss_count: 0.0054 (0.0059)  loss_consistency: 0.0026 (0.0031)  loss_ce_unscaled: 0.0064 (0.0072)  loss_points_unscaled: 1.5413 (1.5831)  loss_count_unscaled: 5.4148 (5.9242)  loss_consistency_unscaled: 2.6252 (3.0748)  den_ssim: 0.0016 (0.0017)  moe_aux_total: 0.0000 (0.0000)  moe_aux_raw: 0.0000 (0.0000)  l_balance: 0.0000 (0.0000)  l_decorr: 0.0000 (0.0000)  moe_temperature: 0.4479 (0.4483)
2026-04-17 01:08:10 | INFO     | crowdcount.trainer:289 - [ep 29][lr 0.0001000][16.90s]
2026-04-17 01:08:25 | INFO     | crowdcount.trainer:348 - [Eval] mae=402.13  mse=508.97  time=13.5s  best_mae=332.12  best_mse=416.76
2026-04-17 01:08:25 | INFO     | crowdcount.trainer:352 - [Eval] density_mae=75.88  density_mse=117.01  best_density_mae=75.88
2026-04-17 01:08:43 | INFO     | crowdcount.engine:429 - Averaged stats: lr: 0.000100  loss_sum: 0.0589 (0.0657)  losses: 0.0185 (0.0181)  den_loss: 0.0392 (0.0476)  loss_ce: 0.0071 (0.0074)  loss_points: 0.0003 (0.0003)  loss_count: 0.0053 (0.0062)  loss_consistency: 0.0035 (0.0040)  loss_ce_unscaled: 0.0071 (0.0074)  loss_points_unscaled: 1.6914 (1.7122)  loss_count_unscaled: 5.2622 (6.2441)  loss_consistency_unscaled: 3.4763 (4.0464)  den_ssim: 0.0016 (0.0017)  moe_aux_total: 0.0000 (0.0000)  moe_aux_raw: 0.0000 (0.0000)  l_balance: 0.0000 (0.0000)  l_decorr: 0.0000 (0.0000)  moe_temperature: 0.4462 (0.4466)
2026-04-17 01:08:43 | INFO     | crowdcount.trainer:289 - [ep 30][lr 0.0001000][17.53s]
2026-04-17 01:08:58 | INFO     | crowdcount.trainer:348 - [Eval] mae=410.25  mse=521.48  time=13.6s  best_mae=332.12  best_mse=416.76
2026-04-17 01:08:58 | INFO     | crowdcount.trainer:352 - [Eval] density_mae=112.23  density_mse=169.67  best_density_mae=75.88
2026-04-17 01:09:16 | INFO     | crowdcount.engine:429 - Averaged stats: lr: 0.000100  loss_sum: 0.0462 (0.0562)  losses: 0.0153 (0.0167)  den_loss: 0.0312 (0.0396)  loss_ce: 0.0071 (0.0072)  loss_points: 0.0003 (0.0003)  loss_count: 0.0051 (0.0053)  loss_consistency: 0.0035 (0.0038)  loss_ce_unscaled: 0.0071 (0.0072)  loss_points_unscaled: 1.6565 (1.6955)  loss_count_unscaled: 5.1306 (5.3004)  loss_consistency_unscaled: 3.5338 (3.8478)  den_ssim: 0.0016 (0.0017)  moe_aux_total: 0.0000 (0.0000)  moe_aux_raw: 0.0000 (0.0000)  l_balance: 0.0000 (0.0000)  l_decorr: 0.0000 (0.0000)  moe_temperature: 0.4446 (0.4450)
2026-04-17 01:09:16 | INFO     | crowdcount.trainer:289 - [ep 31][lr 0.0001000][17.28s]
2026-04-17 01:09:31 | INFO     | crowdcount.trainer:348 - [Eval] mae=413.75  mse=525.67  time=13.3s  best_mae=332.12  best_mse=416.76
2026-04-17 01:09:31 | INFO     | crowdcount.trainer:352 - [Eval] density_mae=113.03  density_mse=180.41  best_density_mae=75.88
2026-04-17 01:09:49 | INFO     | crowdcount.engine:429 - Averaged stats: lr: 0.000100  loss_sum: 0.0821 (0.0855)  losses: 0.0193 (0.0198)  den_loss: 0.0630 (0.0657)  loss_ce: 0.0073 (0.0076)  loss_points: 0.0004 (0.0004)  loss_count: 0.0066 (0.0070)  loss_consistency: 0.0047 (0.0048)  loss_ce_unscaled: 0.0073 (0.0076)  loss_points_unscaled: 1.8049 (1.8729)  loss_count_unscaled: 6.5811 (7.0419)  loss_consistency_unscaled: 4.6917 (4.7900)  den_ssim: 0.0016 (0.0017)  moe_aux_total: 0.0000 (0.0000)  moe_aux_raw: 0.0000 (0.0000)  l_balance: 0.0000 (0.0000)  l_decorr: 0.0000 (0.0000)  moe_temperature: 0.4429 (0.4433)
2026-04-17 01:09:49 | INFO     | crowdcount.trainer:289 - [ep 32][lr 0.0001000][17.73s]
2026-04-17 01:10:04 | INFO     | crowdcount.trainer:348 - [Eval] mae=317.20  mse=393.92  time=13.4s  best_mae=317.20  best_mse=393.92
2026-04-17 01:10:04 | INFO     | crowdcount.trainer:352 - [Eval] density_mae=94.67  density_mse=147.50  best_density_mae=75.88
2026-04-17 01:10:24 | INFO     | crowdcount.engine:429 - Averaged stats: lr: 0.000100  loss_sum: 0.0517 (0.0635)  losses: 0.0144 (0.0163)  den_loss: 0.0374 (0.0472)  loss_ce: 0.0060 (0.0068)  loss_points: 0.0004 (0.0004)  loss_count: 0.0048 (0.0054)  loss_consistency: 0.0034 (0.0037)  loss_ce_unscaled: 0.0060 (0.0068)  loss_points_unscaled: 1.9342 (2.0139)  loss_count_unscaled: 4.7568 (5.4380)  loss_consistency_unscaled: 3.3653 (3.6536)  den_ssim: 0.0015 (0.0016)  moe_aux_total: 0.0000 (0.0000)  moe_aux_raw: 0.0000 (0.0000)  l_balance: 0.0000 (0.0000)  l_decorr: 0.0000 (0.0000)  moe_temperature: 0.4413 (0.4417)
2026-04-17 01:10:24 | INFO     | crowdcount.trainer:289 - [ep 33][lr 0.0001000][17.49s]
2026-04-17 01:10:38 | INFO     | crowdcount.trainer:348 - [Eval] mae=355.11  mse=449.59  time=12.8s  best_mae=317.20  best_mse=393.92
2026-04-17 01:10:38 | INFO     | crowdcount.trainer:352 - [Eval] density_mae=109.51  density_mse=147.18  best_density_mae=75.88
2026-04-17 01:10:56 | INFO     | crowdcount.engine:429 - Averaged stats: lr: 0.000100  loss_sum: 0.0560 (0.0842)  losses: 0.0154 (0.0186)  den_loss: 0.0375 (0.0655)  loss_ce: 0.0068 (0.0073)  loss_points: 0.0004 (0.0004)  loss_count: 0.0053 (0.0061)  loss_consistency: 0.0045 (0.0048)  loss_ce_unscaled: 0.0068 (0.0073)  loss_points_unscaled: 1.8149 (1.8989)  loss_count_unscaled: 5.2731 (6.1344)  loss_consistency_unscaled: 4.5086 (4.7563)  den_ssim: 0.0016 (0.0017)  moe_aux_total: 0.0000 (0.0000)  moe_aux_raw: 0.0000 (0.0000)  l_balance: 0.0000 (0.0000)  l_decorr: 0.0000 (0.0000)  moe_temperature: 0.4397 (0.4400)
2026-04-17 01:10:56 | INFO     | crowdcount.trainer:289 - [ep 34][lr 0.0001000][17.55s]
2026-04-17 01:11:10 | INFO     | crowdcount.trainer:348 - [Eval] mae=338.99  mse=422.47  time=12.8s  best_mae=317.20  best_mse=393.92
2026-04-17 01:11:10 | INFO     | crowdcount.trainer:352 - [Eval] density_mae=71.82  density_mse=105.28  best_density_mae=71.82
2026-04-17 01:11:28 | INFO     | crowdcount.engine:429 - Averaged stats: lr: 0.000100  loss_sum: 0.0597 (0.0787)  losses: 0.0158 (0.0181)  den_loss: 0.0411 (0.0606)  loss_ce: 0.0065 (0.0072)  loss_points: 0.0004 (0.0004)  loss_count: 0.0051 (0.0064)  loss_consistency: 0.0027 (0.0041)  loss_ce_unscaled: 0.0065 (0.0072)  loss_points_unscaled: 1.9333 (2.0768)  loss_count_unscaled: 5.0651 (6.4116)  loss_consistency_unscaled: 2.7337 (4.1138)  den_ssim: 0.0016 (0.0018)  moe_aux_total: 0.0000 (0.0000)  moe_aux_raw: 0.0000 (0.0000)  l_balance: 0.0000 (0.0000)  l_decorr: 0.0000 (0.0000)  moe_temperature: 0.4380 (0.4384)
2026-04-17 01:11:28 | INFO     | crowdcount.trainer:289 - [ep 35][lr 0.0001000][17.14s]
2026-04-17 01:11:43 | INFO     | crowdcount.trainer:348 - [Eval] mae=406.82  mse=514.14  time=13.2s  best_mae=317.20  best_mse=393.92
2026-04-17 01:11:43 | INFO     | crowdcount.trainer:352 - [Eval] density_mae=146.25  density_mse=201.92  best_density_mae=71.82
2026-04-17 01:12:01 | INFO     | crowdcount.engine:429 - Averaged stats: lr: 0.000100  loss_sum: 0.0663 (0.0780)  losses: 0.0160 (0.0171)  den_loss: 0.0532 (0.0609)  loss_ce: 0.0066 (0.0071)  loss_points: 0.0004 (0.0004)  loss_count: 0.0065 (0.0065)  loss_consistency: 0.0026 (0.0031)  loss_ce_unscaled: 0.0066 (0.0071)  loss_points_unscaled: 2.2291 (1.9871)  loss_count_unscaled: 6.4582 (6.4616)  loss_consistency_unscaled: 2.6395 (3.1412)  den_ssim: 0.0016 (0.0016)  moe_aux_total: 0.0000 (0.0000)  moe_aux_raw: 0.0000 (0.0000)  l_balance: 0.0000 (0.0000)  l_decorr: 0.0000 (0.0000)  moe_temperature: 0.4364 (0.4368)
2026-04-17 01:12:01 | INFO     | crowdcount.trainer:289 - [ep 36][lr 0.0001000][18.29s]
2026-04-17 01:12:16 | INFO     | crowdcount.trainer:348 - [Eval] mae=420.49  mse=535.26  time=13.3s  best_mae=317.20  best_mse=393.92
2026-04-17 01:12:16 | INFO     | crowdcount.trainer:352 - [Eval] density_mae=135.77  density_mse=211.64  best_density_mae=71.82
2026-04-17 01:12:33 | INFO     | crowdcount.engine:429 - Averaged stats: lr: 0.000100  loss_sum: 0.0541 (0.0779)  losses: 0.0153 (0.0166)  den_loss: 0.0398 (0.0613)  loss_ce: 0.0067 (0.0070)  loss_points: 0.0004 (0.0004)  loss_count: 0.0055 (0.0061)  loss_consistency: 0.0028 (0.0031)  loss_ce_unscaled: 0.0067 (0.0070)  loss_points_unscaled: 2.1364 (1.9205)  loss_count_unscaled: 5.5391 (6.1409)  loss_consistency_unscaled: 2.8402 (3.0815)  den_ssim: 0.0017 (0.0017)  moe_aux_total: 0.0000 (0.0000)  moe_aux_raw: 0.0000 (0.0000)  l_balance: 0.0000 (0.0000)  l_decorr: 0.0000 (0.0000)  moe_temperature: 0.4348 (0.4352)
2026-04-17 01:12:33 | INFO     | crowdcount.trainer:289 - [ep 37][lr 0.0001000][17.00s]
2026-04-17 01:12:49 | INFO     | crowdcount.trainer:348 - [Eval] mae=392.12  mse=492.26  time=13.4s  best_mae=317.20  best_mse=393.92
2026-04-17 01:12:49 | INFO     | crowdcount.trainer:352 - [Eval] density_mae=74.93  density_mse=116.11  best_density_mae=71.82
2026-04-17 01:13:07 | INFO     | crowdcount.engine:429 - Averaged stats: lr: 0.000100  loss_sum: 0.0559 (0.0614)  losses: 0.0158 (0.0166)  den_loss: 0.0416 (0.0448)  loss_ce: 0.0061 (0.0069)  loss_points: 0.0004 (0.0004)  loss_count: 0.0059 (0.0060)  loss_consistency: 0.0030 (0.0034)  loss_ce_unscaled: 0.0061 (0.0069)  loss_points_unscaled: 2.0299 (1.9980)  loss_count_unscaled: 5.9450 (5.9546)  loss_consistency_unscaled: 2.9651 (3.3846)  den_ssim: 0.0016 (0.0016)  moe_aux_total: 0.0000 (0.0000)  moe_aux_raw: 0.0000 (0.0000)  l_balance: 0.0000 (0.0000)  l_decorr: 0.0000 (0.0000)  moe_temperature: 0.4332 (0.4336)
2026-04-17 01:13:07 | INFO     | crowdcount.trainer:289 - [ep 38][lr 0.0001000][17.82s]
2026-04-17 01:13:22 | INFO     | crowdcount.trainer:348 - [Eval] mae=365.13  mse=454.55  time=13.2s  best_mae=317.20  best_mse=393.92
2026-04-17 01:13:22 | INFO     | crowdcount.trainer:352 - [Eval] density_mae=89.21  density_mse=122.78  best_density_mae=71.82
2026-04-17 01:13:39 | INFO     | crowdcount.engine:429 - Averaged stats: lr: 0.000100  loss_sum: 0.0616 (0.0830)  losses: 0.0154 (0.0182)  den_loss: 0.0442 (0.0648)  loss_ce: 0.0064 (0.0073)  loss_points: 0.0004 (0.0004)  loss_count: 0.0054 (0.0067)  loss_consistency: 0.0032 (0.0039)  loss_ce_unscaled: 0.0064 (0.0073)  loss_points_unscaled: 2.1896 (1.8938)  loss_count_unscaled: 5.3784 (6.6598)  loss_consistency_unscaled: 3.1941 (3.8515)  den_ssim: 0.0016 (0.0017)  moe_aux_total: 0.0000 (0.0000)  moe_aux_raw: 0.0000 (0.0000)  l_balance: 0.0000 (0.0000)  l_decorr: 0.0000 (0.0000)  moe_temperature: 0.4316 (0.4320)
2026-04-17 01:13:39 | INFO     | crowdcount.trainer:289 - [ep 39][lr 0.0001000][16.99s]
2026-04-17 01:13:54 | INFO     | crowdcount.trainer:348 - [Eval] mae=382.55  mse=479.77  time=13.3s  best_mae=317.20  best_mse=393.92
2026-04-17 01:13:54 | INFO     | crowdcount.trainer:352 - [Eval] density_mae=134.64  density_mse=181.25  best_density_mae=71.82
2026-04-17 01:14:11 | INFO     | crowdcount.engine:429 - Averaged stats: lr: 0.000100  loss_sum: 0.0415 (0.0734)  losses: 0.0153 (0.0174)  den_loss: 0.0296 (0.0559)  loss_ce: 0.0060 (0.0068)  loss_points: 0.0004 (0.0004)  loss_count: 0.0047 (0.0064)  loss_consistency: 0.0027 (0.0039)  loss_ce_unscaled: 0.0060 (0.0068)  loss_points_unscaled: 1.8362 (2.0170)  loss_count_unscaled: 4.6940 (6.3553)  loss_consistency_unscaled: 2.7051 (3.8621)  den_ssim: 0.0016 (0.0017)  moe_aux_total: 0.0000 (0.0000)  moe_aux_raw: 0.0000 (0.0000)  l_balance: 0.0000 (0.0000)  l_decorr: 0.0000 (0.0000)  moe_temperature: 0.4300 (0.4304)
2026-04-17 01:14:11 | INFO     | crowdcount.trainer:289 - [ep 40][lr 0.0001000][16.88s]
2026-04-17 01:14:26 | INFO     | crowdcount.trainer:348 - [Eval] mae=372.75  mse=471.97  time=12.8s  best_mae=317.20  best_mse=393.92
2026-04-17 01:14:26 | INFO     | crowdcount.trainer:352 - [Eval] density_mae=126.77  density_mse=170.51  best_density_mae=71.82
2026-04-17 01:14:43 | INFO     | crowdcount.engine:429 - Averaged stats: lr: 0.000100  loss_sum: 0.0675 (0.0721)  losses: 0.0196 (0.0190)  den_loss: 0.0437 (0.0531)  loss_ce: 0.0075 (0.0071)  loss_points: 0.0004 (0.0004)  loss_count: 0.0059 (0.0066)  loss_consistency: 0.0054 (0.0049)  loss_ce_unscaled: 0.0075 (0.0071)  loss_points_unscaled: 1.8670 (1.9285)  loss_count_unscaled: 5.9226 (6.6055)  loss_consistency_unscaled: 5.3981 (4.9097)  den_ssim: 0.0017 (0.0017)  moe_aux_total: 0.0000 (0.0000)  moe_aux_raw: 0.0000 (0.0000)  l_balance: 0.0000 (0.0000)  l_decorr: 0.0000 (0.0000)  moe_temperature: 0.4284 (0.4288)
2026-04-17 01:14:43 | INFO     | crowdcount.trainer:289 - [ep 41][lr 0.0001000][17.46s]
2026-04-17 01:14:59 | INFO     | crowdcount.trainer:348 - [Eval] mae=387.07  mse=487.48  time=13.3s  best_mae=317.20  best_mse=393.92
2026-04-17 01:14:59 | INFO     | crowdcount.trainer:352 - [Eval] density_mae=84.58  density_mse=121.68  best_density_mae=71.82
2026-04-17 01:15:16 | INFO     | crowdcount.engine:429 - Averaged stats: lr: 0.000100  loss_sum: 0.0539 (0.0679)  losses: 0.0149 (0.0166)  den_loss: 0.0372 (0.0512)  loss_ce: 0.0068 (0.0069)  loss_points: 0.0004 (0.0004)  loss_count: 0.0061 (0.0059)  loss_consistency: 0.0025 (0.0034)  loss_ce_unscaled: 0.0068 (0.0069)  loss_points_unscaled: 2.0768 (1.9311)  loss_count_unscaled: 6.0897 (5.9469)  loss_consistency_unscaled: 2.5137 (3.3976)  den_ssim: 0.0016 (0.0017)  moe_aux_total: 0.0000 (0.0000)  moe_aux_raw: 0.0000 (0.0000)  l_balance: 0.0000 (0.0000)  l_decorr: 0.0000 (0.0000)  moe_temperature: 0.4268 (0.4272)
2026-04-17 01:15:16 | INFO     | crowdcount.trainer:289 - [ep 42][lr 0.0001000][17.38s]
2026-04-17 01:15:31 | INFO     | crowdcount.trainer:348 - [Eval] mae=392.41  mse=493.12  time=13.0s  best_mae=317.20  best_mse=393.92
2026-04-17 01:15:31 | INFO     | crowdcount.trainer:352 - [Eval] density_mae=113.97  density_mse=150.60  best_density_mae=71.82
2026-04-17 01:15:49 | INFO     | crowdcount.engine:429 - Averaged stats: lr: 0.000100  loss_sum: 0.0860 (0.0860)  losses: 0.0186 (0.0177)  den_loss: 0.0681 (0.0683)  loss_ce: 0.0075 (0.0072)  loss_points: 0.0004 (0.0004)  loss_count: 0.0064 (0.0066)  loss_consistency: 0.0034 (0.0035)  loss_ce_unscaled: 0.0075 (0.0072)  loss_points_unscaled: 2.1432 (1.9777)  loss_count_unscaled: 6.4351 (6.5995)  loss_consistency_unscaled: 3.4239 (3.5018)  den_ssim: 0.0017 (0.0017)  moe_aux_total: 0.0000 (0.0000)  moe_aux_raw: 0.0000 (0.0000)  l_balance: 0.0000 (0.0000)  l_decorr: 0.0000 (0.0000)  moe_temperature: 0.4252 (0.4256)
2026-04-17 01:15:49 | INFO     | crowdcount.trainer:289 - [ep 43][lr 0.0001000][17.84s]
2026-04-17 01:16:04 | INFO     | crowdcount.trainer:348 - [Eval] mae=377.68  mse=481.86  time=13.2s  best_mae=317.20  best_mse=393.92
2026-04-17 01:16:04 | INFO     | crowdcount.trainer:352 - [Eval] density_mae=83.20  density_mse=121.49  best_density_mae=71.82
2026-04-17 01:16:21 | INFO     | crowdcount.engine:429 - Averaged stats: lr: 0.000100  loss_sum: 0.0413 (0.0739)  losses: 0.0146 (0.0174)  den_loss: 0.0276 (0.0565)  loss_ce: 0.0057 (0.0067)  loss_points: 0.0004 (0.0004)  loss_count: 0.0053 (0.0061)  loss_consistency: 0.0033 (0.0041)  loss_ce_unscaled: 0.0057 (0.0067)  loss_points_unscaled: 2.1734 (2.1656)  loss_count_unscaled: 5.2640 (6.1113)  loss_consistency_unscaled: 3.2767 (4.1369)  den_ssim: 0.0016 (0.0017)  moe_aux_total: 0.0000 (0.0000)  moe_aux_raw: 0.0000 (0.0000)  l_balance: 0.0000 (0.0000)  l_decorr: 0.0000 (0.0000)  moe_temperature: 0.4237 (0.4241)
2026-04-17 01:16:21 | INFO     | crowdcount.trainer:289 - [ep 44][lr 0.0001000][17.24s]
2026-04-17 01:16:36 | INFO     | crowdcount.trainer:348 - [Eval] mae=276.11  mse=344.17  time=13.1s  best_mae=276.11  best_mse=344.17
2026-04-17 01:16:36 | INFO     | crowdcount.trainer:352 - [Eval] density_mae=77.05  density_mse=123.71  best_density_mae=71.82
2026-04-17 01:16:55 | INFO     | crowdcount.engine:429 - Averaged stats: lr: 0.000100  loss_sum: 0.0452 (0.0632)  losses: 0.0160 (0.0160)  den_loss: 0.0270 (0.0471)  loss_ce: 0.0065 (0.0066)  loss_points: 0.0003 (0.0004)  loss_count: 0.0046 (0.0055)  loss_consistency: 0.0027 (0.0036)  loss_ce_unscaled: 0.0065 (0.0066)  loss_points_unscaled: 1.7211 (1.9720)  loss_count_unscaled: 4.5786 (5.4724)  loss_consistency_unscaled: 2.6595 (3.6053)  den_ssim: 0.0015 (0.0016)  moe_aux_total: 0.0000 (0.0000)  moe_aux_raw: 0.0000 (0.0000)  l_balance: 0.0000 (0.0000)  l_decorr: 0.0000 (0.0000)  moe_temperature: 0.4221 (0.4225)
2026-04-17 01:16:55 | INFO     | crowdcount.trainer:289 - [ep 45][lr 0.0001000][17.24s]
2026-04-17 01:17:11 | INFO     | crowdcount.trainer:348 - [Eval] mae=345.98  mse=432.46  time=13.7s  best_mae=276.11  best_mse=344.17
2026-04-17 01:17:11 | INFO     | crowdcount.trainer:352 - [Eval] density_mae=79.78  density_mse=113.87  best_density_mae=71.82
2026-04-17 01:17:28 | INFO     | crowdcount.engine:429 - Averaged stats: lr: 0.000100  loss_sum: 0.0552 (0.0730)  losses: 0.0141 (0.0166)  den_loss: 0.0410 (0.0564)  loss_ce: 0.0060 (0.0069)  loss_points: 0.0004 (0.0004)  loss_count: 0.0048 (0.0059)  loss_consistency: 0.0027 (0.0034)  loss_ce_unscaled: 0.0060 (0.0069)  loss_points_unscaled: 2.0861 (2.2003)  loss_count_unscaled: 4.7732 (5.8781)  loss_consistency_unscaled: 2.7402 (3.4023)  den_ssim: 0.0015 (0.0016)  moe_aux_total: 0.0000 (0.0000)  moe_aux_raw: 0.0000 (0.0000)  l_balance: 0.0000 (0.0000)  l_decorr: 0.0000 (0.0000)  moe_temperature: 0.4206 (0.4209)
2026-04-17 01:17:28 | INFO     | crowdcount.trainer:289 - [ep 46][lr 0.0001000][17.19s]
2026-04-17 01:17:44 | INFO     | crowdcount.trainer:348 - [Eval] mae=380.16  mse=484.14  time=14.0s  best_mae=276.11  best_mse=344.17
2026-04-17 01:17:44 | INFO     | crowdcount.trainer:352 - [Eval] density_mae=104.56  density_mse=153.01  best_density_mae=71.82
2026-04-17 01:18:02 | INFO     | crowdcount.engine:429 - Averaged stats: lr: 0.000100  loss_sum: 0.0528 (0.0610)  losses: 0.0135 (0.0142)  den_loss: 0.0411 (0.0468)  loss_ce: 0.0056 (0.0062)  loss_points: 0.0005 (0.0004)  loss_count: 0.0048 (0.0052)  loss_consistency: 0.0024 (0.0024)  loss_ce_unscaled: 0.0056 (0.0062)  loss_points_unscaled: 2.3581 (2.1535)  loss_count_unscaled: 4.8145 (5.1719)  loss_consistency_unscaled: 2.4484 (2.4261)  den_ssim: 0.0014 (0.0015)  moe_aux_total: 0.0000 (0.0000)  moe_aux_raw: 0.0000 (0.0000)  l_balance: 0.0000 (0.0000)  l_decorr: 0.0000 (0.0000)  moe_temperature: 0.4190 (0.4194)
2026-04-17 01:18:02 | INFO     | crowdcount.trainer:289 - [ep 47][lr 0.0001000][17.42s]
2026-04-17 01:18:17 | INFO     | crowdcount.trainer:348 - [Eval] mae=380.16  mse=483.08  time=13.1s  best_mae=276.11  best_mse=344.17
2026-04-17 01:18:17 | INFO     | crowdcount.trainer:352 - [Eval] density_mae=77.85  density_mse=120.65  best_density_mae=71.82
2026-04-17 01:18:35 | INFO     | crowdcount.engine:429 - Averaged stats: lr: 0.000100  loss_sum: 0.0793 (0.0757)  losses: 0.0153 (0.0163)  den_loss: 0.0580 (0.0594)  loss_ce: 0.0065 (0.0067)  loss_points: 0.0005 (0.0004)  loss_count: 0.0055 (0.0057)  loss_consistency: 0.0027 (0.0034)  loss_ce_unscaled: 0.0065 (0.0067)  loss_points_unscaled: 2.2516 (2.1262)  loss_count_unscaled: 5.4922 (5.7486)  loss_consistency_unscaled: 2.7319 (3.4257)  den_ssim: 0.0016 (0.0016)  moe_aux_total: 0.0000 (0.0000)  moe_aux_raw: 0.0000 (0.0000)  l_balance: 0.0000 (0.0000)  l_decorr: 0.0000 (0.0000)  moe_temperature: 0.4175 (0.4178)
2026-04-17 01:18:35 | INFO     | crowdcount.trainer:289 - [ep 48][lr 0.0001000][17.58s]
2026-04-17 01:18:50 | INFO     | crowdcount.trainer:348 - [Eval] mae=351.40  mse=446.38  time=13.2s  best_mae=276.11  best_mse=344.17
2026-04-17 01:18:50 | INFO     | crowdcount.trainer:352 - [Eval] density_mae=67.25  density_mse=101.95  best_density_mae=67.25
2026-04-17 01:19:09 | INFO     | crowdcount.engine:429 - Averaged stats: lr: 0.000100  loss_sum: 0.0516 (0.0584)  losses: 0.0141 (0.0142)  den_loss: 0.0353 (0.0442)  loss_ce: 0.0056 (0.0060)  loss_points: 0.0005 (0.0004)  loss_count: 0.0048 (0.0051)  loss_consistency: 0.0024 (0.0026)  loss_ce_unscaled: 0.0056 (0.0060)  loss_points_unscaled: 2.2772 (2.2025)  loss_count_unscaled: 4.7835 (5.0803)  loss_consistency_unscaled: 2.4130 (2.6212)  den_ssim: 0.0016 (0.0016)  moe_aux_total: 0.0000 (0.0000)  moe_aux_raw: 0.0000 (0.0000)  l_balance: 0.0000 (0.0000)  l_decorr: 0.0000 (0.0000)  moe_temperature: 0.4159 (0.4163)
2026-04-17 01:19:09 | INFO     | crowdcount.trainer:289 - [ep 49][lr 0.0001000][18.65s]
2026-04-17 01:19:24 | INFO     | crowdcount.trainer:348 - [Eval] mae=362.48  mse=468.55  time=13.4s  best_mae=276.11  best_mse=344.17
2026-04-17 01:19:24 | INFO     | crowdcount.trainer:352 - [Eval] density_mae=107.38  density_mse=161.65  best_density_mae=67.25
2026-04-17 01:19:42 | INFO     | crowdcount.engine:429 - Averaged stats: lr: 0.000100  loss_sum: 0.0633 (0.0743)  losses: 0.0146 (0.0154)  den_loss: 0.0473 (0.0589)  loss_ce: 0.0062 (0.0061)  loss_points: 0.0005 (0.0005)  loss_count: 0.0053 (0.0056)  loss_consistency: 0.0028 (0.0032)  loss_ce_unscaled: 0.0062 (0.0061)  loss_points_unscaled: 2.4625 (2.4121)  loss_count_unscaled: 5.3460 (5.6379)  loss_consistency_unscaled: 2.8015 (3.1561)  den_ssim: 0.0015 (0.0016)  moe_aux_total: 0.0000 (0.0000)  moe_aux_raw: 0.0000 (0.0000)  l_balance: 0.0000 (0.0000)  l_decorr: 0.0000 (0.0000)  moe_temperature: 0.4144 (0.4147)
2026-04-17 01:19:42 | INFO     | crowdcount.trainer:289 - [ep 50][lr 0.0001000][17.56s]
2026-04-17 01:19:57 | INFO     | crowdcount.trainer:348 - [Eval] mae=354.93  mse=455.01  time=13.7s  best_mae=276.11  best_mse=344.17
2026-04-17 01:19:57 | INFO     | crowdcount.trainer:352 - [Eval] density_mae=107.43  density_mse=150.77  best_density_mae=67.25
2026-04-17 01:20:14 | INFO     | crowdcount.engine:429 - Averaged stats: lr: 0.000100  loss_sum: 0.0462 (0.0676)  losses: 0.0132 (0.0162)  den_loss: 0.0317 (0.0514)  loss_ce: 0.0050 (0.0061)  loss_points: 0.0005 (0.0005)  loss_count: 0.0055 (0.0059)  loss_consistency: 0.0030 (0.0037)  loss_ce_unscaled: 0.0050 (0.0061)  loss_points_unscaled: 2.4378 (2.4681)  loss_count_unscaled: 5.5186 (5.8829)  loss_consistency_unscaled: 3.0353 (3.7189)  den_ssim: 0.0015 (0.0016)  moe_aux_total: 0.0000 (0.0000)  moe_aux_raw: 0.0000 (0.0000)  l_balance: 0.0000 (0.0000)  l_decorr: 0.0000 (0.0000)  moe_temperature: 0.4128 (0.4132)
2026-04-17 01:20:14 | INFO     | crowdcount.trainer:289 - [ep 51][lr 0.0001000][17.32s]
2026-04-17 01:20:30 | INFO     | crowdcount.trainer:348 - [Eval] mae=348.37  mse=440.26  time=13.4s  best_mae=276.11  best_mse=344.17
2026-04-17 01:20:30 | INFO     | crowdcount.trainer:352 - [Eval] density_mae=65.75  density_mse=102.89  best_density_mae=65.75
2026-04-17 01:20:47 | INFO     | crowdcount.engine:429 - Averaged stats: lr: 0.000100  loss_sum: 0.0392 (0.0629)  losses: 0.0123 (0.0148)  den_loss: 0.0271 (0.0480)  loss_ce: 0.0049 (0.0059)  loss_points: 0.0005 (0.0005)  loss_count: 0.0049 (0.0057)  loss_consistency: 0.0027 (0.0028)  loss_ce_unscaled: 0.0049 (0.0059)  loss_points_unscaled: 2.2518 (2.2697)  loss_count_unscaled: 4.8841 (5.6554)  loss_consistency_unscaled: 2.6788 (2.8371)  den_ssim: 0.0014 (0.0015)  moe_aux_total: 0.0000 (0.0000)  moe_aux_raw: 0.0000 (0.0000)  l_balance: 0.0000 (0.0000)  l_decorr: 0.0000 (0.0000)  moe_temperature: 0.4113 (0.4117)
2026-04-17 01:20:47 | INFO     | crowdcount.trainer:289 - [ep 52][lr 0.0001000][16.79s]
2026-04-17 01:21:02 | INFO     | crowdcount.trainer:348 - [Eval] mae=369.77  mse=466.09  time=13.3s  best_mae=276.11  best_mse=344.17
2026-04-17 01:21:02 | INFO     | crowdcount.trainer:352 - [Eval] density_mae=71.54  density_mse=106.03  best_density_mae=65.75
2026-04-17 01:21:19 | INFO     | crowdcount.engine:429 - Averaged stats: lr: 0.000100  loss_sum: 0.0444 (0.0636)  losses: 0.0127 (0.0152)  den_loss: 0.0315 (0.0484)  loss_ce: 0.0055 (0.0059)  loss_points: 0.0005 (0.0005)  loss_count: 0.0039 (0.0057)  loss_consistency: 0.0027 (0.0031)  loss_ce_unscaled: 0.0055 (0.0059)  loss_points_unscaled: 2.5323 (2.3037)  loss_count_unscaled: 3.8574 (5.7207)  loss_consistency_unscaled: 2.6951 (3.0803)  den_ssim: 0.0014 (0.0015)  moe_aux_total: 0.0000 (0.0000)  moe_aux_raw: 0.0000 (0.0000)  l_balance: 0.0000 (0.0000)  l_decorr: 0.0000 (0.0000)  moe_temperature: 0.4098 (0.4102)
2026-04-17 01:21:19 | INFO     | crowdcount.trainer:289 - [ep 53][lr 0.0001000][17.27s]
2026-04-17 01:21:35 | INFO     | crowdcount.trainer:348 - [Eval] mae=352.69  mse=444.61  time=13.4s  best_mae=276.11  best_mse=344.17
2026-04-17 01:21:35 | INFO     | crowdcount.trainer:352 - [Eval] density_mae=69.58  density_mse=107.73  best_density_mae=65.75
2026-04-17 01:21:51 | INFO     | crowdcount.engine:429 - Averaged stats: lr: 0.000100  loss_sum: 0.0427 (0.0622)  losses: 0.0123 (0.0144)  den_loss: 0.0289 (0.0474)  loss_ce: 0.0050 (0.0059)  loss_points: 0.0004 (0.0005)  loss_count: 0.0044 (0.0054)  loss_consistency: 0.0024 (0.0027)  loss_ce_unscaled: 0.0050 (0.0059)  loss_points_unscaled: 2.2047 (2.3546)  loss_count_unscaled: 4.4377 (5.4156)  loss_consistency_unscaled: 2.3526 (2.6574)  den_ssim: 0.0015 (0.0016)  moe_aux_total: 0.0000 (0.0004)  moe_aux_raw: 0.0000 (0.0004)  l_balance: 0.0000 (0.0004)  l_decorr: 0.0000 (0.0003)  moe_temperature: 0.4083 (0.4087)
2026-04-17 01:21:51 | INFO     | crowdcount.trainer:289 - [ep 54][lr 0.0001000][16.79s]
2026-04-17 01:22:07 | INFO     | crowdcount.trainer:348 - [Eval] mae=327.69  mse=410.70  time=13.9s  best_mae=276.11  best_mse=344.17
2026-04-17 01:22:07 | INFO     | crowdcount.trainer:352 - [Eval] density_mae=61.14  density_mse=95.26  best_density_mae=61.14
2026-04-17 01:22:25 | INFO     | crowdcount.engine:429 - Averaged stats: lr: 0.000100  loss_sum: 0.0527 (0.0639)  losses: 0.0142 (0.0143)  den_loss: 0.0424 (0.0495)  loss_ce: 0.0059 (0.0056)  loss_points: 0.0005 (0.0005)  loss_count: 0.0052 (0.0050)  loss_consistency: 0.0025 (0.0031)  loss_ce_unscaled: 0.0059 (0.0056)  loss_points_unscaled: 2.5638 (2.5011)  loss_count_unscaled: 5.1772 (5.0295)  loss_consistency_unscaled: 2.5149 (3.0831)  den_ssim: 0.0015 (0.0016)  moe_aux_total: 0.0001 (0.0002)  moe_aux_raw: 0.0001 (0.0002)  l_balance: 0.0001 (0.0002)  l_decorr: 0.0000 (0.0000)  moe_temperature: 0.4068 (0.4071)
2026-04-17 01:22:25 | INFO     | crowdcount.trainer:289 - [ep 55][lr 0.0001000][17.61s]
2026-04-17 01:22:40 | INFO     | crowdcount.trainer:348 - [Eval] mae=361.62  mse=456.16  time=13.3s  best_mae=276.11  best_mse=344.17
2026-04-17 01:22:40 | INFO     | crowdcount.trainer:352 - [Eval] density_mae=143.66  density_mse=185.93  best_density_mae=61.14
2026-04-17 01:22:58 | INFO     | crowdcount.engine:429 - Averaged stats: lr: 0.000100  loss_sum: 0.0476 (0.0651)  losses: 0.0149 (0.0162)  den_loss: 0.0339 (0.0488)  loss_ce: 0.0052 (0.0056)  loss_points: 0.0005 (0.0005)  loss_count: 0.0055 (0.0059)  loss_consistency: 0.0040 (0.0043)  loss_ce_unscaled: 0.0052 (0.0056)  loss_points_unscaled: 2.3979 (2.5477)  loss_count_unscaled: 5.4854 (5.8728)  loss_consistency_unscaled: 3.9674 (4.2938)  den_ssim: 0.0015 (0.0016)  moe_aux_total: 0.0000 (0.0000)  moe_aux_raw: 0.0000 (0.0000)  l_balance: 0.0000 (0.0000)  l_decorr: 0.0000 (0.0000)  moe_temperature: 0.4053 (0.4056)
2026-04-17 01:22:58 | INFO     | crowdcount.trainer:289 - [ep 56][lr 0.0001000][17.98s]
2026-04-17 01:23:14 | INFO     | crowdcount.trainer:348 - [Eval] mae=324.25  mse=405.22  time=13.8s  best_mae=276.11  best_mse=344.17
2026-04-17 01:23:14 | INFO     | crowdcount.trainer:352 - [Eval] density_mae=95.15  density_mse=131.44  best_density_mae=61.14
2026-04-17 01:23:31 | INFO     | crowdcount.engine:429 - Averaged stats: lr: 0.000100  loss_sum: 0.0401 (0.0619)  losses: 0.0125 (0.0152)  den_loss: 0.0255 (0.0467)  loss_ce: 0.0045 (0.0055)  loss_points: 0.0005 (0.0005)  loss_count: 0.0040 (0.0053)  loss_consistency: 0.0033 (0.0039)  loss_ce_unscaled: 0.0045 (0.0055)  loss_points_unscaled: 2.4613 (2.4939)  loss_count_unscaled: 3.9538 (5.2880)  loss_consistency_unscaled: 3.3466 (3.8695)  den_ssim: 0.0015 (0.0016)  moe_aux_total: 0.0000 (0.0000)  moe_aux_raw: 0.0000 (0.0000)  l_balance: 0.0000 (0.0000)  l_decorr: 0.0000 (0.0000)  moe_temperature: 0.4038 (0.4041)
2026-04-17 01:23:31 | INFO     | crowdcount.trainer:289 - [ep 57][lr 0.0001000][16.88s]
2026-04-17 01:23:47 | INFO     | crowdcount.trainer:348 - [Eval] mae=381.59  mse=487.46  time=13.2s  best_mae=276.11  best_mse=344.17
2026-04-17 01:23:47 | INFO     | crowdcount.trainer:352 - [Eval] density_mae=112.04  density_mse=179.39  best_density_mae=61.14
2026-04-17 01:24:05 | INFO     | crowdcount.engine:429 - Averaged stats: lr: 0.000100  loss_sum: 0.0449 (0.0603)  losses: 0.0133 (0.0144)  den_loss: 0.0323 (0.0459)  loss_ce: 0.0052 (0.0055)  loss_points: 0.0005 (0.0005)  loss_count: 0.0043 (0.0054)  loss_consistency: 0.0026 (0.0031)  loss_ce_unscaled: 0.0052 (0.0055)  loss_points_unscaled: 2.5552 (2.4737)  loss_count_unscaled: 4.3051 (5.4120)  loss_consistency_unscaled: 2.5951 (3.0744)  den_ssim: 0.0016 (0.0016)  moe_aux_total: 0.0000 (0.0000)  moe_aux_raw: 0.0000 (0.0000)  l_balance: 0.0000 (0.0000)  l_decorr: 0.0000 (0.0000)  moe_temperature: 0.4023 (0.4026)
2026-04-17 01:24:05 | INFO     | crowdcount.trainer:289 - [ep 58][lr 0.0001000][17.86s]
2026-04-17 01:24:20 | INFO     | crowdcount.trainer:348 - [Eval] mae=292.46  mse=368.32  time=13.2s  best_mae=276.11  best_mse=344.17
2026-04-17 01:24:20 | INFO     | crowdcount.trainer:352 - [Eval] density_mae=80.69  density_mse=113.37  best_density_mae=61.14
2026-04-17 01:24:37 | INFO     | crowdcount.engine:429 - Averaged stats: lr: 0.000100  loss_sum: 0.0439 (0.0576)  losses: 0.0123 (0.0133)  den_loss: 0.0306 (0.0443)  loss_ce: 0.0048 (0.0054)  loss_points: 0.0005 (0.0005)  loss_count: 0.0047 (0.0050)  loss_consistency: 0.0024 (0.0025)  loss_ce_unscaled: 0.0048 (0.0054)  loss_points_unscaled: 2.5864 (2.5853)  loss_count_unscaled: 4.6703 (4.9645)  loss_consistency_unscaled: 2.3575 (2.4838)  den_ssim: 0.0014 (0.0016)  moe_aux_total: 0.0000 (0.0000)  moe_aux_raw: 0.0000 (0.0000)  l_balance: 0.0000 (0.0000)  l_decorr: 0.0000 (0.0000)  moe_temperature: 0.4008 (0.4012)
2026-04-17 01:24:37 | INFO     | crowdcount.trainer:289 - [ep 59][lr 0.0001000][17.25s]
2026-04-17 01:24:52 | INFO     | crowdcount.trainer:348 - [Eval] mae=353.25  mse=446.25  time=13.1s  best_mae=276.11  best_mse=344.17
2026-04-17 01:24:52 | INFO     | crowdcount.trainer:352 - [Eval] density_mae=72.22  density_mse=127.00  best_density_mae=61.14
2026-04-17 01:25:10 | INFO     | crowdcount.engine:429 - Averaged stats: lr: 0.000100  loss_sum: 0.0458 (0.0736)  losses: 0.0134 (0.0155)  den_loss: 0.0325 (0.0581)  loss_ce: 0.0053 (0.0056)  loss_points: 0.0005 (0.0005)  loss_count: 0.0052 (0.0061)  loss_consistency: 0.0030 (0.0033)  loss_ce_unscaled: 0.0053 (0.0056)  loss_points_unscaled: 2.5011 (2.6079)  loss_count_unscaled: 5.1806 (6.0823)  loss_consistency_unscaled: 3.0488 (3.2875)  den_ssim: 0.0015 (0.0016)  moe_aux_total: 0.0000 (0.0000)  moe_aux_raw: 0.0000 (0.0000)  l_balance: 0.0000 (0.0000)  l_decorr: 0.0000 (0.0000)  moe_temperature: 0.3993 (0.3997)
2026-04-17 01:25:10 | INFO     | crowdcount.trainer:289 - [ep 60][lr 0.0000999][17.79s]
2026-04-17 01:25:25 | INFO     | crowdcount.trainer:348 - [Eval] mae=362.15  mse=457.40  time=13.3s  best_mae=276.11  best_mse=344.17
2026-04-17 01:25:25 | INFO     | crowdcount.trainer:352 - [Eval] density_mae=73.67  density_mse=117.07  best_density_mae=61.14
2026-04-17 01:25:42 | INFO     | crowdcount.engine:429 - Averaged stats: lr: 0.000100  loss_sum: 0.0361 (0.0539)  losses: 0.0109 (0.0144)  den_loss: 0.0252 (0.0394)  loss_ce: 0.0048 (0.0054)  loss_points: 0.0005 (0.0005)  loss_count: 0.0037 (0.0051)  loss_consistency: 0.0025 (0.0034)  loss_ce_unscaled: 0.0048 (0.0054)  loss_points_unscaled: 2.3202 (2.4549)  loss_count_unscaled: 3.6908 (5.1181)  loss_consistency_unscaled: 2.4854 (3.3946)  den_ssim: 0.0015 (0.0015)  moe_aux_total: 0.0000 (0.0000)  moe_aux_raw: 0.0000 (0.0000)  l_balance: 0.0000 (0.0000)  l_decorr: 0.0000 (0.0000)  moe_temperature: 0.3978 (0.3982)
2026-04-17 01:25:42 | INFO     | crowdcount.trainer:289 - [ep 61][lr 0.0000999][17.08s]
2026-04-17 01:25:58 | INFO     | crowdcount.trainer:348 - [Eval] mae=358.80  mse=449.82  time=13.8s  best_mae=276.11  best_mse=344.17
2026-04-17 01:25:58 | INFO     | crowdcount.trainer:352 - [Eval] density_mae=154.94  density_mse=204.94  best_density_mae=61.14
2026-04-17 01:26:16 | INFO     | crowdcount.engine:429 - Averaged stats: lr: 0.000100  loss_sum: 0.0503 (0.0564)  losses: 0.0134 (0.0129)  den_loss: 0.0390 (0.0434)  loss_ce: 0.0049 (0.0050)  loss_points: 0.0006 (0.0006)  loss_count: 0.0051 (0.0048)  loss_consistency: 0.0024 (0.0026)  loss_ce_unscaled: 0.0049 (0.0050)  loss_points_unscaled: 3.0172 (2.8133)  loss_count_unscaled: 5.0716 (4.8268)  loss_consistency_unscaled: 2.4180 (2.5832)  den_ssim: 0.0015 (0.0015)  moe_aux_total: 0.0000 (0.0000)  moe_aux_raw: 0.0000 (0.0000)  l_balance: 0.0000 (0.0000)  l_decorr: 0.0000 (0.0000)  moe_temperature: 0.3964 (0.3967)
2026-04-17 01:26:16 | INFO     | crowdcount.trainer:289 - [ep 62][lr 0.0000999][17.57s]
2026-04-17 01:26:31 | INFO     | crowdcount.trainer:348 - [Eval] mae=283.42  mse=353.10  time=13.2s  best_mae=276.11  best_mse=344.17
2026-04-17 01:26:31 | INFO     | crowdcount.trainer:352 - [Eval] density_mae=73.62  density_mse=124.04  best_density_mae=61.14
2026-04-17 01:26:48 | INFO     | crowdcount.engine:429 - Averaged stats: lr: 0.000100  loss_sum: 0.0387 (0.0550)  losses: 0.0112 (0.0132)  den_loss: 0.0265 (0.0418)  loss_ce: 0.0046 (0.0048)  loss_points: 0.0006 (0.0006)  loss_count: 0.0038 (0.0051)  loss_consistency: 0.0023 (0.0027)  loss_ce_unscaled: 0.0046 (0.0048)  loss_points_unscaled: 2.7659 (2.7895)  loss_count_unscaled: 3.8250 (5.0712)  loss_consistency_unscaled: 2.3190 (2.6969)  den_ssim: 0.0015 (0.0015)  moe_aux_total: 0.0000 (0.0000)  moe_aux_raw: 0.0000 (0.0000)  l_balance: 0.0000 (0.0000)  l_decorr: 0.0000 (0.0000)  moe_temperature: 0.3949 (0.3953)
2026-04-17 01:26:48 | INFO     | crowdcount.trainer:289 - [ep 63][lr 0.0000999][16.73s]
2026-04-17 01:27:03 | INFO     | crowdcount.trainer:348 - [Eval] mae=208.16  mse=258.74  time=13.3s  best_mae=208.16  best_mse=258.74
2026-04-17 01:27:03 | INFO     | crowdcount.trainer:352 - [Eval] density_mae=120.54  density_mse=172.32  best_density_mae=61.14
2026-04-17 01:27:23 | INFO     | crowdcount.engine:429 - Averaged stats: lr: 0.000100  loss_sum: 0.0528 (0.0684)  losses: 0.0129 (0.0144)  den_loss: 0.0398 (0.0540)  loss_ce: 0.0042 (0.0049)  loss_points: 0.0006 (0.0006)  loss_count: 0.0050 (0.0061)  loss_consistency: 0.0026 (0.0028)  loss_ce_unscaled: 0.0042 (0.0049)  loss_points_unscaled: 2.8741 (2.8267)  loss_count_unscaled: 4.9858 (6.0908)  loss_consistency_unscaled: 2.5651 (2.8219)  den_ssim: 0.0014 (0.0015)  moe_aux_total: 0.0000 (0.0000)  moe_aux_raw: 0.0000 (0.0000)  l_balance: 0.0000 (0.0000)  l_decorr: 0.0000 (0.0000)  moe_temperature: 0.3935 (0.3938)
2026-04-17 01:27:23 | INFO     | crowdcount.trainer:289 - [ep 64][lr 0.0000999][17.76s]
2026-04-17 01:27:38 | INFO     | crowdcount.trainer:348 - [Eval] mae=274.82  mse=338.93  time=13.4s  best_mae=208.16  best_mse=258.74
2026-04-17 01:27:38 | INFO     | crowdcount.trainer:352 - [Eval] density_mae=135.23  density_mse=173.60  best_density_mae=61.14
2026-04-17 01:27:55 | INFO     | crowdcount.engine:429 - Averaged stats: lr: 0.000100  loss_sum: 0.0374 (0.0510)  losses: 0.0111 (0.0121)  den_loss: 0.0264 (0.0389)  loss_ce: 0.0048 (0.0046)  loss_points: 0.0006 (0.0006)  loss_count: 0.0036 (0.0045)  loss_consistency: 0.0023 (0.0024)  loss_ce_unscaled: 0.0048 (0.0046)  loss_points_unscaled: 2.8420 (2.8517)  loss_count_unscaled: 3.6288 (4.4568)  loss_consistency_unscaled: 2.2896 (2.4249)  den_ssim: 0.0014 (0.0015)  moe_aux_total: 0.0000 (0.0000)  moe_aux_raw: 0.0000 (0.0000)  l_balance: 0.0000 (0.0000)  l_decorr: 0.0000 (0.0000)  moe_temperature: 0.3920 (0.3924)
2026-04-17 01:27:55 | INFO     | crowdcount.trainer:289 - [ep 65][lr 0.0000999][16.65s]
2026-04-17 01:28:10 | INFO     | crowdcount.trainer:348 - [Eval] mae=291.59  mse=360.00  time=12.8s  best_mae=208.16  best_mse=258.74
2026-04-17 01:28:10 | INFO     | crowdcount.trainer:352 - [Eval] density_mae=83.20  density_mse=126.07  best_density_mae=61.14
2026-04-17 01:28:27 | INFO     | crowdcount.engine:429 - Averaged stats: lr: 0.000100  loss_sum: 0.0429 (0.0549)  losses: 0.0120 (0.0127)  den_loss: 0.0305 (0.0422)  loss_ce: 0.0051 (0.0049)  loss_points: 0.0006 (0.0006)  loss_count: 0.0038 (0.0049)  loss_consistency: 0.0022 (0.0025)  loss_ce_unscaled: 0.0051 (0.0049)  loss_points_unscaled: 2.7843 (2.7604)  loss_count_unscaled: 3.8476 (4.8611)  loss_consistency_unscaled: 2.2321 (2.4592)  den_ssim: 0.0015 (0.0015)  moe_aux_total: 0.0000 (0.0000)  moe_aux_raw: 0.0000 (0.0000)  l_balance: 0.0000 (0.0000)  l_decorr: 0.0000 (0.0000)  moe_temperature: 0.3905 (0.3909)
2026-04-17 01:28:27 | INFO     | crowdcount.trainer:289 - [ep 66][lr 0.0000999][17.23s]
2026-04-17 01:28:43 | INFO     | crowdcount.trainer:348 - [Eval] mae=235.03  mse=292.68  time=13.4s  best_mae=208.16  best_mse=258.74
2026-04-17 01:28:43 | INFO     | crowdcount.trainer:352 - [Eval] density_mae=80.19  density_mse=121.64  best_density_mae=61.14
2026-04-17 01:29:00 | INFO     | crowdcount.engine:429 - Averaged stats: lr: 0.000100  loss_sum: 0.0379 (0.0583)  losses: 0.0129 (0.0131)  den_loss: 0.0248 (0.0451)  loss_ce: 0.0048 (0.0049)  loss_points: 0.0006 (0.0006)  loss_count: 0.0037 (0.0048)  loss_consistency: 0.0025 (0.0029)  loss_ce_unscaled: 0.0048 (0.0049)  loss_points_unscaled: 2.8607 (2.7876)  loss_count_unscaled: 3.7230 (4.7919)  loss_consistency_unscaled: 2.5469 (2.8995)  den_ssim: 0.0014 (0.0015)  moe_aux_total: 0.0000 (0.0000)  moe_aux_raw: 0.0000 (0.0000)  l_balance: 0.0000 (0.0000)  l_decorr: 0.0000 (0.0000)  moe_temperature: 0.3891 (0.3895)
2026-04-17 01:29:00 | INFO     | crowdcount.trainer:289 - [ep 67][lr 0.0000999][17.25s]
2026-04-17 01:29:15 | INFO     | crowdcount.trainer:348 - [Eval] mae=274.01  mse=340.41  time=12.8s  best_mae=208.16  best_mse=258.74
2026-04-17 01:29:15 | INFO     | crowdcount.trainer:352 - [Eval] density_mae=78.73  density_mse=116.12  best_density_mae=61.14
2026-04-17 01:29:32 | INFO     | crowdcount.engine:429 - Averaged stats: lr: 0.000100  loss_sum: 0.0465 (0.0564)  losses: 0.0115 (0.0128)  den_loss: 0.0342 (0.0436)  loss_ce: 0.0043 (0.0047)  loss_points: 0.0006 (0.0006)  loss_count: 0.0039 (0.0047)  loss_consistency: 0.0024 (0.0028)  loss_ce_unscaled: 0.0043 (0.0047)  loss_points_unscaled: 3.0587 (2.9624)  loss_count_unscaled: 3.8573 (4.6918)  loss_consistency_unscaled: 2.3585 (2.8118)  den_ssim: 0.0014 (0.0015)  moe_aux_total: 0.0000 (0.0000)  moe_aux_raw: 0.0000 (0.0000)  l_balance: 0.0000 (0.0000)  l_decorr: 0.0000 (0.0000)  moe_temperature: 0.3877 (0.3880)
2026-04-17 01:29:32 | INFO     | crowdcount.trainer:289 - [ep 68][lr 0.0000999][17.20s]
2026-04-17 01:29:47 | INFO     | crowdcount.trainer:348 - [Eval] mae=310.01  mse=384.83  time=13.1s  best_mae=208.16  best_mse=258.74
2026-04-17 01:29:47 | INFO     | crowdcount.trainer:352 - [Eval] density_mae=97.23  density_mse=137.85  best_density_mae=61.14
2026-04-17 01:30:03 | INFO     | crowdcount.engine:429 - Averaged stats: lr: 0.000100  loss_sum: 0.0493 (0.0514)  losses: 0.0113 (0.0123)  den_loss: 0.0359 (0.0390)  loss_ce: 0.0043 (0.0044)  loss_points: 0.0006 (0.0006)  loss_count: 0.0036 (0.0042)  loss_consistency: 0.0029 (0.0031)  loss_ce_unscaled: 0.0043 (0.0044)  loss_points_unscaled: 3.1685 (2.9541)  loss_count_unscaled: 3.5820 (4.2318)  loss_consistency_unscaled: 2.9161 (3.0974)  den_ssim: 0.0014 (0.0015)  moe_aux_total: 0.0000 (0.0000)  moe_aux_raw: 0.0000 (0.0000)  l_balance: 0.0000 (0.0000)  l_decorr: 0.0000 (0.0000)  moe_temperature: 0.3862 (0.3866)
2026-04-17 01:30:03 | INFO     | crowdcount.trainer:289 - [ep 69][lr 0.0000999][16.65s]
2026-04-17 01:30:18 | INFO     | crowdcount.trainer:348 - [Eval] mae=264.37  mse=331.97  time=12.9s  best_mae=208.16  best_mse=258.74
2026-04-17 01:30:18 | INFO     | crowdcount.trainer:352 - [Eval] density_mae=74.29  density_mse=128.48  best_density_mae=61.14
2026-04-17 01:30:34 | INFO     | crowdcount.engine:429 - Averaged stats: lr: 0.000100  loss_sum: 0.0382 (0.0583)  losses: 0.0107 (0.0136)  den_loss: 0.0272 (0.0447)  loss_ce: 0.0039 (0.0044)  loss_points: 0.0006 (0.0006)  loss_count: 0.0037 (0.0055)  loss_consistency: 0.0022 (0.0031)  loss_ce_unscaled: 0.0039 (0.0044)  loss_points_unscaled: 3.0468 (3.0199)  loss_count_unscaled: 3.7215 (5.4756)  loss_consistency_unscaled: 2.2052 (3.0990)  den_ssim: 0.0015 (0.0015)  moe_aux_total: 0.0000 (0.0000)  moe_aux_raw: 0.0000 (0.0000)  l_balance: 0.0000 (0.0000)  l_decorr: 0.0000 (0.0000)  moe_temperature: 0.3848 (0.3852)
2026-04-17 01:30:34 | INFO     | crowdcount.trainer:289 - [ep 70][lr 0.0000999][16.69s]
2026-04-17 01:30:49 | INFO     | crowdcount.trainer:348 - [Eval] mae=294.41  mse=369.88  time=12.9s  best_mae=208.16  best_mse=258.74
2026-04-17 01:30:49 | INFO     | crowdcount.trainer:352 - [Eval] density_mae=101.34  density_mse=144.21  best_density_mae=61.14
2026-04-17 01:31:06 | INFO     | crowdcount.engine:429 - Averaged stats: lr: 0.000100  loss_sum: 0.0485 (0.0593)  losses: 0.0118 (0.0131)  den_loss: 0.0356 (0.0462)  loss_ce: 0.0044 (0.0048)  loss_points: 0.0006 (0.0006)  loss_count: 0.0041 (0.0052)  loss_consistency: 0.0023 (0.0025)  loss_ce_unscaled: 0.0044 (0.0048)  loss_points_unscaled: 3.0156 (2.8337)  loss_count_unscaled: 4.0851 (5.2361)  loss_consistency_unscaled: 2.2733 (2.5354)  den_ssim: 0.0014 (0.0015)  moe_aux_total: 0.0000 (0.0000)  moe_aux_raw: 0.0000 (0.0000)  l_balance: 0.0000 (0.0000)  l_decorr: 0.0000 (0.0000)  moe_temperature: 0.3834 (0.3837)
2026-04-17 01:31:06 | INFO     | crowdcount.trainer:289 - [ep 71][lr 0.0000999][16.68s]
2026-04-17 01:31:21 | INFO     | crowdcount.trainer:348 - [Eval] mae=161.53  mse=207.39  time=13.2s  best_mae=161.53  best_mse=207.39
2026-04-17 01:31:21 | INFO     | crowdcount.trainer:352 - [Eval] density_mae=78.54  density_mse=115.29  best_density_mae=61.14
2026-04-17 01:31:41 | INFO     | crowdcount.engine:429 - Averaged stats: lr: 0.000100  loss_sum: 0.0513 (0.0593)  losses: 0.0116 (0.0130)  den_loss: 0.0379 (0.0463)  loss_ce: 0.0046 (0.0044)  loss_points: 0.0006 (0.0006)  loss_count: 0.0045 (0.0052)  loss_consistency: 0.0023 (0.0028)  loss_ce_unscaled: 0.0046 (0.0044)  loss_points_unscaled: 3.0545 (3.0901)  loss_count_unscaled: 4.5053 (5.1774)  loss_consistency_unscaled: 2.2550 (2.8219)  den_ssim: 0.0015 (0.0015)  moe_aux_total: 0.0000 (0.0000)  moe_aux_raw: 0.0000 (0.0000)  l_balance: 0.0000 (0.0000)  l_decorr: 0.0000 (0.0000)  moe_temperature: 0.3820 (0.3823)
2026-04-17 01:31:41 | INFO     | crowdcount.trainer:289 - [ep 72][lr 0.0000999][17.22s]
2026-04-17 01:31:56 | INFO     | crowdcount.trainer:348 - [Eval] mae=262.43  mse=329.07  time=13.1s  best_mae=161.53  best_mse=207.39
2026-04-17 01:31:56 | INFO     | crowdcount.trainer:352 - [Eval] density_mae=75.53  density_mse=107.97  best_density_mae=61.14
2026-04-17 01:32:12 | INFO     | crowdcount.engine:429 - Averaged stats: lr: 0.000100  loss_sum: 0.0450 (0.0464)  losses: 0.0116 (0.0116)  den_loss: 0.0327 (0.0348)  loss_ce: 0.0038 (0.0043)  loss_points: 0.0006 (0.0006)  loss_count: 0.0039 (0.0041)  loss_consistency: 0.0027 (0.0026)  loss_ce_unscaled: 0.0038 (0.0043)  loss_points_unscaled: 3.0170 (2.9892)  loss_count_unscaled: 3.8993 (4.1460)  loss_consistency_unscaled: 2.7292 (2.5790)  den_ssim: 0.0015 (0.0015)  moe_aux_total: 0.0000 (0.0000)  moe_aux_raw: 0.0000 (0.0000)  l_balance: 0.0000 (0.0000)  l_decorr: 0.0000 (0.0000)  moe_temperature: 0.3806 (0.3809)
2026-04-17 01:32:12 | INFO     | crowdcount.trainer:289 - [ep 73][lr 0.0000999][15.88s]
2026-04-17 01:32:27 | INFO     | crowdcount.trainer:348 - [Eval] mae=207.96  mse=260.84  time=13.0s  best_mae=161.53  best_mse=207.39
2026-04-17 01:32:27 | INFO     | crowdcount.trainer:352 - [Eval] density_mae=76.57  density_mse=124.72  best_density_mae=61.14
2026-04-17 01:32:43 | INFO     | crowdcount.engine:429 - Averaged stats: lr: 0.000100  loss_sum: 0.0492 (0.0519)  losses: 0.0120 (0.0120)  den_loss: 0.0378 (0.0399)  loss_ce: 0.0043 (0.0043)  loss_points: 0.0006 (0.0006)  loss_count: 0.0039 (0.0046)  loss_consistency: 0.0025 (0.0024)  loss_ce_unscaled: 0.0043 (0.0043)  loss_points_unscaled: 3.0737 (3.0654)  loss_count_unscaled: 3.9147 (4.5714)  loss_consistency_unscaled: 2.4723 (2.4493)  den_ssim: 0.0015 (0.0015)  moe_aux_total: 0.0000 (0.0000)  moe_aux_raw: 0.0000 (0.0000)  l_balance: 0.0000 (0.0000)  l_decorr: 0.0000 (0.0000)  moe_temperature: 0.3792 (0.3795)
2026-04-17 01:32:43 | INFO     | crowdcount.trainer:289 - [ep 74][lr 0.0000999][16.15s]
2026-04-17 01:32:58 | INFO     | crowdcount.trainer:348 - [Eval] mae=146.07  mse=186.57  time=12.9s  best_mae=146.07  best_mse=186.57
2026-04-17 01:32:58 | INFO     | crowdcount.trainer:352 - [Eval] density_mae=93.44  density_mse=144.67  best_density_mae=61.14
2026-04-17 01:33:16 | INFO     | crowdcount.engine:429 - Averaged stats: lr: 0.000100  loss_sum: 0.0304 (0.0514)  losses: 0.0112 (0.0127)  den_loss: 0.0209 (0.0387)  loss_ce: 0.0041 (0.0045)  loss_points: 0.0006 (0.0006)  loss_count: 0.0040 (0.0048)  loss_consistency: 0.0026 (0.0028)  loss_ce_unscaled: 0.0041 (0.0045)  loss_points_unscaled: 2.9569 (3.0103)  loss_count_unscaled: 4.0346 (4.7924)  loss_consistency_unscaled: 2.5750 (2.8006)  den_ssim: 0.0014 (0.0014)  moe_aux_total: 0.0000 (0.0000)  moe_aux_raw: 0.0000 (0.0000)  l_balance: 0.0000 (0.0000)  l_decorr: 0.0000 (0.0000)  moe_temperature: 0.3778 (0.3781)
2026-04-17 01:33:16 | INFO     | crowdcount.trainer:289 - [ep 75][lr 0.0000999][16.76s]
2026-04-17 01:33:31 | INFO     | crowdcount.trainer:348 - [Eval] mae=206.60  mse=256.66  time=13.2s  best_mae=146.07  best_mse=186.57
2026-04-17 01:33:31 | INFO     | crowdcount.trainer:352 - [Eval] density_mae=65.36  density_mse=103.65  best_density_mae=61.14
2026-04-17 01:33:48 | INFO     | crowdcount.engine:429 - Averaged stats: lr: 0.000100  loss_sum: 0.0466 (0.0664)  losses: 0.0142 (0.0137)  den_loss: 0.0331 (0.0526)  loss_ce: 0.0045 (0.0045)  loss_points: 0.0006 (0.0006)  loss_count: 0.0059 (0.0056)  loss_consistency: 0.0029 (0.0030)  loss_ce_unscaled: 0.0045 (0.0045)  loss_points_unscaled: 3.2159 (3.1249)  loss_count_unscaled: 5.9430 (5.5820)  loss_consistency_unscaled: 2.8520 (3.0012)  den_ssim: 0.0014 (0.0015)  moe_aux_total: 0.0000 (0.0000)  moe_aux_raw: 0.0000 (0.0000)  l_balance: 0.0000 (0.0000)  l_decorr: 0.0000 (0.0000)  moe_temperature: 0.3764 (0.3767)
2026-04-17 01:33:48 | INFO     | crowdcount.trainer:289 - [ep 76][lr 0.0000999][16.93s]
2026-04-17 01:34:03 | INFO     | crowdcount.trainer:348 - [Eval] mae=230.77  mse=288.55  time=12.8s  best_mae=146.07  best_mse=186.57
2026-04-17 01:34:03 | INFO     | crowdcount.trainer:352 - [Eval] density_mae=106.41  density_mse=147.21  best_density_mae=61.14
2026-04-17 01:34:20 | INFO     | crowdcount.engine:429 - Averaged stats: lr: 0.000100  loss_sum: 0.0466 (0.0614)  losses: 0.0111 (0.0125)  den_loss: 0.0321 (0.0489)  loss_ce: 0.0044 (0.0045)  loss_points: 0.0006 (0.0006)  loss_count: 0.0040 (0.0048)  loss_consistency: 0.0025 (0.0025)  loss_ce_unscaled: 0.0044 (0.0045)  loss_points_unscaled: 2.8693 (3.0452)  loss_count_unscaled: 4.0038 (4.8282)  loss_consistency_unscaled: 2.5440 (2.5261)  den_ssim: 0.0015 (0.0014)  moe_aux_total: 0.0000 (0.0000)  moe_aux_raw: 0.0000 (0.0000)  l_balance: 0.0000 (0.0000)  l_decorr: 0.0000 (0.0000)  moe_temperature: 0.3750 (0.3753)
2026-04-17 01:34:20 | INFO     | crowdcount.trainer:289 - [ep 77][lr 0.0000999][16.94s]
2026-04-17 01:34:35 | INFO     | crowdcount.trainer:348 - [Eval] mae=196.57  mse=248.82  time=13.0s  best_mae=146.07  best_mse=186.57
2026-04-17 01:34:35 | INFO     | crowdcount.trainer:352 - [Eval] density_mae=83.74  density_mse=127.94  best_density_mae=61.14
2026-04-17 01:34:51 | INFO     | crowdcount.engine:429 - Averaged stats: lr: 0.000100  loss_sum: 0.0460 (0.0548)  losses: 0.0118 (0.0125)  den_loss: 0.0336 (0.0423)  loss_ce: 0.0044 (0.0045)  loss_points: 0.0006 (0.0006)  loss_count: 0.0039 (0.0047)  loss_consistency: 0.0028 (0.0027)  loss_ce_unscaled: 0.0044 (0.0045)  loss_points_unscaled: 3.0370 (3.0550)  loss_count_unscaled: 3.8826 (4.7268)  loss_consistency_unscaled: 2.8169 (2.6658)  den_ssim: 0.0014 (0.0015)  moe_aux_total: 0.0000 (0.0000)  moe_aux_raw: 0.0000 (0.0000)  l_balance: 0.0000 (0.0000)  l_decorr: 0.0000 (0.0000)  moe_temperature: 0.3736 (0.3739)
2026-04-17 01:34:51 | INFO     | crowdcount.trainer:289 - [ep 78][lr 0.0000999][16.60s]
2026-04-17 01:35:06 | INFO     | crowdcount.trainer:348 - [Eval] mae=239.48  mse=299.62  time=12.9s  best_mae=146.07  best_mse=186.57
2026-04-17 01:35:06 | INFO     | crowdcount.trainer:352 - [Eval] density_mae=68.81  density_mse=111.47  best_density_mae=61.14
2026-04-17 01:35:23 | INFO     | crowdcount.engine:429 - Averaged stats: lr: 0.000100  loss_sum: 0.0395 (0.0534)  losses: 0.0123 (0.0126)  den_loss: 0.0276 (0.0408)  loss_ce: 0.0039 (0.0041)  loss_points: 0.0006 (0.0006)  loss_count: 0.0040 (0.0046)  loss_consistency: 0.0035 (0.0032)  loss_ce_unscaled: 0.0039 (0.0041)  loss_points_unscaled: 3.0653 (3.0970)  loss_count_unscaled: 3.9685 (4.5745)  loss_consistency_unscaled: 3.5199 (3.2276)  den_ssim: 0.0013 (0.0014)  moe_aux_total: 0.0000 (0.0000)  moe_aux_raw: 0.0000 (0.0000)  l_balance: 0.0000 (0.0000)  l_decorr: 0.0000 (0.0000)  moe_temperature: 0.3722 (0.3725)
2026-04-17 01:35:23 | INFO     | crowdcount.trainer:289 - [ep 79][lr 0.0000999][16.36s]
2026-04-17 01:35:37 | INFO     | crowdcount.trainer:348 - [Eval] mae=235.79  mse=292.42  time=13.0s  best_mae=146.07  best_mse=186.57
2026-04-17 01:35:37 | INFO     | crowdcount.trainer:352 - [Eval] density_mae=89.75  density_mse=139.06  best_density_mae=61.14
2026-04-17 01:35:54 | INFO     | crowdcount.engine:429 - Averaged stats: lr: 0.000100  loss_sum: 0.0471 (0.0633)  losses: 0.0124 (0.0143)  den_loss: 0.0334 (0.0490)  loss_ce: 0.0039 (0.0047)  loss_points: 0.0006 (0.0006)  loss_count: 0.0052 (0.0059)  loss_consistency: 0.0029 (0.0031)  loss_ce_unscaled: 0.0039 (0.0047)  loss_points_unscaled: 2.9906 (3.0311)  loss_count_unscaled: 5.2343 (5.8632)  loss_consistency_unscaled: 2.8787 (3.0624)  den_ssim: 0.0015 (0.0015)  moe_aux_total: 0.0000 (0.0000)  moe_aux_raw: 0.0000 (0.0000)  l_balance: 0.0000 (0.0000)  l_decorr: 0.0000 (0.0000)  moe_temperature: 0.3708 (0.3712)
2026-04-17 01:35:54 | INFO     | crowdcount.trainer:289 - [ep 80][lr 0.0000999][17.11s]
2026-04-17 01:36:09 | INFO     | crowdcount.trainer:348 - [Eval] mae=237.96  mse=297.14  time=12.8s  best_mae=146.07  best_mse=186.57
2026-04-17 01:36:09 | INFO     | crowdcount.trainer:352 - [Eval] density_mae=111.73  density_mse=144.45  best_density_mae=61.14
2026-04-17 01:36:26 | INFO     | crowdcount.engine:429 - Averaged stats: lr: 0.000100  loss_sum: 0.0432 (0.0574)  losses: 0.0105 (0.0134)  den_loss: 0.0326 (0.0440)  loss_ce: 0.0041 (0.0045)  loss_points: 0.0006 (0.0006)  loss_count: 0.0037 (0.0054)  loss_consistency: 0.0021 (0.0029)  loss_ce_unscaled: 0.0041 (0.0045)  loss_points_unscaled: 3.0035 (3.0097)  loss_count_unscaled: 3.6955 (5.4010)  loss_consistency_unscaled: 2.1443 (2.9120)  den_ssim: 0.0015 (0.0015)  moe_aux_total: 0.0000 (0.0000)  moe_aux_raw: 0.0000 (0.0000)  l_balance: 0.0000 (0.0000)  l_decorr: 0.0000 (0.0000)  moe_temperature: 0.3695 (0.3698)
2026-04-17 01:36:26 | INFO     | crowdcount.trainer:289 - [ep 81][lr 0.0000999][16.98s]
2026-04-17 01:36:41 | INFO     | crowdcount.trainer:348 - [Eval] mae=218.25  mse=274.87  time=13.0s  best_mae=146.07  best_mse=186.57
2026-04-17 01:36:41 | INFO     | crowdcount.trainer:352 - [Eval] density_mae=75.77  density_mse=121.53  best_density_mae=61.14
2026-04-17 01:36:58 | INFO     | crowdcount.engine:429 - Averaged stats: lr: 0.000100  loss_sum: 0.0563 (0.0609)  losses: 0.0118 (0.0126)  den_loss: 0.0452 (0.0483)  loss_ce: 0.0039 (0.0045)  loss_points: 0.0006 (0.0006)  loss_count: 0.0043 (0.0047)  loss_consistency: 0.0026 (0.0028)  loss_ce_unscaled: 0.0039 (0.0045)  loss_points_unscaled: 3.1495 (3.1291)  loss_count_unscaled: 4.2717 (4.7157)  loss_consistency_unscaled: 2.6227 (2.7903)  den_ssim: 0.0014 (0.0015)  moe_aux_total: 0.0000 (0.0000)  moe_aux_raw: 0.0000 (0.0000)  l_balance: 0.0000 (0.0000)  l_decorr: 0.0000 (0.0000)  moe_temperature: 0.3681 (0.3684)
2026-04-17 01:36:58 | INFO     | crowdcount.trainer:289 - [ep 82][lr 0.0000999][16.96s]
2026-04-17 01:37:13 | INFO     | crowdcount.trainer:348 - [Eval] mae=189.71  mse=233.99  time=13.2s  best_mae=146.07  best_mse=186.57
2026-04-17 01:37:13 | INFO     | crowdcount.trainer:352 - [Eval] density_mae=69.38  density_mse=100.23  best_density_mae=61.14
2026-04-17 01:37:30 | INFO     | crowdcount.engine:429 - Averaged stats: lr: 0.000100  loss_sum: 0.0405 (0.0558)  losses: 0.0112 (0.0125)  den_loss: 0.0277 (0.0433)  loss_ce: 0.0042 (0.0044)  loss_points: 0.0006 (0.0006)  loss_count: 0.0038 (0.0050)  loss_consistency: 0.0023 (0.0025)  loss_ce_unscaled: 0.0042 (0.0044)  loss_points_unscaled: 3.0694 (3.1419)  loss_count_unscaled: 3.7760 (4.9862)  loss_consistency_unscaled: 2.3120 (2.4994)  den_ssim: 0.0014 (0.0015)  moe_aux_total: 0.0000 (0.0000)  moe_aux_raw: 0.0000 (0.0000)  l_balance: 0.0000 (0.0000)  l_decorr: 0.0000 (0.0000)  moe_temperature: 0.3667 (0.3671)
2026-04-17 01:37:30 | INFO     | crowdcount.trainer:289 - [ep 83][lr 0.0000999][17.12s]
2026-04-17 01:37:45 | INFO     | crowdcount.trainer:348 - [Eval] mae=219.80  mse=278.21  time=13.1s  best_mae=146.07  best_mse=186.57
2026-04-17 01:37:45 | INFO     | crowdcount.trainer:352 - [Eval] density_mae=92.22  density_mse=133.68  best_density_mae=61.14
2026-04-17 01:38:02 | INFO     | crowdcount.engine:429 - Averaged stats: lr: 0.000100  loss_sum: 0.0381 (0.0496)  losses: 0.0111 (0.0121)  den_loss: 0.0271 (0.0374)  loss_ce: 0.0042 (0.0043)  loss_points: 0.0006 (0.0006)  loss_count: 0.0039 (0.0044)  loss_consistency: 0.0025 (0.0029)  loss_ce_unscaled: 0.0042 (0.0043)  loss_points_unscaled: 2.9925 (3.0545)  loss_count_unscaled: 3.8725 (4.3633)  loss_consistency_unscaled: 2.5019 (2.9040)  den_ssim: 0.0013 (0.0014)  moe_aux_total: 0.0000 (0.0000)  moe_aux_raw: 0.0000 (0.0000)  l_balance: 0.0000 (0.0000)  l_decorr: 0.0000 (0.0000)  moe_temperature: 0.3654 (0.3657)
2026-04-17 01:38:02 | INFO     | crowdcount.trainer:289 - [ep 84][lr 0.0000999][16.49s]
2026-04-17 01:38:16 | INFO     | crowdcount.trainer:348 - [Eval] mae=171.73  mse=219.60  time=12.7s  best_mae=146.07  best_mse=186.57
2026-04-17 01:38:16 | INFO     | crowdcount.trainer:352 - [Eval] density_mae=74.14  density_mse=114.67  best_density_mae=61.14
2026-04-17 01:38:34 | INFO     | crowdcount.engine:429 - Averaged stats: lr: 0.000100  loss_sum: 0.0507 (0.0568)  losses: 0.0131 (0.0123)  den_loss: 0.0414 (0.0444)  loss_ce: 0.0045 (0.0043)  loss_points: 0.0007 (0.0006)  loss_count: 0.0049 (0.0046)  loss_consistency: 0.0031 (0.0028)  loss_ce_unscaled: 0.0045 (0.0043)  loss_points_unscaled: 3.2993 (3.2324)  loss_count_unscaled: 4.9149 (4.5967)  loss_consistency_unscaled: 3.0796 (2.8041)  den_ssim: 0.0015 (0.0014)  moe_aux_total: 0.0000 (0.0000)  moe_aux_raw: 0.0000 (0.0000)  l_balance: 0.0000 (0.0000)  l_decorr: 0.0000 (0.0000)  moe_temperature: 0.3640 (0.3644)
2026-04-17 01:38:34 | INFO     | crowdcount.trainer:289 - [ep 85][lr 0.0000999][17.50s]
2026-04-17 01:38:49 | INFO     | crowdcount.trainer:348 - [Eval] mae=181.49  mse=224.95  time=13.3s  best_mae=146.07  best_mse=186.57
2026-04-17 01:38:49 | INFO     | crowdcount.trainer:352 - [Eval] density_mae=65.00  density_mse=99.71  best_density_mae=61.14
2026-04-17 01:39:06 | INFO     | crowdcount.engine:429 - Averaged stats: lr: 0.000100  loss_sum: 0.0643 (0.0644)  losses: 0.0120 (0.0122)  den_loss: 0.0483 (0.0521)  loss_ce: 0.0043 (0.0042)  loss_points: 0.0006 (0.0006)  loss_count: 0.0050 (0.0047)  loss_consistency: 0.0024 (0.0027)  loss_ce_unscaled: 0.0043 (0.0042)  loss_points_unscaled: 3.2178 (3.2490)  loss_count_unscaled: 5.0487 (4.7060)  loss_consistency_unscaled: 2.4440 (2.6571)  den_ssim: 0.0015 (0.0015)  moe_aux_total: 0.0000 (0.0000)  moe_aux_raw: 0.0000 (0.0000)  l_balance: 0.0000 (0.0000)  l_decorr: 0.0000 (0.0000)  moe_temperature: 0.3627 (0.3630)
2026-04-17 01:39:06 | INFO     | crowdcount.trainer:289 - [ep 86][lr 0.0000999][17.40s]
2026-04-17 01:39:22 | INFO     | crowdcount.trainer:348 - [Eval] mae=146.85  mse=191.99  time=13.1s  best_mae=146.07  best_mse=186.57
2026-04-17 01:39:22 | INFO     | crowdcount.trainer:352 - [Eval] density_mae=72.81  density_mse=108.33  best_density_mae=61.14
2026-04-17 01:39:39 | INFO     | crowdcount.engine:429 - Averaged stats: lr: 0.000100  loss_sum: 0.0375 (0.0626)  losses: 0.0099 (0.0120)  den_loss: 0.0285 (0.0505)  loss_ce: 0.0039 (0.0042)  loss_points: 0.0006 (0.0006)  loss_count: 0.0032 (0.0046)  loss_consistency: 0.0018 (0.0027)  loss_ce_unscaled: 0.0039 (0.0042)  loss_points_unscaled: 3.0952 (3.1437)  loss_count_unscaled: 3.2012 (4.5661)  loss_consistency_unscaled: 1.7914 (2.6775)  den_ssim: 0.0013 (0.0014)  moe_aux_total: 0.0000 (0.0000)  moe_aux_raw: 0.0000 (0.0000)  l_balance: 0.0000 (0.0000)  l_decorr: 0.0000 (0.0000)  moe_temperature: 0.3613 (0.3617)
2026-04-17 01:39:39 | INFO     | crowdcount.trainer:289 - [ep 87][lr 0.0000999][17.27s]
2026-04-17 01:39:54 | INFO     | crowdcount.trainer:348 - [Eval] mae=172.86  mse=221.95  time=12.9s  best_mae=146.07  best_mse=186.57
2026-04-17 01:39:54 | INFO     | crowdcount.trainer:352 - [Eval] density_mae=93.17  density_mse=126.03  best_density_mae=61.14
2026-04-17 01:40:11 | INFO     | crowdcount.engine:429 - Averaged stats: lr: 0.000100  loss_sum: 0.0444 (0.0613)  losses: 0.0125 (0.0130)  den_loss: 0.0340 (0.0482)  loss_ce: 0.0042 (0.0042)  loss_points: 0.0006 (0.0006)  loss_count: 0.0042 (0.0047)  loss_consistency: 0.0030 (0.0034)  loss_ce_unscaled: 0.0042 (0.0042)  loss_points_unscaled: 3.1908 (3.1463)  loss_count_unscaled: 4.2371 (4.7497)  loss_consistency_unscaled: 2.9817 (3.4206)  den_ssim: 0.0014 (0.0015)  moe_aux_total: 0.0000 (0.0000)  moe_aux_raw: 0.0000 (0.0000)  l_balance: 0.0000 (0.0000)  l_decorr: 0.0000 (0.0000)  moe_temperature: 0.3600 (0.3603)
2026-04-17 01:40:11 | INFO     | crowdcount.trainer:289 - [ep 88][lr 0.0000999][17.64s]
2026-04-17 01:40:27 | INFO     | crowdcount.trainer:348 - [Eval] mae=176.87  mse=228.04  time=13.2s  best_mae=146.07  best_mse=186.57
2026-04-17 01:40:27 | INFO     | crowdcount.trainer:352 - [Eval] density_mae=75.32  density_mse=115.71  best_density_mae=61.14
2026-04-17 01:40:43 | INFO     | crowdcount.engine:429 - Averaged stats: lr: 0.000100  loss_sum: 0.0470 (0.0650)  losses: 0.0125 (0.0131)  den_loss: 0.0344 (0.0518)  loss_ce: 0.0041 (0.0043)  loss_points: 0.0006 (0.0007)  loss_count: 0.0045 (0.0051)  loss_consistency: 0.0029 (0.0032)  loss_ce_unscaled: 0.0041 (0.0043)  loss_points_unscaled: 3.2254 (3.2730)  loss_count_unscaled: 4.4938 (5.0583)  loss_consistency_unscaled: 2.9342 (3.1695)  den_ssim: 0.0014 (0.0014)  moe_aux_total: 0.0000 (0.0000)  moe_aux_raw: 0.0000 (0.0000)  l_balance: 0.0000 (0.0000)  l_decorr: 0.0000 (0.0000)  moe_temperature: 0.3587 (0.3590)
2026-04-17 01:40:43 | INFO     | crowdcount.trainer:289 - [ep 89][lr 0.0000999][16.95s]
2026-04-17 01:40:58 | INFO     | crowdcount.trainer:348 - [Eval] mae=180.06  mse=223.13  time=12.9s  best_mae=146.07  best_mse=186.57
2026-04-17 01:40:58 | INFO     | crowdcount.trainer:352 - [Eval] density_mae=89.95  density_mse=122.61  best_density_mae=61.14
2026-04-17 01:41:16 | INFO     | crowdcount.engine:429 - Averaged stats: lr: 0.000100  loss_sum: 0.0466 (0.0564)  losses: 0.0109 (0.0117)  den_loss: 0.0350 (0.0447)  loss_ce: 0.0040 (0.0041)  loss_points: 0.0006 (0.0006)  loss_count: 0.0041 (0.0043)  loss_consistency: 0.0021 (0.0026)  loss_ce_unscaled: 0.0040 (0.0041)  loss_points_unscaled: 3.1055 (3.2083)  loss_count_unscaled: 4.0850 (4.3159)  loss_consistency_unscaled: 2.1123 (2.6390)  den_ssim: 0.0014 (0.0014)  moe_aux_total: 0.0000 (0.0000)  moe_aux_raw: 0.0000 (0.0000)  l_balance: 0.0000 (0.0000)  l_decorr: 0.0000 (0.0000)  moe_temperature: 0.3574 (0.3577)
2026-04-17 01:41:16 | INFO     | crowdcount.trainer:289 - [ep 90][lr 0.0000999][17.22s]
2026-04-17 01:41:31 | INFO     | crowdcount.trainer:348 - [Eval] mae=234.32  mse=292.48  time=13.1s  best_mae=146.07  best_mse=186.57
2026-04-17 01:41:31 | INFO     | crowdcount.trainer:352 - [Eval] density_mae=92.06  density_mse=127.81  best_density_mae=61.14
2026-04-17 01:41:47 | INFO     | crowdcount.engine:429 - Averaged stats: lr: 0.000100  loss_sum: 0.0339 (0.0488)  losses: 0.0098 (0.0113)  den_loss: 0.0241 (0.0374)  loss_ce: 0.0038 (0.0040)  loss_points: 0.0007 (0.0006)  loss_count: 0.0036 (0.0043)  loss_consistency: 0.0018 (0.0023)  loss_ce_unscaled: 0.0038 (0.0040)  loss_points_unscaled: 3.3006 (3.2113)  loss_count_unscaled: 3.5873 (4.3322)  loss_consistency_unscaled: 1.8448 (2.2975)  den_ssim: 0.0014 (0.0014)  moe_aux_total: 0.0000 (0.0000)  moe_aux_raw: 0.0000 (0.0000)  l_balance: 0.0000 (0.0000)  l_decorr: 0.0000 (0.0000)  moe_temperature: 0.3560 (0.3564)
2026-04-17 01:41:47 | INFO     | crowdcount.trainer:289 - [ep 91][lr 0.0000999][16.72s]
2026-04-17 01:42:02 | INFO     | crowdcount.trainer:348 - [Eval] mae=211.64  mse=265.22  time=12.9s  best_mae=146.07  best_mse=186.57
2026-04-17 01:42:02 | INFO     | crowdcount.trainer:352 - [Eval] density_mae=68.48  density_mse=115.69  best_density_mae=61.14
2026-04-17 01:42:18 | INFO     | crowdcount.engine:429 - Averaged stats: lr: 0.000100  loss_sum: 0.0389 (0.0702)  losses: 0.0099 (0.0132)  den_loss: 0.0283 (0.0570)  loss_ce: 0.0034 (0.0042)  loss_points: 0.0006 (0.0007)  loss_count: 0.0041 (0.0057)  loss_consistency: 0.0019 (0.0027)  loss_ce_unscaled: 0.0034 (0.0042)  loss_points_unscaled: 3.2414 (3.2552)  loss_count_unscaled: 4.0855 (5.6623)  loss_consistency_unscaled: 1.9051 (2.6933)  den_ssim: 0.0013 (0.0014)  moe_aux_total: 0.0000 (0.0000)  moe_aux_raw: 0.0000 (0.0000)  l_balance: 0.0000 (0.0000)  l_decorr: 0.0000 (0.0000)  moe_temperature: 0.3547 (0.3550)
2026-04-17 01:42:18 | INFO     | crowdcount.trainer:289 - [ep 92][lr 0.0000999][16.34s]
2026-04-17 01:42:33 | INFO     | crowdcount.trainer:348 - [Eval] mae=176.31  mse=222.51  time=12.9s  best_mae=146.07  best_mse=186.57
2026-04-17 01:42:33 | INFO     | crowdcount.trainer:352 - [Eval] density_mae=67.72  density_mse=111.08  best_density_mae=61.14
2026-04-17 01:42:51 | INFO     | crowdcount.engine:429 - Averaged stats: lr: 0.000100  loss_sum: 0.0482 (0.0613)  losses: 0.0122 (0.0130)  den_loss: 0.0344 (0.0483)  loss_ce: 0.0042 (0.0047)  loss_points: 0.0006 (0.0006)  loss_count: 0.0043 (0.0050)  loss_consistency: 0.0024 (0.0027)  loss_ce_unscaled: 0.0042 (0.0047)  loss_points_unscaled: 3.0745 (3.0269)  loss_count_unscaled: 4.3441 (5.0295)  loss_consistency_unscaled: 2.4472 (2.7152)  den_ssim: 0.0014 (0.0015)  moe_aux_total: 0.0000 (0.0000)  moe_aux_raw: 0.0000 (0.0000)  l_balance: 0.0000 (0.0000)  l_decorr: 0.0000 (0.0000)  moe_temperature: 0.3534 (0.3537)
2026-04-17 01:42:51 | INFO     | crowdcount.trainer:289 - [ep 93][lr 0.0000999][17.46s]
2026-04-17 01:43:05 | INFO     | crowdcount.trainer:348 - [Eval] mae=133.94  mse=177.62  time=12.8s  best_mae=133.94  best_mse=177.62
2026-04-17 01:43:05 | INFO     | crowdcount.trainer:352 - [Eval] density_mae=135.21  density_mse=175.81  best_density_mae=61.14
2026-04-17 01:43:24 | INFO     | crowdcount.engine:429 - Averaged stats: lr: 0.000100  loss_sum: 0.0588 (0.0663)  losses: 0.0114 (0.0125)  den_loss: 0.0422 (0.0538)  loss_ce: 0.0042 (0.0044)  loss_points: 0.0006 (0.0006)  loss_count: 0.0051 (0.0052)  loss_consistency: 0.0021 (0.0023)  loss_ce_unscaled: 0.0042 (0.0044)  loss_points_unscaled: 2.8949 (3.0823)  loss_count_unscaled: 5.1239 (5.1973)  loss_consistency_unscaled: 2.1106 (2.3205)  den_ssim: 0.0013 (0.0015)  moe_aux_total: 0.0000 (0.0000)  moe_aux_raw: 0.0000 (0.0000)  l_balance: 0.0000 (0.0000)  l_decorr: 0.0000 (0.0000)  moe_temperature: 0.3521 (0.3524)
2026-04-17 01:43:24 | INFO     | crowdcount.trainer:289 - [ep 94][lr 0.0000999][16.89s]
2026-04-17 01:43:39 | INFO     | crowdcount.trainer:348 - [Eval] mae=176.24  mse=218.79  time=13.0s  best_mae=133.94  best_mse=177.62
2026-04-17 01:43:39 | INFO     | crowdcount.trainer:352 - [Eval] density_mae=97.47  density_mse=130.10  best_density_mae=61.14
2026-04-17 01:43:56 | INFO     | crowdcount.engine:429 - Averaged stats: lr: 0.000100  loss_sum: 0.0441 (0.0536)  losses: 0.0114 (0.0120)  den_loss: 0.0318 (0.0416)  loss_ce: 0.0039 (0.0041)  loss_points: 0.0006 (0.0006)  loss_count: 0.0046 (0.0045)  loss_consistency: 0.0024 (0.0027)  loss_ce_unscaled: 0.0039 (0.0041)  loss_points_unscaled: 3.0132 (3.0573)  loss_count_unscaled: 4.5696 (4.5188)  loss_consistency_unscaled: 2.3846 (2.6935)  den_ssim: 0.0013 (0.0014)  moe_aux_total: 0.0000 (0.0000)  moe_aux_raw: 0.0000 (0.0000)  l_balance: 0.0000 (0.0000)  l_decorr: 0.0000 (0.0000)  moe_temperature: 0.3508 (0.3511)
2026-04-17 01:43:56 | INFO     | crowdcount.trainer:289 - [ep 95][lr 0.0000999][17.20s]
2026-04-17 01:44:11 | INFO     | crowdcount.trainer:348 - [Eval] mae=159.61  mse=202.97  time=12.9s  best_mae=133.94  best_mse=177.62
2026-04-17 01:44:11 | INFO     | crowdcount.trainer:352 - [Eval] density_mae=66.20  density_mse=103.59  best_density_mae=61.14
2026-04-17 01:44:30 | INFO     | crowdcount.engine:429 - Averaged stats: lr: 0.000100  loss_sum: 0.0568 (0.0632)  losses: 0.0138 (0.0132)  den_loss: 0.0459 (0.0499)  loss_ce: 0.0038 (0.0041)  loss_points: 0.0006 (0.0007)  loss_count: 0.0063 (0.0058)  loss_consistency: 0.0023 (0.0026)  loss_ce_unscaled: 0.0038 (0.0041)  loss_points_unscaled: 3.1776 (3.2519)  loss_count_unscaled: 6.3203 (5.8300)  loss_consistency_unscaled: 2.2802 (2.6304)  den_ssim: 0.0015 (0.0015)  moe_aux_total: 0.0000 (0.0000)  moe_aux_raw: 0.0000 (0.0000)  l_balance: 0.0000 (0.0000)  l_decorr: 0.0000 (0.0000)  moe_temperature: 0.3495 (0.3498)
2026-04-17 01:44:30 | INFO     | crowdcount.trainer:289 - [ep 96][lr 0.0000999][18.43s]
2026-04-17 01:44:45 | INFO     | crowdcount.trainer:348 - [Eval] mae=142.49  mse=186.80  time=13.0s  best_mae=133.94  best_mse=177.62
2026-04-17 01:44:45 | INFO     | crowdcount.trainer:352 - [Eval] density_mae=69.21  density_mse=101.02  best_density_mae=61.14
2026-04-17 01:45:01 | INFO     | crowdcount.engine:429 - Averaged stats: lr: 0.000100  loss_sum: 0.0505 (0.0565)  losses: 0.0117 (0.0119)  den_loss: 0.0375 (0.0445)  loss_ce: 0.0042 (0.0039)  loss_points: 0.0006 (0.0006)  loss_count: 0.0038 (0.0042)  loss_consistency: 0.0030 (0.0032)  loss_ce_unscaled: 0.0042 (0.0039)  loss_points_unscaled: 3.0860 (3.1602)  loss_count_unscaled: 3.7577 (4.1965)  loss_consistency_unscaled: 3.0047 (3.2003)  den_ssim: 0.0014 (0.0014)  moe_aux_total: 0.0000 (0.0000)  moe_aux_raw: 0.0000 (0.0000)  l_balance: 0.0000 (0.0000)  l_decorr: 0.0000 (0.0000)  moe_temperature: 0.3482 (0.3485)
2026-04-17 01:45:01 | INFO     | crowdcount.trainer:289 - [ep 97][lr 0.0000998][16.48s]
2026-04-17 01:45:16 | INFO     | crowdcount.trainer:348 - [Eval] mae=193.64  mse=248.73  time=12.8s  best_mae=133.94  best_mse=177.62
2026-04-17 01:45:16 | INFO     | crowdcount.trainer:352 - [Eval] density_mae=93.00  density_mse=143.28  best_density_mae=61.14
2026-04-17 01:45:34 | INFO     | crowdcount.engine:429 - Averaged stats: lr: 0.000100  loss_sum: 0.0476 (0.0608)  losses: 0.0115 (0.0123)  den_loss: 0.0366 (0.0485)  loss_ce: 0.0037 (0.0041)  loss_points: 0.0007 (0.0007)  loss_count: 0.0043 (0.0049)  loss_consistency: 0.0028 (0.0027)  loss_ce_unscaled: 0.0037 (0.0041)  loss_points_unscaled: 3.2723 (3.2658)  loss_count_unscaled: 4.2559 (4.8691)  loss_consistency_unscaled: 2.8085 (2.7491)  den_ssim: 0.0014 (0.0014)  moe_aux_total: 0.0000 (0.0000)  moe_aux_raw: 0.0000 (0.0000)  l_balance: 0.0000 (0.0000)  l_decorr: 0.0000 (0.0000)  moe_temperature: 0.3469 (0.3472)
2026-04-17 01:45:34 | INFO     | crowdcount.trainer:289 - [ep 98][lr 0.0000998][17.57s]
2026-04-17 01:45:48 | INFO     | crowdcount.trainer:348 - [Eval] mae=122.38  mse=176.86  time=12.8s  best_mae=122.38  best_mse=176.86
2026-04-17 01:45:48 | INFO     | crowdcount.trainer:352 - [Eval] density_mae=74.05  density_mse=119.04  best_density_mae=61.14
2026-04-17 01:46:07 | INFO     | crowdcount.engine:429 - Averaged stats: lr: 0.000100  loss_sum: 0.0565 (0.0610)  losses: 0.0141 (0.0137)  den_loss: 0.0387 (0.0473)  loss_ce: 0.0042 (0.0042)  loss_points: 0.0006 (0.0006)  loss_count: 0.0045 (0.0052)  loss_consistency: 0.0037 (0.0036)  loss_ce_unscaled: 0.0042 (0.0042)  loss_points_unscaled: 3.2111 (3.1829)  loss_count_unscaled: 4.4528 (5.1927)  loss_consistency_unscaled: 3.6851 (3.5868)  den_ssim: 0.0014 (0.0015)  moe_aux_total: 0.0000 (0.0000)  moe_aux_raw: 0.0000 (0.0000)  l_balance: 0.0000 (0.0000)  l_decorr: 0.0000 (0.0000)  moe_temperature: 0.3457 (0.3460)
2026-04-17 01:46:07 | INFO     | crowdcount.trainer:289 - [ep 99][lr 0.0000998][16.95s]
2026-04-17 01:46:22 | INFO     | crowdcount.trainer:348 - [Eval] mae=136.92  mse=185.37  time=13.0s  best_mae=122.38  best_mse=176.86
2026-04-17 01:46:22 | INFO     | crowdcount.trainer:352 - [Eval] density_mae=91.78  density_mse=135.73  best_density_mae=61.14
2026-04-17 01:46:39 | INFO     | crowdcount.engine:429 - Averaged stats: lr: 0.000100  loss_sum: 0.0454 (0.0542)  losses: 0.0110 (0.0124)  den_loss: 0.0328 (0.0418)  loss_ce: 0.0039 (0.0040)  loss_points: 0.0006 (0.0006)  loss_count: 0.0040 (0.0045)  loss_consistency: 0.0022 (0.0032)  loss_ce_unscaled: 0.0039 (0.0040)  loss_points_unscaled: 3.2467 (3.2448)  loss_count_unscaled: 4.0170 (4.5296)  loss_consistency_unscaled: 2.1632 (3.2051)  den_ssim: 0.0013 (0.0014)  moe_aux_total: 0.0000 (0.0000)  moe_aux_raw: 0.0000 (0.0000)  l_balance: 0.0000 (0.0000)  l_decorr: 0.0000 (0.0000)  moe_temperature: 0.3444 (0.3447)
2026-04-17 01:46:39 | INFO     | crowdcount.trainer:289 - [ep 100][lr 0.0000998][16.79s]
2026-04-17 01:46:54 | INFO     | crowdcount.trainer:348 - [Eval] mae=83.98  mse=114.99  time=13.0s  best_mae=83.98  best_mse=114.99
2026-04-17 01:46:54 | INFO     | crowdcount.trainer:352 - [Eval] density_mae=80.49  density_mse=113.04  best_density_mae=61.14
2026-04-17 01:47:13 | INFO     | crowdcount.engine:429 - Averaged stats: lr: 0.000100  loss_sum: 0.0555 (0.0645)  losses: 0.0109 (0.0120)  den_loss: 0.0436 (0.0525)  loss_ce: 0.0040 (0.0040)  loss_points: 0.0006 (0.0006)  loss_count: 0.0039 (0.0047)  loss_consistency: 0.0021 (0.0027)  loss_ce_unscaled: 0.0040 (0.0040)  loss_points_unscaled: 3.1144 (3.2169)  loss_count_unscaled: 3.9276 (4.6822)  loss_consistency_unscaled: 2.1422 (2.6578)  den_ssim: 0.0014 (0.0014)  moe_aux_total: 0.0000 (0.0000)  moe_aux_raw: 0.0000 (0.0000)  l_balance: 0.0000 (0.0000)  l_decorr: 0.0000 (0.0000)  moe_temperature: 0.3431 (0.3434)
2026-04-17 01:47:13 | INFO     | crowdcount.trainer:289 - [ep 101][lr 0.0000998][17.45s]
2026-04-17 01:47:28 | INFO     | crowdcount.trainer:348 - [Eval] mae=133.25  mse=170.08  time=13.0s  best_mae=83.98  best_mse=114.99
2026-04-17 01:47:28 | INFO     | crowdcount.trainer:352 - [Eval] density_mae=93.41  density_mse=147.86  best_density_mae=61.14
2026-04-17 01:47:45 | INFO     | crowdcount.engine:429 - Averaged stats: lr: 0.000100  loss_sum: 0.0417 (0.0516)  losses: 0.0105 (0.0109)  den_loss: 0.0308 (0.0407)  loss_ce: 0.0037 (0.0040)  loss_points: 0.0006 (0.0006)  loss_count: 0.0036 (0.0041)  loss_consistency: 0.0016 (0.0022)  loss_ce_unscaled: 0.0037 (0.0040)  loss_points_unscaled: 3.1613 (3.1919)  loss_count_unscaled: 3.6255 (4.1187)  loss_consistency_unscaled: 1.6289 (2.1517)  den_ssim: 0.0014 (0.0014)  moe_aux_total: 0.0000 (0.0000)  moe_aux_raw: 0.0000 (0.0000)  l_balance: 0.0000 (0.0000)  l_decorr: 0.0000 (0.0000)  moe_temperature: 0.3418 (0.3421)
2026-04-17 01:47:45 | INFO     | crowdcount.trainer:289 - [ep 102][lr 0.0000998][16.80s]
2026-04-17 01:48:00 | INFO     | crowdcount.trainer:348 - [Eval] mae=210.98  mse=263.84  time=13.2s  best_mae=83.98  best_mse=114.99
2026-04-17 01:48:00 | INFO     | crowdcount.trainer:352 - [Eval] density_mae=90.16  density_mse=131.98  best_density_mae=61.14
2026-04-17 01:48:17 | INFO     | crowdcount.engine:429 - Averaged stats: lr: 0.000100  loss_sum: 0.0523 (0.0635)  losses: 0.0111 (0.0114)  den_loss: 0.0412 (0.0521)  loss_ce: 0.0038 (0.0040)  loss_points: 0.0006 (0.0006)  loss_count: 0.0036 (0.0043)  loss_consistency: 0.0029 (0.0025)  loss_ce_unscaled: 0.0038 (0.0040)  loss_points_unscaled: 3.1224 (3.2185)  loss_count_unscaled: 3.5626 (4.2895)  loss_consistency_unscaled: 2.9299 (2.5244)  den_ssim: 0.0013 (0.0014)  moe_aux_total: 0.0000 (0.0000)  moe_aux_raw: 0.0000 (0.0000)  l_balance: 0.0000 (0.0000)  l_decorr: 0.0000 (0.0000)  moe_temperature: 0.3406 (0.3409)
2026-04-17 01:48:17 | INFO     | crowdcount.trainer:289 - [ep 103][lr 0.0000998][16.84s]
2026-04-17 01:48:32 | INFO     | crowdcount.trainer:348 - [Eval] mae=153.80  mse=187.04  time=12.8s  best_mae=83.98  best_mse=114.99
2026-04-17 01:48:32 | INFO     | crowdcount.trainer:352 - [Eval] density_mae=75.44  density_mse=120.34  best_density_mae=61.14
2026-04-17 01:48:49 | INFO     | crowdcount.engine:429 - Averaged stats: lr: 0.000100  loss_sum: 0.0469 (0.0591)  losses: 0.0105 (0.0121)  den_loss: 0.0348 (0.0470)  loss_ce: 0.0036 (0.0039)  loss_points: 0.0007 (0.0007)  loss_count: 0.0040 (0.0049)  loss_consistency: 0.0022 (0.0026)  loss_ce_unscaled: 0.0036 (0.0039)  loss_points_unscaled: 3.2506 (3.3295)  loss_count_unscaled: 3.9958 (4.9085)  loss_consistency_unscaled: 2.1959 (2.6368)  den_ssim: 0.0014 (0.0014)  moe_aux_total: 0.0000 (0.0000)  moe_aux_raw: 0.0000 (0.0000)  l_balance: 0.0000 (0.0000)  l_decorr: 0.0000 (0.0000)  moe_temperature: 0.3393 (0.3396)
2026-04-17 01:48:49 | INFO     | crowdcount.trainer:289 - [ep 104][lr 0.0000998][17.06s]
2026-04-17 01:49:04 | INFO     | crowdcount.trainer:348 - [Eval] mae=181.93  mse=226.14  time=13.0s  best_mae=83.98  best_mse=114.99
2026-04-17 01:49:04 | INFO     | crowdcount.trainer:352 - [Eval] density_mae=69.08  density_mse=101.32  best_density_mae=61.14
2026-04-17 01:49:20 | INFO     | crowdcount.engine:429 - Averaged stats: lr: 0.000100  loss_sum: 0.0349 (0.0480)  losses: 0.0090 (0.0105)  den_loss: 0.0259 (0.0375)  loss_ce: 0.0034 (0.0039)  loss_points: 0.0006 (0.0006)  loss_count: 0.0032 (0.0041)  loss_consistency: 0.0017 (0.0020)  loss_ce_unscaled: 0.0034 (0.0039)  loss_points_unscaled: 2.9477 (3.1256)  loss_count_unscaled: 3.1952 (4.0665)  loss_consistency_unscaled: 1.7109 (1.9571)  den_ssim: 0.0013 (0.0014)  moe_aux_total: 0.0000 (0.0000)  moe_aux_raw: 0.0000 (0.0000)  l_balance: 0.0000 (0.0000)  l_decorr: 0.0000 (0.0000)  moe_temperature: 0.3381 (0.3384)
2026-04-17 01:49:21 | INFO     | crowdcount.trainer:289 - [ep 105][lr 0.0000998][16.69s]
2026-04-17 01:49:36 | INFO     | crowdcount.trainer:348 - [Eval] mae=224.32  mse=276.82  time=13.2s  best_mae=83.98  best_mse=114.99
2026-04-17 01:49:36 | INFO     | crowdcount.trainer:352 - [Eval] density_mae=72.82  density_mse=117.77  best_density_mae=61.14
2026-04-17 01:49:52 | INFO     | crowdcount.engine:429 - Averaged stats: lr: 0.000100  loss_sum: 0.0443 (0.0455)  losses: 0.0103 (0.0103)  den_loss: 0.0337 (0.0352)  loss_ce: 0.0039 (0.0038)  loss_points: 0.0006 (0.0006)  loss_count: 0.0036 (0.0037)  loss_consistency: 0.0022 (0.0022)  loss_ce_unscaled: 0.0039 (0.0038)  loss_points_unscaled: 3.2398 (3.2165)  loss_count_unscaled: 3.6203 (3.7129)  loss_consistency_unscaled: 2.2308 (2.1528)  den_ssim: 0.0015 (0.0014)  moe_aux_total: 0.0000 (0.0000)  moe_aux_raw: 0.0000 (0.0000)  l_balance: 0.0000 (0.0000)  l_decorr: 0.0000 (0.0000)  moe_temperature: 0.3368 (0.3371)
2026-04-17 01:49:52 | INFO     | crowdcount.trainer:289 - [ep 106][lr 0.0000998][16.30s]
2026-04-17 01:50:07 | INFO     | crowdcount.trainer:348 - [Eval] mae=198.65  mse=253.88  time=12.8s  best_mae=83.98  best_mse=114.99
2026-04-17 01:50:07 | INFO     | crowdcount.trainer:352 - [Eval] density_mae=75.54  density_mse=121.54  best_density_mae=61.14
2026-04-17 01:50:24 | INFO     | crowdcount.engine:429 - Averaged stats: lr: 0.000100  loss_sum: 0.0452 (0.0510)  losses: 0.0105 (0.0113)  den_loss: 0.0327 (0.0397)  loss_ce: 0.0035 (0.0037)  loss_points: 0.0006 (0.0007)  loss_count: 0.0037 (0.0044)  loss_consistency: 0.0024 (0.0025)  loss_ce_unscaled: 0.0035 (0.0037)  loss_points_unscaled: 3.2241 (3.2612)  loss_count_unscaled: 3.7380 (4.4346)  loss_consistency_unscaled: 2.3553 (2.4710)  den_ssim: 0.0013 (0.0013)  moe_aux_total: 0.0000 (0.0000)  moe_aux_raw: 0.0000 (0.0000)  l_balance: 0.0000 (0.0000)  l_decorr: 0.0000 (0.0000)  moe_temperature: 0.3356 (0.3359)
2026-04-17 01:50:24 | INFO     | crowdcount.trainer:289 - [ep 107][lr 0.0000998][17.06s]
2026-04-17 01:50:39 | INFO     | crowdcount.trainer:348 - [Eval] mae=186.36  mse=245.06  time=12.9s  best_mae=83.98  best_mse=114.99
2026-04-17 01:50:39 | INFO     | crowdcount.trainer:352 - [Eval] density_mae=63.12  density_mse=106.52  best_density_mae=61.14
2026-04-17 01:50:56 | INFO     | crowdcount.engine:429 - Averaged stats: lr: 0.000100  loss_sum: 0.0442 (0.0731)  losses: 0.0110 (0.0119)  den_loss: 0.0297 (0.0612)  loss_ce: 0.0039 (0.0040)  loss_points: 0.0006 (0.0006)  loss_count: 0.0038 (0.0046)  loss_consistency: 0.0031 (0.0026)  loss_ce_unscaled: 0.0039 (0.0040)  loss_points_unscaled: 3.0915 (3.2350)  loss_count_unscaled: 3.7599 (4.5955)  loss_consistency_unscaled: 3.0854 (2.6475)  den_ssim: 0.0015 (0.0014)  moe_aux_total: 0.0000 (0.0000)  moe_aux_raw: 0.0000 (0.0000)  l_balance: 0.0000 (0.0000)  l_decorr: 0.0000 (0.0000)  moe_temperature: 0.3343 (0.3346)
2026-04-17 01:50:56 | INFO     | crowdcount.trainer:289 - [ep 108][lr 0.0000998][16.81s]
2026-04-17 01:51:11 | INFO     | crowdcount.trainer:348 - [Eval] mae=146.38  mse=175.50  time=12.8s  best_mae=83.98  best_mse=114.99
2026-04-17 01:51:11 | INFO     | crowdcount.trainer:352 - [Eval] density_mae=75.63  density_mse=115.90  best_density_mae=61.14
2026-04-17 01:51:27 | INFO     | crowdcount.engine:429 - Averaged stats: lr: 0.000100  loss_sum: 0.0382 (0.0575)  losses: 0.0106 (0.0124)  den_loss: 0.0292 (0.0452)  loss_ce: 0.0035 (0.0039)  loss_points: 0.0007 (0.0007)  loss_count: 0.0039 (0.0047)  loss_consistency: 0.0023 (0.0032)  loss_ce_unscaled: 0.0035 (0.0039)  loss_points_unscaled: 3.2872 (3.2523)  loss_count_unscaled: 3.9115 (4.6657)  loss_consistency_unscaled: 2.3475 (3.1935)  den_ssim: 0.0014 (0.0015)  moe_aux_total: 0.0000 (0.0000)  moe_aux_raw: 0.0000 (0.0000)  l_balance: 0.0000 (0.0000)  l_decorr: 0.0000 (0.0000)  moe_temperature: 0.3331 (0.3334)
2026-04-17 01:51:27 | INFO     | crowdcount.trainer:289 - [ep 109][lr 0.0000998][16.38s]
2026-04-17 01:51:42 | INFO     | crowdcount.trainer:348 - [Eval] mae=141.47  mse=185.24  time=12.8s  best_mae=83.98  best_mse=114.99
2026-04-17 01:51:42 | INFO     | crowdcount.trainer:352 - [Eval] density_mae=87.98  density_mse=128.78  best_density_mae=61.14
2026-04-17 01:51:58 | INFO     | crowdcount.engine:429 - Averaged stats: lr: 0.000100  loss_sum: 0.0295 (0.0482)  losses: 0.0089 (0.0108)  den_loss: 0.0206 (0.0374)  loss_ce: 0.0032 (0.0038)  loss_points: 0.0007 (0.0007)  loss_count: 0.0032 (0.0040)  loss_consistency: 0.0021 (0.0023)  loss_ce_unscaled: 0.0032 (0.0038)  loss_points_unscaled: 3.3516 (3.3879)  loss_count_unscaled: 3.2289 (3.9717)  loss_consistency_unscaled: 2.0782 (2.3478)  den_ssim: 0.0013 (0.0015)  moe_aux_total: 0.0000 (0.0000)  moe_aux_raw: 0.0000 (0.0000)  l_balance: 0.0000 (0.0000)  l_decorr: 0.0000 (0.0000)  moe_temperature: 0.3319 (0.3322)
2026-04-17 01:51:58 | INFO     | crowdcount.trainer:289 - [ep 110][lr 0.0000998][16.71s]
2026-04-17 01:52:13 | INFO     | crowdcount.trainer:348 - [Eval] mae=189.80  mse=234.88  time=12.7s  best_mae=83.98  best_mse=114.99
2026-04-17 01:52:13 | INFO     | crowdcount.trainer:352 - [Eval] density_mae=77.23  density_mse=109.51  best_density_mae=61.14
2026-04-17 01:52:30 | INFO     | crowdcount.engine:429 - Averaged stats: lr: 0.000100  loss_sum: 0.0405 (0.0483)  losses: 0.0101 (0.0108)  den_loss: 0.0281 (0.0375)  loss_ce: 0.0033 (0.0038)  loss_points: 0.0006 (0.0006)  loss_count: 0.0042 (0.0041)  loss_consistency: 0.0023 (0.0023)  loss_ce_unscaled: 0.0033 (0.0038)  loss_points_unscaled: 3.2110 (3.2291)  loss_count_unscaled: 4.1567 (4.0768)  loss_consistency_unscaled: 2.2800 (2.2767)  den_ssim: 0.0013 (0.0014)  moe_aux_total: 0.0000 (0.0000)  moe_aux_raw: 0.0000 (0.0000)  l_balance: 0.0000 (0.0000)  l_decorr: 0.0000 (0.0000)  moe_temperature: 0.3306 (0.3309)
2026-04-17 01:52:30 | INFO     | crowdcount.trainer:289 - [ep 111][lr 0.0000998][16.99s]
2026-04-17 01:52:45 | INFO     | crowdcount.trainer:348 - [Eval] mae=108.43  mse=140.08  time=12.9s  best_mae=83.98  best_mse=114.99
2026-04-17 01:52:45 | INFO     | crowdcount.trainer:352 - [Eval] density_mae=101.03  density_mse=170.87  best_density_mae=61.14
2026-04-17 01:53:02 | INFO     | crowdcount.engine:429 - Averaged stats: lr: 0.000100  loss_sum: 0.0471 (0.0606)  losses: 0.0121 (0.0125)  den_loss: 0.0350 (0.0481)  loss_ce: 0.0041 (0.0042)  loss_points: 0.0006 (0.0006)  loss_count: 0.0042 (0.0046)  loss_consistency: 0.0029 (0.0031)  loss_ce_unscaled: 0.0041 (0.0042)  loss_points_unscaled: 3.1042 (3.1093)  loss_count_unscaled: 4.1734 (4.5965)  loss_consistency_unscaled: 2.9486 (3.0764)  den_ssim: 0.0014 (0.0014)  moe_aux_total: 0.0000 (0.0000)  moe_aux_raw: 0.0000 (0.0000)  l_balance: 0.0000 (0.0000)  l_decorr: 0.0000 (0.0000)  moe_temperature: 0.3294 (0.3297)
2026-04-17 01:53:02 | INFO     | crowdcount.trainer:289 - [ep 112][lr 0.0000998][16.73s]
2026-04-17 01:53:17 | INFO     | crowdcount.trainer:348 - [Eval] mae=163.24  mse=213.90  time=12.9s  best_mae=83.98  best_mse=114.99
2026-04-17 01:53:17 | INFO     | crowdcount.trainer:352 - [Eval] density_mae=88.64  density_mse=126.91  best_density_mae=61.14
2026-04-17 01:53:33 | INFO     | crowdcount.engine:429 - Averaged stats: lr: 0.000100  loss_sum: 0.0455 (0.0573)  losses: 0.0105 (0.0117)  den_loss: 0.0358 (0.0456)  loss_ce: 0.0032 (0.0037)  loss_points: 0.0007 (0.0007)  loss_count: 0.0040 (0.0046)  loss_consistency: 0.0023 (0.0028)  loss_ce_unscaled: 0.0032 (0.0037)  loss_points_unscaled: 3.3056 (3.3047)  loss_count_unscaled: 3.9908 (4.5507)  loss_consistency_unscaled: 2.2955 (2.8138)  den_ssim: 0.0013 (0.0014)  moe_aux_total: 0.0000 (0.0000)  moe_aux_raw: 0.0000 (0.0000)  l_balance: 0.0000 (0.0000)  l_decorr: 0.0000 (0.0000)  moe_temperature: 0.3282 (0.3285)
2026-04-17 01:53:33 | INFO     | crowdcount.trainer:289 - [ep 113][lr 0.0000998][16.58s]
2026-04-17 01:53:48 | INFO     | crowdcount.trainer:348 - [Eval] mae=141.49  mse=186.27  time=13.3s  best_mae=83.98  best_mse=114.99
2026-04-17 01:53:48 | INFO     | crowdcount.trainer:352 - [Eval] density_mae=74.91  density_mse=105.79  best_density_mae=61.14
2026-04-17 01:54:05 | INFO     | crowdcount.engine:429 - Averaged stats: lr: 0.000100  loss_sum: 0.0333 (0.0467)  losses: 0.0101 (0.0106)  den_loss: 0.0245 (0.0362)  loss_ce: 0.0035 (0.0037)  loss_points: 0.0007 (0.0007)  loss_count: 0.0033 (0.0038)  loss_consistency: 0.0024 (0.0024)  loss_ce_unscaled: 0.0035 (0.0037)  loss_points_unscaled: 3.2846 (3.2986)  loss_count_unscaled: 3.3454 (3.7718)  loss_consistency_unscaled: 2.3661 (2.4404)  den_ssim: 0.0013 (0.0013)  moe_aux_total: 0.0000 (0.0000)  moe_aux_raw: 0.0000 (0.0000)  l_balance: 0.0000 (0.0000)  l_decorr: 0.0000 (0.0000)  moe_temperature: 0.3270 (0.3273)
2026-04-17 01:54:05 | INFO     | crowdcount.trainer:289 - [ep 114][lr 0.0000998][16.69s]
2026-04-17 01:54:20 | INFO     | crowdcount.trainer:348 - [Eval] mae=173.19  mse=217.92  time=13.2s  best_mae=83.98  best_mse=114.99
2026-04-17 01:54:20 | INFO     | crowdcount.trainer:352 - [Eval] density_mae=59.44  density_mse=96.06  best_density_mae=59.44
2026-04-17 01:54:37 | INFO     | crowdcount.engine:429 - Averaged stats: lr: 0.000100  loss_sum: 0.0395 (0.0566)  losses: 0.0112 (0.0122)  den_loss: 0.0277 (0.0444)  loss_ce: 0.0037 (0.0038)  loss_points: 0.0007 (0.0007)  loss_count: 0.0039 (0.0048)  loss_consistency: 0.0026 (0.0029)  loss_ce_unscaled: 0.0037 (0.0038)  loss_points_unscaled: 3.2850 (3.3205)  loss_count_unscaled: 3.8715 (4.8054)  loss_consistency_unscaled: 2.6158 (2.9157)  den_ssim: 0.0014 (0.0014)  moe_aux_total: 0.0000 (0.0000)  moe_aux_raw: 0.0000 (0.0000)  l_balance: 0.0000 (0.0000)  l_decorr: 0.0000 (0.0000)  moe_temperature: 0.3258 (0.3261)
2026-04-17 01:54:37 | INFO     | crowdcount.trainer:289 - [ep 115][lr 0.0000998][17.02s]
2026-04-17 01:54:52 | INFO     | crowdcount.trainer:348 - [Eval] mae=189.23  mse=238.20  time=12.9s  best_mae=83.98  best_mse=114.99
2026-04-17 01:54:52 | INFO     | crowdcount.trainer:352 - [Eval] density_mae=63.07  density_mse=108.28  best_density_mae=59.44
2026-04-17 01:55:09 | INFO     | crowdcount.engine:429 - Averaged stats: lr: 0.000100  loss_sum: 0.0602 (0.0535)  losses: 0.0111 (0.0118)  den_loss: 0.0480 (0.0417)  loss_ce: 0.0037 (0.0037)  loss_points: 0.0007 (0.0007)  loss_count: 0.0044 (0.0044)  loss_consistency: 0.0022 (0.0029)  loss_ce_unscaled: 0.0037 (0.0037)  loss_points_unscaled: 3.3770 (3.3049)  loss_count_unscaled: 4.4100 (4.4496)  loss_consistency_unscaled: 2.1699 (2.9408)  den_ssim: 0.0013 (0.0014)  moe_aux_total: 0.0000 (0.0000)  moe_aux_raw: 0.0000 (0.0000)  l_balance: 0.0000 (0.0000)  l_decorr: 0.0000 (0.0000)  moe_temperature: 0.3246 (0.3249)
2026-04-17 01:55:09 | INFO     | crowdcount.trainer:289 - [ep 116][lr 0.0000998][16.82s]
2026-04-17 01:55:23 | INFO     | crowdcount.trainer:348 - [Eval] mae=135.37  mse=165.38  time=12.8s  best_mae=83.98  best_mse=114.99
2026-04-17 01:55:23 | INFO     | crowdcount.trainer:352 - [Eval] density_mae=91.90  density_mse=146.85  best_density_mae=59.44
2026-04-17 01:55:41 | INFO     | crowdcount.engine:429 - Averaged stats: lr: 0.000100  loss_sum: 0.0489 (0.0554)  losses: 0.0124 (0.0119)  den_loss: 0.0387 (0.0435)  loss_ce: 0.0038 (0.0038)  loss_points: 0.0007 (0.0007)  loss_count: 0.0049 (0.0046)  loss_consistency: 0.0021 (0.0028)  loss_ce_unscaled: 0.0038 (0.0038)  loss_points_unscaled: 3.4060 (3.2969)  loss_count_unscaled: 4.8582 (4.6140)  loss_consistency_unscaled: 2.1458 (2.7554)  den_ssim: 0.0013 (0.0014)  moe_aux_total: 0.0000 (0.0001)  moe_aux_raw: 0.0000 (0.0001)  l_balance: 0.0000 (0.0001)  l_decorr: 0.0000 (0.0000)  moe_temperature: 0.3234 (0.3237)
2026-04-17 01:55:41 | INFO     | crowdcount.trainer:289 - [ep 117][lr 0.0000998][17.36s]
2026-04-17 01:55:56 | INFO     | crowdcount.trainer:348 - [Eval] mae=161.32  mse=197.16  time=13.0s  best_mae=83.98  best_mse=114.99
2026-04-17 01:55:56 | INFO     | crowdcount.trainer:352 - [Eval] density_mae=67.30  density_mse=100.78  best_density_mae=59.44
2026-04-17 01:56:12 | INFO     | crowdcount.engine:429 - Averaged stats: lr: 0.000100  loss_sum: 0.0416 (0.0471)  losses: 0.0102 (0.0104)  den_loss: 0.0308 (0.0367)  loss_ce: 0.0037 (0.0038)  loss_points: 0.0006 (0.0006)  loss_count: 0.0039 (0.0040)  loss_consistency: 0.0019 (0.0019)  loss_ce_unscaled: 0.0037 (0.0038)  loss_points_unscaled: 3.2208 (3.1536)  loss_count_unscaled: 3.9094 (4.0085)  loss_consistency_unscaled: 1.8649 (1.9218)  den_ssim: 0.0014 (0.0014)  moe_aux_total: 0.0000 (0.0000)  moe_aux_raw: 0.0000 (0.0000)  l_balance: 0.0000 (0.0000)  l_decorr: 0.0000 (0.0000)  moe_temperature: 0.3222 (0.3225)
2026-04-17 01:56:12 | INFO     | crowdcount.trainer:289 - [ep 118][lr 0.0000998][16.13s]
2026-04-17 01:56:27 | INFO     | crowdcount.trainer:348 - [Eval] mae=189.25  mse=239.15  time=13.1s  best_mae=83.98  best_mse=114.99
2026-04-17 01:56:27 | INFO     | crowdcount.trainer:352 - [Eval] density_mae=63.11  density_mse=97.23  best_density_mae=59.44
2026-04-17 01:56:43 | INFO     | crowdcount.engine:429 - Averaged stats: lr: 0.000100  loss_sum: 0.0538 (0.0498)  losses: 0.0112 (0.0108)  den_loss: 0.0409 (0.0390)  loss_ce: 0.0040 (0.0038)  loss_points: 0.0006 (0.0006)  loss_count: 0.0045 (0.0041)  loss_consistency: 0.0026 (0.0022)  loss_ce_unscaled: 0.0040 (0.0038)  loss_points_unscaled: 3.1416 (3.1622)  loss_count_unscaled: 4.5213 (4.1368)  loss_consistency_unscaled: 2.5940 (2.2112)  den_ssim: 0.0013 (0.0013)  moe_aux_total: 0.0000 (0.0000)  moe_aux_raw: 0.0000 (0.0000)  l_balance: 0.0000 (0.0000)  l_decorr: 0.0000 (0.0000)  moe_temperature: 0.3210 (0.3213)
2026-04-17 01:56:43 | INFO     | crowdcount.trainer:289 - [ep 119][lr 0.0000998][16.36s]
2026-04-17 01:56:59 | INFO     | crowdcount.trainer:348 - [Eval] mae=180.95  mse=222.42  time=13.2s  best_mae=83.98  best_mse=114.99
2026-04-17 01:56:59 | INFO     | crowdcount.trainer:352 - [Eval] density_mae=61.37  density_mse=96.33  best_density_mae=59.44
2026-04-17 01:57:16 | INFO     | crowdcount.engine:429 - Averaged stats: lr: 0.000100  loss_sum: 0.0481 (0.0595)  losses: 0.0119 (0.0121)  den_loss: 0.0371 (0.0474)  loss_ce: 0.0037 (0.0041)  loss_points: 0.0007 (0.0006)  loss_count: 0.0047 (0.0049)  loss_consistency: 0.0022 (0.0024)  loss_ce_unscaled: 0.0037 (0.0041)  loss_points_unscaled: 3.2517 (3.2335)  loss_count_unscaled: 4.7413 (4.9037)  loss_consistency_unscaled: 2.2275 (2.4185)  den_ssim: 0.0015 (0.0014)  moe_aux_total: 0.0000 (0.0000)  moe_aux_raw: 0.0000 (0.0000)  l_balance: 0.0000 (0.0000)  l_decorr: 0.0000 (0.0000)  moe_temperature: 0.3198 (0.3201)
2026-04-17 01:57:16 | INFO     | crowdcount.trainer:289 - [ep 120][lr 0.0000998][17.90s]
2026-04-17 01:57:32 | INFO     | crowdcount.trainer:348 - [Eval] mae=209.44  mse=260.65  time=13.0s  best_mae=83.98  best_mse=114.99
2026-04-17 01:57:32 | INFO     | crowdcount.trainer:352 - [Eval] density_mae=92.44  density_mse=135.65  best_density_mae=59.44
2026-04-17 01:57:49 | INFO     | crowdcount.engine:429 - Averaged stats: lr: 0.000100  loss_sum: 0.0492 (0.0568)  losses: 0.0106 (0.0112)  den_loss: 0.0385 (0.0455)  loss_ce: 0.0035 (0.0039)  loss_points: 0.0006 (0.0006)  loss_count: 0.0040 (0.0044)  loss_consistency: 0.0023 (0.0023)  loss_ce_unscaled: 0.0035 (0.0039)  loss_points_unscaled: 3.2032 (3.1762)  loss_count_unscaled: 4.0243 (4.4022)  loss_consistency_unscaled: 2.3295 (2.3470)  den_ssim: 0.0013 (0.0014)  moe_aux_total: 0.0000 (0.0000)  moe_aux_raw: 0.0000 (0.0000)  l_balance: 0.0000 (0.0000)  l_decorr: 0.0000 (0.0000)  moe_temperature: 0.3186 (0.3189)
2026-04-17 01:57:49 | INFO     | crowdcount.trainer:289 - [ep 121][lr 0.0000998][16.86s]
2026-04-17 01:58:04 | INFO     | crowdcount.trainer:348 - [Eval] mae=156.50  mse=191.46  time=13.4s  best_mae=83.98  best_mse=114.99
2026-04-17 01:58:04 | INFO     | crowdcount.trainer:352 - [Eval] density_mae=64.12  density_mse=102.01  best_density_mae=59.44
2026-04-17 01:58:22 | INFO     | crowdcount.engine:429 - Averaged stats: lr: 0.000100  loss_sum: 0.0466 (0.0501)  losses: 0.0112 (0.0108)  den_loss: 0.0347 (0.0392)  loss_ce: 0.0039 (0.0038)  loss_points: 0.0006 (0.0006)  loss_count: 0.0047 (0.0042)  loss_consistency: 0.0018 (0.0022)  loss_ce_unscaled: 0.0039 (0.0038)  loss_points_unscaled: 3.2257 (3.2418)  loss_count_unscaled: 4.6979 (4.1871)  loss_consistency_unscaled: 1.7751 (2.2465)  den_ssim: 0.0014 (0.0014)  moe_aux_total: 0.0000 (0.0000)  moe_aux_raw: 0.0000 (0.0000)  l_balance: 0.0000 (0.0000)  l_decorr: 0.0000 (0.0000)  moe_temperature: 0.3174 (0.3177)
2026-04-17 01:58:22 | INFO     | crowdcount.trainer:289 - [ep 122][lr 0.0000997][17.25s]
2026-04-17 01:58:37 | INFO     | crowdcount.trainer:348 - [Eval] mae=160.34  mse=207.84  time=13.2s  best_mae=83.98  best_mse=114.99
2026-04-17 01:58:37 | INFO     | crowdcount.trainer:352 - [Eval] density_mae=64.51  density_mse=105.66  best_density_mae=59.44
2026-04-17 01:58:54 | INFO     | crowdcount.engine:429 - Averaged stats: lr: 0.000100  loss_sum: 0.0484 (0.0517)  losses: 0.0108 (0.0102)  den_loss: 0.0356 (0.0415)  loss_ce: 0.0040 (0.0037)  loss_points: 0.0006 (0.0006)  loss_count: 0.0041 (0.0037)  loss_consistency: 0.0022 (0.0022)  loss_ce_unscaled: 0.0040 (0.0037)  loss_points_unscaled: 3.1951 (3.1772)  loss_count_unscaled: 4.0578 (3.6539)  loss_consistency_unscaled: 2.2289 (2.2247)  den_ssim: 0.0014 (0.0013)  moe_aux_total: 0.0000 (0.0000)  moe_aux_raw: 0.0000 (0.0000)  l_balance: 0.0000 (0.0000)  l_decorr: 0.0000 (0.0000)  moe_temperature: 0.3163 (0.3166)
2026-04-17 01:58:54 | INFO     | crowdcount.trainer:289 - [ep 123][lr 0.0000997][16.50s]
2026-04-17 01:59:09 | INFO     | crowdcount.trainer:348 - [Eval] mae=140.10  mse=182.07  time=12.9s  best_mae=83.98  best_mse=114.99
2026-04-17 01:59:09 | INFO     | crowdcount.trainer:352 - [Eval] density_mae=59.10  density_mse=95.50  best_density_mae=59.10
2026-04-17 01:59:26 | INFO     | crowdcount.engine:429 - Averaged stats: lr: 0.000100  loss_sum: 0.0403 (0.0637)  losses: 0.0107 (0.0114)  den_loss: 0.0296 (0.0523)  loss_ce: 0.0033 (0.0039)  loss_points: 0.0006 (0.0006)  loss_count: 0.0040 (0.0045)  loss_consistency: 0.0022 (0.0024)  loss_ce_unscaled: 0.0033 (0.0039)  loss_points_unscaled: 3.1249 (3.1950)  loss_count_unscaled: 4.0147 (4.5093)  loss_consistency_unscaled: 2.2059 (2.3899)  den_ssim: 0.0014 (0.0014)  moe_aux_total: 0.0000 (0.0000)  moe_aux_raw: 0.0000 (0.0000)  l_balance: 0.0000 (0.0000)  l_decorr: 0.0000 (0.0000)  moe_temperature: 0.3151 (0.3154)
2026-04-17 01:59:26 | INFO     | crowdcount.trainer:289 - [ep 124][lr 0.0000997][17.33s]
2026-04-17 01:59:41 | INFO     | crowdcount.trainer:348 - [Eval] mae=130.53  mse=171.61  time=13.0s  best_mae=83.98  best_mse=114.99
2026-04-17 01:59:41 | INFO     | crowdcount.trainer:352 - [Eval] density_mae=83.40  density_mse=120.52  best_density_mae=59.10
2026-04-17 01:59:58 | INFO     | crowdcount.engine:429 - Averaged stats: lr: 0.000100  loss_sum: 0.0337 (0.0480)  losses: 0.0094 (0.0107)  den_loss: 0.0256 (0.0373)  loss_ce: 0.0033 (0.0037)  loss_points: 0.0006 (0.0007)  loss_count: 0.0032 (0.0042)  loss_consistency: 0.0021 (0.0022)  loss_ce_unscaled: 0.0033 (0.0037)  loss_points_unscaled: 3.1906 (3.2739)  loss_count_unscaled: 3.1677 (4.1790)  loss_consistency_unscaled: 2.0899 (2.1562)  den_ssim: 0.0014 (0.0014)  moe_aux_total: 0.0000 (0.0000)  moe_aux_raw: 0.0000 (0.0000)  l_balance: 0.0000 (0.0000)  l_decorr: 0.0000 (0.0000)  moe_temperature: 0.3139 (0.3142)
2026-04-17 01:59:58 | INFO     | crowdcount.trainer:289 - [ep 125][lr 0.0000997][16.43s]
2026-04-17 02:00:13 | INFO     | crowdcount.trainer:348 - [Eval] mae=223.75  mse=280.94  time=13.0s  best_mae=83.98  best_mse=114.99
2026-04-17 02:00:13 | INFO     | crowdcount.trainer:352 - [Eval] density_mae=70.99  density_mse=122.66  best_density_mae=59.10
2026-04-17 02:00:29 | INFO     | crowdcount.engine:429 - Averaged stats: lr: 0.000100  loss_sum: 0.0307 (0.0598)  losses: 0.0100 (0.0115)  den_loss: 0.0234 (0.0483)  loss_ce: 0.0035 (0.0037)  loss_points: 0.0006 (0.0006)  loss_count: 0.0037 (0.0046)  loss_consistency: 0.0021 (0.0026)  loss_ce_unscaled: 0.0035 (0.0037)  loss_points_unscaled: 3.1371 (3.2436)  loss_count_unscaled: 3.6635 (4.5921)  loss_consistency_unscaled: 2.1119 (2.5740)  den_ssim: 0.0013 (0.0013)  moe_aux_total: 0.0000 (0.0000)  moe_aux_raw: 0.0000 (0.0000)  l_balance: 0.0000 (0.0000)  l_decorr: 0.0000 (0.0000)  moe_temperature: 0.3128 (0.3131)
2026-04-17 02:00:29 | INFO     | crowdcount.trainer:289 - [ep 126][lr 0.0000997][16.61s]
2026-04-17 02:00:45 | INFO     | crowdcount.trainer:348 - [Eval] mae=164.85  mse=206.41  time=13.1s  best_mae=83.98  best_mse=114.99
2026-04-17 02:00:45 | INFO     | crowdcount.trainer:352 - [Eval] density_mae=82.86  density_mse=118.98  best_density_mae=59.10
2026-04-17 02:01:02 | INFO     | crowdcount.engine:429 - Averaged stats: lr: 0.000100  loss_sum: 0.0346 (0.0532)  losses: 0.0093 (0.0106)  den_loss: 0.0265 (0.0426)  loss_ce: 0.0034 (0.0038)  loss_points: 0.0006 (0.0007)  loss_count: 0.0032 (0.0040)  loss_consistency: 0.0021 (0.0022)  loss_ce_unscaled: 0.0034 (0.0038)  loss_points_unscaled: 3.1917 (3.2773)  loss_count_unscaled: 3.1939 (3.9919)  loss_consistency_unscaled: 2.0606 (2.1707)  den_ssim: 0.0013 (0.0013)  moe_aux_total: 0.0000 (0.0000)  moe_aux_raw: 0.0000 (0.0000)  l_balance: 0.0000 (0.0000)  l_decorr: 0.0000 (0.0000)  moe_temperature: 0.3116 (0.3119)
2026-04-17 02:01:02 | INFO     | crowdcount.trainer:289 - [ep 127][lr 0.0000997][16.95s]
2026-04-17 02:01:17 | INFO     | crowdcount.trainer:348 - [Eval] mae=198.31  mse=249.84  time=13.0s  best_mae=83.98  best_mse=114.99
2026-04-17 02:01:17 | INFO     | crowdcount.trainer:352 - [Eval] density_mae=78.26  density_mse=108.19  best_density_mae=59.10
2026-04-17 02:01:34 | INFO     | crowdcount.engine:429 - Averaged stats: lr: 0.000100  loss_sum: 0.0403 (0.0540)  losses: 0.0098 (0.0108)  den_loss: 0.0278 (0.0432)  loss_ce: 0.0035 (0.0036)  loss_points: 0.0006 (0.0006)  loss_count: 0.0032 (0.0041)  loss_consistency: 0.0026 (0.0025)  loss_ce_unscaled: 0.0035 (0.0036)  loss_points_unscaled: 3.1203 (3.2326)  loss_count_unscaled: 3.2279 (4.1215)  loss_consistency_unscaled: 2.5574 (2.4943)  den_ssim: 0.0013 (0.0013)  moe_aux_total: 0.0000 (0.0000)  moe_aux_raw: 0.0000 (0.0000)  l_balance: 0.0000 (0.0000)  l_decorr: 0.0000 (0.0000)  moe_temperature: 0.3105 (0.3108)
2026-04-17 02:01:34 | INFO     | crowdcount.trainer:289 - [ep 128][lr 0.0000997][17.14s]
2026-04-17 02:01:50 | INFO     | crowdcount.trainer:348 - [Eval] mae=163.95  mse=214.57  time=13.4s  best_mae=83.98  best_mse=114.99
2026-04-17 02:01:50 | INFO     | crowdcount.trainer:352 - [Eval] density_mae=74.77  density_mse=119.36  best_density_mae=59.10
2026-04-17 02:02:07 | INFO     | crowdcount.engine:429 - Averaged stats: lr: 0.000100  loss_sum: 0.0459 (0.0512)  losses: 0.0101 (0.0109)  den_loss: 0.0331 (0.0402)  loss_ce: 0.0031 (0.0035)  loss_points: 0.0006 (0.0007)  loss_count: 0.0044 (0.0043)  loss_consistency: 0.0019 (0.0025)  loss_ce_unscaled: 0.0031 (0.0035)  loss_points_unscaled: 3.1733 (3.2566)  loss_count_unscaled: 4.3964 (4.2660)  loss_consistency_unscaled: 1.8856 (2.4828)  den_ssim: 0.0013 (0.0013)  moe_aux_total: 0.0000 (0.0000)  moe_aux_raw: 0.0000 (0.0000)  l_balance: 0.0000 (0.0000)  l_decorr: 0.0000 (0.0000)  moe_temperature: 0.3093 (0.3096)
2026-04-17 02:02:07 | INFO     | crowdcount.trainer:289 - [ep 129][lr 0.0000997][16.56s]
2026-04-17 02:02:22 | INFO     | crowdcount.trainer:348 - [Eval] mae=131.51  mse=174.85  time=13.3s  best_mae=83.98  best_mse=114.99
2026-04-17 02:02:22 | INFO     | crowdcount.trainer:352 - [Eval] density_mae=69.73  density_mse=108.50  best_density_mae=59.10
2026-04-17 02:02:40 | INFO     | crowdcount.engine:429 - Averaged stats: lr: 0.000100  loss_sum: 0.0460 (0.0610)  losses: 0.0103 (0.0120)  den_loss: 0.0355 (0.0490)  loss_ce: 0.0037 (0.0038)  loss_points: 0.0007 (0.0007)  loss_count: 0.0036 (0.0045)  loss_consistency: 0.0021 (0.0030)  loss_ce_unscaled: 0.0037 (0.0038)  loss_points_unscaled: 3.5152 (3.3622)  loss_count_unscaled: 3.6199 (4.5254)  loss_consistency_unscaled: 2.1352 (3.0034)  den_ssim: 0.0014 (0.0014)  moe_aux_total: 0.0000 (0.0000)  moe_aux_raw: 0.0000 (0.0000)  l_balance: 0.0000 (0.0000)  l_decorr: 0.0000 (0.0000)  moe_temperature: 0.3082 (0.3085)
2026-04-17 02:02:40 | INFO     | crowdcount.trainer:289 - [ep 130][lr 0.0000997][18.12s]
2026-04-17 02:02:56 | INFO     | crowdcount.trainer:348 - [Eval] mae=142.27  mse=180.98  time=13.5s  best_mae=83.98  best_mse=114.99
2026-04-17 02:02:56 | INFO     | crowdcount.trainer:352 - [Eval] density_mae=66.00  density_mse=99.56  best_density_mae=59.10
2026-04-17 02:03:12 | INFO     | crowdcount.engine:429 - Averaged stats: lr: 0.000100  loss_sum: 0.0396 (0.0518)  losses: 0.0096 (0.0108)  den_loss: 0.0300 (0.0410)  loss_ce: 0.0035 (0.0037)  loss_points: 0.0006 (0.0006)  loss_count: 0.0035 (0.0040)  loss_consistency: 0.0025 (0.0024)  loss_ce_unscaled: 0.0035 (0.0037)  loss_points_unscaled: 3.1445 (3.1922)  loss_count_unscaled: 3.4733 (3.9935)  loss_consistency_unscaled: 2.4993 (2.4357)  den_ssim: 0.0013 (0.0013)  moe_aux_total: 0.0000 (0.0000)  moe_aux_raw: 0.0000 (0.0000)  l_balance: 0.0000 (0.0000)  l_decorr: 0.0000 (0.0000)  moe_temperature: 0.3070 (0.3073)
2026-04-17 02:03:12 | INFO     | crowdcount.trainer:289 - [ep 131][lr 0.0000997][16.21s]
2026-04-17 02:03:27 | INFO     | crowdcount.trainer:348 - [Eval] mae=131.80  mse=180.51  time=13.5s  best_mae=83.98  best_mse=114.99
2026-04-17 02:03:27 | INFO     | crowdcount.trainer:352 - [Eval] density_mae=71.20  density_mse=116.31  best_density_mae=59.10
2026-04-17 02:03:45 | INFO     | crowdcount.engine:429 - Averaged stats: lr: 0.000100  loss_sum: 0.0476 (0.0546)  losses: 0.0107 (0.0110)  den_loss: 0.0353 (0.0436)  loss_ce: 0.0036 (0.0037)  loss_points: 0.0006 (0.0007)  loss_count: 0.0041 (0.0042)  loss_consistency: 0.0019 (0.0024)  loss_ce_unscaled: 0.0036 (0.0037)  loss_points_unscaled: 3.1870 (3.3361)  loss_count_unscaled: 4.1381 (4.2461)  loss_consistency_unscaled: 1.9168 (2.3869)  den_ssim: 0.0013 (0.0013)  moe_aux_total: 0.0000 (0.0000)  moe_aux_raw: 0.0000 (0.0000)  l_balance: 0.0000 (0.0000)  l_decorr: 0.0000 (0.0000)  moe_temperature: 0.3059 (0.3062)
2026-04-17 02:03:45 | INFO     | crowdcount.trainer:289 - [ep 132][lr 0.0000997][18.08s]
2026-04-17 02:04:01 | INFO     | crowdcount.trainer:348 - [Eval] mae=147.81  mse=183.40  time=13.3s  best_mae=83.98  best_mse=114.99
2026-04-17 02:04:01 | INFO     | crowdcount.trainer:352 - [Eval] density_mae=67.56  density_mse=110.41  best_density_mae=59.10
2026-04-17 02:04:18 | INFO     | crowdcount.engine:429 - Averaged stats: lr: 0.000100  loss_sum: 0.0354 (0.0518)  losses: 0.0096 (0.0104)  den_loss: 0.0278 (0.0414)  loss_ce: 0.0035 (0.0037)  loss_points: 0.0006 (0.0006)  loss_count: 0.0033 (0.0040)  loss_consistency: 0.0022 (0.0021)  loss_ce_unscaled: 0.0035 (0.0037)  loss_points_unscaled: 3.1542 (3.2371)  loss_count_unscaled: 3.3244 (4.0069)  loss_consistency_unscaled: 2.2470 (2.0706)  den_ssim: 0.0013 (0.0013)  moe_aux_total: 0.0000 (0.0000)  moe_aux_raw: 0.0000 (0.0000)  l_balance: 0.0000 (0.0000)  l_decorr: 0.0000 (0.0000)  moe_temperature: 0.3048 (0.3051)
2026-04-17 02:04:18 | INFO     | crowdcount.trainer:289 - [ep 133][lr 0.0000997][17.18s]
2026-04-17 02:04:34 | INFO     | crowdcount.trainer:348 - [Eval] mae=165.37  mse=213.98  time=13.5s  best_mae=83.98  best_mse=114.99
2026-04-17 02:04:34 | INFO     | crowdcount.trainer:352 - [Eval] density_mae=73.40  density_mse=115.84  best_density_mae=59.10
2026-04-17 02:04:50 | INFO     | crowdcount.engine:429 - Averaged stats: lr: 0.000100  loss_sum: 0.0332 (0.0496)  losses: 0.0105 (0.0105)  den_loss: 0.0248 (0.0391)  loss_ce: 0.0033 (0.0036)  loss_points: 0.0006 (0.0006)  loss_count: 0.0037 (0.0039)  loss_consistency: 0.0025 (0.0024)  loss_ce_unscaled: 0.0033 (0.0036)  loss_points_unscaled: 3.2362 (3.2368)  loss_count_unscaled: 3.6552 (3.8804)  loss_consistency_unscaled: 2.4849 (2.4200)  den_ssim: 0.0012 (0.0013)  moe_aux_total: 0.0000 (0.0000)  moe_aux_raw: 0.0000 (0.0000)  l_balance: 0.0000 (0.0000)  l_decorr: 0.0000 (0.0000)  moe_temperature: 0.3037 (0.3039)
2026-04-17 02:04:50 | INFO     | crowdcount.trainer:289 - [ep 134][lr 0.0000997][16.76s]
2026-04-17 02:05:06 | INFO     | crowdcount.trainer:348 - [Eval] mae=151.79  mse=192.76  time=13.1s  best_mae=83.98  best_mse=114.99
2026-04-17 02:05:06 | INFO     | crowdcount.trainer:352 - [Eval] density_mae=72.59  density_mse=107.88  best_density_mae=59.10
2026-04-17 02:05:23 | INFO     | crowdcount.engine:429 - Averaged stats: lr: 0.000100  loss_sum: 0.0382 (0.0478)  losses: 0.0097 (0.0100)  den_loss: 0.0282 (0.0378)  loss_ce: 0.0032 (0.0035)  loss_points: 0.0006 (0.0007)  loss_count: 0.0031 (0.0037)  loss_consistency: 0.0019 (0.0021)  loss_ce_unscaled: 0.0032 (0.0035)  loss_points_unscaled: 3.2223 (3.2548)  loss_count_unscaled: 3.0809 (3.6948)  loss_consistency_unscaled: 1.9203 (2.1465)  den_ssim: 0.0012 (0.0013)  moe_aux_total: 0.0000 (0.0000)  moe_aux_raw: 0.0000 (0.0000)  l_balance: 0.0000 (0.0000)  l_decorr: 0.0000 (0.0000)  moe_temperature: 0.3025 (0.3028)
2026-04-17 02:05:23 | INFO     | crowdcount.trainer:289 - [ep 135][lr 0.0000997][16.95s]
2026-04-17 02:05:38 | INFO     | crowdcount.trainer:348 - [Eval] mae=173.66  mse=218.98  time=13.4s  best_mae=83.98  best_mse=114.99
2026-04-17 02:05:38 | INFO     | crowdcount.trainer:352 - [Eval] density_mae=82.01  density_mse=118.04  best_density_mae=59.10
2026-04-17 02:05:55 | INFO     | crowdcount.engine:429 - Averaged stats: lr: 0.000100  loss_sum: 0.0564 (0.0603)  losses: 0.0108 (0.0110)  den_loss: 0.0449 (0.0493)  loss_ce: 0.0037 (0.0037)  loss_points: 0.0006 (0.0007)  loss_count: 0.0042 (0.0042)  loss_consistency: 0.0018 (0.0024)  loss_ce_unscaled: 0.0037 (0.0037)  loss_points_unscaled: 3.1808 (3.2616)  loss_count_unscaled: 4.2005 (4.2342)  loss_consistency_unscaled: 1.8373 (2.4000)  den_ssim: 0.0013 (0.0013)  moe_aux_total: 0.0000 (0.0000)  moe_aux_raw: 0.0000 (0.0000)  l_balance: 0.0000 (0.0000)  l_decorr: 0.0000 (0.0000)  moe_temperature: 0.3014 (0.3017)
2026-04-17 02:05:55 | INFO     | crowdcount.trainer:289 - [ep 136][lr 0.0000997][16.89s]
2026-04-17 02:06:10 | INFO     | crowdcount.trainer:348 - [Eval] mae=158.27  mse=195.00  time=12.9s  best_mae=83.98  best_mse=114.99
2026-04-17 02:06:10 | INFO     | crowdcount.trainer:352 - [Eval] density_mae=68.01  density_mse=103.52  best_density_mae=59.10
2026-04-17 02:06:27 | INFO     | crowdcount.engine:429 - Averaged stats: lr: 0.000100  loss_sum: 0.0334 (0.0498)  losses: 0.0099 (0.0107)  den_loss: 0.0230 (0.0391)  loss_ce: 0.0032 (0.0036)  loss_points: 0.0007 (0.0006)  loss_count: 0.0036 (0.0039)  loss_consistency: 0.0022 (0.0025)  loss_ce_unscaled: 0.0032 (0.0036)  loss_points_unscaled: 3.3024 (3.2326)  loss_count_unscaled: 3.5541 (3.8839)  loss_consistency_unscaled: 2.1624 (2.5159)  den_ssim: 0.0012 (0.0013)  moe_aux_total: 0.0000 (0.0000)  moe_aux_raw: 0.0000 (0.0000)  l_balance: 0.0000 (0.0000)  l_decorr: 0.0000 (0.0000)  moe_temperature: 0.3003 (0.3006)
2026-04-17 02:06:27 | INFO     | crowdcount.trainer:289 - [ep 137][lr 0.0000997][16.60s]
2026-04-17 02:06:42 | INFO     | crowdcount.trainer:348 - [Eval] mae=196.18  mse=247.37  time=13.1s  best_mae=83.98  best_mse=114.99
2026-04-17 02:06:42 | INFO     | crowdcount.trainer:352 - [Eval] density_mae=66.10  density_mse=110.32  best_density_mae=59.10
2026-04-17 02:06:58 | INFO     | crowdcount.engine:429 - Averaged stats: lr: 0.000100  loss_sum: 0.0407 (0.0434)  losses: 0.0088 (0.0096)  den_loss: 0.0312 (0.0337)  loss_ce: 0.0033 (0.0035)  loss_points: 0.0007 (0.0006)  loss_count: 0.0030 (0.0035)  loss_consistency: 0.0018 (0.0020)  loss_ce_unscaled: 0.0033 (0.0035)  loss_points_unscaled: 3.2555 (3.2448)  loss_count_unscaled: 2.9707 (3.5152)  loss_consistency_unscaled: 1.7780 (1.9979)  den_ssim: 0.0013 (0.0013)  moe_aux_total: 0.0000 (0.0000)  moe_aux_raw: 0.0000 (0.0000)  l_balance: 0.0000 (0.0000)  l_decorr: 0.0000 (0.0000)  moe_temperature: 0.2992 (0.2995)
2026-04-17 02:06:58 | INFO     | crowdcount.trainer:289 - [ep 138][lr 0.0000997][16.22s]
2026-04-17 02:07:13 | INFO     | crowdcount.trainer:348 - [Eval] mae=169.75  mse=221.30  time=13.0s  best_mae=83.98  best_mse=114.99
2026-04-17 02:07:13 | INFO     | crowdcount.trainer:352 - [Eval] density_mae=63.05  density_mse=107.11  best_density_mae=59.10
2026-04-17 02:07:30 | INFO     | crowdcount.engine:429 - Averaged stats: lr: 0.000100  loss_sum: 0.0439 (0.0459)  losses: 0.0095 (0.0101)  den_loss: 0.0319 (0.0357)  loss_ce: 0.0033 (0.0035)  loss_points: 0.0007 (0.0007)  loss_count: 0.0033 (0.0038)  loss_consistency: 0.0022 (0.0022)  loss_ce_unscaled: 0.0033 (0.0035)  loss_points_unscaled: 3.3516 (3.3170)  loss_count_unscaled: 3.2616 (3.7958)  loss_consistency_unscaled: 2.2439 (2.1643)  den_ssim: 0.0013 (0.0013)  moe_aux_total: 0.0000 (0.0000)  moe_aux_raw: 0.0000 (0.0000)  l_balance: 0.0000 (0.0000)  l_decorr: 0.0000 (0.0000)  moe_temperature: 0.2981 (0.2984)
2026-04-17 02:07:30 | INFO     | crowdcount.trainer:289 - [ep 139][lr 0.0000997][16.96s]
2026-04-17 02:07:46 | INFO     | crowdcount.trainer:348 - [Eval] mae=139.59  mse=181.79  time=13.7s  best_mae=83.98  best_mse=114.99
2026-04-17 02:07:46 | INFO     | crowdcount.trainer:352 - [Eval] density_mae=67.65  density_mse=104.36  best_density_mae=59.10
2026-04-17 02:08:03 | INFO     | crowdcount.engine:429 - Averaged stats: lr: 0.000100  loss_sum: 0.0393 (0.0520)  losses: 0.0108 (0.0107)  den_loss: 0.0294 (0.0413)  loss_ce: 0.0036 (0.0037)  loss_points: 0.0007 (0.0007)  loss_count: 0.0039 (0.0040)  loss_consistency: 0.0022 (0.0023)  loss_ce_unscaled: 0.0036 (0.0037)  loss_points_unscaled: 3.3205 (3.2961)  loss_count_unscaled: 3.8777 (4.0366)  loss_consistency_unscaled: 2.2094 (2.3253)  den_ssim: 0.0014 (0.0013)  moe_aux_total: 0.0000 (0.0000)  moe_aux_raw: 0.0000 (0.0000)  l_balance: 0.0000 (0.0000)  l_decorr: 0.0000 (0.0000)  moe_temperature: 0.2970 (0.2973)
2026-04-17 02:08:03 | INFO     | crowdcount.trainer:289 - [ep 140][lr 0.0000997][16.92s]
2026-04-17 02:08:18 | INFO     | crowdcount.trainer:348 - [Eval] mae=134.79  mse=180.71  time=13.1s  best_mae=83.98  best_mse=114.99
2026-04-17 02:08:18 | INFO     | crowdcount.trainer:352 - [Eval] density_mae=70.11  density_mse=105.02  best_density_mae=59.10
2026-04-17 02:08:35 | INFO     | crowdcount.engine:429 - Averaged stats: lr: 0.000100  loss_sum: 0.0372 (0.0515)  losses: 0.0092 (0.0104)  den_loss: 0.0271 (0.0411)  loss_ce: 0.0034 (0.0035)  loss_points: 0.0006 (0.0006)  loss_count: 0.0032 (0.0037)  loss_consistency: 0.0020 (0.0025)  loss_ce_unscaled: 0.0034 (0.0035)  loss_points_unscaled: 3.1916 (3.1918)  loss_count_unscaled: 3.1709 (3.6937)  loss_consistency_unscaled: 1.9565 (2.5296)  den_ssim: 0.0012 (0.0013)  moe_aux_total: 0.0000 (0.0000)  moe_aux_raw: 0.0000 (0.0000)  l_balance: 0.0000 (0.0000)  l_decorr: 0.0000 (0.0000)  moe_temperature: 0.2959 (0.2962)
2026-04-17 02:08:35 | INFO     | crowdcount.trainer:289 - [ep 141][lr 0.0000997][16.80s]
2026-04-17 02:08:50 | INFO     | crowdcount.trainer:348 - [Eval] mae=156.42  mse=203.18  time=13.0s  best_mae=83.98  best_mse=114.99
2026-04-17 02:08:50 | INFO     | crowdcount.trainer:352 - [Eval] density_mae=64.75  density_mse=110.85  best_density_mae=59.10
2026-04-17 02:09:07 | INFO     | crowdcount.engine:429 - Averaged stats: lr: 0.000100  loss_sum: 0.0470 (0.0516)  losses: 0.0104 (0.0111)  den_loss: 0.0350 (0.0405)  loss_ce: 0.0034 (0.0037)  loss_points: 0.0007 (0.0006)  loss_count: 0.0040 (0.0045)  loss_consistency: 0.0021 (0.0022)  loss_ce_unscaled: 0.0034 (0.0037)  loss_points_unscaled: 3.2725 (3.1925)  loss_count_unscaled: 3.9946 (4.5228)  loss_consistency_unscaled: 2.0539 (2.1977)  den_ssim: 0.0013 (0.0013)  moe_aux_total: 0.0000 (0.0000)  moe_aux_raw: 0.0000 (0.0000)  l_balance: 0.0000 (0.0000)  l_decorr: 0.0000 (0.0000)  moe_temperature: 0.2948 (0.2951)
2026-04-17 02:09:07 | INFO     | crowdcount.trainer:289 - [ep 142][lr 0.0000997][16.71s]
2026-04-17 02:09:22 | INFO     | crowdcount.trainer:348 - [Eval] mae=149.81  mse=196.72  time=13.1s  best_mae=83.98  best_mse=114.99
2026-04-17 02:09:22 | INFO     | crowdcount.trainer:352 - [Eval] density_mae=77.33  density_mse=111.49  best_density_mae=59.10
2026-04-17 02:09:39 | INFO     | crowdcount.engine:429 - Averaged stats: lr: 0.000100  loss_sum: 0.0351 (0.0510)  losses: 0.0095 (0.0106)  den_loss: 0.0232 (0.0404)  loss_ce: 0.0036 (0.0035)  loss_points: 0.0007 (0.0007)  loss_count: 0.0039 (0.0041)  loss_consistency: 0.0023 (0.0023)  loss_ce_unscaled: 0.0036 (0.0035)  loss_points_unscaled: 3.2821 (3.3470)  loss_count_unscaled: 3.8768 (4.0600)  loss_consistency_unscaled: 2.3117 (2.3341)  den_ssim: 0.0013 (0.0013)  moe_aux_total: 0.0000 (0.0000)  moe_aux_raw: 0.0000 (0.0000)  l_balance: 0.0000 (0.0000)  l_decorr: 0.0000 (0.0000)  moe_temperature: 0.2937 (0.2940)
2026-04-17 02:09:39 | INFO     | crowdcount.trainer:289 - [ep 143][lr 0.0000996][17.01s]
2026-04-17 02:09:54 | INFO     | crowdcount.trainer:348 - [Eval] mae=147.88  mse=184.76  time=13.5s  best_mae=83.98  best_mse=114.99
2026-04-17 02:09:54 | INFO     | crowdcount.trainer:352 - [Eval] density_mae=67.87  density_mse=110.68  best_density_mae=59.10
2026-04-17 02:10:12 | INFO     | crowdcount.engine:429 - Averaged stats: lr: 0.000100  loss_sum: 0.0325 (0.0525)  losses: 0.0090 (0.0101)  den_loss: 0.0250 (0.0424)  loss_ce: 0.0033 (0.0035)  loss_points: 0.0007 (0.0007)  loss_count: 0.0030 (0.0039)  loss_consistency: 0.0020 (0.0019)  loss_ce_unscaled: 0.0033 (0.0035)  loss_points_unscaled: 3.2944 (3.3344)  loss_count_unscaled: 3.0114 (3.9397)  loss_consistency_unscaled: 2.0149 (1.9458)  den_ssim: 0.0012 (0.0013)  moe_aux_total: 0.0000 (0.0000)  moe_aux_raw: 0.0000 (0.0000)  l_balance: 0.0000 (0.0000)  l_decorr: 0.0000 (0.0000)  moe_temperature: 0.2926 (0.2929)
2026-04-17 02:10:12 | INFO     | crowdcount.trainer:289 - [ep 144][lr 0.0000996][17.34s]
2026-04-17 02:10:27 | INFO     | crowdcount.trainer:348 - [Eval] mae=159.04  mse=198.52  time=13.4s  best_mae=83.98  best_mse=114.99
2026-04-17 02:10:27 | INFO     | crowdcount.trainer:352 - [Eval] density_mae=67.22  density_mse=104.69  best_density_mae=59.10
2026-04-17 02:10:44 | INFO     | crowdcount.engine:429 - Averaged stats: lr: 0.000100  loss_sum: 0.0280 (0.0441)  losses: 0.0078 (0.0100)  den_loss: 0.0202 (0.0342)  loss_ce: 0.0030 (0.0034)  loss_points: 0.0006 (0.0006)  loss_count: 0.0026 (0.0037)  loss_consistency: 0.0019 (0.0022)  loss_ce_unscaled: 0.0030 (0.0034)  loss_points_unscaled: 3.1889 (3.2280)  loss_count_unscaled: 2.6034 (3.7291)  loss_consistency_unscaled: 1.8804 (2.1633)  den_ssim: 0.0013 (0.0013)  moe_aux_total: 0.0000 (0.0000)  moe_aux_raw: 0.0000 (0.0000)  l_balance: 0.0000 (0.0000)  l_decorr: 0.0000 (0.0000)  moe_temperature: 0.2915 (0.2918)
2026-04-17 02:10:44 | INFO     | crowdcount.trainer:289 - [ep 145][lr 0.0000996][16.72s]
2026-04-17 02:10:59 | INFO     | crowdcount.trainer:348 - [Eval] mae=157.02  mse=205.00  time=13.2s  best_mae=83.98  best_mse=114.99
2026-04-17 02:10:59 | INFO     | crowdcount.trainer:352 - [Eval] density_mae=65.33  density_mse=100.80  best_density_mae=59.10
2026-04-17 02:11:16 | INFO     | crowdcount.engine:429 - Averaged stats: lr: 0.000100  loss_sum: 0.0286 (0.0432)  losses: 0.0090 (0.0101)  den_loss: 0.0192 (0.0331)  loss_ce: 0.0030 (0.0035)  loss_points: 0.0006 (0.0006)  loss_count: 0.0036 (0.0040)  loss_consistency: 0.0017 (0.0020)  loss_ce_unscaled: 0.0030 (0.0035)  loss_points_unscaled: 3.1173 (3.1701)  loss_count_unscaled: 3.5844 (3.9988)  loss_consistency_unscaled: 1.6719 (1.9847)  den_ssim: 0.0012 (0.0013)  moe_aux_total: 0.0000 (0.0000)  moe_aux_raw: 0.0000 (0.0000)  l_balance: 0.0000 (0.0000)  l_decorr: 0.0000 (0.0000)  moe_temperature: 0.2905 (0.2907)
2026-04-17 02:11:16 | INFO     | crowdcount.trainer:289 - [ep 146][lr 0.0000996][16.61s]
2026-04-17 02:11:31 | INFO     | crowdcount.trainer:348 - [Eval] mae=129.86  mse=172.83  time=13.3s  best_mae=83.98  best_mse=114.99
2026-04-17 02:11:31 | INFO     | crowdcount.trainer:352 - [Eval] density_mae=75.37  density_mse=114.99  best_density_mae=59.10
2026-04-17 02:11:48 | INFO     | crowdcount.engine:429 - Averaged stats: lr: 0.000100  loss_sum: 0.0497 (0.0523)  losses: 0.0106 (0.0114)  den_loss: 0.0349 (0.0408)  loss_ce: 0.0033 (0.0036)  loss_points: 0.0007 (0.0007)  loss_count: 0.0038 (0.0046)  loss_consistency: 0.0031 (0.0026)  loss_ce_unscaled: 0.0033 (0.0036)  loss_points_unscaled: 3.3459 (3.2820)  loss_count_unscaled: 3.8115 (4.5852)  loss_consistency_unscaled: 3.0986 (2.6217)  den_ssim: 0.0014 (0.0013)  moe_aux_total: 0.0000 (0.0000)  moe_aux_raw: 0.0000 (0.0000)  l_balance: 0.0000 (0.0000)  l_decorr: 0.0000 (0.0000)  moe_temperature: 0.2894 (0.2897)
2026-04-17 02:11:48 | INFO     | crowdcount.trainer:289 - [ep 147][lr 0.0000996][16.73s]
2026-04-17 02:12:03 | INFO     | crowdcount.trainer:348 - [Eval] mae=129.00  mse=177.23  time=12.7s  best_mae=83.98  best_mse=114.99
2026-04-17 02:12:03 | INFO     | crowdcount.trainer:352 - [Eval] density_mae=83.28  density_mse=122.30  best_density_mae=59.10
2026-04-17 02:12:19 | INFO     | crowdcount.engine:429 - Averaged stats: lr: 0.000100  loss_sum: 0.0378 (0.0537)  losses: 0.0096 (0.0106)  den_loss: 0.0259 (0.0430)  loss_ce: 0.0032 (0.0036)  loss_points: 0.0006 (0.0007)  loss_count: 0.0038 (0.0043)  loss_consistency: 0.0019 (0.0021)  loss_ce_unscaled: 0.0032 (0.0036)  loss_points_unscaled: 2.9612 (3.2516)  loss_count_unscaled: 3.7657 (4.2753)  loss_consistency_unscaled: 1.9038 (2.1443)  den_ssim: 0.0012 (0.0013)  moe_aux_total: 0.0000 (0.0000)  moe_aux_raw: 0.0000 (0.0000)  l_balance: 0.0000 (0.0000)  l_decorr: 0.0000 (0.0000)  moe_temperature: 0.2883 (0.2886)
2026-04-17 02:12:19 | INFO     | crowdcount.trainer:289 - [ep 148][lr 0.0000996][16.55s]
2026-04-17 02:12:34 | INFO     | crowdcount.trainer:348 - [Eval] mae=138.86  mse=189.93  time=12.8s  best_mae=83.98  best_mse=114.99
2026-04-17 02:12:34 | INFO     | crowdcount.trainer:352 - [Eval] density_mae=67.73  density_mse=108.62  best_density_mae=59.10
2026-04-17 02:12:51 | INFO     | crowdcount.engine:429 - Averaged stats: lr: 0.000100  loss_sum: 0.0369 (0.0540)  losses: 0.0096 (0.0108)  den_loss: 0.0260 (0.0431)  loss_ce: 0.0034 (0.0036)  loss_points: 0.0006 (0.0006)  loss_count: 0.0034 (0.0046)  loss_consistency: 0.0018 (0.0020)  loss_ce_unscaled: 0.0034 (0.0036)  loss_points_unscaled: 3.1769 (3.2232)  loss_count_unscaled: 3.4287 (4.5617)  loss_consistency_unscaled: 1.7568 (2.0452)  den_ssim: 0.0013 (0.0013)  moe_aux_total: 0.0000 (0.0000)  moe_aux_raw: 0.0000 (0.0000)  l_balance: 0.0000 (0.0000)  l_decorr: 0.0000 (0.0000)  moe_temperature: 0.2873 (0.2875)
2026-04-17 02:12:51 | INFO     | crowdcount.trainer:289 - [ep 149][lr 0.0000996][16.84s]
2026-04-17 02:13:06 | INFO     | crowdcount.trainer:348 - [Eval] mae=197.88  mse=246.06  time=13.1s  best_mae=83.98  best_mse=114.99
2026-04-17 02:13:06 | INFO     | crowdcount.trainer:352 - [Eval] density_mae=75.59  density_mse=116.32  best_density_mae=59.10
2026-04-17 02:13:23 | INFO     | crowdcount.engine:429 - Averaged stats: lr: 0.000100  loss_sum: 0.0382 (0.0448)  losses: 0.0089 (0.0098)  den_loss: 0.0291 (0.0350)  loss_ce: 0.0034 (0.0035)  loss_points: 0.0007 (0.0006)  loss_count: 0.0032 (0.0037)  loss_consistency: 0.0017 (0.0019)  loss_ce_unscaled: 0.0034 (0.0035)  loss_points_unscaled: 3.3247 (3.1992)  loss_count_unscaled: 3.2470 (3.6615)  loss_consistency_unscaled: 1.7126 (1.9108)  den_ssim: 0.0012 (0.0013)  moe_aux_total: 0.0000 (0.0000)  moe_aux_raw: 0.0000 (0.0000)  l_balance: 0.0000 (0.0000)  l_decorr: 0.0000 (0.0000)  moe_temperature: 0.2862 (0.2865)
2026-04-17 02:13:23 | INFO     | crowdcount.trainer:289 - [ep 150][lr 0.0000996][16.56s]
2026-04-17 02:13:38 | INFO     | crowdcount.trainer:348 - [Eval] mae=197.29  mse=247.18  time=12.9s  best_mae=83.98  best_mse=114.99
2026-04-17 02:13:38 | INFO     | crowdcount.trainer:352 - [Eval] density_mae=81.14  density_mse=117.10  best_density_mae=59.10
2026-04-17 02:13:54 | INFO     | crowdcount.engine:429 - Averaged stats: lr: 0.000100  loss_sum: 0.0318 (0.0470)  losses: 0.0092 (0.0103)  den_loss: 0.0226 (0.0367)  loss_ce: 0.0033 (0.0036)  loss_points: 0.0007 (0.0006)  loss_count: 0.0034 (0.0038)  loss_consistency: 0.0019 (0.0023)  loss_ce_unscaled: 0.0033 (0.0036)  loss_points_unscaled: 3.2672 (3.2071)  loss_count_unscaled: 3.3826 (3.7850)  loss_consistency_unscaled: 1.8962 (2.3128)  den_ssim: 0.0012 (0.0013)  moe_aux_total: 0.0000 (0.0000)  moe_aux_raw: 0.0000 (0.0000)  l_balance: 0.0000 (0.0000)  l_decorr: 0.0000 (0.0000)  moe_temperature: 0.2851 (0.2854)
2026-04-17 02:13:54 | INFO     | crowdcount.trainer:289 - [ep 151][lr 0.0000996][16.44s]
2026-04-17 02:14:09 | INFO     | crowdcount.trainer:348 - [Eval] mae=148.25  mse=192.67  time=12.9s  best_mae=83.98  best_mse=114.99
2026-04-17 02:14:09 | INFO     | crowdcount.trainer:352 - [Eval] density_mae=65.45  density_mse=99.30  best_density_mae=59.10
2026-04-17 02:14:25 | INFO     | crowdcount.engine:429 - Averaged stats: lr: 0.000100  loss_sum: 0.0302 (0.0453)  losses: 0.0092 (0.0102)  den_loss: 0.0228 (0.0351)  loss_ce: 0.0031 (0.0035)  loss_points: 0.0007 (0.0006)  loss_count: 0.0031 (0.0037)  loss_consistency: 0.0019 (0.0024)  loss_ce_unscaled: 0.0031 (0.0035)  loss_points_unscaled: 3.2969 (3.1923)  loss_count_unscaled: 3.1301 (3.7166)  loss_consistency_unscaled: 1.9315 (2.4387)  den_ssim: 0.0011 (0.0013)  moe_aux_total: 0.0000 (0.0000)  moe_aux_raw: 0.0000 (0.0000)  l_balance: 0.0000 (0.0000)  l_decorr: 0.0000 (0.0000)  moe_temperature: 0.2841 (0.2843)
2026-04-17 02:14:25 | INFO     | crowdcount.trainer:289 - [ep 152][lr 0.0000996][16.22s]
2026-04-17 02:14:40 | INFO     | crowdcount.trainer:348 - [Eval] mae=96.37  mse=131.55  time=12.9s  best_mae=83.98  best_mse=114.99
2026-04-17 02:14:40 | INFO     | crowdcount.trainer:352 - [Eval] density_mae=68.19  density_mse=106.77  best_density_mae=59.10
2026-04-17 02:14:57 | INFO     | crowdcount.engine:429 - Averaged stats: lr: 0.000100  loss_sum: 0.0433 (0.0535)  losses: 0.0090 (0.0106)  den_loss: 0.0302 (0.0429)  loss_ce: 0.0034 (0.0035)  loss_points: 0.0007 (0.0007)  loss_count: 0.0031 (0.0041)  loss_consistency: 0.0021 (0.0023)  loss_ce_unscaled: 0.0034 (0.0035)  loss_points_unscaled: 3.2962 (3.2740)  loss_count_unscaled: 3.0922 (4.1095)  loss_consistency_unscaled: 2.0914 (2.2755)  den_ssim: 0.0013 (0.0013)  moe_aux_total: 0.0000 (0.0000)  moe_aux_raw: 0.0000 (0.0000)  l_balance: 0.0000 (0.0000)  l_decorr: 0.0000 (0.0000)  moe_temperature: 0.2830 (0.2833)
2026-04-17 02:14:57 | INFO     | crowdcount.trainer:289 - [ep 153][lr 0.0000996][16.99s]
2026-04-17 02:15:12 | INFO     | crowdcount.trainer:348 - [Eval] mae=150.00  mse=203.50  time=12.7s  best_mae=83.98  best_mse=114.99
2026-04-17 02:15:12 | INFO     | crowdcount.trainer:352 - [Eval] density_mae=76.95  density_mse=122.20  best_density_mae=59.10
2026-04-17 02:15:29 | INFO     | crowdcount.engine:429 - Averaged stats: lr: 0.000100  loss_sum: 0.0350 (0.0508)  losses: 0.0102 (0.0107)  den_loss: 0.0270 (0.0401)  loss_ce: 0.0032 (0.0036)  loss_points: 0.0006 (0.0006)  loss_count: 0.0036 (0.0041)  loss_consistency: 0.0022 (0.0024)  loss_ce_unscaled: 0.0032 (0.0036)  loss_points_unscaled: 3.1832 (3.2483)  loss_count_unscaled: 3.6266 (4.1272)  loss_consistency_unscaled: 2.1702 (2.3526)  den_ssim: 0.0012 (0.0013)  moe_aux_total: 0.0000 (0.0000)  moe_aux_raw: 0.0000 (0.0000)  l_balance: 0.0000 (0.0000)  l_decorr: 0.0000 (0.0000)  moe_temperature: 0.2820 (0.2822)
2026-04-17 02:15:29 | INFO     | crowdcount.trainer:289 - [ep 154][lr 0.0000996][16.88s]
2026-04-17 02:15:44 | INFO     | crowdcount.trainer:348 - [Eval] mae=147.62  mse=194.05  time=13.0s  best_mae=83.98  best_mse=114.99
2026-04-17 02:15:44 | INFO     | crowdcount.trainer:352 - [Eval] density_mae=63.03  density_mse=96.27  best_density_mae=59.10
2026-04-17 02:16:01 | INFO     | crowdcount.engine:429 - Averaged stats: lr: 0.000100  loss_sum: 0.0346 (0.0490)  losses: 0.0091 (0.0101)  den_loss: 0.0266 (0.0389)  loss_ce: 0.0036 (0.0036)  loss_points: 0.0006 (0.0006)  loss_count: 0.0032 (0.0039)  loss_consistency: 0.0019 (0.0020)  loss_ce_unscaled: 0.0036 (0.0036)  loss_points_unscaled: 3.0950 (3.2048)  loss_count_unscaled: 3.2084 (3.8786)  loss_consistency_unscaled: 1.9493 (1.9932)  den_ssim: 0.0013 (0.0013)  moe_aux_total: 0.0000 (0.0000)  moe_aux_raw: 0.0000 (0.0000)  l_balance: 0.0000 (0.0000)  l_decorr: 0.0000 (0.0000)  moe_temperature: 0.2810 (0.2812)
2026-04-17 02:16:01 | INFO     | crowdcount.trainer:289 - [ep 155][lr 0.0000996][16.59s]
2026-04-17 02:16:16 | INFO     | crowdcount.trainer:348 - [Eval] mae=144.46  mse=194.87  time=12.9s  best_mae=83.98  best_mse=114.99
2026-04-17 02:16:16 | INFO     | crowdcount.trainer:352 - [Eval] density_mae=62.71  density_mse=105.44  best_density_mae=59.10
2026-04-17 02:16:33 | INFO     | crowdcount.engine:429 - Averaged stats: lr: 0.000100  loss_sum: 0.0316 (0.0635)  losses: 0.0092 (0.0107)  den_loss: 0.0240 (0.0527)  loss_ce: 0.0033 (0.0036)  loss_points: 0.0006 (0.0007)  loss_count: 0.0034 (0.0044)  loss_consistency: 0.0019 (0.0021)  loss_ce_unscaled: 0.0033 (0.0036)  loss_points_unscaled: 3.1912 (3.2607)  loss_count_unscaled: 3.3585 (4.4316)  loss_consistency_unscaled: 1.8645 (2.0684)  den_ssim: 0.0013 (0.0013)  moe_aux_total: 0.0000 (0.0000)  moe_aux_raw: 0.0000 (0.0000)  l_balance: 0.0000 (0.0000)  l_decorr: 0.0000 (0.0000)  moe_temperature: 0.2799 (0.2802)
2026-04-17 02:16:33 | INFO     | crowdcount.trainer:289 - [ep 156][lr 0.0000996][16.64s]
2026-04-17 02:16:48 | INFO     | crowdcount.trainer:348 - [Eval] mae=135.14  mse=168.75  time=12.9s  best_mae=83.98  best_mse=114.99
2026-04-17 02:16:48 | INFO     | crowdcount.trainer:352 - [Eval] density_mae=67.15  density_mse=104.17  best_density_mae=59.10
2026-04-17 02:17:04 | INFO     | crowdcount.engine:429 - Averaged stats: lr: 0.000100  loss_sum: 0.0345 (0.0517)  losses: 0.0083 (0.0100)  den_loss: 0.0233 (0.0417)  loss_ce: 0.0030 (0.0035)  loss_points: 0.0006 (0.0006)  loss_count: 0.0031 (0.0038)  loss_consistency: 0.0019 (0.0022)  loss_ce_unscaled: 0.0030 (0.0035)  loss_points_unscaled: 3.2408 (3.1774)  loss_count_unscaled: 3.1266 (3.7734)  loss_consistency_unscaled: 1.8754 (2.1587)  den_ssim: 0.0013 (0.0013)  moe_aux_total: 0.0000 (0.0000)  moe_aux_raw: 0.0000 (0.0000)  l_balance: 0.0000 (0.0000)  l_decorr: 0.0000 (0.0000)  moe_temperature: 0.2789 (0.2791)
2026-04-17 02:17:04 | INFO     | crowdcount.trainer:289 - [ep 157][lr 0.0000996][16.84s]
2026-04-17 02:17:19 | INFO     | crowdcount.trainer:348 - [Eval] mae=143.74  mse=176.01  time=12.9s  best_mae=83.98  best_mse=114.99
2026-04-17 02:17:19 | INFO     | crowdcount.trainer:352 - [Eval] density_mae=63.36  density_mse=99.93  best_density_mae=59.10
2026-04-17 02:17:36 | INFO     | crowdcount.engine:429 - Averaged stats: lr: 0.000100  loss_sum: 0.0437 (0.0540)  losses: 0.0098 (0.0107)  den_loss: 0.0339 (0.0433)  loss_ce: 0.0038 (0.0037)  loss_points: 0.0006 (0.0006)  loss_count: 0.0039 (0.0041)  loss_consistency: 0.0021 (0.0023)  loss_ce_unscaled: 0.0038 (0.0037)  loss_points_unscaled: 3.2135 (3.1491)  loss_count_unscaled: 3.8615 (4.1196)  loss_consistency_unscaled: 2.0849 (2.2902)  den_ssim: 0.0013 (0.0013)  moe_aux_total: 0.0000 (0.0000)  moe_aux_raw: 0.0000 (0.0000)  l_balance: 0.0000 (0.0000)  l_decorr: 0.0000 (0.0000)  moe_temperature: 0.2779 (0.2781)
2026-04-17 02:17:36 | INFO     | crowdcount.trainer:289 - [ep 158][lr 0.0000996][16.62s]
2026-04-17 02:17:51 | INFO     | crowdcount.trainer:348 - [Eval] mae=110.63  mse=139.85  time=13.1s  best_mae=83.98  best_mse=114.99
2026-04-17 02:17:51 | INFO     | crowdcount.trainer:352 - [Eval] density_mae=117.23  density_mse=167.03  best_density_mae=59.10
2026-04-17 02:18:08 | INFO     | crowdcount.engine:429 - Averaged stats: lr: 0.000100  loss_sum: 0.0365 (0.0445)  losses: 0.0106 (0.0102)  den_loss: 0.0276 (0.0343)  loss_ce: 0.0035 (0.0034)  loss_points: 0.0006 (0.0006)  loss_count: 0.0030 (0.0037)  loss_consistency: 0.0028 (0.0026)  loss_ce_unscaled: 0.0035 (0.0034)  loss_points_unscaled: 3.2247 (3.2475)  loss_count_unscaled: 3.0044 (3.6519)  loss_consistency_unscaled: 2.8292 (2.5718)  den_ssim: 0.0012 (0.0013)  moe_aux_total: 0.0000 (0.0000)  moe_aux_raw: 0.0000 (0.0000)  l_balance: 0.0000 (0.0000)  l_decorr: 0.0000 (0.0000)  moe_temperature: 0.2768 (0.2771)
2026-04-17 02:18:08 | INFO     | crowdcount.trainer:289 - [ep 159][lr 0.0000996][16.65s]
2026-04-17 02:18:23 | INFO     | crowdcount.trainer:348 - [Eval] mae=144.67  mse=185.19  time=12.8s  best_mae=83.98  best_mse=114.99
2026-04-17 02:18:23 | INFO     | crowdcount.trainer:352 - [Eval] density_mae=70.58  density_mse=118.05  best_density_mae=59.10
2026-04-17 02:18:39 | INFO     | crowdcount.engine:429 - Averaged stats: lr: 0.000100  loss_sum: 0.0358 (0.0582)  losses: 0.0096 (0.0108)  den_loss: 0.0255 (0.0474)  loss_ce: 0.0036 (0.0037)  loss_points: 0.0006 (0.0006)  loss_count: 0.0038 (0.0043)  loss_consistency: 0.0021 (0.0022)  loss_ce_unscaled: 0.0036 (0.0037)  loss_points_unscaled: 3.1133 (3.2150)  loss_count_unscaled: 3.8473 (4.3071)  loss_consistency_unscaled: 2.1331 (2.1942)  den_ssim: 0.0014 (0.0013)  moe_aux_total: 0.0000 (0.0000)  moe_aux_raw: 0.0000 (0.0000)  l_balance: 0.0000 (0.0000)  l_decorr: 0.0000 (0.0000)  moe_temperature: 0.2758 (0.2760)
2026-04-17 02:18:39 | INFO     | crowdcount.trainer:289 - [ep 160][lr 0.0000995][16.83s]
2026-04-17 02:18:54 | INFO     | crowdcount.trainer:348 - [Eval] mae=176.88  mse=228.77  time=12.7s  best_mae=83.98  best_mse=114.99
2026-04-17 02:18:54 | INFO     | crowdcount.trainer:352 - [Eval] density_mae=79.08  density_mse=132.43  best_density_mae=59.10
2026-04-17 02:19:11 | INFO     | crowdcount.engine:429 - Averaged stats: lr: 0.000100  loss_sum: 0.0439 (0.0429)  losses: 0.0097 (0.0101)  den_loss: 0.0337 (0.0328)  loss_ce: 0.0034 (0.0034)  loss_points: 0.0006 (0.0007)  loss_count: 0.0034 (0.0039)  loss_consistency: 0.0017 (0.0021)  loss_ce_unscaled: 0.0034 (0.0034)  loss_points_unscaled: 3.1432 (3.2970)  loss_count_unscaled: 3.4330 (3.9113)  loss_consistency_unscaled: 1.6697 (2.1137)  den_ssim: 0.0013 (0.0013)  moe_aux_total: 0.0000 (0.0000)  moe_aux_raw: 0.0000 (0.0000)  l_balance: 0.0000 (0.0000)  l_decorr: 0.0000 (0.0000)  moe_temperature: 0.2748 (0.2750)
2026-04-17 02:19:11 | INFO     | crowdcount.trainer:289 - [ep 161][lr 0.0000995][16.41s]
2026-04-17 02:19:26 | INFO     | crowdcount.trainer:348 - [Eval] mae=154.12  mse=196.38  time=12.9s  best_mae=83.98  best_mse=114.99
2026-04-17 02:19:26 | INFO     | crowdcount.trainer:352 - [Eval] density_mae=64.89  density_mse=99.31  best_density_mae=59.10
2026-04-17 02:19:42 | INFO     | crowdcount.engine:429 - Averaged stats: lr: 0.000100  loss_sum: 0.0382 (0.0498)  losses: 0.0099 (0.0110)  den_loss: 0.0275 (0.0388)  loss_ce: 0.0033 (0.0036)  loss_points: 0.0007 (0.0006)  loss_count: 0.0037 (0.0043)  loss_consistency: 0.0023 (0.0024)  loss_ce_unscaled: 0.0033 (0.0036)  loss_points_unscaled: 3.2843 (3.2144)  loss_count_unscaled: 3.7426 (4.2763)  loss_consistency_unscaled: 2.2879 (2.4486)  den_ssim: 0.0014 (0.0013)  moe_aux_total: 0.0000 (0.0000)  moe_aux_raw: 0.0000 (0.0000)  l_balance: 0.0000 (0.0000)  l_decorr: 0.0000 (0.0000)  moe_temperature: 0.2738 (0.2740)
2026-04-17 02:19:42 | INFO     | crowdcount.trainer:289 - [ep 162][lr 0.0000995][16.63s]
2026-04-17 02:19:58 | INFO     | crowdcount.trainer:348 - [Eval] mae=151.14  mse=196.50  time=13.3s  best_mae=83.98  best_mse=114.99
2026-04-17 02:19:58 | INFO     | crowdcount.trainer:352 - [Eval] density_mae=71.96  density_mse=104.14  best_density_mae=59.10
2026-04-17 02:20:14 | INFO     | crowdcount.engine:429 - Averaged stats: lr: 0.000100  loss_sum: 0.0389 (0.0456)  losses: 0.0091 (0.0097)  den_loss: 0.0303 (0.0359)  loss_ce: 0.0034 (0.0033)  loss_points: 0.0006 (0.0007)  loss_count: 0.0031 (0.0037)  loss_consistency: 0.0017 (0.0020)  loss_ce_unscaled: 0.0034 (0.0033)  loss_points_unscaled: 3.2241 (3.2828)  loss_count_unscaled: 3.1373 (3.6618)  loss_consistency_unscaled: 1.7216 (2.0469)  den_ssim: 0.0014 (0.0013)  moe_aux_total: 0.0000 (0.0000)  moe_aux_raw: 0.0000 (0.0000)  l_balance: 0.0000 (0.0000)  l_decorr: 0.0000 (0.0000)  moe_temperature: 0.2728 (0.2730)
2026-04-17 02:20:14 | INFO     | crowdcount.trainer:289 - [ep 163][lr 0.0000995][16.33s]
2026-04-17 02:20:29 | INFO     | crowdcount.trainer:348 - [Eval] mae=193.32  mse=248.22  time=12.7s  best_mae=83.98  best_mse=114.99
2026-04-17 02:20:29 | INFO     | crowdcount.trainer:352 - [Eval] density_mae=72.58  density_mse=112.69  best_density_mae=59.10
2026-04-17 02:20:46 | INFO     | crowdcount.engine:429 - Averaged stats: lr: 0.000100  loss_sum: 0.0402 (0.0556)  losses: 0.0100 (0.0106)  den_loss: 0.0282 (0.0450)  loss_ce: 0.0034 (0.0036)  loss_points: 0.0006 (0.0006)  loss_count: 0.0031 (0.0040)  loss_consistency: 0.0026 (0.0023)  loss_ce_unscaled: 0.0034 (0.0036)  loss_points_unscaled: 3.1911 (3.1896)  loss_count_unscaled: 3.0913 (4.0133)  loss_consistency_unscaled: 2.5514 (2.3411)  den_ssim: 0.0013 (0.0013)  moe_aux_total: 0.0000 (0.0000)  moe_aux_raw: 0.0000 (0.0000)  l_balance: 0.0000 (0.0000)  l_decorr: 0.0000 (0.0000)  moe_temperature: 0.2717 (0.2720)
2026-04-17 02:20:46 | INFO     | crowdcount.trainer:289 - [ep 164][lr 0.0000995][16.61s]
2026-04-17 02:21:01 | INFO     | crowdcount.trainer:348 - [Eval] mae=137.64  mse=183.02  time=13.1s  best_mae=83.98  best_mse=114.99
2026-04-17 02:21:01 | INFO     | crowdcount.trainer:352 - [Eval] density_mae=64.32  density_mse=106.92  best_density_mae=59.10
2026-04-17 02:21:18 | INFO     | crowdcount.engine:429 - Averaged stats: lr: 0.000100  loss_sum: 0.0441 (0.0532)  losses: 0.0096 (0.0102)  den_loss: 0.0335 (0.0430)  loss_ce: 0.0031 (0.0034)  loss_points: 0.0006 (0.0007)  loss_count: 0.0035 (0.0040)  loss_consistency: 0.0018 (0.0021)  loss_ce_unscaled: 0.0031 (0.0034)  loss_points_unscaled: 3.1977 (3.3167)  loss_count_unscaled: 3.5289 (4.0392)  loss_consistency_unscaled: 1.8070 (2.1495)  den_ssim: 0.0012 (0.0013)  moe_aux_total: 0.0000 (0.0000)  moe_aux_raw: 0.0000 (0.0000)  l_balance: 0.0000 (0.0000)  l_decorr: 0.0000 (0.0000)  moe_temperature: 0.2707 (0.2710)
2026-04-17 02:21:18 | INFO     | crowdcount.trainer:289 - [ep 165][lr 0.0000995][17.03s]
2026-04-17 02:21:33 | INFO     | crowdcount.trainer:348 - [Eval] mae=189.21  mse=237.37  time=13.0s  best_mae=83.98  best_mse=114.99
2026-04-17 02:21:33 | INFO     | crowdcount.trainer:352 - [Eval] density_mae=69.58  density_mse=105.66  best_density_mae=59.10
2026-04-17 02:21:50 | INFO     | crowdcount.engine:429 - Averaged stats: lr: 0.000100  loss_sum: 0.0439 (0.0557)  losses: 0.0107 (0.0114)  den_loss: 0.0315 (0.0443)  loss_ce: 0.0033 (0.0037)  loss_points: 0.0007 (0.0007)  loss_count: 0.0029 (0.0043)  loss_consistency: 0.0031 (0.0027)  loss_ce_unscaled: 0.0033 (0.0037)  loss_points_unscaled: 3.2563 (3.2547)  loss_count_unscaled: 2.9261 (4.3188)  loss_consistency_unscaled: 3.0569 (2.7308)  den_ssim: 0.0012 (0.0013)  moe_aux_total: 0.0000 (0.0000)  moe_aux_raw: 0.0000 (0.0000)  l_balance: 0.0000 (0.0000)  l_decorr: 0.0000 (0.0000)  moe_temperature: 0.2697 (0.2700)
2026-04-17 02:21:50 | INFO     | crowdcount.trainer:289 - [ep 166][lr 0.0000995][16.66s]
2026-04-17 02:22:05 | INFO     | crowdcount.trainer:348 - [Eval] mae=120.96  mse=158.80  time=12.8s  best_mae=83.98  best_mse=114.99
2026-04-17 02:22:05 | INFO     | crowdcount.trainer:352 - [Eval] density_mae=74.43  density_mse=114.44  best_density_mae=59.10
2026-04-17 02:22:21 | INFO     | crowdcount.engine:429 - Averaged stats: lr: 0.000100  loss_sum: 0.0396 (0.0467)  losses: 0.0092 (0.0104)  den_loss: 0.0314 (0.0363)  loss_ce: 0.0032 (0.0033)  loss_points: 0.0007 (0.0007)  loss_count: 0.0031 (0.0037)  loss_consistency: 0.0026 (0.0027)  loss_ce_unscaled: 0.0032 (0.0033)  loss_points_unscaled: 3.2865 (3.3437)  loss_count_unscaled: 3.0968 (3.7232)  loss_consistency_unscaled: 2.5975 (2.7046)  den_ssim: 0.0012 (0.0013)  moe_aux_total: 0.0000 (0.0000)  moe_aux_raw: 0.0000 (0.0000)  l_balance: 0.0000 (0.0000)  l_decorr: 0.0000 (0.0000)  moe_temperature: 0.2687 (0.2690)
2026-04-17 02:22:21 | INFO     | crowdcount.trainer:289 - [ep 167][lr 0.0000995][16.29s]
2026-04-17 02:22:35 | INFO     | crowdcount.trainer:348 - [Eval] mae=130.68  mse=172.51  time=12.8s  best_mae=83.98  best_mse=114.99
2026-04-17 02:22:35 | INFO     | crowdcount.trainer:352 - [Eval] density_mae=64.74  density_mse=101.44  best_density_mae=59.10
2026-04-17 02:22:52 | INFO     | crowdcount.engine:429 - Averaged stats: lr: 0.000100  loss_sum: 0.0368 (0.0472)  losses: 0.0087 (0.0096)  den_loss: 0.0270 (0.0376)  loss_ce: 0.0031 (0.0033)  loss_points: 0.0006 (0.0007)  loss_count: 0.0033 (0.0036)  loss_consistency: 0.0018 (0.0020)  loss_ce_unscaled: 0.0031 (0.0033)  loss_points_unscaled: 3.2152 (3.3036)  loss_count_unscaled: 3.3253 (3.6159)  loss_consistency_unscaled: 1.8134 (1.9960)  den_ssim: 0.0013 (0.0013)  moe_aux_total: 0.0000 (0.0000)  moe_aux_raw: 0.0000 (0.0000)  l_balance: 0.0000 (0.0000)  l_decorr: 0.0000 (0.0000)  moe_temperature: 0.2678 (0.2680)
2026-04-17 02:22:52 | INFO     | crowdcount.trainer:289 - [ep 168][lr 0.0000995][16.94s]
2026-04-17 02:23:07 | INFO     | crowdcount.trainer:348 - [Eval] mae=171.54  mse=225.24  time=13.1s  best_mae=83.98  best_mse=114.99
2026-04-17 02:23:07 | INFO     | crowdcount.trainer:352 - [Eval] density_mae=66.79  density_mse=115.30  best_density_mae=59.10
2026-04-17 02:23:24 | INFO     | crowdcount.engine:429 - Averaged stats: lr: 0.000099  loss_sum: 0.0406 (0.0505)  losses: 0.0101 (0.0101)  den_loss: 0.0324 (0.0404)  loss_ce: 0.0034 (0.0035)  loss_points: 0.0007 (0.0007)  loss_count: 0.0040 (0.0039)  loss_consistency: 0.0018 (0.0021)  loss_ce_unscaled: 0.0034 (0.0035)  loss_points_unscaled: 3.3705 (3.3232)  loss_count_unscaled: 4.0343 (3.9166)  loss_consistency_unscaled: 1.8191 (2.0537)  den_ssim: 0.0012 (0.0013)  moe_aux_total: 0.0000 (0.0000)  moe_aux_raw: 0.0000 (0.0000)  l_balance: 0.0000 (0.0000)  l_decorr: 0.0000 (0.0000)  moe_temperature: 0.2668 (0.2670)
2026-04-17 02:23:24 | INFO     | crowdcount.trainer:289 - [ep 169][lr 0.0000995][16.90s]
2026-04-17 02:23:39 | INFO     | crowdcount.trainer:348 - [Eval] mae=116.88  mse=157.54  time=12.9s  best_mae=83.98  best_mse=114.99
2026-04-17 02:23:39 | INFO     | crowdcount.trainer:352 - [Eval] density_mae=65.17  density_mse=105.89  best_density_mae=59.10
2026-04-17 02:23:56 | INFO     | crowdcount.engine:429 - Averaged stats: lr: 0.000099  loss_sum: 0.0350 (0.0593)  losses: 0.0094 (0.0106)  den_loss: 0.0248 (0.0488)  loss_ce: 0.0035 (0.0036)  loss_points: 0.0006 (0.0006)  loss_count: 0.0034 (0.0044)  loss_consistency: 0.0017 (0.0019)  loss_ce_unscaled: 0.0035 (0.0036)  loss_points_unscaled: 3.2156 (3.1767)  loss_count_unscaled: 3.4088 (4.3559)  loss_consistency_unscaled: 1.7292 (1.9451)  den_ssim: 0.0013 (0.0013)  moe_aux_total: 0.0000 (0.0000)  moe_aux_raw: 0.0000 (0.0000)  l_balance: 0.0000 (0.0000)  l_decorr: 0.0000 (0.0000)  moe_temperature: 0.2658 (0.2660)
2026-04-17 02:23:56 | INFO     | crowdcount.trainer:289 - [ep 170][lr 0.0000995][17.08s]
2026-04-17 02:24:11 | INFO     | crowdcount.trainer:348 - [Eval] mae=143.01  mse=184.17  time=12.7s  best_mae=83.98  best_mse=114.99
2026-04-17 02:24:11 | INFO     | crowdcount.trainer:352 - [Eval] density_mae=70.55  density_mse=107.48  best_density_mae=59.10
2026-04-17 02:24:28 | INFO     | crowdcount.engine:429 - Averaged stats: lr: 0.000099  loss_sum: 0.0488 (0.0577)  losses: 0.0109 (0.0108)  den_loss: 0.0361 (0.0468)  loss_ce: 0.0038 (0.0037)  loss_points: 0.0006 (0.0006)  loss_count: 0.0037 (0.0042)  loss_consistency: 0.0026 (0.0023)  loss_ce_unscaled: 0.0038 (0.0037)  loss_points_unscaled: 3.0875 (3.1209)  loss_count_unscaled: 3.6990 (4.2002)  loss_consistency_unscaled: 2.5565 (2.2979)  den_ssim: 0.0013 (0.0013)  moe_aux_total: 0.0000 (0.0000)  moe_aux_raw: 0.0000 (0.0000)  l_balance: 0.0000 (0.0000)  l_decorr: 0.0000 (0.0000)  moe_temperature: 0.2648 (0.2650)
2026-04-17 02:24:28 | INFO     | crowdcount.trainer:289 - [ep 171][lr 0.0000995][16.32s]
2026-04-17 02:24:43 | INFO     | crowdcount.trainer:348 - [Eval] mae=116.71  mse=157.82  time=12.9s  best_mae=83.98  best_mse=114.99
2026-04-17 02:24:43 | INFO     | crowdcount.trainer:352 - [Eval] density_mae=65.87  density_mse=106.70  best_density_mae=59.10
2026-04-17 02:24:59 | INFO     | crowdcount.engine:429 - Averaged stats: lr: 0.000099  loss_sum: 0.0385 (0.0586)  losses: 0.0102 (0.0104)  den_loss: 0.0285 (0.0482)  loss_ce: 0.0034 (0.0035)  loss_points: 0.0006 (0.0006)  loss_count: 0.0034 (0.0038)  loss_consistency: 0.0025 (0.0024)  loss_ce_unscaled: 0.0034 (0.0035)  loss_points_unscaled: 3.1907 (3.1909)  loss_count_unscaled: 3.4086 (3.8358)  loss_consistency_unscaled: 2.4891 (2.4470)  den_ssim: 0.0012 (0.0013)  moe_aux_total: 0.0000 (0.0000)  moe_aux_raw: 0.0000 (0.0000)  l_balance: 0.0000 (0.0000)  l_decorr: 0.0000 (0.0000)  moe_temperature: 0.2638 (0.2641)
2026-04-17 02:24:59 | INFO     | crowdcount.trainer:289 - [ep 172][lr 0.0000995][16.77s]
2026-04-17 02:25:14 | INFO     | crowdcount.trainer:348 - [Eval] mae=119.60  mse=162.76  time=13.0s  best_mae=83.98  best_mse=114.99
2026-04-17 02:25:14 | INFO     | crowdcount.trainer:352 - [Eval] density_mae=76.64  density_mse=114.22  best_density_mae=59.10
2026-04-17 02:25:31 | INFO     | crowdcount.engine:429 - Averaged stats: lr: 0.000099  loss_sum: 0.0461 (0.0506)  losses: 0.0100 (0.0105)  den_loss: 0.0356 (0.0401)  loss_ce: 0.0027 (0.0033)  loss_points: 0.0007 (0.0007)  loss_count: 0.0034 (0.0040)  loss_consistency: 0.0024 (0.0026)  loss_ce_unscaled: 0.0027 (0.0033)  loss_points_unscaled: 3.3217 (3.3615)  loss_count_unscaled: 3.3574 (3.9551)  loss_consistency_unscaled: 2.4466 (2.5781)  den_ssim: 0.0013 (0.0013)  moe_aux_total: 0.0000 (0.0000)  moe_aux_raw: 0.0000 (0.0000)  l_balance: 0.0000 (0.0000)  l_decorr: 0.0000 (0.0000)  moe_temperature: 0.2628 (0.2631)
2026-04-17 02:25:31 | INFO     | crowdcount.trainer:289 - [ep 173][lr 0.0000995][16.27s]
2026-04-17 02:25:45 | INFO     | crowdcount.trainer:348 - [Eval] mae=130.77  mse=178.69  time=12.8s  best_mae=83.98  best_mse=114.99
2026-04-17 02:25:45 | INFO     | crowdcount.trainer:352 - [Eval] density_mae=59.92  density_mse=94.18  best_density_mae=59.10
2026-04-17 02:26:02 | INFO     | crowdcount.engine:429 - Averaged stats: lr: 0.000099  loss_sum: 0.0323 (0.0487)  losses: 0.0087 (0.0102)  den_loss: 0.0233 (0.0385)  loss_ce: 0.0031 (0.0034)  loss_points: 0.0006 (0.0006)  loss_count: 0.0028 (0.0038)  loss_consistency: 0.0023 (0.0023)  loss_ce_unscaled: 0.0031 (0.0034)  loss_points_unscaled: 3.1992 (3.2340)  loss_count_unscaled: 2.8321 (3.8047)  loss_consistency_unscaled: 2.2646 (2.3491)  den_ssim: 0.0012 (0.0013)  moe_aux_total: 0.0000 (0.0000)  moe_aux_raw: 0.0000 (0.0000)  l_balance: 0.0000 (0.0000)  l_decorr: 0.0000 (0.0000)  moe_temperature: 0.2619 (0.2621)
2026-04-17 02:26:02 | INFO     | crowdcount.trainer:289 - [ep 174][lr 0.0000995][16.97s]
2026-04-17 02:26:17 | INFO     | crowdcount.trainer:348 - [Eval] mae=110.66  mse=147.13  time=12.9s  best_mae=83.98  best_mse=114.99
2026-04-17 02:26:17 | INFO     | crowdcount.trainer:352 - [Eval] density_mae=68.03  density_mse=108.04  best_density_mae=59.10
2026-04-17 02:26:34 | INFO     | crowdcount.engine:429 - Averaged stats: lr: 0.000099  loss_sum: 0.0359 (0.0558)  losses: 0.0092 (0.0105)  den_loss: 0.0264 (0.0452)  loss_ce: 0.0033 (0.0034)  loss_points: 0.0007 (0.0007)  loss_count: 0.0031 (0.0040)  loss_consistency: 0.0020 (0.0025)  loss_ce_unscaled: 0.0033 (0.0034)  loss_points_unscaled: 3.2770 (3.2625)  loss_count_unscaled: 3.1456 (4.0368)  loss_consistency_unscaled: 2.0469 (2.4628)  den_ssim: 0.0013 (0.0013)  moe_aux_total: 0.0000 (0.0000)  moe_aux_raw: 0.0000 (0.0000)  l_balance: 0.0000 (0.0000)  l_decorr: 0.0000 (0.0000)  moe_temperature: 0.2609 (0.2611)
2026-04-17 02:26:34 | INFO     | crowdcount.trainer:289 - [ep 175][lr 0.0000995][16.89s]
2026-04-17 02:26:49 | INFO     | crowdcount.trainer:348 - [Eval] mae=109.25  mse=150.05  time=12.9s  best_mae=83.98  best_mse=114.99
2026-04-17 02:26:49 | INFO     | crowdcount.trainer:352 - [Eval] density_mae=71.28  density_mse=115.20  best_density_mae=59.10
2026-04-17 02:27:05 | INFO     | crowdcount.engine:429 - Averaged stats: lr: 0.000099  loss_sum: 0.0388 (0.0479)  losses: 0.0096 (0.0098)  den_loss: 0.0288 (0.0380)  loss_ce: 0.0033 (0.0034)  loss_points: 0.0006 (0.0006)  loss_count: 0.0038 (0.0037)  loss_consistency: 0.0017 (0.0022)  loss_ce_unscaled: 0.0033 (0.0034)  loss_points_unscaled: 3.1250 (3.1994)  loss_count_unscaled: 3.7545 (3.6529)  loss_consistency_unscaled: 1.7036 (2.1544)  den_ssim: 0.0013 (0.0012)  moe_aux_total: 0.0000 (0.0000)  moe_aux_raw: 0.0000 (0.0000)  l_balance: 0.0000 (0.0000)  l_decorr: 0.0000 (0.0000)  moe_temperature: 0.2599 (0.2602)
2026-04-17 02:27:05 | INFO     | crowdcount.trainer:289 - [ep 176][lr 0.0000994][15.92s]
2026-04-17 02:27:19 | INFO     | crowdcount.trainer:348 - [Eval] mae=154.52  mse=198.63  time=12.7s  best_mae=83.98  best_mse=114.99
2026-04-17 02:27:20 | INFO     | crowdcount.trainer:352 - [Eval] density_mae=63.05  density_mse=102.52  best_density_mae=59.10
2026-04-17 02:27:36 | INFO     | crowdcount.engine:429 - Averaged stats: lr: 0.000099  loss_sum: 0.0368 (0.0515)  losses: 0.0087 (0.0099)  den_loss: 0.0262 (0.0416)  loss_ce: 0.0033 (0.0033)  loss_points: 0.0006 (0.0007)  loss_count: 0.0032 (0.0038)  loss_consistency: 0.0019 (0.0022)  loss_ce_unscaled: 0.0033 (0.0033)  loss_points_unscaled: 3.2404 (3.2848)  loss_count_unscaled: 3.2306 (3.7895)  loss_consistency_unscaled: 1.9470 (2.1844)  den_ssim: 0.0012 (0.0012)  moe_aux_total: 0.0000 (0.0000)  moe_aux_raw: 0.0000 (0.0000)  l_balance: 0.0000 (0.0000)  l_decorr: 0.0000 (0.0000)  moe_temperature: 0.2590 (0.2592)
2026-04-17 02:27:36 | INFO     | crowdcount.trainer:289 - [ep 177][lr 0.0000994][16.92s]
2026-04-17 02:27:51 | INFO     | crowdcount.trainer:348 - [Eval] mae=185.26  mse=239.96  time=13.1s  best_mae=83.98  best_mse=114.99
2026-04-17 02:27:51 | INFO     | crowdcount.trainer:352 - [Eval] density_mae=69.69  density_mse=114.25  best_density_mae=59.10
2026-04-17 02:28:07 | INFO     | crowdcount.engine:429 - Averaged stats: lr: 0.000099  loss_sum: 0.0380 (0.0491)  losses: 0.0087 (0.0097)  den_loss: 0.0294 (0.0394)  loss_ce: 0.0031 (0.0033)  loss_points: 0.0007 (0.0007)  loss_count: 0.0036 (0.0040)  loss_consistency: 0.0016 (0.0018)  loss_ce_unscaled: 0.0031 (0.0033)  loss_points_unscaled: 3.3752 (3.3186)  loss_count_unscaled: 3.6314 (3.9930)  loss_consistency_unscaled: 1.5929 (1.7518)  den_ssim: 0.0012 (0.0013)  moe_aux_total: 0.0000 (0.0000)  moe_aux_raw: 0.0000 (0.0000)  l_balance: 0.0000 (0.0000)  l_decorr: 0.0000 (0.0000)  moe_temperature: 0.2580 (0.2583)
2026-04-17 02:28:07 | INFO     | crowdcount.trainer:289 - [ep 178][lr 0.0000994][16.36s]
2026-04-17 02:28:22 | INFO     | crowdcount.trainer:348 - [Eval] mae=151.99  mse=199.45  time=13.1s  best_mae=83.98  best_mse=114.99
2026-04-17 02:28:22 | INFO     | crowdcount.trainer:352 - [Eval] density_mae=73.27  density_mse=117.57  best_density_mae=59.10
2026-04-17 02:28:39 | INFO     | crowdcount.engine:429 - Averaged stats: lr: 0.000099  loss_sum: 0.0431 (0.0463)  losses: 0.0085 (0.0097)  den_loss: 0.0285 (0.0366)  loss_ce: 0.0031 (0.0034)  loss_points: 0.0006 (0.0006)  loss_count: 0.0031 (0.0035)  loss_consistency: 0.0019 (0.0021)  loss_ce_unscaled: 0.0031 (0.0034)  loss_points_unscaled: 3.1509 (3.2468)  loss_count_unscaled: 3.1423 (3.5227)  loss_consistency_unscaled: 1.9419 (2.0999)  den_ssim: 0.0012 (0.0013)  moe_aux_total: 0.0000 (0.0000)  moe_aux_raw: 0.0000 (0.0000)  l_balance: 0.0000 (0.0000)  l_decorr: 0.0000 (0.0000)  moe_temperature: 0.2571 (0.2573)
2026-04-17 02:28:39 | INFO     | crowdcount.trainer:289 - [ep 179][lr 0.0000994][16.54s]
2026-04-17 02:28:54 | INFO     | crowdcount.trainer:348 - [Eval] mae=152.68  mse=196.61  time=13.0s  best_mae=83.98  best_mse=114.99
2026-04-17 02:28:54 | INFO     | crowdcount.trainer:352 - [Eval] density_mae=63.73  density_mse=101.04  best_density_mae=59.10
2026-04-17 02:29:10 | INFO     | crowdcount.engine:429 - Averaged stats: lr: 0.000099  loss_sum: 0.0287 (0.0449)  losses: 0.0075 (0.0098)  den_loss: 0.0215 (0.0350)  loss_ce: 0.0027 (0.0033)  loss_points: 0.0006 (0.0006)  loss_count: 0.0025 (0.0037)  loss_consistency: 0.0018 (0.0022)  loss_ce_unscaled: 0.0027 (0.0033)  loss_points_unscaled: 3.0141 (3.0960)  loss_count_unscaled: 2.4664 (3.6630)  loss_consistency_unscaled: 1.8432 (2.2077)  den_ssim: 0.0012 (0.0013)  moe_aux_total: 0.0000 (0.0000)  moe_aux_raw: 0.0000 (0.0000)  l_balance: 0.0000 (0.0000)  l_decorr: 0.0000 (0.0000)  moe_temperature: 0.2561 (0.2564)
2026-04-17 02:29:10 | INFO     | crowdcount.trainer:289 - [ep 180][lr 0.0000994][16.11s]
2026-04-17 02:29:25 | INFO     | crowdcount.trainer:348 - [Eval] mae=168.91  mse=219.08  time=12.9s  best_mae=83.98  best_mse=114.99
2026-04-17 02:29:25 | INFO     | crowdcount.trainer:352 - [Eval] density_mae=74.12  density_mse=111.98  best_density_mae=59.10
2026-04-17 02:29:42 | INFO     | crowdcount.engine:429 - Averaged stats: lr: 0.000099  loss_sum: 0.0429 (0.0468)  losses: 0.0095 (0.0094)  den_loss: 0.0327 (0.0373)  loss_ce: 0.0033 (0.0033)  loss_points: 0.0006 (0.0006)  loss_count: 0.0032 (0.0034)  loss_consistency: 0.0019 (0.0021)  loss_ce_unscaled: 0.0033 (0.0033)  loss_points_unscaled: 3.1639 (3.2136)  loss_count_unscaled: 3.1560 (3.3587)  loss_consistency_unscaled: 1.9268 (2.0989)  den_ssim: 0.0013 (0.0013)  moe_aux_total: 0.0000 (0.0000)  moe_aux_raw: 0.0000 (0.0000)  l_balance: 0.0000 (0.0000)  l_decorr: 0.0000 (0.0000)  moe_temperature: 0.2552 (0.2554)
2026-04-17 02:29:42 | INFO     | crowdcount.trainer:289 - [ep 181][lr 0.0000994][17.20s]
2026-04-17 02:29:57 | INFO     | crowdcount.trainer:348 - [Eval] mae=151.13  mse=206.81  time=13.1s  best_mae=83.98  best_mse=114.99
2026-04-17 02:29:57 | INFO     | crowdcount.trainer:352 - [Eval] density_mae=64.97  density_mse=108.07  best_density_mae=59.10
2026-04-17 02:30:14 | INFO     | crowdcount.engine:429 - Averaged stats: lr: 0.000099  loss_sum: 0.0327 (0.0538)  losses: 0.0096 (0.0114)  den_loss: 0.0237 (0.0423)  loss_ce: 0.0031 (0.0035)  loss_points: 0.0007 (0.0007)  loss_count: 0.0031 (0.0039)  loss_consistency: 0.0029 (0.0034)  loss_ce_unscaled: 0.0031 (0.0035)  loss_points_unscaled: 3.3027 (3.2952)  loss_count_unscaled: 3.1458 (3.9041)  loss_consistency_unscaled: 2.9045 (3.3868)  den_ssim: 0.0012 (0.0013)  moe_aux_total: 0.0000 (0.0000)  moe_aux_raw: 0.0000 (0.0000)  l_balance: 0.0000 (0.0000)  l_decorr: 0.0000 (0.0000)  moe_temperature: 0.2542 (0.2545)
2026-04-17 02:30:14 | INFO     | crowdcount.trainer:289 - [ep 182][lr 0.0000994][16.62s]
2026-04-17 02:30:29 | INFO     | crowdcount.trainer:348 - [Eval] mae=123.32  mse=160.08  time=13.1s  best_mae=83.98  best_mse=114.99
2026-04-17 02:30:29 | INFO     | crowdcount.trainer:352 - [Eval] density_mae=64.78  density_mse=105.65  best_density_mae=59.10
2026-04-17 02:30:45 | INFO     | crowdcount.engine:429 - Averaged stats: lr: 0.000099  loss_sum: 0.0243 (0.0378)  losses: 0.0084 (0.0092)  den_loss: 0.0176 (0.0286)  loss_ce: 0.0031 (0.0032)  loss_points: 0.0006 (0.0006)  loss_count: 0.0028 (0.0032)  loss_consistency: 0.0018 (0.0022)  loss_ce_unscaled: 0.0031 (0.0032)  loss_points_unscaled: 3.2156 (3.1927)  loss_count_unscaled: 2.7757 (3.2013)  loss_consistency_unscaled: 1.8430 (2.1541)  den_ssim: 0.0012 (0.0012)  moe_aux_total: 0.0000 (0.0000)  moe_aux_raw: 0.0000 (0.0000)  l_balance: 0.0000 (0.0000)  l_decorr: 0.0000 (0.0000)  moe_temperature: 0.2533 (0.2535)
2026-04-17 02:30:45 | INFO     | crowdcount.trainer:289 - [ep 183][lr 0.0000994][16.05s]
2026-04-17 02:30:59 | INFO     | crowdcount.trainer:348 - [Eval] mae=179.82  mse=231.12  time=12.9s  best_mae=83.98  best_mse=114.99
2026-04-17 02:30:59 | INFO     | crowdcount.trainer:352 - [Eval] density_mae=60.01  density_mse=96.23  best_density_mae=59.10
2026-04-17 02:31:16 | INFO     | crowdcount.engine:429 - Averaged stats: lr: 0.000099  loss_sum: 0.0354 (0.0444)  losses: 0.0092 (0.0095)  den_loss: 0.0269 (0.0349)  loss_ce: 0.0030 (0.0033)  loss_points: 0.0007 (0.0006)  loss_count: 0.0032 (0.0035)  loss_consistency: 0.0018 (0.0020)  loss_ce_unscaled: 0.0030 (0.0033)  loss_points_unscaled: 3.3131 (3.2151)  loss_count_unscaled: 3.1995 (3.5131)  loss_consistency_unscaled: 1.7800 (2.0334)  den_ssim: 0.0012 (0.0013)  moe_aux_total: 0.0000 (0.0000)  moe_aux_raw: 0.0000 (0.0000)  l_balance: 0.0000 (0.0000)  l_decorr: 0.0000 (0.0000)  moe_temperature: 0.2524 (0.2526)
2026-04-17 02:31:16 | INFO     | crowdcount.trainer:289 - [ep 184][lr 0.0000994][16.56s]
2026-04-17 02:31:31 | INFO     | crowdcount.trainer:348 - [Eval] mae=83.53  mse=126.18  time=13.3s  best_mae=83.53  best_mse=114.99
2026-04-17 02:31:31 | INFO     | crowdcount.trainer:352 - [Eval] density_mae=74.98  density_mse=110.85  best_density_mae=59.10
2026-04-17 02:31:50 | INFO     | crowdcount.engine:429 - Averaged stats: lr: 0.000099  loss_sum: 0.0443 (0.0512)  losses: 0.0100 (0.0098)  den_loss: 0.0353 (0.0414)  loss_ce: 0.0035 (0.0033)  loss_points: 0.0006 (0.0006)  loss_count: 0.0038 (0.0038)  loss_consistency: 0.0019 (0.0020)  loss_ce_unscaled: 0.0035 (0.0033)  loss_points_unscaled: 3.2196 (3.2257)  loss_count_unscaled: 3.8230 (3.7909)  loss_consistency_unscaled: 1.9305 (1.9986)  den_ssim: 0.0012 (0.0013)  moe_aux_total: 0.0000 (0.0000)  moe_aux_raw: 0.0000 (0.0000)  l_balance: 0.0000 (0.0000)  l_decorr: 0.0000 (0.0000)  moe_temperature: 0.2514 (0.2517)
2026-04-17 02:31:50 | INFO     | crowdcount.trainer:289 - [ep 185][lr 0.0000994][16.84s]
2026-04-17 02:32:05 | INFO     | crowdcount.trainer:348 - [Eval] mae=131.18  mse=173.89  time=13.2s  best_mae=83.53  best_mse=114.99
2026-04-17 02:32:05 | INFO     | crowdcount.trainer:352 - [Eval] density_mae=65.13  density_mse=105.19  best_density_mae=59.10
2026-04-17 02:32:22 | INFO     | crowdcount.engine:429 - Averaged stats: lr: 0.000099  loss_sum: 0.0558 (0.0495)  losses: 0.0100 (0.0100)  den_loss: 0.0455 (0.0395)  loss_ce: 0.0035 (0.0034)  loss_points: 0.0006 (0.0006)  loss_count: 0.0038 (0.0039)  loss_consistency: 0.0021 (0.0021)  loss_ce_unscaled: 0.0035 (0.0034)  loss_points_unscaled: 3.1938 (3.2491)  loss_count_unscaled: 3.8309 (3.8587)  loss_consistency_unscaled: 2.0516 (2.1212)  den_ssim: 0.0013 (0.0013)  moe_aux_total: 0.0000 (0.0000)  moe_aux_raw: 0.0000 (0.0000)  l_balance: 0.0000 (0.0000)  l_decorr: 0.0000 (0.0000)  moe_temperature: 0.2505 (0.2507)
2026-04-17 02:32:22 | INFO     | crowdcount.trainer:289 - [ep 186][lr 0.0000994][17.59s]
2026-04-17 02:32:37 | INFO     | crowdcount.trainer:348 - [Eval] mae=116.42  mse=159.19  time=13.1s  best_mae=83.53  best_mse=114.99
2026-04-17 02:32:37 | INFO     | crowdcount.trainer:352 - [Eval] density_mae=66.97  density_mse=107.10  best_density_mae=59.10
2026-04-17 02:32:54 | INFO     | crowdcount.engine:429 - Averaged stats: lr: 0.000099  loss_sum: 0.0328 (0.0457)  losses: 0.0091 (0.0096)  den_loss: 0.0231 (0.0361)  loss_ce: 0.0028 (0.0034)  loss_points: 0.0006 (0.0006)  loss_count: 0.0031 (0.0036)  loss_consistency: 0.0021 (0.0020)  loss_ce_unscaled: 0.0028 (0.0034)  loss_points_unscaled: 3.1356 (3.2294)  loss_count_unscaled: 3.0505 (3.6010)  loss_consistency_unscaled: 2.0886 (2.0069)  den_ssim: 0.0012 (0.0013)  moe_aux_total: 0.0000 (0.0000)  moe_aux_raw: 0.0000 (0.0000)  l_balance: 0.0000 (0.0000)  l_decorr: 0.0000 (0.0000)  moe_temperature: 0.2496 (0.2498)
2026-04-17 02:32:54 | INFO     | crowdcount.trainer:289 - [ep 187][lr 0.0000994][16.82s]
2026-04-17 02:33:10 | INFO     | crowdcount.trainer:348 - [Eval] mae=140.09  mse=180.62  time=13.3s  best_mae=83.53  best_mse=114.99
2026-04-17 02:33:10 | INFO     | crowdcount.trainer:352 - [Eval] density_mae=62.60  density_mse=98.01  best_density_mae=59.10
2026-04-17 02:33:27 | INFO     | crowdcount.engine:429 - Averaged stats: lr: 0.000099  loss_sum: 0.0289 (0.0454)  losses: 0.0086 (0.0097)  den_loss: 0.0196 (0.0356)  loss_ce: 0.0027 (0.0031)  loss_points: 0.0007 (0.0007)  loss_count: 0.0031 (0.0035)  loss_consistency: 0.0020 (0.0024)  loss_ce_unscaled: 0.0027 (0.0031)  loss_points_unscaled: 3.2967 (3.2746)  loss_count_unscaled: 3.0925 (3.5219)  loss_consistency_unscaled: 2.0262 (2.4217)  den_ssim: 0.0011 (0.0012)  moe_aux_total: 0.0000 (0.0000)  moe_aux_raw: 0.0000 (0.0000)  l_balance: 0.0000 (0.0000)  l_decorr: 0.0000 (0.0000)  moe_temperature: 0.2487 (0.2489)
2026-04-17 02:33:27 | INFO     | crowdcount.trainer:289 - [ep 188][lr 0.0000994][17.29s]
2026-04-17 02:33:43 | INFO     | crowdcount.trainer:348 - [Eval] mae=129.79  mse=167.70  time=13.7s  best_mae=83.53  best_mse=114.99
2026-04-17 02:33:43 | INFO     | crowdcount.trainer:352 - [Eval] density_mae=65.48  density_mse=100.59  best_density_mae=59.10
2026-04-17 02:34:00 | INFO     | crowdcount.engine:429 - Averaged stats: lr: 0.000099  loss_sum: 0.0403 (0.0457)  losses: 0.0090 (0.0098)  den_loss: 0.0311 (0.0358)  loss_ce: 0.0033 (0.0034)  loss_points: 0.0007 (0.0006)  loss_count: 0.0034 (0.0038)  loss_consistency: 0.0018 (0.0020)  loss_ce_unscaled: 0.0033 (0.0034)  loss_points_unscaled: 3.2953 (3.2245)  loss_count_unscaled: 3.4328 (3.8033)  loss_consistency_unscaled: 1.8026 (1.9641)  den_ssim: 0.0013 (0.0013)  moe_aux_total: 0.0000 (0.0000)  moe_aux_raw: 0.0000 (0.0000)  l_balance: 0.0000 (0.0000)  l_decorr: 0.0000 (0.0000)  moe_temperature: 0.2477 (0.2480)
2026-04-17 02:34:00 | INFO     | crowdcount.trainer:289 - [ep 189][lr 0.0000994][17.12s]
2026-04-17 02:34:14 | INFO     | crowdcount.trainer:348 - [Eval] mae=111.92  mse=152.06  time=12.8s  best_mae=83.53  best_mse=114.99
2026-04-17 02:34:14 | INFO     | crowdcount.trainer:352 - [Eval] density_mae=63.06  density_mse=100.22  best_density_mae=59.10
2026-04-17 02:34:31 | INFO     | crowdcount.engine:429 - Averaged stats: lr: 0.000099  loss_sum: 0.0346 (0.0440)  losses: 0.0091 (0.0093)  den_loss: 0.0239 (0.0347)  loss_ce: 0.0029 (0.0032)  loss_points: 0.0007 (0.0007)  loss_count: 0.0031 (0.0037)  loss_consistency: 0.0017 (0.0018)  loss_ce_unscaled: 0.0029 (0.0032)  loss_points_unscaled: 3.2684 (3.2766)  loss_count_unscaled: 3.1289 (3.7069)  loss_consistency_unscaled: 1.6517 (1.8152)  den_ssim: 0.0012 (0.0012)  moe_aux_total: 0.0000 (0.0000)  moe_aux_raw: 0.0000 (0.0000)  l_balance: 0.0000 (0.0000)  l_decorr: 0.0000 (0.0000)  moe_temperature: 0.2468 (0.2470)
2026-04-17 02:34:31 | INFO     | crowdcount.trainer:289 - [ep 190][lr 0.0000994][16.53s]
2026-04-17 02:34:46 | INFO     | crowdcount.trainer:348 - [Eval] mae=136.40  mse=184.49  time=13.4s  best_mae=83.53  best_mse=114.99
2026-04-17 02:34:46 | INFO     | crowdcount.trainer:352 - [Eval] density_mae=67.29  density_mse=119.40  best_density_mae=59.10
2026-04-17 02:35:02 | INFO     | crowdcount.engine:429 - Averaged stats: lr: 0.000099  loss_sum: 0.0312 (0.0474)  losses: 0.0078 (0.0094)  den_loss: 0.0239 (0.0380)  loss_ce: 0.0029 (0.0033)  loss_points: 0.0007 (0.0006)  loss_count: 0.0025 (0.0035)  loss_consistency: 0.0017 (0.0019)  loss_ce_unscaled: 0.0029 (0.0033)  loss_points_unscaled: 3.3168 (3.2424)  loss_count_unscaled: 2.5466 (3.5191)  loss_consistency_unscaled: 1.7355 (1.9304)  den_ssim: 0.0012 (0.0012)  moe_aux_total: 0.0000 (0.0000)  moe_aux_raw: 0.0000 (0.0000)  l_balance: 0.0000 (0.0000)  l_decorr: 0.0000 (0.0000)  moe_temperature: 0.2459 (0.2461)
2026-04-17 02:35:02 | INFO     | crowdcount.trainer:289 - [ep 191][lr 0.0000993][16.48s]
2026-04-17 02:35:17 | INFO     | crowdcount.trainer:348 - [Eval] mae=129.96  mse=170.03  time=12.8s  best_mae=83.53  best_mse=114.99
2026-04-17 02:35:17 | INFO     | crowdcount.trainer:352 - [Eval] density_mae=59.45  density_mse=91.73  best_density_mae=59.10
2026-04-17 02:35:33 | INFO     | crowdcount.engine:429 - Averaged stats: lr: 0.000099  loss_sum: 0.0330 (0.0438)  losses: 0.0091 (0.0094)  den_loss: 0.0238 (0.0343)  loss_ce: 0.0034 (0.0034)  loss_points: 0.0006 (0.0006)  loss_count: 0.0030 (0.0035)  loss_consistency: 0.0018 (0.0019)  loss_ce_unscaled: 0.0034 (0.0034)  loss_points_unscaled: 3.0633 (3.1459)  loss_count_unscaled: 3.0206 (3.5070)  loss_consistency_unscaled: 1.7677 (1.9042)  den_ssim: 0.0012 (0.0012)  moe_aux_total: 0.0000 (0.0000)  moe_aux_raw: 0.0000 (0.0000)  l_balance: 0.0000 (0.0000)  l_decorr: 0.0000 (0.0000)  moe_temperature: 0.2450 (0.2452)
2026-04-17 02:35:33 | INFO     | crowdcount.trainer:289 - [ep 192][lr 0.0000993][16.20s]
2026-04-17 02:35:48 | INFO     | crowdcount.trainer:348 - [Eval] mae=140.46  mse=189.13  time=13.0s  best_mae=83.53  best_mse=114.99
2026-04-17 02:35:48 | INFO     | crowdcount.trainer:352 - [Eval] density_mae=63.45  density_mse=100.44  best_density_mae=59.10
2026-04-17 02:36:04 | INFO     | crowdcount.engine:429 - Averaged stats: lr: 0.000099  loss_sum: 0.0333 (0.0526)  losses: 0.0086 (0.0096)  den_loss: 0.0244 (0.0430)  loss_ce: 0.0030 (0.0033)  loss_points: 0.0006 (0.0007)  loss_count: 0.0029 (0.0036)  loss_consistency: 0.0018 (0.0021)  loss_ce_unscaled: 0.0030 (0.0033)  loss_points_unscaled: 3.2500 (3.3100)  loss_count_unscaled: 2.9137 (3.5743)  loss_consistency_unscaled: 1.7581 (2.1295)  den_ssim: 0.0012 (0.0013)  moe_aux_total: 0.0000 (0.0000)  moe_aux_raw: 0.0000 (0.0000)  l_balance: 0.0000 (0.0000)  l_decorr: 0.0000 (0.0000)  moe_temperature: 0.2441 (0.2443)
2026-04-17 02:36:04 | INFO     | crowdcount.trainer:289 - [ep 193][lr 0.0000993][16.01s]
2026-04-17 02:36:19 | INFO     | crowdcount.trainer:348 - [Eval] mae=159.95  mse=210.27  time=13.0s  best_mae=83.53  best_mse=114.99
2026-04-17 02:36:19 | INFO     | crowdcount.trainer:352 - [Eval] density_mae=63.36  density_mse=104.74  best_density_mae=59.10
2026-04-17 02:36:36 | INFO     | crowdcount.engine:429 - Averaged stats: lr: 0.000099  loss_sum: 0.0503 (0.0491)  losses: 0.0090 (0.0092)  den_loss: 0.0402 (0.0399)  loss_ce: 0.0032 (0.0033)  loss_points: 0.0006 (0.0006)  loss_count: 0.0035 (0.0035)  loss_consistency: 0.0016 (0.0018)  loss_ce_unscaled: 0.0032 (0.0033)  loss_points_unscaled: 3.1492 (3.1791)  loss_count_unscaled: 3.5158 (3.4718)  loss_consistency_unscaled: 1.6427 (1.7876)  den_ssim: 0.0012 (0.0012)  moe_aux_total: 0.0000 (0.0000)  moe_aux_raw: 0.0000 (0.0000)  l_balance: 0.0000 (0.0000)  l_decorr: 0.0000 (0.0000)  moe_temperature: 0.2432 (0.2434)
2026-04-17 02:36:36 | INFO     | crowdcount.trainer:289 - [ep 194][lr 0.0000993][16.75s]
2026-04-17 02:36:50 | INFO     | crowdcount.trainer:348 - [Eval] mae=152.78  mse=194.28  time=12.8s  best_mae=83.53  best_mse=114.99
2026-04-17 02:36:50 | INFO     | crowdcount.trainer:352 - [Eval] density_mae=60.35  density_mse=96.85  best_density_mae=59.10
2026-04-17 02:37:07 | INFO     | crowdcount.engine:429 - Averaged stats: lr: 0.000099  loss_sum: 0.0399 (0.0493)  losses: 0.0082 (0.0098)  den_loss: 0.0317 (0.0395)  loss_ce: 0.0029 (0.0033)  loss_points: 0.0006 (0.0006)  loss_count: 0.0030 (0.0037)  loss_consistency: 0.0018 (0.0022)  loss_ce_unscaled: 0.0029 (0.0033)  loss_points_unscaled: 3.1703 (3.1849)  loss_count_unscaled: 2.9978 (3.6812)  loss_consistency_unscaled: 1.8459 (2.1952)  den_ssim: 0.0013 (0.0012)  moe_aux_total: 0.0000 (0.0000)  moe_aux_raw: 0.0000 (0.0000)  l_balance: 0.0000 (0.0000)  l_decorr: 0.0000 (0.0000)  moe_temperature: 0.2423 (0.2425)
2026-04-17 02:37:07 | INFO     | crowdcount.trainer:289 - [ep 195][lr 0.0000993][16.53s]
2026-04-17 02:37:22 | INFO     | crowdcount.trainer:348 - [Eval] mae=141.09  mse=184.64  time=12.9s  best_mae=83.53  best_mse=114.99
2026-04-17 02:37:22 | INFO     | crowdcount.trainer:352 - [Eval] density_mae=63.56  density_mse=101.74  best_density_mae=59.10
2026-04-17 02:37:39 | INFO     | crowdcount.engine:429 - Averaged stats: lr: 0.000099  loss_sum: 0.0430 (0.0536)  losses: 0.0105 (0.0107)  den_loss: 0.0340 (0.0429)  loss_ce: 0.0035 (0.0035)  loss_points: 0.0007 (0.0007)  loss_count: 0.0035 (0.0040)  loss_consistency: 0.0026 (0.0025)  loss_ce_unscaled: 0.0035 (0.0035)  loss_points_unscaled: 3.2684 (3.2515)  loss_count_unscaled: 3.5099 (3.9832)  loss_consistency_unscaled: 2.5669 (2.4941)  den_ssim: 0.0013 (0.0013)  moe_aux_total: 0.0000 (0.0000)  moe_aux_raw: 0.0000 (0.0000)  l_balance: 0.0000 (0.0000)  l_decorr: 0.0000 (0.0000)  moe_temperature: 0.2414 (0.2416)
2026-04-17 02:37:39 | INFO     | crowdcount.trainer:289 - [ep 196][lr 0.0000993][17.28s]
2026-04-17 02:37:54 | INFO     | crowdcount.trainer:348 - [Eval] mae=132.53  mse=178.06  time=13.3s  best_mae=83.53  best_mse=114.99
2026-04-17 02:37:54 | INFO     | crowdcount.trainer:352 - [Eval] density_mae=65.22  density_mse=103.44  best_density_mae=59.10
2026-04-17 02:38:10 | INFO     | crowdcount.engine:429 - Averaged stats: lr: 0.000099  loss_sum: 0.0376 (0.0458)  losses: 0.0080 (0.0097)  den_loss: 0.0295 (0.0361)  loss_ce: 0.0027 (0.0033)  loss_points: 0.0007 (0.0007)  loss_count: 0.0026 (0.0037)  loss_consistency: 0.0015 (0.0021)  loss_ce_unscaled: 0.0027 (0.0033)  loss_points_unscaled: 3.3151 (3.3246)  loss_count_unscaled: 2.5867 (3.7008)  loss_consistency_unscaled: 1.4983 (2.0742)  den_ssim: 0.0011 (0.0012)  moe_aux_total: 0.0000 (0.0000)  moe_aux_raw: 0.0000 (0.0000)  l_balance: 0.0000 (0.0000)  l_decorr: 0.0000 (0.0000)  moe_temperature: 0.2405 (0.2407)
2026-04-17 02:38:10 | INFO     | crowdcount.trainer:289 - [ep 197][lr 0.0000993][16.39s]
2026-04-17 02:38:25 | INFO     | crowdcount.trainer:348 - [Eval] mae=96.31  mse=131.18  time=12.7s  best_mae=83.53  best_mse=114.99
2026-04-17 02:38:25 | INFO     | crowdcount.trainer:352 - [Eval] density_mae=68.71  density_mse=109.13  best_density_mae=59.10
2026-04-17 02:38:42 | INFO     | crowdcount.engine:429 - Averaged stats: lr: 0.000099  loss_sum: 0.0415 (0.0545)  losses: 0.0098 (0.0098)  den_loss: 0.0326 (0.0447)  loss_ce: 0.0034 (0.0034)  loss_points: 0.0007 (0.0007)  loss_count: 0.0038 (0.0039)  loss_consistency: 0.0017 (0.0019)  loss_ce_unscaled: 0.0034 (0.0034)  loss_points_unscaled: 3.3296 (3.2995)  loss_count_unscaled: 3.8162 (3.8723)  loss_consistency_unscaled: 1.7367 (1.9118)  den_ssim: 0.0012 (0.0013)  moe_aux_total: 0.0000 (0.0000)  moe_aux_raw: 0.0000 (0.0000)  l_balance: 0.0000 (0.0000)  l_decorr: 0.0000 (0.0000)  moe_temperature: 0.2396 (0.2398)
2026-04-17 02:38:42 | INFO     | crowdcount.trainer:289 - [ep 198][lr 0.0000993][17.05s]
2026-04-17 02:38:57 | INFO     | crowdcount.trainer:348 - [Eval] mae=99.62  mse=136.11  time=12.9s  best_mae=83.53  best_mse=114.99
2026-04-17 02:38:57 | INFO     | crowdcount.trainer:352 - [Eval] density_mae=73.14  density_mse=109.53  best_density_mae=59.10
2026-04-17 02:39:13 | INFO     | crowdcount.engine:429 - Averaged stats: lr: 0.000099  loss_sum: 0.0328 (0.0452)  losses: 0.0090 (0.0098)  den_loss: 0.0241 (0.0354)  loss_ce: 0.0031 (0.0033)  loss_points: 0.0006 (0.0006)  loss_count: 0.0036 (0.0037)  loss_consistency: 0.0020 (0.0022)  loss_ce_unscaled: 0.0031 (0.0033)  loss_points_unscaled: 3.2078 (3.2482)  loss_count_unscaled: 3.5740 (3.6639)  loss_consistency_unscaled: 1.9503 (2.1839)  den_ssim: 0.0012 (0.0012)  moe_aux_total: 0.0000 (0.0000)  moe_aux_raw: 0.0000 (0.0000)  l_balance: 0.0000 (0.0000)  l_decorr: 0.0000 (0.0000)  moe_temperature: 0.2387 (0.2389)
2026-04-17 02:39:13 | INFO     | crowdcount.trainer:289 - [ep 199][lr 0.0000993][16.11s]
2026-04-17 02:39:28 | INFO     | crowdcount.trainer:348 - [Eval] mae=124.21  mse=171.05  time=12.6s  best_mae=83.53  best_mse=114.99
2026-04-17 02:39:28 | INFO     | crowdcount.trainer:352 - [Eval] density_mae=63.88  density_mse=104.93  best_density_mae=59.10
2026-04-17 02:39:45 | INFO     | crowdcount.engine:429 - Averaged stats: lr: 0.000099  loss_sum: 0.0436 (0.0546)  losses: 0.0097 (0.0112)  den_loss: 0.0326 (0.0434)  loss_ce: 0.0030 (0.0034)  loss_points: 0.0007 (0.0007)  loss_count: 0.0038 (0.0043)  loss_consistency: 0.0025 (0.0029)  loss_ce_unscaled: 0.0030 (0.0034)  loss_points_unscaled: 3.2665 (3.2661)  loss_count_unscaled: 3.8382 (4.2960)  loss_consistency_unscaled: 2.4793 (2.8682)  den_ssim: 0.0012 (0.0013)  moe_aux_total: 0.0000 (0.0000)  moe_aux_raw: 0.0000 (0.0000)  l_balance: 0.0000 (0.0000)  l_decorr: 0.0000 (0.0000)  moe_temperature: 0.2379 (0.2381)
2026-04-17 02:39:45 | INFO     | crowdcount.trainer:289 - [ep 200][lr 0.0000993][16.94s]
2026-04-17 02:40:00 | INFO     | crowdcount.trainer:348 - [Eval] mae=123.37  mse=165.77  time=13.0s  best_mae=83.53  best_mse=114.99
2026-04-17 02:40:00 | INFO     | crowdcount.trainer:352 - [Eval] density_mae=59.63  density_mse=95.66  best_density_mae=59.10
2026-04-17 02:40:16 | INFO     | crowdcount.engine:429 - Averaged stats: lr: 0.000099  loss_sum: 0.0294 (0.0554)  losses: 0.0083 (0.0102)  den_loss: 0.0226 (0.0453)  loss_ce: 0.0030 (0.0034)  loss_points: 0.0006 (0.0006)  loss_count: 0.0032 (0.0040)  loss_consistency: 0.0018 (0.0021)  loss_ce_unscaled: 0.0030 (0.0034)  loss_points_unscaled: 3.1879 (3.1959)  loss_count_unscaled: 3.1562 (4.0032)  loss_consistency_unscaled: 1.7654 (2.1208)  den_ssim: 0.0012 (0.0013)  moe_aux_total: 0.0000 (0.0000)  moe_aux_raw: 0.0000 (0.0000)  l_balance: 0.0000 (0.0000)  l_decorr: 0.0000 (0.0000)  moe_temperature: 0.2370 (0.2372)
2026-04-17 02:40:16 | INFO     | crowdcount.trainer:289 - [ep 201][lr 0.0000993][16.51s]
2026-04-17 02:40:31 | INFO     | crowdcount.trainer:348 - [Eval] mae=124.41  mse=158.55  time=13.0s  best_mae=83.53  best_mse=114.99
2026-04-17 02:40:31 | INFO     | crowdcount.trainer:352 - [Eval] density_mae=65.98  density_mse=94.43  best_density_mae=59.10
2026-04-17 02:40:48 | INFO     | crowdcount.engine:429 - Averaged stats: lr: 0.000099  loss_sum: 0.0392 (0.0552)  losses: 0.0095 (0.0107)  den_loss: 0.0289 (0.0445)  loss_ce: 0.0029 (0.0034)  loss_points: 0.0007 (0.0006)  loss_count: 0.0033 (0.0041)  loss_consistency: 0.0031 (0.0026)  loss_ce_unscaled: 0.0029 (0.0034)  loss_points_unscaled: 3.2521 (3.2022)  loss_count_unscaled: 3.2939 (4.1053)  loss_consistency_unscaled: 3.0883 (2.5524)  den_ssim: 0.0013 (0.0013)  moe_aux_total: 0.0000 (0.0000)  moe_aux_raw: 0.0000 (0.0000)  l_balance: 0.0000 (0.0000)  l_decorr: 0.0000 (0.0000)  moe_temperature: 0.2361 (0.2363)
2026-04-17 02:40:48 | INFO     | crowdcount.trainer:289 - [ep 202][lr 0.0000993][16.86s]
2026-04-17 02:41:03 | INFO     | crowdcount.trainer:348 - [Eval] mae=97.41  mse=143.66  time=12.9s  best_mae=83.53  best_mse=114.99
2026-04-17 02:41:03 | INFO     | crowdcount.trainer:352 - [Eval] density_mae=64.30  density_mse=101.00  best_density_mae=59.10
2026-04-17 02:41:19 | INFO     | crowdcount.engine:429 - Averaged stats: lr: 0.000099  loss_sum: 0.0325 (0.0422)  losses: 0.0093 (0.0097)  den_loss: 0.0211 (0.0324)  loss_ce: 0.0030 (0.0031)  loss_points: 0.0007 (0.0007)  loss_count: 0.0032 (0.0037)  loss_consistency: 0.0018 (0.0022)  loss_ce_unscaled: 0.0030 (0.0031)  loss_points_unscaled: 3.3038 (3.2766)  loss_count_unscaled: 3.2261 (3.7259)  loss_consistency_unscaled: 1.8166 (2.2265)  den_ssim: 0.0012 (0.0012)  moe_aux_total: 0.0000 (0.0000)  moe_aux_raw: 0.0000 (0.0000)  l_balance: 0.0000 (0.0000)  l_decorr: 0.0000 (0.0000)  moe_temperature: 0.2352 (0.2354)
2026-04-17 02:41:19 | INFO     | crowdcount.trainer:289 - [ep 203][lr 0.0000993][16.08s]
2026-04-17 02:41:34 | INFO     | crowdcount.trainer:348 - [Eval] mae=86.08  mse=126.70  time=12.9s  best_mae=83.53  best_mse=114.99
2026-04-17 02:41:34 | INFO     | crowdcount.trainer:352 - [Eval] density_mae=70.30  density_mse=108.20  best_density_mae=59.10
2026-04-17 02:41:51 | INFO     | crowdcount.engine:429 - Averaged stats: lr: 0.000099  loss_sum: 0.0385 (0.0472)  losses: 0.0092 (0.0094)  den_loss: 0.0300 (0.0377)  loss_ce: 0.0031 (0.0032)  loss_points: 0.0007 (0.0007)  loss_count: 0.0032 (0.0035)  loss_consistency: 0.0017 (0.0020)  loss_ce_unscaled: 0.0031 (0.0032)  loss_points_unscaled: 3.3050 (3.2603)  loss_count_unscaled: 3.2250 (3.5373)  loss_consistency_unscaled: 1.7418 (1.9996)  den_ssim: 0.0012 (0.0013)  moe_aux_total: 0.0000 (0.0000)  moe_aux_raw: 0.0000 (0.0000)  l_balance: 0.0000 (0.0000)  l_decorr: 0.0000 (0.0000)  moe_temperature: 0.2344 (0.2346)
2026-04-17 02:41:51 | INFO     | crowdcount.trainer:289 - [ep 204][lr 0.0000992][17.22s]
2026-04-17 02:42:06 | INFO     | crowdcount.trainer:348 - [Eval] mae=150.35  mse=193.33  time=12.9s  best_mae=83.53  best_mse=114.99
2026-04-17 02:42:06 | INFO     | crowdcount.trainer:352 - [Eval] density_mae=61.03  density_mse=99.89  best_density_mae=59.10
2026-04-17 02:42:22 | INFO     | crowdcount.engine:429 - Averaged stats: lr: 0.000099  loss_sum: 0.0603 (0.0569)  losses: 0.0102 (0.0103)  den_loss: 0.0488 (0.0466)  loss_ce: 0.0032 (0.0034)  loss_points: 0.0006 (0.0006)  loss_count: 0.0039 (0.0039)  loss_consistency: 0.0025 (0.0024)  loss_ce_unscaled: 0.0032 (0.0034)  loss_points_unscaled: 3.1289 (3.2126)  loss_count_unscaled: 3.9175 (3.9220)  loss_consistency_unscaled: 2.4892 (2.3644)  den_ssim: 0.0013 (0.0013)  moe_aux_total: 0.0000 (0.0000)  moe_aux_raw: 0.0000 (0.0000)  l_balance: 0.0000 (0.0000)  l_decorr: 0.0000 (0.0000)  moe_temperature: 0.2335 (0.2337)
2026-04-17 02:42:22 | INFO     | crowdcount.trainer:289 - [ep 205][lr 0.0000992][16.70s]
2026-04-17 02:42:37 | INFO     | crowdcount.trainer:348 - [Eval] mae=96.85  mse=138.74  time=13.1s  best_mae=83.53  best_mse=114.99
2026-04-17 02:42:37 | INFO     | crowdcount.trainer:352 - [Eval] density_mae=74.90  density_mse=112.99  best_density_mae=59.10
2026-04-17 02:42:54 | INFO     | crowdcount.engine:429 - Averaged stats: lr: 0.000099  loss_sum: 0.0336 (0.0513)  losses: 0.0096 (0.0101)  den_loss: 0.0235 (0.0411)  loss_ce: 0.0031 (0.0033)  loss_points: 0.0007 (0.0007)  loss_count: 0.0035 (0.0039)  loss_consistency: 0.0019 (0.0024)  loss_ce_unscaled: 0.0031 (0.0033)  loss_points_unscaled: 3.2769 (3.2693)  loss_count_unscaled: 3.4822 (3.8598)  loss_consistency_unscaled: 1.8736 (2.3506)  den_ssim: 0.0012 (0.0013)  moe_aux_total: 0.0000 (0.0000)  moe_aux_raw: 0.0000 (0.0000)  l_balance: 0.0000 (0.0000)  l_decorr: 0.0000 (0.0000)  moe_temperature: 0.2326 (0.2328)
2026-04-17 02:42:54 | INFO     | crowdcount.trainer:289 - [ep 206][lr 0.0000992][17.00s]
2026-04-17 02:43:09 | INFO     | crowdcount.trainer:348 - [Eval] mae=134.13  mse=176.22  time=13.1s  best_mae=83.53  best_mse=114.99
2026-04-17 02:43:09 | INFO     | crowdcount.trainer:352 - [Eval] density_mae=65.83  density_mse=100.66  best_density_mae=59.10
2026-04-17 02:43:26 | INFO     | crowdcount.engine:429 - Averaged stats: lr: 0.000099  loss_sum: 0.0397 (0.0475)  losses: 0.0086 (0.0096)  den_loss: 0.0315 (0.0379)  loss_ce: 0.0029 (0.0033)  loss_points: 0.0006 (0.0006)  loss_count: 0.0030 (0.0037)  loss_consistency: 0.0020 (0.0020)  loss_ce_unscaled: 0.0029 (0.0033)  loss_points_unscaled: 3.2047 (3.2378)  loss_count_unscaled: 3.0473 (3.6679)  loss_consistency_unscaled: 1.9621 (1.9656)  den_ssim: 0.0011 (0.0013)  moe_aux_total: 0.0000 (0.0000)  moe_aux_raw: 0.0000 (0.0000)  l_balance: 0.0000 (0.0000)  l_decorr: 0.0000 (0.0000)  moe_temperature: 0.2318 (0.2320)
2026-04-17 02:43:26 | INFO     | crowdcount.trainer:289 - [ep 207][lr 0.0000992][17.01s]
2026-04-17 02:43:42 | INFO     | crowdcount.trainer:348 - [Eval] mae=144.36  mse=184.46  time=13.1s  best_mae=83.53  best_mse=114.99
2026-04-17 02:43:42 | INFO     | crowdcount.trainer:352 - [Eval] density_mae=66.77  density_mse=98.93  best_density_mae=59.10
2026-04-17 02:43:59 | INFO     | crowdcount.engine:429 - Averaged stats: lr: 0.000099  loss_sum: 0.0324 (0.0506)  losses: 0.0086 (0.0096)  den_loss: 0.0244 (0.0410)  loss_ce: 0.0031 (0.0032)  loss_points: 0.0007 (0.0006)  loss_count: 0.0033 (0.0038)  loss_consistency: 0.0019 (0.0020)  loss_ce_unscaled: 0.0031 (0.0032)  loss_points_unscaled: 3.2744 (3.2446)  loss_count_unscaled: 3.2946 (3.7974)  loss_consistency_unscaled: 1.9058 (1.9529)  den_ssim: 0.0012 (0.0012)  moe_aux_total: 0.0000 (0.0000)  moe_aux_raw: 0.0000 (0.0000)  l_balance: 0.0000 (0.0000)  l_decorr: 0.0000 (0.0000)  moe_temperature: 0.2309 (0.2311)
2026-04-17 02:43:59 | INFO     | crowdcount.trainer:289 - [ep 208][lr 0.0000992][17.36s]
2026-04-17 02:44:14 | INFO     | crowdcount.trainer:348 - [Eval] mae=134.57  mse=175.55  time=13.1s  best_mae=83.53  best_mse=114.99
2026-04-17 02:44:14 | INFO     | crowdcount.trainer:352 - [Eval] density_mae=59.90  density_mse=88.86  best_density_mae=59.10
2026-04-17 02:44:31 | INFO     | crowdcount.engine:429 - Averaged stats: lr: 0.000099  loss_sum: 0.0513 (0.0512)  losses: 0.0094 (0.0100)  den_loss: 0.0400 (0.0411)  loss_ce: 0.0035 (0.0033)  loss_points: 0.0006 (0.0007)  loss_count: 0.0031 (0.0035)  loss_consistency: 0.0017 (0.0025)  loss_ce_unscaled: 0.0035 (0.0033)  loss_points_unscaled: 3.2069 (3.2600)  loss_count_unscaled: 3.1052 (3.5058)  loss_consistency_unscaled: 1.7420 (2.5406)  den_ssim: 0.0012 (0.0012)  moe_aux_total: 0.0000 (0.0000)  moe_aux_raw: 0.0000 (0.0000)  l_balance: 0.0000 (0.0000)  l_decorr: 0.0000 (0.0000)  moe_temperature: 0.2301 (0.2303)
2026-04-17 02:44:31 | INFO     | crowdcount.trainer:289 - [ep 209][lr 0.0000992][16.79s]
2026-04-17 02:44:46 | INFO     | crowdcount.trainer:348 - [Eval] mae=140.68  mse=183.53  time=13.0s  best_mae=83.53  best_mse=114.99
2026-04-17 02:44:46 | INFO     | crowdcount.trainer:352 - [Eval] density_mae=57.16  density_mse=91.09  best_density_mae=57.16
2026-04-17 02:45:02 | INFO     | crowdcount.engine:429 - Averaged stats: lr: 0.000099  loss_sum: 0.0350 (0.0500)  losses: 0.0090 (0.0098)  den_loss: 0.0261 (0.0402)  loss_ce: 0.0027 (0.0031)  loss_points: 0.0006 (0.0006)  loss_count: 0.0031 (0.0035)  loss_consistency: 0.0024 (0.0025)  loss_ce_unscaled: 0.0027 (0.0031)  loss_points_unscaled: 3.1846 (3.2071)  loss_count_unscaled: 3.0676 (3.4717)  loss_consistency_unscaled: 2.4223 (2.5209)  den_ssim: 0.0012 (0.0012)  moe_aux_total: 0.0000 (0.0000)  moe_aux_raw: 0.0000 (0.0000)  l_balance: 0.0000 (0.0000)  l_decorr: 0.0000 (0.0000)  moe_temperature: 0.2292 (0.2294)
2026-04-17 02:45:03 | INFO     | crowdcount.trainer:289 - [ep 210][lr 0.0000992][16.80s]
2026-04-17 02:45:17 | INFO     | crowdcount.trainer:348 - [Eval] mae=133.66  mse=174.87  time=12.9s  best_mae=83.53  best_mse=114.99
2026-04-17 02:45:17 | INFO     | crowdcount.trainer:352 - [Eval] density_mae=61.44  density_mse=93.47  best_density_mae=57.16
2026-04-17 02:45:35 | INFO     | crowdcount.engine:429 - Averaged stats: lr: 0.000099  loss_sum: 0.0480 (0.0493)  losses: 0.0096 (0.0099)  den_loss: 0.0390 (0.0394)  loss_ce: 0.0030 (0.0031)  loss_points: 0.0007 (0.0007)  loss_count: 0.0036 (0.0035)  loss_consistency: 0.0022 (0.0027)  loss_ce_unscaled: 0.0030 (0.0031)  loss_points_unscaled: 3.3363 (3.3447)  loss_count_unscaled: 3.5807 (3.4962)  loss_consistency_unscaled: 2.2275 (2.6648)  den_ssim: 0.0012 (0.0012)  moe_aux_total: 0.0000 (0.0000)  moe_aux_raw: 0.0000 (0.0000)  l_balance: 0.0000 (0.0000)  l_decorr: 0.0000 (0.0000)  moe_temperature: 0.2284 (0.2286)
2026-04-17 02:45:35 | INFO     | crowdcount.trainer:289 - [ep 211][lr 0.0000992][17.47s]
2026-04-17 02:45:50 | INFO     | crowdcount.trainer:348 - [Eval] mae=84.72  mse=112.95  time=13.4s  best_mae=83.53  best_mse=112.95
2026-04-17 02:45:50 | INFO     | crowdcount.trainer:352 - [Eval] density_mae=83.45  density_mse=132.88  best_density_mae=57.16
2026-04-17 02:46:07 | INFO     | crowdcount.engine:429 - Averaged stats: lr: 0.000099  loss_sum: 0.0361 (0.0474)  losses: 0.0093 (0.0098)  den_loss: 0.0266 (0.0376)  loss_ce: 0.0033 (0.0033)  loss_points: 0.0007 (0.0006)  loss_count: 0.0036 (0.0038)  loss_consistency: 0.0019 (0.0021)  loss_ce_unscaled: 0.0033 (0.0033)  loss_points_unscaled: 3.2617 (3.2478)  loss_count_unscaled: 3.5993 (3.7854)  loss_consistency_unscaled: 1.9446 (2.0624)  den_ssim: 0.0013 (0.0013)  moe_aux_total: 0.0000 (0.0000)  moe_aux_raw: 0.0000 (0.0000)  l_balance: 0.0000 (0.0000)  l_decorr: 0.0000 (0.0000)  moe_temperature: 0.2275 (0.2277)
2026-04-17 02:46:07 | INFO     | crowdcount.trainer:289 - [ep 212][lr 0.0000992][16.54s]
2026-04-17 02:46:21 | INFO     | crowdcount.trainer:348 - [Eval] mae=131.10  mse=165.93  time=13.0s  best_mae=83.53  best_mse=112.95
2026-04-17 02:46:21 | INFO     | crowdcount.trainer:352 - [Eval] density_mae=62.39  density_mse=101.28  best_density_mae=57.16
2026-04-17 02:46:38 | INFO     | crowdcount.engine:429 - Averaged stats: lr: 0.000099  loss_sum: 0.0323 (0.0406)  losses: 0.0086 (0.0086)  den_loss: 0.0237 (0.0320)  loss_ce: 0.0029 (0.0030)  loss_points: 0.0006 (0.0007)  loss_count: 0.0026 (0.0031)  loss_consistency: 0.0017 (0.0018)  loss_ce_unscaled: 0.0029 (0.0030)  loss_points_unscaled: 3.2124 (3.2758)  loss_count_unscaled: 2.6107 (3.1235)  loss_consistency_unscaled: 1.6788 (1.7829)  den_ssim: 0.0012 (0.0012)  moe_aux_total: 0.0000 (0.0000)  moe_aux_raw: 0.0000 (0.0000)  l_balance: 0.0000 (0.0000)  l_decorr: 0.0000 (0.0000)  moe_temperature: 0.2267 (0.2269)
2026-04-17 02:46:38 | INFO     | crowdcount.trainer:289 - [ep 213][lr 0.0000992][16.43s]
2026-04-17 02:46:53 | INFO     | crowdcount.trainer:348 - [Eval] mae=135.35  mse=174.89  time=13.1s  best_mae=83.53  best_mse=112.95
2026-04-17 02:46:53 | INFO     | crowdcount.trainer:352 - [Eval] density_mae=61.37  density_mse=99.48  best_density_mae=57.16
2026-04-17 02:47:09 | INFO     | crowdcount.engine:429 - Averaged stats: lr: 0.000099  loss_sum: 0.0332 (0.0416)  losses: 0.0094 (0.0091)  den_loss: 0.0237 (0.0325)  loss_ce: 0.0031 (0.0031)  loss_points: 0.0006 (0.0006)  loss_count: 0.0036 (0.0035)  loss_consistency: 0.0016 (0.0019)  loss_ce_unscaled: 0.0031 (0.0031)  loss_points_unscaled: 3.1536 (3.1693)  loss_count_unscaled: 3.5869 (3.4589)  loss_consistency_unscaled: 1.6196 (1.8614)  den_ssim: 0.0012 (0.0012)  moe_aux_total: 0.0000 (0.0000)  moe_aux_raw: 0.0000 (0.0000)  l_balance: 0.0000 (0.0000)  l_decorr: 0.0000 (0.0000)  moe_temperature: 0.2258 (0.2260)
2026-04-17 02:47:09 | INFO     | crowdcount.trainer:289 - [ep 214][lr 0.0000992][16.17s]
2026-04-17 02:47:24 | INFO     | crowdcount.trainer:348 - [Eval] mae=123.52  mse=173.87  time=12.8s  best_mae=83.53  best_mse=112.95
2026-04-17 02:47:24 | INFO     | crowdcount.trainer:352 - [Eval] density_mae=75.17  density_mse=107.19  best_density_mae=57.16
2026-04-17 02:47:40 | INFO     | crowdcount.engine:429 - Averaged stats: lr: 0.000099  loss_sum: 0.0347 (0.0421)  losses: 0.0086 (0.0087)  den_loss: 0.0265 (0.0333)  loss_ce: 0.0029 (0.0030)  loss_points: 0.0006 (0.0006)  loss_count: 0.0028 (0.0035)  loss_consistency: 0.0017 (0.0016)  loss_ce_unscaled: 0.0029 (0.0030)  loss_points_unscaled: 3.2169 (3.2227)  loss_count_unscaled: 2.7971 (3.4656)  loss_consistency_unscaled: 1.7422 (1.6400)  den_ssim: 0.0012 (0.0012)  moe_aux_total: 0.0000 (0.0000)  moe_aux_raw: 0.0000 (0.0000)  l_balance: 0.0000 (0.0000)  l_decorr: 0.0000 (0.0000)  moe_temperature: 0.2250 (0.2252)
2026-04-17 02:47:40 | INFO     | crowdcount.trainer:289 - [ep 215][lr 0.0000992][16.76s]
2026-04-17 02:47:55 | INFO     | crowdcount.trainer:348 - [Eval] mae=131.49  mse=179.93  time=12.8s  best_mae=83.53  best_mse=112.95
2026-04-17 02:47:55 | INFO     | crowdcount.trainer:352 - [Eval] density_mae=64.34  density_mse=99.59  best_density_mae=57.16
2026-04-17 02:48:12 | INFO     | crowdcount.engine:429 - Averaged stats: lr: 0.000099  loss_sum: 0.0448 (0.0512)  losses: 0.0086 (0.0093)  den_loss: 0.0364 (0.0419)  loss_ce: 0.0033 (0.0033)  loss_points: 0.0006 (0.0006)  loss_count: 0.0035 (0.0037)  loss_consistency: 0.0015 (0.0017)  loss_ce_unscaled: 0.0033 (0.0033)  loss_points_unscaled: 3.0926 (3.1848)  loss_count_unscaled: 3.4615 (3.6531)  loss_consistency_unscaled: 1.5383 (1.7339)  den_ssim: 0.0012 (0.0012)  moe_aux_total: 0.0000 (0.0000)  moe_aux_raw: 0.0000 (0.0000)  l_balance: 0.0000 (0.0000)  l_decorr: 0.0000 (0.0000)  moe_temperature: 0.2242 (0.2244)
2026-04-17 02:48:12 | INFO     | crowdcount.trainer:289 - [ep 216][lr 0.0000992][16.76s]
2026-04-17 02:48:27 | INFO     | crowdcount.trainer:348 - [Eval] mae=105.29  mse=142.66  time=13.1s  best_mae=83.53  best_mse=112.95
2026-04-17 02:48:27 | INFO     | crowdcount.trainer:352 - [Eval] density_mae=60.43  density_mse=96.90  best_density_mae=57.16
2026-04-17 02:48:44 | INFO     | crowdcount.engine:429 - Averaged stats: lr: 0.000099  loss_sum: 0.0388 (0.0457)  losses: 0.0084 (0.0089)  den_loss: 0.0286 (0.0367)  loss_ce: 0.0030 (0.0031)  loss_points: 0.0006 (0.0006)  loss_count: 0.0028 (0.0034)  loss_consistency: 0.0018 (0.0018)  loss_ce_unscaled: 0.0030 (0.0031)  loss_points_unscaled: 3.1404 (3.1600)  loss_count_unscaled: 2.7913 (3.3541)  loss_consistency_unscaled: 1.7606 (1.8271)  den_ssim: 0.0012 (0.0012)  moe_aux_total: 0.0000 (0.0000)  moe_aux_raw: 0.0000 (0.0000)  l_balance: 0.0000 (0.0000)  l_decorr: 0.0000 (0.0000)  moe_temperature: 0.2233 (0.2236)
2026-04-17 02:48:44 | INFO     | crowdcount.trainer:289 - [ep 217][lr 0.0000991][16.79s]
2026-04-17 02:48:58 | INFO     | crowdcount.trainer:348 - [Eval] mae=109.09  mse=145.72  time=12.7s  best_mae=83.53  best_mse=112.95
2026-04-17 02:48:58 | INFO     | crowdcount.trainer:352 - [Eval] density_mae=60.86  density_mse=99.94  best_density_mae=57.16
2026-04-17 02:49:15 | INFO     | crowdcount.engine:429 - Averaged stats: lr: 0.000099  loss_sum: 0.0376 (0.0502)  losses: 0.0094 (0.0100)  den_loss: 0.0261 (0.0402)  loss_ce: 0.0032 (0.0031)  loss_points: 0.0007 (0.0007)  loss_count: 0.0029 (0.0037)  loss_consistency: 0.0020 (0.0026)  loss_ce_unscaled: 0.0032 (0.0031)  loss_points_unscaled: 3.3261 (3.2797)  loss_count_unscaled: 2.9211 (3.6770)  loss_consistency_unscaled: 2.0278 (2.5598)  den_ssim: 0.0013 (0.0012)  moe_aux_total: 0.0000 (0.0000)  moe_aux_raw: 0.0000 (0.0000)  l_balance: 0.0000 (0.0000)  l_decorr: 0.0000 (0.0000)  moe_temperature: 0.2225 (0.2227)
2026-04-17 02:49:15 | INFO     | crowdcount.trainer:289 - [ep 218][lr 0.0000991][16.48s]
2026-04-17 02:49:29 | INFO     | crowdcount.trainer:348 - [Eval] mae=125.83  mse=168.12  time=12.5s  best_mae=83.53  best_mse=112.95
2026-04-17 02:49:29 | INFO     | crowdcount.trainer:352 - [Eval] density_mae=62.25  density_mse=100.34  best_density_mae=57.16
2026-04-17 02:49:46 | INFO     | crowdcount.engine:429 - Averaged stats: lr: 0.000099  loss_sum: 0.0294 (0.0469)  losses: 0.0084 (0.0095)  den_loss: 0.0213 (0.0374)  loss_ce: 0.0031 (0.0033)  loss_points: 0.0007 (0.0006)  loss_count: 0.0030 (0.0039)  loss_consistency: 0.0015 (0.0016)  loss_ce_unscaled: 0.0031 (0.0033)  loss_points_unscaled: 3.2560 (3.2101)  loss_count_unscaled: 2.9832 (3.8883)  loss_consistency_unscaled: 1.5398 (1.6047)  den_ssim: 0.0012 (0.0013)  moe_aux_total: 0.0000 (0.0000)  moe_aux_raw: 0.0000 (0.0000)  l_balance: 0.0000 (0.0000)  l_decorr: 0.0000 (0.0000)  moe_temperature: 0.2217 (0.2219)
2026-04-17 02:49:46 | INFO     | crowdcount.trainer:289 - [ep 219][lr 0.0000991][16.58s]
2026-04-17 02:50:01 | INFO     | crowdcount.trainer:348 - [Eval] mae=135.32  mse=182.00  time=13.0s  best_mae=83.53  best_mse=112.95
2026-04-17 02:50:01 | INFO     | crowdcount.trainer:352 - [Eval] density_mae=69.21  density_mse=103.89  best_density_mae=57.16
2026-04-17 02:50:17 | INFO     | crowdcount.engine:429 - Averaged stats: lr: 0.000099  loss_sum: 0.0498 (0.0510)  losses: 0.0098 (0.0097)  den_loss: 0.0399 (0.0413)  loss_ce: 0.0033 (0.0032)  loss_points: 0.0007 (0.0006)  loss_count: 0.0038 (0.0037)  loss_consistency: 0.0019 (0.0021)  loss_ce_unscaled: 0.0033 (0.0032)  loss_points_unscaled: 3.2833 (3.2483)  loss_count_unscaled: 3.7517 (3.7431)  loss_consistency_unscaled: 1.9161 (2.1103)  den_ssim: 0.0013 (0.0012)  moe_aux_total: 0.0000 (0.0000)  moe_aux_raw: 0.0000 (0.0000)  l_balance: 0.0000 (0.0000)  l_decorr: 0.0000 (0.0000)  moe_temperature: 0.2209 (0.2211)
2026-04-17 02:50:17 | INFO     | crowdcount.trainer:289 - [ep 220][lr 0.0000991][16.53s]
2026-04-17 02:50:32 | INFO     | crowdcount.trainer:348 - [Eval] mae=103.49  mse=141.05  time=12.8s  best_mae=83.53  best_mse=112.95
2026-04-17 02:50:32 | INFO     | crowdcount.trainer:352 - [Eval] density_mae=64.71  density_mse=102.71  best_density_mae=57.16
2026-04-17 02:50:49 | INFO     | crowdcount.engine:429 - Averaged stats: lr: 0.000099  loss_sum: 0.0448 (0.0505)  losses: 0.0090 (0.0095)  den_loss: 0.0358 (0.0410)  loss_ce: 0.0031 (0.0032)  loss_points: 0.0006 (0.0007)  loss_count: 0.0034 (0.0036)  loss_consistency: 0.0019 (0.0020)  loss_ce_unscaled: 0.0031 (0.0032)  loss_points_unscaled: 3.2395 (3.3315)  loss_count_unscaled: 3.4090 (3.5584)  loss_consistency_unscaled: 1.9004 (2.0111)  den_ssim: 0.0013 (0.0013)  moe_aux_total: 0.0000 (0.0000)  moe_aux_raw: 0.0000 (0.0000)  l_balance: 0.0000 (0.0000)  l_decorr: 0.0000 (0.0000)  moe_temperature: 0.2201 (0.2203)
2026-04-17 02:50:49 | INFO     | crowdcount.trainer:289 - [ep 221][lr 0.0000991][16.91s]
2026-04-17 02:51:03 | INFO     | crowdcount.trainer:348 - [Eval] mae=116.09  mse=153.77  time=12.6s  best_mae=83.53  best_mse=112.95
2026-04-17 02:51:03 | INFO     | crowdcount.trainer:352 - [Eval] density_mae=66.95  density_mse=100.73  best_density_mae=57.16
2026-04-17 02:51:19 | INFO     | crowdcount.engine:429 - Averaged stats: lr: 0.000099  loss_sum: 0.0353 (0.0440)  losses: 0.0087 (0.0091)  den_loss: 0.0260 (0.0349)  loss_ce: 0.0027 (0.0031)  loss_points: 0.0007 (0.0006)  loss_count: 0.0032 (0.0034)  loss_consistency: 0.0020 (0.0019)  loss_ce_unscaled: 0.0027 (0.0031)  loss_points_unscaled: 3.2921 (3.2442)  loss_count_unscaled: 3.2423 (3.4188)  loss_consistency_unscaled: 1.9662 (1.9133)  den_ssim: 0.0012 (0.0012)  moe_aux_total: 0.0000 (0.0000)  moe_aux_raw: 0.0000 (0.0000)  l_balance: 0.0000 (0.0000)  l_decorr: 0.0000 (0.0000)  moe_temperature: 0.2193 (0.2195)
2026-04-17 02:51:19 | INFO     | crowdcount.trainer:289 - [ep 222][lr 0.0000991][16.11s]
2026-04-17 02:51:34 | INFO     | crowdcount.trainer:348 - [Eval] mae=77.19  mse=110.24  time=13.2s  best_mae=77.19  best_mse=110.24
2026-04-17 02:51:34 | INFO     | crowdcount.trainer:352 - [Eval] density_mae=65.77  density_mse=104.19  best_density_mae=57.16
2026-04-17 02:51:52 | INFO     | crowdcount.engine:429 - Averaged stats: lr: 0.000099  loss_sum: 0.0373 (0.0467)  losses: 0.0091 (0.0097)  den_loss: 0.0287 (0.0370)  loss_ce: 0.0032 (0.0033)  loss_points: 0.0006 (0.0006)  loss_count: 0.0033 (0.0038)  loss_consistency: 0.0020 (0.0020)  loss_ce_unscaled: 0.0032 (0.0033)  loss_points_unscaled: 3.2243 (3.2132)  loss_count_unscaled: 3.2987 (3.7637)  loss_consistency_unscaled: 2.0313 (1.9992)  den_ssim: 0.0012 (0.0013)  moe_aux_total: 0.0000 (0.0000)  moe_aux_raw: 0.0000 (0.0000)  l_balance: 0.0000 (0.0000)  l_decorr: 0.0000 (0.0000)  moe_temperature: 0.2184 (0.2186)
2026-04-17 02:51:52 | INFO     | crowdcount.trainer:289 - [ep 223][lr 0.0000991][16.50s]
2026-04-17 02:52:07 | INFO     | crowdcount.trainer:348 - [Eval] mae=103.84  mse=143.66  time=13.0s  best_mae=77.19  best_mse=110.24
2026-04-17 02:52:07 | INFO     | crowdcount.trainer:352 - [Eval] density_mae=56.54  density_mse=93.64  best_density_mae=56.54
2026-04-17 02:52:24 | INFO     | crowdcount.engine:429 - Averaged stats: lr: 0.000099  loss_sum: 0.0360 (0.0439)  losses: 0.0086 (0.0087)  den_loss: 0.0270 (0.0352)  loss_ce: 0.0029 (0.0031)  loss_points: 0.0006 (0.0007)  loss_count: 0.0031 (0.0033)  loss_consistency: 0.0018 (0.0017)  loss_ce_unscaled: 0.0029 (0.0031)  loss_points_unscaled: 3.2096 (3.2689)  loss_count_unscaled: 3.1235 (3.2576)  loss_consistency_unscaled: 1.8372 (1.7252)  den_ssim: 0.0012 (0.0012)  moe_aux_total: 0.0000 (0.0000)  moe_aux_raw: 0.0000 (0.0000)  l_balance: 0.0000 (0.0000)  l_decorr: 0.0000 (0.0000)  moe_temperature: 0.2176 (0.2178)
2026-04-17 02:52:24 | INFO     | crowdcount.trainer:289 - [ep 224][lr 0.0000991][16.33s]
2026-04-17 02:52:39 | INFO     | crowdcount.trainer:348 - [Eval] mae=119.08  mse=151.83  time=12.9s  best_mae=77.19  best_mse=110.24
2026-04-17 02:52:39 | INFO     | crowdcount.trainer:352 - [Eval] density_mae=60.71  density_mse=95.90  best_density_mae=56.54
2026-04-17 02:52:56 | INFO     | crowdcount.engine:429 - Averaged stats: lr: 0.000099  loss_sum: 0.0295 (0.0450)  losses: 0.0076 (0.0094)  den_loss: 0.0226 (0.0355)  loss_ce: 0.0025 (0.0032)  loss_points: 0.0006 (0.0006)  loss_count: 0.0026 (0.0035)  loss_consistency: 0.0017 (0.0021)  loss_ce_unscaled: 0.0025 (0.0032)  loss_points_unscaled: 3.1557 (3.2014)  loss_count_unscaled: 2.6355 (3.4552)  loss_consistency_unscaled: 1.7349 (2.1110)  den_ssim: 0.0011 (0.0013)  moe_aux_total: 0.0000 (0.0000)  moe_aux_raw: 0.0000 (0.0000)  l_balance: 0.0000 (0.0000)  l_decorr: 0.0000 (0.0000)  moe_temperature: 0.2168 (0.2170)
2026-04-17 02:52:56 | INFO     | crowdcount.trainer:289 - [ep 225][lr 0.0000991][16.86s]
2026-04-17 02:53:11 | INFO     | crowdcount.trainer:348 - [Eval] mae=116.32  mse=159.99  time=13.2s  best_mae=77.19  best_mse=110.24
2026-04-17 02:53:11 | INFO     | crowdcount.trainer:352 - [Eval] density_mae=62.80  density_mse=99.79  best_density_mae=56.54
2026-04-17 02:53:28 | INFO     | crowdcount.engine:429 - Averaged stats: lr: 0.000099  loss_sum: 0.0436 (0.0517)  losses: 0.0094 (0.0099)  den_loss: 0.0354 (0.0417)  loss_ce: 0.0031 (0.0033)  loss_points: 0.0006 (0.0006)  loss_count: 0.0036 (0.0037)  loss_consistency: 0.0017 (0.0023)  loss_ce_unscaled: 0.0031 (0.0033)  loss_points_unscaled: 3.1206 (3.2203)  loss_count_unscaled: 3.5926 (3.6974)  loss_consistency_unscaled: 1.6854 (2.2657)  den_ssim: 0.0012 (0.0012)  moe_aux_total: 0.0000 (0.0000)  moe_aux_raw: 0.0000 (0.0000)  l_balance: 0.0000 (0.0000)  l_decorr: 0.0000 (0.0000)  moe_temperature: 0.2160 (0.2162)
2026-04-17 02:53:28 | INFO     | crowdcount.trainer:289 - [ep 226][lr 0.0000991][17.12s]
2026-04-17 02:53:43 | INFO     | crowdcount.trainer:348 - [Eval] mae=129.43  mse=173.10  time=13.1s  best_mae=77.19  best_mse=110.24
2026-04-17 02:53:43 | INFO     | crowdcount.trainer:352 - [Eval] density_mae=57.87  density_mse=93.49  best_density_mae=56.54
2026-04-17 02:54:00 | INFO     | crowdcount.engine:429 - Averaged stats: lr: 0.000099  loss_sum: 0.0414 (0.0476)  losses: 0.0097 (0.0095)  den_loss: 0.0321 (0.0380)  loss_ce: 0.0031 (0.0032)  loss_points: 0.0007 (0.0006)  loss_count: 0.0029 (0.0033)  loss_consistency: 0.0024 (0.0024)  loss_ce_unscaled: 0.0031 (0.0032)  loss_points_unscaled: 3.2799 (3.2210)  loss_count_unscaled: 2.9417 (3.3358)  loss_consistency_unscaled: 2.4243 (2.4058)  den_ssim: 0.0012 (0.0012)  moe_aux_total: 0.0000 (0.0000)  moe_aux_raw: 0.0000 (0.0000)  l_balance: 0.0000 (0.0000)  l_decorr: 0.0000 (0.0000)  moe_temperature: 0.2152 (0.2154)
2026-04-17 02:54:00 | INFO     | crowdcount.trainer:289 - [ep 227][lr 0.0000991][16.84s]
2026-04-17 02:54:15 | INFO     | crowdcount.trainer:348 - [Eval] mae=124.16  mse=161.62  time=12.8s  best_mae=77.19  best_mse=110.24
2026-04-17 02:54:15 | INFO     | crowdcount.trainer:352 - [Eval] density_mae=63.23  density_mse=102.53  best_density_mae=56.54
2026-04-17 02:54:32 | INFO     | crowdcount.engine:429 - Averaged stats: lr: 0.000099  loss_sum: 0.0390 (0.0451)  losses: 0.0094 (0.0093)  den_loss: 0.0286 (0.0358)  loss_ce: 0.0029 (0.0031)  loss_points: 0.0006 (0.0006)  loss_count: 0.0028 (0.0033)  loss_consistency: 0.0026 (0.0022)  loss_ce_unscaled: 0.0029 (0.0031)  loss_points_unscaled: 3.2429 (3.2212)  loss_count_unscaled: 2.8040 (3.3342)  loss_consistency_unscaled: 2.6211 (2.2110)  den_ssim: 0.0011 (0.0012)  moe_aux_total: 0.0000 (0.0000)  moe_aux_raw: 0.0000 (0.0000)  l_balance: 0.0000 (0.0000)  l_decorr: 0.0000 (0.0000)  moe_temperature: 0.2144 (0.2146)
2026-04-17 02:54:32 | INFO     | crowdcount.trainer:289 - [ep 228][lr 0.0000990][16.89s]
2026-04-17 02:54:47 | INFO     | crowdcount.trainer:348 - [Eval] mae=136.82  mse=174.84  time=13.1s  best_mae=77.19  best_mse=110.24
2026-04-17 02:54:47 | INFO     | crowdcount.trainer:352 - [Eval] density_mae=62.52  density_mse=96.27  best_density_mae=56.54
2026-04-17 02:55:03 | INFO     | crowdcount.engine:429 - Averaged stats: lr: 0.000099  loss_sum: 0.0373 (0.0424)  losses: 0.0082 (0.0092)  den_loss: 0.0279 (0.0331)  loss_ce: 0.0031 (0.0031)  loss_points: 0.0006 (0.0007)  loss_count: 0.0029 (0.0032)  loss_consistency: 0.0016 (0.0023)  loss_ce_unscaled: 0.0031 (0.0031)  loss_points_unscaled: 3.1382 (3.2692)  loss_count_unscaled: 2.9350 (3.2143)  loss_consistency_unscaled: 1.5907 (2.2552)  den_ssim: 0.0012 (0.0012)  moe_aux_total: 0.0000 (0.0000)  moe_aux_raw: 0.0000 (0.0000)  l_balance: 0.0000 (0.0000)  l_decorr: 0.0000 (0.0000)  moe_temperature: 0.2136 (0.2138)
2026-04-17 02:55:03 | INFO     | crowdcount.trainer:289 - [ep 229][lr 0.0000990][16.68s]
2026-04-17 02:55:18 | INFO     | crowdcount.trainer:348 - [Eval] mae=114.81  mse=154.95  time=13.3s  best_mae=77.19  best_mse=110.24
2026-04-17 02:55:18 | INFO     | crowdcount.trainer:352 - [Eval] density_mae=64.86  density_mse=98.34  best_density_mae=56.54
2026-04-17 02:55:35 | INFO     | crowdcount.engine:429 - Averaged stats: lr: 0.000099  loss_sum: 0.0339 (0.0415)  losses: 0.0088 (0.0088)  den_loss: 0.0257 (0.0326)  loss_ce: 0.0031 (0.0031)  loss_points: 0.0006 (0.0006)  loss_count: 0.0031 (0.0033)  loss_consistency: 0.0019 (0.0018)  loss_ce_unscaled: 0.0031 (0.0031)  loss_points_unscaled: 3.1204 (3.2255)  loss_count_unscaled: 3.1142 (3.2503)  loss_consistency_unscaled: 1.8875 (1.8376)  den_ssim: 0.0012 (0.0012)  moe_aux_total: 0.0000 (0.0000)  moe_aux_raw: 0.0000 (0.0000)  l_balance: 0.0000 (0.0000)  l_decorr: 0.0000 (0.0000)  moe_temperature: 0.2129 (0.2130)
2026-04-17 02:55:35 | INFO     | crowdcount.trainer:289 - [ep 230][lr 0.0000990][16.12s]
2026-04-17 02:55:49 | INFO     | crowdcount.trainer:348 - [Eval] mae=82.54  mse=112.04  time=13.1s  best_mae=77.19  best_mse=110.24
2026-04-17 02:55:49 | INFO     | crowdcount.trainer:352 - [Eval] density_mae=68.71  density_mse=105.89  best_density_mae=56.54
2026-04-17 02:56:06 | INFO     | crowdcount.engine:429 - Averaged stats: lr: 0.000099  loss_sum: 0.0422 (0.0550)  losses: 0.0091 (0.0097)  den_loss: 0.0340 (0.0453)  loss_ce: 0.0031 (0.0032)  loss_points: 0.0007 (0.0007)  loss_count: 0.0029 (0.0036)  loss_consistency: 0.0020 (0.0022)  loss_ce_unscaled: 0.0031 (0.0032)  loss_points_unscaled: 3.2984 (3.2500)  loss_count_unscaled: 2.8787 (3.6388)  loss_consistency_unscaled: 1.9604 (2.1645)  den_ssim: 0.0012 (0.0012)  moe_aux_total: 0.0000 (0.0000)  moe_aux_raw: 0.0000 (0.0000)  l_balance: 0.0000 (0.0000)  l_decorr: 0.0000 (0.0000)  moe_temperature: 0.2121 (0.2123)
2026-04-17 02:56:06 | INFO     | crowdcount.trainer:289 - [ep 231][lr 0.0000990][17.05s]
2026-04-17 02:56:21 | INFO     | crowdcount.trainer:348 - [Eval] mae=104.58  mse=146.47  time=13.0s  best_mae=77.19  best_mse=110.24
2026-04-17 02:56:21 | INFO     | crowdcount.trainer:352 - [Eval] density_mae=66.18  density_mse=102.97  best_density_mae=56.54
2026-04-17 02:56:38 | INFO     | crowdcount.engine:429 - Averaged stats: lr: 0.000099  loss_sum: 0.0329 (0.0403)  losses: 0.0084 (0.0089)  den_loss: 0.0250 (0.0313)  loss_ce: 0.0029 (0.0030)  loss_points: 0.0006 (0.0006)  loss_count: 0.0031 (0.0034)  loss_consistency: 0.0018 (0.0019)  loss_ce_unscaled: 0.0029 (0.0030)  loss_points_unscaled: 3.1584 (3.1825)  loss_count_unscaled: 3.1323 (3.4087)  loss_consistency_unscaled: 1.7564 (1.8897)  den_ssim: 0.0012 (0.0012)  moe_aux_total: 0.0000 (0.0000)  moe_aux_raw: 0.0000 (0.0000)  l_balance: 0.0000 (0.0000)  l_decorr: 0.0000 (0.0000)  moe_temperature: 0.2113 (0.2115)
2026-04-17 02:56:38 | INFO     | crowdcount.trainer:289 - [ep 232][lr 0.0000990][16.44s]
2026-04-17 02:56:53 | INFO     | crowdcount.trainer:348 - [Eval] mae=167.64  mse=219.86  time=13.1s  best_mae=77.19  best_mse=110.24
2026-04-17 02:56:53 | INFO     | crowdcount.trainer:352 - [Eval] density_mae=71.73  density_mse=111.11  best_density_mae=56.54
2026-04-17 02:57:10 | INFO     | crowdcount.engine:429 - Averaged stats: lr: 0.000099  loss_sum: 0.0415 (0.0487)  losses: 0.0088 (0.0098)  den_loss: 0.0324 (0.0389)  loss_ce: 0.0032 (0.0034)  loss_points: 0.0006 (0.0006)  loss_count: 0.0033 (0.0039)  loss_consistency: 0.0016 (0.0019)  loss_ce_unscaled: 0.0032 (0.0034)  loss_points_unscaled: 3.1514 (3.2191)  loss_count_unscaled: 3.3156 (3.8927)  loss_consistency_unscaled: 1.5574 (1.8826)  den_ssim: 0.0012 (0.0013)  moe_aux_total: 0.0000 (0.0000)  moe_aux_raw: 0.0000 (0.0000)  l_balance: 0.0000 (0.0000)  l_decorr: 0.0000 (0.0000)  moe_temperature: 0.2105 (0.2107)
2026-04-17 02:57:10 | INFO     | crowdcount.trainer:289 - [ep 233][lr 0.0000990][16.89s]
2026-04-17 02:57:25 | INFO     | crowdcount.trainer:348 - [Eval] mae=142.00  mse=188.06  time=13.0s  best_mae=77.19  best_mse=110.24
2026-04-17 02:57:25 | INFO     | crowdcount.trainer:352 - [Eval] density_mae=63.72  density_mse=99.11  best_density_mae=56.54
2026-04-17 02:57:41 | INFO     | crowdcount.engine:429 - Averaged stats: lr: 0.000099  loss_sum: 0.0232 (0.0491)  losses: 0.0076 (0.0096)  den_loss: 0.0155 (0.0395)  loss_ce: 0.0026 (0.0032)  loss_points: 0.0006 (0.0006)  loss_count: 0.0024 (0.0036)  loss_consistency: 0.0019 (0.0022)  loss_ce_unscaled: 0.0026 (0.0032)  loss_points_unscaled: 3.1637 (3.1484)  loss_count_unscaled: 2.4478 (3.5633)  loss_consistency_unscaled: 1.9304 (2.1597)  den_ssim: 0.0012 (0.0012)  moe_aux_total: 0.0000 (0.0000)  moe_aux_raw: 0.0000 (0.0000)  l_balance: 0.0000 (0.0000)  l_decorr: 0.0000 (0.0000)  moe_temperature: 0.2097 (0.2099)
2026-04-17 02:57:41 | INFO     | crowdcount.trainer:289 - [ep 234][lr 0.0000990][16.71s]
2026-04-17 02:57:56 | INFO     | crowdcount.trainer:348 - [Eval] mae=144.63  mse=188.86  time=13.3s  best_mae=77.19  best_mse=110.24
2026-04-17 02:57:56 | INFO     | crowdcount.trainer:352 - [Eval] density_mae=66.86  density_mse=105.24  best_density_mae=56.54
2026-04-17 02:58:13 | INFO     | crowdcount.engine:429 - Averaged stats: lr: 0.000099  loss_sum: 0.0459 (0.0536)  losses: 0.0096 (0.0100)  den_loss: 0.0355 (0.0436)  loss_ce: 0.0032 (0.0032)  loss_points: 0.0006 (0.0006)  loss_count: 0.0038 (0.0039)  loss_consistency: 0.0019 (0.0022)  loss_ce_unscaled: 0.0032 (0.0032)  loss_points_unscaled: 3.1962 (3.2282)  loss_count_unscaled: 3.8163 (3.9235)  loss_consistency_unscaled: 1.8986 (2.1674)  den_ssim: 0.0013 (0.0012)  moe_aux_total: 0.0000 (0.0000)  moe_aux_raw: 0.0000 (0.0000)  l_balance: 0.0000 (0.0000)  l_decorr: 0.0000 (0.0000)  moe_temperature: 0.2090 (0.2091)
2026-04-17 02:58:13 | INFO     | crowdcount.trainer:289 - [ep 235][lr 0.0000990][16.69s]
2026-04-17 02:58:28 | INFO     | crowdcount.trainer:348 - [Eval] mae=140.24  mse=179.34  time=12.8s  best_mae=77.19  best_mse=110.24
2026-04-17 02:58:28 | INFO     | crowdcount.trainer:352 - [Eval] density_mae=71.24  density_mse=108.63  best_density_mae=56.54
2026-04-17 02:58:45 | INFO     | crowdcount.engine:429 - Averaged stats: lr: 0.000099  loss_sum: 0.0381 (0.0473)  losses: 0.0083 (0.0089)  den_loss: 0.0297 (0.0384)  loss_ce: 0.0031 (0.0030)  loss_points: 0.0006 (0.0007)  loss_count: 0.0026 (0.0032)  loss_consistency: 0.0017 (0.0020)  loss_ce_unscaled: 0.0031 (0.0030)  loss_points_unscaled: 3.2027 (3.2568)  loss_count_unscaled: 2.6401 (3.1968)  loss_consistency_unscaled: 1.6854 (2.0130)  den_ssim: 0.0011 (0.0012)  moe_aux_total: 0.0000 (0.0000)  moe_aux_raw: 0.0000 (0.0000)  l_balance: 0.0000 (0.0000)  l_decorr: 0.0000 (0.0000)  moe_temperature: 0.2082 (0.2084)
2026-04-17 02:58:45 | INFO     | crowdcount.trainer:289 - [ep 236][lr 0.0000990][16.91s]
2026-04-17 02:58:59 | INFO     | crowdcount.trainer:348 - [Eval] mae=149.25  mse=206.83  time=12.6s  best_mae=77.19  best_mse=110.24
2026-04-17 02:58:59 | INFO     | crowdcount.trainer:352 - [Eval] density_mae=62.92  density_mse=108.94  best_density_mae=56.54
2026-04-17 02:59:16 | INFO     | crowdcount.engine:429 - Averaged stats: lr: 0.000099  loss_sum: 0.0348 (0.0486)  losses: 0.0086 (0.0095)  den_loss: 0.0254 (0.0390)  loss_ce: 0.0030 (0.0033)  loss_points: 0.0006 (0.0006)  loss_count: 0.0033 (0.0040)  loss_consistency: 0.0017 (0.0016)  loss_ce_unscaled: 0.0030 (0.0033)  loss_points_unscaled: 3.2123 (3.2496)  loss_count_unscaled: 3.3138 (3.9856)  loss_consistency_unscaled: 1.6623 (1.6071)  den_ssim: 0.0012 (0.0012)  moe_aux_total: 0.0000 (0.0000)  moe_aux_raw: 0.0000 (0.0000)  l_balance: 0.0000 (0.0000)  l_decorr: 0.0000 (0.0000)  moe_temperature: 0.2074 (0.2076)
2026-04-17 02:59:16 | INFO     | crowdcount.trainer:289 - [ep 237][lr 0.0000990][17.14s]
2026-04-17 02:59:31 | INFO     | crowdcount.trainer:348 - [Eval] mae=106.08  mse=146.60  time=13.0s  best_mae=77.19  best_mse=110.24
2026-04-17 02:59:31 | INFO     | crowdcount.trainer:352 - [Eval] density_mae=62.61  density_mse=98.54  best_density_mae=56.54
2026-04-17 02:59:48 | INFO     | crowdcount.engine:429 - Averaged stats: lr: 0.000099  loss_sum: 0.0397 (0.0552)  losses: 0.0089 (0.0099)  den_loss: 0.0302 (0.0453)  loss_ce: 0.0030 (0.0031)  loss_points: 0.0006 (0.0006)  loss_count: 0.0033 (0.0039)  loss_consistency: 0.0020 (0.0022)  loss_ce_unscaled: 0.0030 (0.0031)  loss_points_unscaled: 3.1629 (3.2119)  loss_count_unscaled: 3.3017 (3.9099)  loss_consistency_unscaled: 1.9608 (2.1564)  den_ssim: 0.0012 (0.0012)  moe_aux_total: 0.0000 (0.0000)  moe_aux_raw: 0.0000 (0.0000)  l_balance: 0.0000 (0.0000)  l_decorr: 0.0000 (0.0000)  moe_temperature: 0.2066 (0.2068)
2026-04-17 02:59:48 | INFO     | crowdcount.trainer:289 - [ep 238][lr 0.0000990][16.70s]
2026-04-17 03:00:03 | INFO     | crowdcount.trainer:348 - [Eval] mae=130.76  mse=175.53  time=13.2s  best_mae=77.19  best_mse=110.24
2026-04-17 03:00:03 | INFO     | crowdcount.trainer:352 - [Eval] density_mae=61.47  density_mse=99.57  best_density_mae=56.54
2026-04-17 03:00:20 | INFO     | crowdcount.engine:429 - Averaged stats: lr: 0.000099  loss_sum: 0.0378 (0.0419)  losses: 0.0093 (0.0089)  den_loss: 0.0281 (0.0330)  loss_ce: 0.0028 (0.0029)  loss_points: 0.0007 (0.0007)  loss_count: 0.0033 (0.0034)  loss_consistency: 0.0019 (0.0019)  loss_ce_unscaled: 0.0028 (0.0029)  loss_points_unscaled: 3.3096 (3.3151)  loss_count_unscaled: 3.3376 (3.3605)  loss_consistency_unscaled: 1.8807 (1.9376)  den_ssim: 0.0011 (0.0012)  moe_aux_total: 0.0000 (0.0000)  moe_aux_raw: 0.0000 (0.0000)  l_balance: 0.0000 (0.0000)  l_decorr: 0.0000 (0.0000)  moe_temperature: 0.2059 (0.2061)
2026-04-17 03:00:20 | INFO     | crowdcount.trainer:289 - [ep 239][lr 0.0000990][16.87s]
2026-04-17 03:00:35 | INFO     | crowdcount.trainer:348 - [Eval] mae=98.95  mse=140.28  time=12.8s  best_mae=77.19  best_mse=110.24
2026-04-17 03:00:35 | INFO     | crowdcount.trainer:352 - [Eval] density_mae=59.93  density_mse=92.04  best_density_mae=56.54
2026-04-17 03:00:51 | INFO     | crowdcount.engine:429 - Averaged stats: lr: 0.000099  loss_sum: 0.0401 (0.0479)  losses: 0.0083 (0.0089)  den_loss: 0.0320 (0.0390)  loss_ce: 0.0030 (0.0032)  loss_points: 0.0006 (0.0006)  loss_count: 0.0030 (0.0034)  loss_consistency: 0.0015 (0.0016)  loss_ce_unscaled: 0.0030 (0.0032)  loss_points_unscaled: 3.1884 (3.2358)  loss_count_unscaled: 3.0086 (3.4356)  loss_consistency_unscaled: 1.4918 (1.6365)  den_ssim: 0.0012 (0.0012)  moe_aux_total: 0.0000 (0.0000)  moe_aux_raw: 0.0000 (0.0000)  l_balance: 0.0000 (0.0000)  l_decorr: 0.0000 (0.0000)  moe_temperature: 0.2051 (0.2053)
2026-04-17 03:00:51 | INFO     | crowdcount.trainer:289 - [ep 240][lr 0.0000989][16.31s]
2026-04-17 03:01:05 | INFO     | crowdcount.trainer:348 - [Eval] mae=133.13  mse=176.67  time=12.4s  best_mae=77.19  best_mse=110.24
2026-04-17 03:01:05 | INFO     | crowdcount.trainer:352 - [Eval] density_mae=66.65  density_mse=103.61  best_density_mae=56.54
2026-04-17 03:01:21 | INFO     | crowdcount.engine:429 - Averaged stats: lr: 0.000099  loss_sum: 0.0381 (0.0448)  losses: 0.0097 (0.0095)  den_loss: 0.0284 (0.0353)  loss_ce: 0.0030 (0.0032)  loss_points: 0.0007 (0.0006)  loss_count: 0.0030 (0.0034)  loss_consistency: 0.0026 (0.0023)  loss_ce_unscaled: 0.0030 (0.0032)  loss_points_unscaled: 3.2635 (3.2390)  loss_count_unscaled: 2.9905 (3.3765)  loss_consistency_unscaled: 2.5616 (2.3330)  den_ssim: 0.0012 (0.0012)  moe_aux_total: 0.0000 (0.0000)  moe_aux_raw: 0.0000 (0.0000)  l_balance: 0.0000 (0.0000)  l_decorr: 0.0000 (0.0000)  moe_temperature: 0.2044 (0.2046)
2026-04-17 03:01:21 | INFO     | crowdcount.trainer:289 - [ep 241][lr 0.0000989][15.67s]
2026-04-17 03:01:35 | INFO     | crowdcount.trainer:348 - [Eval] mae=94.52  mse=127.52  time=12.5s  best_mae=77.19  best_mse=110.24
2026-04-17 03:01:35 | INFO     | crowdcount.trainer:352 - [Eval] density_mae=69.90  density_mse=107.51  best_density_mae=56.54
2026-04-17 03:01:51 | INFO     | crowdcount.engine:429 - Averaged stats: lr: 0.000099  loss_sum: 0.0414 (0.0471)  losses: 0.0092 (0.0091)  den_loss: 0.0320 (0.0380)  loss_ce: 0.0033 (0.0031)  loss_points: 0.0006 (0.0007)  loss_count: 0.0031 (0.0035)  loss_consistency: 0.0017 (0.0018)  loss_ce_unscaled: 0.0033 (0.0031)  loss_points_unscaled: 3.2265 (3.2605)  loss_count_unscaled: 3.1477 (3.4785)  loss_consistency_unscaled: 1.7037 (1.8163)  den_ssim: 0.0012 (0.0012)  moe_aux_total: 0.0000 (0.0000)  moe_aux_raw: 0.0000 (0.0000)  l_balance: 0.0000 (0.0000)  l_decorr: 0.0000 (0.0000)  moe_temperature: 0.2036 (0.2038)
2026-04-17 03:01:51 | INFO     | crowdcount.trainer:289 - [ep 242][lr 0.0000989][15.88s]
2026-04-17 03:02:06 | INFO     | crowdcount.trainer:348 - [Eval] mae=116.77  mse=160.10  time=12.9s  best_mae=77.19  best_mse=110.24
2026-04-17 03:02:06 | INFO     | crowdcount.trainer:352 - [Eval] density_mae=62.94  density_mse=95.20  best_density_mae=56.54
2026-04-17 03:02:22 | INFO     | crowdcount.engine:429 - Averaged stats: lr: 0.000099  loss_sum: 0.0383 (0.0452)  losses: 0.0088 (0.0091)  den_loss: 0.0299 (0.0362)  loss_ce: 0.0027 (0.0030)  loss_points: 0.0006 (0.0007)  loss_count: 0.0038 (0.0035)  loss_consistency: 0.0019 (0.0019)  loss_ce_unscaled: 0.0027 (0.0030)  loss_points_unscaled: 3.2308 (3.2608)  loss_count_unscaled: 3.8027 (3.5245)  loss_consistency_unscaled: 1.8873 (1.8609)  den_ssim: 0.0012 (0.0012)  moe_aux_total: 0.0000 (0.0000)  moe_aux_raw: 0.0000 (0.0000)  l_balance: 0.0000 (0.0000)  l_decorr: 0.0000 (0.0000)  moe_temperature: 0.2029 (0.2030)
2026-04-17 03:02:22 | INFO     | crowdcount.trainer:289 - [ep 243][lr 0.0000989][16.14s]
2026-04-17 03:02:37 | INFO     | crowdcount.trainer:348 - [Eval] mae=130.75  mse=174.82  time=12.8s  best_mae=77.19  best_mse=110.24
2026-04-17 03:02:37 | INFO     | crowdcount.trainer:352 - [Eval] density_mae=61.27  density_mse=98.44  best_density_mae=56.54
2026-04-17 03:02:52 | INFO     | crowdcount.engine:429 - Averaged stats: lr: 0.000099  loss_sum: 0.0249 (0.0423)  losses: 0.0076 (0.0087)  den_loss: 0.0169 (0.0337)  loss_ce: 0.0026 (0.0030)  loss_points: 0.0006 (0.0006)  loss_count: 0.0027 (0.0032)  loss_consistency: 0.0016 (0.0019)  loss_ce_unscaled: 0.0026 (0.0030)  loss_points_unscaled: 3.0147 (3.2059)  loss_count_unscaled: 2.6793 (3.1770)  loss_consistency_unscaled: 1.6306 (1.8640)  den_ssim: 0.0011 (0.0012)  moe_aux_total: 0.0000 (0.0000)  moe_aux_raw: 0.0000 (0.0000)  l_balance: 0.0000 (0.0000)  l_decorr: 0.0000 (0.0000)  moe_temperature: 0.2021 (0.2023)
2026-04-17 03:02:52 | INFO     | crowdcount.trainer:289 - [ep 244][lr 0.0000989][15.71s]
2026-04-17 03:03:07 | INFO     | crowdcount.trainer:348 - [Eval] mae=130.81  mse=168.28  time=12.7s  best_mae=77.19  best_mse=110.24
2026-04-17 03:03:07 | INFO     | crowdcount.trainer:352 - [Eval] density_mae=60.90  density_mse=99.74  best_density_mae=56.54
2026-04-17 03:03:24 | INFO     | crowdcount.engine:429 - Averaged stats: lr: 0.000099  loss_sum: 0.0291 (0.0368)  losses: 0.0093 (0.0088)  den_loss: 0.0220 (0.0280)  loss_ce: 0.0031 (0.0030)  loss_points: 0.0006 (0.0006)  loss_count: 0.0028 (0.0032)  loss_consistency: 0.0023 (0.0019)  loss_ce_unscaled: 0.0031 (0.0030)  loss_points_unscaled: 3.1191 (3.1452)  loss_count_unscaled: 2.7835 (3.1642)  loss_consistency_unscaled: 2.2610 (1.9364)  den_ssim: 0.0012 (0.0012)  moe_aux_total: 0.0000 (0.0000)  moe_aux_raw: 0.0000 (0.0000)  l_balance: 0.0000 (0.0000)  l_decorr: 0.0000 (0.0000)  moe_temperature: 0.2014 (0.2015)
2026-04-17 03:03:24 | INFO     | crowdcount.trainer:289 - [ep 245][lr 0.0000989][16.80s]
2026-04-17 03:03:39 | INFO     | crowdcount.trainer:348 - [Eval] mae=144.53  mse=196.59  time=13.3s  best_mae=77.19  best_mse=110.24
2026-04-17 03:03:39 | INFO     | crowdcount.trainer:352 - [Eval] density_mae=75.15  density_mse=119.42  best_density_mae=56.54
2026-04-17 03:03:56 | INFO     | crowdcount.engine:429 - Averaged stats: lr: 0.000099  loss_sum: 0.0458 (0.0448)  losses: 0.0092 (0.0092)  den_loss: 0.0357 (0.0357)  loss_ce: 0.0030 (0.0032)  loss_points: 0.0006 (0.0006)  loss_count: 0.0034 (0.0034)  loss_consistency: 0.0018 (0.0019)  loss_ce_unscaled: 0.0030 (0.0032)  loss_points_unscaled: 3.1267 (3.1930)  loss_count_unscaled: 3.3737 (3.4474)  loss_consistency_unscaled: 1.7551 (1.9238)  den_ssim: 0.0012 (0.0012)  moe_aux_total: 0.0000 (0.0000)  moe_aux_raw: 0.0000 (0.0000)  l_balance: 0.0000 (0.0000)  l_decorr: 0.0000 (0.0000)  moe_temperature: 0.2006 (0.2008)
2026-04-17 03:03:56 | INFO     | crowdcount.trainer:289 - [ep 246][lr 0.0000989][16.32s]
2026-04-17 03:04:10 | INFO     | crowdcount.trainer:348 - [Eval] mae=89.57  mse=123.20  time=12.8s  best_mae=77.19  best_mse=110.24
2026-04-17 03:04:10 | INFO     | crowdcount.trainer:352 - [Eval] density_mae=64.69  density_mse=97.19  best_density_mae=56.54
2026-04-17 03:04:27 | INFO     | crowdcount.engine:429 - Averaged stats: lr: 0.000099  loss_sum: 0.0384 (0.0481)  losses: 0.0086 (0.0094)  den_loss: 0.0286 (0.0387)  loss_ce: 0.0032 (0.0032)  loss_points: 0.0006 (0.0006)  loss_count: 0.0030 (0.0034)  loss_consistency: 0.0019 (0.0022)  loss_ce_unscaled: 0.0032 (0.0032)  loss_points_unscaled: 3.2084 (3.2309)  loss_count_unscaled: 3.0043 (3.4012)  loss_consistency_unscaled: 1.9448 (2.1637)  den_ssim: 0.0011 (0.0012)  moe_aux_total: 0.0000 (0.0000)  moe_aux_raw: 0.0000 (0.0000)  l_balance: 0.0000 (0.0000)  l_decorr: 0.0000 (0.0000)  moe_temperature: 0.1999 (0.2001)
2026-04-17 03:04:27 | INFO     | crowdcount.trainer:289 - [ep 247][lr 0.0000989][16.67s]
2026-04-17 03:04:41 | INFO     | crowdcount.trainer:348 - [Eval] mae=133.00  mse=177.50  time=12.5s  best_mae=77.19  best_mse=110.24
2026-04-17 03:04:41 | INFO     | crowdcount.trainer:352 - [Eval] density_mae=63.76  density_mse=103.73  best_density_mae=56.54
2026-04-17 03:04:57 | INFO     | crowdcount.engine:429 - Averaged stats: lr: 0.000099  loss_sum: 0.0417 (0.0451)  losses: 0.0082 (0.0092)  den_loss: 0.0318 (0.0358)  loss_ce: 0.0030 (0.0030)  loss_points: 0.0006 (0.0006)  loss_count: 0.0029 (0.0033)  loss_consistency: 0.0018 (0.0023)  loss_ce_unscaled: 0.0030 (0.0030)  loss_points_unscaled: 3.1868 (3.2431)  loss_count_unscaled: 2.8866 (3.2924)  loss_consistency_unscaled: 1.8378 (2.2924)  den_ssim: 0.0012 (0.0012)  moe_aux_total: 0.0000 (0.0000)  moe_aux_raw: 0.0000 (0.0000)  l_balance: 0.0000 (0.0000)  l_decorr: 0.0000 (0.0000)  moe_temperature: 0.1991 (0.1993)
2026-04-17 03:04:57 | INFO     | crowdcount.trainer:289 - [ep 248][lr 0.0000989][16.22s]
2026-04-17 03:05:12 | INFO     | crowdcount.trainer:348 - [Eval] mae=141.73  mse=183.72  time=12.8s  best_mae=77.19  best_mse=110.24
2026-04-17 03:05:12 | INFO     | crowdcount.trainer:352 - [Eval] density_mae=61.98  density_mse=95.98  best_density_mae=56.54
2026-04-17 03:05:28 | INFO     | crowdcount.engine:429 - Averaged stats: lr: 0.000099  loss_sum: 0.0396 (0.0409)  losses: 0.0090 (0.0087)  den_loss: 0.0295 (0.0321)  loss_ce: 0.0030 (0.0029)  loss_points: 0.0007 (0.0006)  loss_count: 0.0034 (0.0032)  loss_consistency: 0.0021 (0.0020)  loss_ce_unscaled: 0.0030 (0.0029)  loss_points_unscaled: 3.2955 (3.2040)  loss_count_unscaled: 3.4123 (3.1835)  loss_consistency_unscaled: 2.0604 (1.9667)  den_ssim: 0.0012 (0.0012)  moe_aux_total: 0.0000 (0.0000)  moe_aux_raw: 0.0000 (0.0000)  l_balance: 0.0000 (0.0000)  l_decorr: 0.0000 (0.0000)  moe_temperature: 0.1984 (0.1986)
2026-04-17 03:05:28 | INFO     | crowdcount.trainer:289 - [ep 249][lr 0.0000989][16.05s]
2026-04-17 03:05:43 | INFO     | crowdcount.trainer:348 - [Eval] mae=98.45  mse=136.30  time=13.0s  best_mae=77.19  best_mse=110.24
2026-04-17 03:05:43 | INFO     | crowdcount.trainer:352 - [Eval] density_mae=70.92  density_mse=107.44  best_density_mae=56.54
2026-04-17 03:05:59 | INFO     | crowdcount.engine:429 - Averaged stats: lr: 0.000099  loss_sum: 0.0339 (0.0457)  losses: 0.0099 (0.0093)  den_loss: 0.0264 (0.0364)  loss_ce: 0.0029 (0.0030)  loss_points: 0.0006 (0.0006)  loss_count: 0.0030 (0.0035)  loss_consistency: 0.0021 (0.0021)  loss_ce_unscaled: 0.0029 (0.0030)  loss_points_unscaled: 3.2179 (3.2264)  loss_count_unscaled: 2.9527 (3.4783)  loss_consistency_unscaled: 2.1447 (2.1142)  den_ssim: 0.0012 (0.0012)  moe_aux_total: 0.0000 (0.0000)  moe_aux_raw: 0.0000 (0.0000)  l_balance: 0.0000 (0.0000)  l_decorr: 0.0000 (0.0000)  moe_temperature: 0.1977 (0.1979)
2026-04-17 03:05:59 | INFO     | crowdcount.trainer:289 - [ep 250][lr 0.0000988][15.83s]
2026-04-17 03:06:14 | INFO     | crowdcount.trainer:348 - [Eval] mae=101.36  mse=137.28  time=12.9s  best_mae=77.19  best_mse=110.24
2026-04-17 03:06:14 | INFO     | crowdcount.trainer:352 - [Eval] density_mae=60.47  density_mse=91.84  best_density_mae=56.54
2026-04-17 03:06:30 | INFO     | crowdcount.engine:429 - Averaged stats: lr: 0.000099  loss_sum: 0.0324 (0.0494)  losses: 0.0083 (0.0097)  den_loss: 0.0247 (0.0397)  loss_ce: 0.0029 (0.0033)  loss_points: 0.0006 (0.0006)  loss_count: 0.0029 (0.0037)  loss_consistency: 0.0017 (0.0020)  loss_ce_unscaled: 0.0029 (0.0033)  loss_points_unscaled: 3.1262 (3.1642)  loss_count_unscaled: 2.8576 (3.7494)  loss_consistency_unscaled: 1.7369 (1.9870)  den_ssim: 0.0011 (0.0012)  moe_aux_total: 0.0000 (0.0000)  moe_aux_raw: 0.0000 (0.0000)  l_balance: 0.0000 (0.0000)  l_decorr: 0.0000 (0.0000)  moe_temperature: 0.1969 (0.1971)
2026-04-17 03:06:30 | INFO     | crowdcount.trainer:289 - [ep 251][lr 0.0000988][16.33s]
2026-04-17 03:06:45 | INFO     | crowdcount.trainer:348 - [Eval] mae=99.74  mse=132.46  time=12.7s  best_mae=77.19  best_mse=110.24
2026-04-17 03:06:45 | INFO     | crowdcount.trainer:352 - [Eval] density_mae=65.44  density_mse=104.12  best_density_mae=56.54
2026-04-17 03:07:01 | INFO     | crowdcount.engine:429 - Averaged stats: lr: 0.000099  loss_sum: 0.0306 (0.0412)  losses: 0.0077 (0.0087)  den_loss: 0.0221 (0.0324)  loss_ce: 0.0026 (0.0029)  loss_points: 0.0006 (0.0006)  loss_count: 0.0026 (0.0032)  loss_consistency: 0.0018 (0.0020)  loss_ce_unscaled: 0.0026 (0.0029)  loss_points_unscaled: 3.1584 (3.1840)  loss_count_unscaled: 2.5789 (3.1689)  loss_consistency_unscaled: 1.8258 (1.9648)  den_ssim: 0.0011 (0.0012)  moe_aux_total: 0.0000 (0.0000)  moe_aux_raw: 0.0000 (0.0000)  l_balance: 0.0000 (0.0000)  l_decorr: 0.0000 (0.0000)  moe_temperature: 0.1962 (0.1964)
2026-04-17 03:07:01 | INFO     | crowdcount.trainer:289 - [ep 252][lr 0.0000988][16.15s]
2026-04-17 03:07:15 | INFO     | crowdcount.trainer:348 - [Eval] mae=144.12  mse=187.13  time=12.7s  best_mae=77.19  best_mse=110.24
2026-04-17 03:07:15 | INFO     | crowdcount.trainer:352 - [Eval] density_mae=63.24  density_mse=104.15  best_density_mae=56.54
2026-04-17 03:07:32 | INFO     | crowdcount.engine:429 - Averaged stats: lr: 0.000099  loss_sum: 0.0311 (0.0458)  losses: 0.0081 (0.0088)  den_loss: 0.0236 (0.0370)  loss_ce: 0.0027 (0.0030)  loss_points: 0.0006 (0.0006)  loss_count: 0.0030 (0.0033)  loss_consistency: 0.0017 (0.0018)  loss_ce_unscaled: 0.0027 (0.0030)  loss_points_unscaled: 3.1837 (3.1513)  loss_count_unscaled: 3.0054 (3.2974)  loss_consistency_unscaled: 1.7139 (1.8498)  den_ssim: 0.0011 (0.0012)  moe_aux_total: 0.0000 (0.0000)  moe_aux_raw: 0.0000 (0.0000)  l_balance: 0.0000 (0.0000)  l_decorr: 0.0000 (0.0000)  moe_temperature: 0.1955 (0.1957)
2026-04-17 03:07:32 | INFO     | crowdcount.trainer:289 - [ep 253][lr 0.0000988][16.40s]
2026-04-17 03:07:47 | INFO     | crowdcount.trainer:348 - [Eval] mae=129.25  mse=166.41  time=12.9s  best_mae=77.19  best_mse=110.24
2026-04-17 03:07:47 | INFO     | crowdcount.trainer:352 - [Eval] density_mae=64.90  density_mse=100.67  best_density_mae=56.54
2026-04-17 03:08:03 | INFO     | crowdcount.engine:429 - Averaged stats: lr: 0.000099  loss_sum: 0.0350 (0.0410)  losses: 0.0090 (0.0092)  den_loss: 0.0265 (0.0318)  loss_ce: 0.0025 (0.0030)  loss_points: 0.0006 (0.0007)  loss_count: 0.0032 (0.0033)  loss_consistency: 0.0021 (0.0022)  loss_ce_unscaled: 0.0025 (0.0030)  loss_points_unscaled: 3.2166 (3.2562)  loss_count_unscaled: 3.2016 (3.2510)  loss_consistency_unscaled: 2.0917 (2.2302)  den_ssim: 0.0012 (0.0012)  moe_aux_total: 0.0000 (0.0000)  moe_aux_raw: 0.0000 (0.0000)  l_balance: 0.0000 (0.0000)  l_decorr: 0.0000 (0.0000)  moe_temperature: 0.1948 (0.1949)
2026-04-17 03:08:03 | INFO     | crowdcount.trainer:289 - [ep 254][lr 0.0000988][16.04s]
2026-04-17 03:08:18 | INFO     | crowdcount.trainer:348 - [Eval] mae=109.97  mse=139.84  time=13.0s  best_mae=77.19  best_mse=110.24
2026-04-17 03:08:18 | INFO     | crowdcount.trainer:352 - [Eval] density_mae=70.28  density_mse=111.74  best_density_mae=56.54
2026-04-17 03:08:34 | INFO     | crowdcount.engine:429 - Averaged stats: lr: 0.000099  loss_sum: 0.0348 (0.0489)  losses: 0.0095 (0.0094)  den_loss: 0.0252 (0.0394)  loss_ce: 0.0033 (0.0031)  loss_points: 0.0006 (0.0006)  loss_count: 0.0031 (0.0037)  loss_consistency: 0.0017 (0.0019)  loss_ce_unscaled: 0.0033 (0.0031)  loss_points_unscaled: 3.2205 (3.2042)  loss_count_unscaled: 3.0745 (3.7446)  loss_consistency_unscaled: 1.6746 (1.8969)  den_ssim: 0.0012 (0.0012)  moe_aux_total: 0.0000 (0.0000)  moe_aux_raw: 0.0000 (0.0000)  l_balance: 0.0000 (0.0000)  l_decorr: 0.0000 (0.0000)  moe_temperature: 0.1940 (0.1942)
2026-04-17 03:08:34 | INFO     | crowdcount.trainer:289 - [ep 255][lr 0.0000988][16.83s]
2026-04-17 03:08:50 | INFO     | crowdcount.trainer:348 - [Eval] mae=114.20  mse=154.06  time=13.0s  best_mae=77.19  best_mse=110.24
2026-04-17 03:08:50 | INFO     | crowdcount.trainer:352 - [Eval] density_mae=60.83  density_mse=94.40  best_density_mae=56.54
2026-04-17 03:09:06 | INFO     | crowdcount.engine:429 - Averaged stats: lr: 0.000099  loss_sum: 0.0466 (0.0435)  losses: 0.0095 (0.0093)  den_loss: 0.0381 (0.0342)  loss_ce: 0.0030 (0.0031)  loss_points: 0.0007 (0.0006)  loss_count: 0.0041 (0.0039)  loss_consistency: 0.0016 (0.0017)  loss_ce_unscaled: 0.0030 (0.0031)  loss_points_unscaled: 3.2566 (3.2352)  loss_count_unscaled: 4.0717 (3.8576)  loss_consistency_unscaled: 1.6117 (1.7279)  den_ssim: 0.0012 (0.0012)  moe_aux_total: 0.0000 (0.0000)  moe_aux_raw: 0.0000 (0.0000)  l_balance: 0.0000 (0.0000)  l_decorr: 0.0000 (0.0000)  moe_temperature: 0.1933 (0.1935)
2026-04-17 03:09:06 | INFO     | crowdcount.trainer:289 - [ep 256][lr 0.0000988][16.19s]
2026-04-17 03:09:20 | INFO     | crowdcount.trainer:348 - [Eval] mae=64.97  mse=97.65  time=13.1s  best_mae=64.97  best_mse=97.65
2026-04-17 03:09:20 | INFO     | crowdcount.trainer:352 - [Eval] density_mae=84.97  density_mse=126.97  best_density_mae=56.54
2026-04-17 03:09:39 | INFO     | crowdcount.engine:429 - Averaged stats: lr: 0.000099  loss_sum: 0.0310 (0.0395)  losses: 0.0078 (0.0087)  den_loss: 0.0225 (0.0307)  loss_ce: 0.0026 (0.0029)  loss_points: 0.0006 (0.0006)  loss_count: 0.0026 (0.0032)  loss_consistency: 0.0018 (0.0021)  loss_ce_unscaled: 0.0026 (0.0029)  loss_points_unscaled: 3.1921 (3.2167)  loss_count_unscaled: 2.6307 (3.1568)  loss_consistency_unscaled: 1.8428 (2.0787)  den_ssim: 0.0011 (0.0012)  moe_aux_total: 0.0000 (0.0000)  moe_aux_raw: 0.0000 (0.0000)  l_balance: 0.0000 (0.0000)  l_decorr: 0.0000 (0.0000)  moe_temperature: 0.1926 (0.1928)
2026-04-17 03:09:39 | INFO     | crowdcount.trainer:289 - [ep 257][lr 0.0000988][16.80s]
2026-04-17 03:09:55 | INFO     | crowdcount.trainer:348 - [Eval] mae=118.03  mse=160.15  time=13.3s  best_mae=64.97  best_mse=97.65
2026-04-17 03:09:55 | INFO     | crowdcount.trainer:352 - [Eval] density_mae=64.04  density_mse=93.75  best_density_mae=56.54
2026-04-17 03:10:11 | INFO     | crowdcount.engine:429 - Averaged stats: lr: 0.000099  loss_sum: 0.0429 (0.0440)  losses: 0.0091 (0.0091)  den_loss: 0.0320 (0.0349)  loss_ce: 0.0031 (0.0030)  loss_points: 0.0006 (0.0006)  loss_count: 0.0035 (0.0037)  loss_consistency: 0.0019 (0.0018)  loss_ce_unscaled: 0.0031 (0.0030)  loss_points_unscaled: 3.1312 (3.1879)  loss_count_unscaled: 3.4764 (3.6882)  loss_consistency_unscaled: 1.9145 (1.8118)  den_ssim: 0.0013 (0.0012)  moe_aux_total: 0.0000 (0.0000)  moe_aux_raw: 0.0000 (0.0000)  l_balance: 0.0000 (0.0000)  l_decorr: 0.0000 (0.0000)  moe_temperature: 0.1919 (0.1921)
2026-04-17 03:10:11 | INFO     | crowdcount.trainer:289 - [ep 258][lr 0.0000988][16.40s]
2026-04-17 03:10:26 | INFO     | crowdcount.trainer:348 - [Eval] mae=110.76  mse=153.78  time=13.2s  best_mae=64.97  best_mse=97.65
2026-04-17 03:10:26 | INFO     | crowdcount.trainer:352 - [Eval] density_mae=61.00  density_mse=101.18  best_density_mae=56.54
2026-04-17 03:10:43 | INFO     | crowdcount.engine:429 - Averaged stats: lr: 0.000099  loss_sum: 0.0349 (0.0404)  losses: 0.0086 (0.0087)  den_loss: 0.0277 (0.0317)  loss_ce: 0.0028 (0.0031)  loss_points: 0.0006 (0.0006)  loss_count: 0.0029 (0.0032)  loss_consistency: 0.0019 (0.0018)  loss_ce_unscaled: 0.0028 (0.0031)  loss_points_unscaled: 3.1832 (3.1420)  loss_count_unscaled: 2.8874 (3.1818)  loss_consistency_unscaled: 1.8667 (1.8199)  den_ssim: 0.0012 (0.0012)  moe_aux_total: 0.0000 (0.0000)  moe_aux_raw: 0.0000 (0.0000)  l_balance: 0.0000 (0.0000)  l_decorr: 0.0000 (0.0000)  moe_temperature: 0.1912 (0.1914)
2026-04-17 03:10:43 | INFO     | crowdcount.trainer:289 - [ep 259][lr 0.0000988][16.24s]
2026-04-17 03:10:58 | INFO     | crowdcount.trainer:348 - [Eval] mae=113.08  mse=148.35  time=13.3s  best_mae=64.97  best_mse=97.65
2026-04-17 03:10:58 | INFO     | crowdcount.trainer:352 - [Eval] density_mae=62.46  density_mse=100.19  best_density_mae=56.54
2026-04-17 03:11:15 | INFO     | crowdcount.engine:429 - Averaged stats: lr: 0.000099  loss_sum: 0.0360 (0.0430)  losses: 0.0090 (0.0087)  den_loss: 0.0265 (0.0343)  loss_ce: 0.0028 (0.0029)  loss_points: 0.0007 (0.0006)  loss_count: 0.0032 (0.0033)  loss_consistency: 0.0016 (0.0019)  loss_ce_unscaled: 0.0028 (0.0029)  loss_points_unscaled: 3.2661 (3.2188)  loss_count_unscaled: 3.2305 (3.2753)  loss_consistency_unscaled: 1.6318 (1.8834)  den_ssim: 0.0011 (0.0012)  moe_aux_total: 0.0000 (0.0000)  moe_aux_raw: 0.0000 (0.0000)  l_balance: 0.0000 (0.0000)  l_decorr: 0.0000 (0.0000)  moe_temperature: 0.1905 (0.1907)
2026-04-17 03:11:15 | INFO     | crowdcount.trainer:289 - [ep 260][lr 0.0000988][16.68s]
2026-04-17 03:11:30 | INFO     | crowdcount.trainer:348 - [Eval] mae=86.36  mse=115.74  time=13.2s  best_mae=64.97  best_mse=97.65
2026-04-17 03:11:30 | INFO     | crowdcount.trainer:352 - [Eval] density_mae=61.42  density_mse=97.38  best_density_mae=56.54
2026-04-17 03:11:48 | INFO     | crowdcount.engine:429 - Averaged stats: lr: 0.000099  loss_sum: 0.0422 (0.0443)  losses: 0.0080 (0.0088)  den_loss: 0.0334 (0.0355)  loss_ce: 0.0028 (0.0030)  loss_points: 0.0006 (0.0006)  loss_count: 0.0030 (0.0034)  loss_consistency: 0.0016 (0.0017)  loss_ce_unscaled: 0.0028 (0.0030)  loss_points_unscaled: 3.2334 (3.1974)  loss_count_unscaled: 3.0085 (3.4135)  loss_consistency_unscaled: 1.5695 (1.7050)  den_ssim: 0.0012 (0.0012)  moe_aux_total: 0.0000 (0.0000)  moe_aux_raw: 0.0000 (0.0000)  l_balance: 0.0000 (0.0000)  l_decorr: 0.0000 (0.0000)  moe_temperature: 0.1898 (0.1900)
2026-04-17 03:11:48 | INFO     | crowdcount.trainer:289 - [ep 261][lr 0.0000987][17.50s]
2026-04-17 03:12:03 | INFO     | crowdcount.trainer:348 - [Eval] mae=104.64  mse=143.47  time=13.4s  best_mae=64.97  best_mse=97.65
2026-04-17 03:12:03 | INFO     | crowdcount.trainer:352 - [Eval] density_mae=63.92  density_mse=104.61  best_density_mae=56.54
2026-04-17 03:12:21 | INFO     | crowdcount.engine:429 - Averaged stats: lr: 0.000099  loss_sum: 0.0460 (0.0545)  losses: 0.0088 (0.0093)  den_loss: 0.0368 (0.0452)  loss_ce: 0.0027 (0.0031)  loss_points: 0.0006 (0.0006)  loss_count: 0.0032 (0.0037)  loss_consistency: 0.0018 (0.0018)  loss_ce_unscaled: 0.0027 (0.0031)  loss_points_unscaled: 3.2225 (3.2063)  loss_count_unscaled: 3.2243 (3.6690)  loss_consistency_unscaled: 1.7763 (1.8430)  den_ssim: 0.0011 (0.0012)  moe_aux_total: 0.0000 (0.0000)  moe_aux_raw: 0.0000 (0.0000)  l_balance: 0.0000 (0.0000)  l_decorr: 0.0000 (0.0000)  moe_temperature: 0.1891 (0.1893)
2026-04-17 03:12:21 | INFO     | crowdcount.trainer:289 - [ep 262][lr 0.0000987][17.58s]
2026-04-17 03:12:36 | INFO     | crowdcount.trainer:348 - [Eval] mae=107.56  mse=144.55  time=13.4s  best_mae=64.97  best_mse=97.65
2026-04-17 03:12:36 | INFO     | crowdcount.trainer:352 - [Eval] density_mae=63.26  density_mse=104.68  best_density_mae=56.54
2026-04-17 03:12:53 | INFO     | crowdcount.engine:429 - Averaged stats: lr: 0.000099  loss_sum: 0.0388 (0.0427)  losses: 0.0077 (0.0085)  den_loss: 0.0318 (0.0342)  loss_ce: 0.0027 (0.0029)  loss_points: 0.0006 (0.0006)  loss_count: 0.0027 (0.0033)  loss_consistency: 0.0017 (0.0017)  loss_ce_unscaled: 0.0027 (0.0029)  loss_points_unscaled: 3.2381 (3.2304)  loss_count_unscaled: 2.6655 (3.2693)  loss_consistency_unscaled: 1.6826 (1.6503)  den_ssim: 0.0011 (0.0011)  moe_aux_total: 0.0000 (0.0000)  moe_aux_raw: 0.0000 (0.0000)  l_balance: 0.0000 (0.0000)  l_decorr: 0.0000 (0.0000)  moe_temperature: 0.1884 (0.1886)
2026-04-17 03:12:53 | INFO     | crowdcount.trainer:289 - [ep 263][lr 0.0000987][16.73s]
2026-04-17 03:13:08 | INFO     | crowdcount.trainer:348 - [Eval] mae=125.33  mse=177.68  time=13.4s  best_mae=64.97  best_mse=97.65
2026-04-17 03:13:08 | INFO     | crowdcount.trainer:352 - [Eval] density_mae=63.75  density_mse=104.27  best_density_mae=56.54
2026-04-17 03:13:25 | INFO     | crowdcount.engine:429 - Averaged stats: lr: 0.000099  loss_sum: 0.0324 (0.0405)  losses: 0.0078 (0.0085)  den_loss: 0.0245 (0.0319)  loss_ce: 0.0031 (0.0030)  loss_points: 0.0006 (0.0006)  loss_count: 0.0029 (0.0032)  loss_consistency: 0.0016 (0.0017)  loss_ce_unscaled: 0.0031 (0.0030)  loss_points_unscaled: 3.1869 (3.1773)  loss_count_unscaled: 2.9216 (3.1712)  loss_consistency_unscaled: 1.6329 (1.7382)  den_ssim: 0.0012 (0.0011)  moe_aux_total: 0.0000 (0.0000)  moe_aux_raw: 0.0000 (0.0000)  l_balance: 0.0000 (0.0000)  l_decorr: 0.0000 (0.0000)  moe_temperature: 0.1877 (0.1879)
2026-04-17 03:13:25 | INFO     | crowdcount.trainer:289 - [ep 264][lr 0.0000987][16.68s]
2026-04-17 03:13:40 | INFO     | crowdcount.trainer:348 - [Eval] mae=104.34  mse=140.81  time=13.4s  best_mae=64.97  best_mse=97.65
2026-04-17 03:13:40 | INFO     | crowdcount.trainer:352 - [Eval] density_mae=65.96  density_mse=106.30  best_density_mae=56.54
2026-04-17 03:13:57 | INFO     | crowdcount.engine:429 - Averaged stats: lr: 0.000099  loss_sum: 0.0369 (0.0409)  losses: 0.0077 (0.0084)  den_loss: 0.0294 (0.0324)  loss_ce: 0.0029 (0.0029)  loss_points: 0.0006 (0.0007)  loss_count: 0.0028 (0.0031)  loss_consistency: 0.0017 (0.0018)  loss_ce_unscaled: 0.0029 (0.0029)  loss_points_unscaled: 3.2320 (3.2795)  loss_count_unscaled: 2.8464 (3.1359)  loss_consistency_unscaled: 1.6679 (1.7937)  den_ssim: 0.0011 (0.0012)  moe_aux_total: 0.0000 (0.0000)  moe_aux_raw: 0.0000 (0.0000)  l_balance: 0.0000 (0.0000)  l_decorr: 0.0000 (0.0000)  moe_temperature: 0.1870 (0.1872)
2026-04-17 03:13:57 | INFO     | crowdcount.trainer:289 - [ep 265][lr 0.0000987][16.62s]
2026-04-17 03:14:12 | INFO     | crowdcount.trainer:348 - [Eval] mae=105.45  mse=149.01  time=13.1s  best_mae=64.97  best_mse=97.65
2026-04-17 03:14:12 | INFO     | crowdcount.trainer:352 - [Eval] density_mae=64.39  density_mse=110.75  best_density_mae=56.54
2026-04-17 03:14:30 | INFO     | crowdcount.engine:429 - Averaged stats: lr: 0.000099  loss_sum: 0.0285 (0.0480)  losses: 0.0078 (0.0090)  den_loss: 0.0207 (0.0390)  loss_ce: 0.0030 (0.0031)  loss_points: 0.0006 (0.0006)  loss_count: 0.0030 (0.0035)  loss_consistency: 0.0014 (0.0018)  loss_ce_unscaled: 0.0030 (0.0031)  loss_points_unscaled: 3.1310 (3.2408)  loss_count_unscaled: 2.9979 (3.4670)  loss_consistency_unscaled: 1.4426 (1.7735)  den_ssim: 0.0011 (0.0012)  moe_aux_total: 0.0000 (0.0000)  moe_aux_raw: 0.0000 (0.0000)  l_balance: 0.0000 (0.0000)  l_decorr: 0.0000 (0.0000)  moe_temperature: 0.1863 (0.1865)
2026-04-17 03:14:30 | INFO     | crowdcount.trainer:289 - [ep 266][lr 0.0000987][17.67s]
2026-04-17 03:14:45 | INFO     | crowdcount.trainer:348 - [Eval] mae=117.85  mse=149.63  time=12.8s  best_mae=64.97  best_mse=97.65
2026-04-17 03:14:45 | INFO     | crowdcount.trainer:352 - [Eval] density_mae=71.98  density_mse=120.91  best_density_mae=56.54
2026-04-17 03:15:02 | INFO     | crowdcount.engine:429 - Averaged stats: lr: 0.000099  loss_sum: 0.0440 (0.0443)  losses: 0.0095 (0.0090)  den_loss: 0.0338 (0.0352)  loss_ce: 0.0030 (0.0030)  loss_points: 0.0007 (0.0006)  loss_count: 0.0031 (0.0031)  loss_consistency: 0.0024 (0.0022)  loss_ce_unscaled: 0.0030 (0.0030)  loss_points_unscaled: 3.2624 (3.2286)  loss_count_unscaled: 3.1052 (3.1207)  loss_consistency_unscaled: 2.3889 (2.2432)  den_ssim: 0.0012 (0.0012)  moe_aux_total: 0.0000 (0.0000)  moe_aux_raw: 0.0000 (0.0000)  l_balance: 0.0000 (0.0000)  l_decorr: 0.0000 (0.0000)  moe_temperature: 0.1856 (0.1858)
2026-04-17 03:15:02 | INFO     | crowdcount.trainer:289 - [ep 267][lr 0.0000987][16.85s]
2026-04-17 03:15:16 | INFO     | crowdcount.trainer:348 - [Eval] mae=125.25  mse=169.51  time=13.3s  best_mae=64.97  best_mse=97.65
2026-04-17 03:15:16 | INFO     | crowdcount.trainer:352 - [Eval] density_mae=65.09  density_mse=104.74  best_density_mae=56.54
2026-04-17 03:15:33 | INFO     | crowdcount.engine:429 - Averaged stats: lr: 0.000099  loss_sum: 0.0287 (0.0413)  losses: 0.0077 (0.0082)  den_loss: 0.0203 (0.0330)  loss_ce: 0.0027 (0.0028)  loss_points: 0.0007 (0.0006)  loss_count: 0.0026 (0.0031)  loss_consistency: 0.0016 (0.0017)  loss_ce_unscaled: 0.0027 (0.0028)  loss_points_unscaled: 3.2663 (3.2223)  loss_count_unscaled: 2.5901 (3.0964)  loss_consistency_unscaled: 1.5578 (1.6510)  den_ssim: 0.0011 (0.0011)  moe_aux_total: 0.0000 (0.0000)  moe_aux_raw: 0.0000 (0.0000)  l_balance: 0.0000 (0.0000)  l_decorr: 0.0000 (0.0000)  moe_temperature: 0.1849 (0.1851)
2026-04-17 03:15:33 | INFO     | crowdcount.trainer:289 - [ep 268][lr 0.0000987][17.03s]
2026-04-17 03:15:49 | INFO     | crowdcount.trainer:348 - [Eval] mae=143.34  mse=183.08  time=13.1s  best_mae=64.97  best_mse=97.65
2026-04-17 03:15:49 | INFO     | crowdcount.trainer:352 - [Eval] density_mae=65.52  density_mse=105.26  best_density_mae=56.54
2026-04-17 03:16:05 | INFO     | crowdcount.engine:429 - Averaged stats: lr: 0.000099  loss_sum: 0.0425 (0.0451)  losses: 0.0084 (0.0085)  den_loss: 0.0339 (0.0367)  loss_ce: 0.0032 (0.0030)  loss_points: 0.0006 (0.0007)  loss_count: 0.0032 (0.0031)  loss_consistency: 0.0016 (0.0018)  loss_ce_unscaled: 0.0032 (0.0030)  loss_points_unscaled: 3.2161 (3.3036)  loss_count_unscaled: 3.1737 (3.0656)  loss_consistency_unscaled: 1.5860 (1.7822)  den_ssim: 0.0012 (0.0012)  moe_aux_total: 0.0000 (0.0000)  moe_aux_raw: 0.0000 (0.0000)  l_balance: 0.0000 (0.0000)  l_decorr: 0.0000 (0.0000)  moe_temperature: 0.1843 (0.1844)
2026-04-17 03:16:05 | INFO     | crowdcount.trainer:289 - [ep 269][lr 0.0000987][16.52s]
2026-04-17 03:16:20 | INFO     | crowdcount.trainer:348 - [Eval] mae=120.66  mse=164.56  time=13.2s  best_mae=64.97  best_mse=97.65
2026-04-17 03:16:20 | INFO     | crowdcount.trainer:352 - [Eval] density_mae=60.94  density_mse=97.23  best_density_mae=56.54
2026-04-17 03:16:36 | INFO     | crowdcount.engine:429 - Averaged stats: lr: 0.000099  loss_sum: 0.0257 (0.0440)  losses: 0.0091 (0.0091)  den_loss: 0.0175 (0.0349)  loss_ce: 0.0028 (0.0030)  loss_points: 0.0006 (0.0006)  loss_count: 0.0030 (0.0034)  loss_consistency: 0.0024 (0.0020)  loss_ce_unscaled: 0.0028 (0.0030)  loss_points_unscaled: 3.1174 (3.1957)  loss_count_unscaled: 3.0286 (3.4040)  loss_consistency_unscaled: 2.4153 (2.0473)  den_ssim: 0.0012 (0.0011)  moe_aux_total: 0.0000 (0.0000)  moe_aux_raw: 0.0000 (0.0000)  l_balance: 0.0000 (0.0000)  l_decorr: 0.0000 (0.0000)  moe_temperature: 0.1836 (0.1837)
2026-04-17 03:16:36 | INFO     | crowdcount.trainer:289 - [ep 270][lr 0.0000987][16.28s]
2026-04-17 03:16:51 | INFO     | crowdcount.trainer:348 - [Eval] mae=80.36  mse=115.35  time=12.9s  best_mae=64.97  best_mse=97.65
2026-04-17 03:16:51 | INFO     | crowdcount.trainer:352 - [Eval] density_mae=66.22  density_mse=94.58  best_density_mae=56.54
2026-04-17 03:17:08 | INFO     | crowdcount.engine:429 - Averaged stats: lr: 0.000099  loss_sum: 0.0531 (0.0535)  losses: 0.0097 (0.0098)  den_loss: 0.0423 (0.0437)  loss_ce: 0.0032 (0.0032)  loss_points: 0.0006 (0.0007)  loss_count: 0.0034 (0.0036)  loss_consistency: 0.0021 (0.0023)  loss_ce_unscaled: 0.0032 (0.0032)  loss_points_unscaled: 3.1865 (3.2671)  loss_count_unscaled: 3.4458 (3.6007)  loss_consistency_unscaled: 2.1227 (2.3171)  den_ssim: 0.0012 (0.0012)  moe_aux_total: 0.0000 (0.0000)  moe_aux_raw: 0.0000 (0.0000)  l_balance: 0.0000 (0.0000)  l_decorr: 0.0000 (0.0000)  moe_temperature: 0.1829 (0.1831)
2026-04-17 03:17:08 | INFO     | crowdcount.trainer:289 - [ep 271][lr 0.0000986][16.80s]
2026-04-17 03:17:23 | INFO     | crowdcount.trainer:348 - [Eval] mae=133.01  mse=183.98  time=12.6s  best_mae=64.97  best_mse=97.65
2026-04-17 03:17:23 | INFO     | crowdcount.trainer:352 - [Eval] density_mae=66.23  density_mse=112.59  best_density_mae=56.54
2026-04-17 03:17:39 | INFO     | crowdcount.engine:429 - Averaged stats: lr: 0.000099  loss_sum: 0.0340 (0.0387)  losses: 0.0081 (0.0085)  den_loss: 0.0259 (0.0302)  loss_ce: 0.0026 (0.0029)  loss_points: 0.0006 (0.0006)  loss_count: 0.0029 (0.0031)  loss_consistency: 0.0018 (0.0018)  loss_ce_unscaled: 0.0026 (0.0029)  loss_points_unscaled: 3.1163 (3.2326)  loss_count_unscaled: 2.9188 (3.1492)  loss_consistency_unscaled: 1.7522 (1.8207)  den_ssim: 0.0012 (0.0012)  moe_aux_total: 0.0000 (0.0000)  moe_aux_raw: 0.0000 (0.0000)  l_balance: 0.0000 (0.0000)  l_decorr: 0.0000 (0.0000)  moe_temperature: 0.1822 (0.1824)
2026-04-17 03:17:39 | INFO     | crowdcount.trainer:289 - [ep 272][lr 0.0000986][16.02s]
2026-04-17 03:17:53 | INFO     | crowdcount.trainer:348 - [Eval] mae=145.87  mse=188.66  time=12.7s  best_mae=64.97  best_mse=97.65
2026-04-17 03:17:53 | INFO     | crowdcount.trainer:352 - [Eval] density_mae=70.87  density_mse=112.18  best_density_mae=56.54
2026-04-17 03:18:10 | INFO     | crowdcount.engine:429 - Averaged stats: lr: 0.000099  loss_sum: 0.0438 (0.0426)  losses: 0.0085 (0.0087)  den_loss: 0.0352 (0.0339)  loss_ce: 0.0029 (0.0030)  loss_points: 0.0006 (0.0006)  loss_count: 0.0035 (0.0034)  loss_consistency: 0.0016 (0.0017)  loss_ce_unscaled: 0.0029 (0.0030)  loss_points_unscaled: 3.2046 (3.1996)  loss_count_unscaled: 3.4539 (3.3613)  loss_consistency_unscaled: 1.5562 (1.6677)  den_ssim: 0.0012 (0.0012)  moe_aux_total: 0.0000 (0.0000)  moe_aux_raw: 0.0000 (0.0000)  l_balance: 0.0000 (0.0000)  l_decorr: 0.0000 (0.0000)  moe_temperature: 0.1815 (0.1817)
2026-04-17 03:18:10 | INFO     | crowdcount.trainer:289 - [ep 273][lr 0.0000986][16.45s]
2026-04-17 03:18:25 | INFO     | crowdcount.trainer:348 - [Eval] mae=158.99  mse=207.18  time=13.2s  best_mae=64.97  best_mse=97.65
2026-04-17 03:18:25 | INFO     | crowdcount.trainer:352 - [Eval] density_mae=71.85  density_mse=114.84  best_density_mae=56.54
2026-04-17 03:18:42 | INFO     | crowdcount.engine:429 - Averaged stats: lr: 0.000099  loss_sum: 0.0289 (0.0394)  losses: 0.0083 (0.0085)  den_loss: 0.0225 (0.0309)  loss_ce: 0.0029 (0.0028)  loss_points: 0.0006 (0.0007)  loss_count: 0.0026 (0.0031)  loss_consistency: 0.0018 (0.0019)  loss_ce_unscaled: 0.0029 (0.0028)  loss_points_unscaled: 3.2218 (3.2588)  loss_count_unscaled: 2.5645 (3.0662)  loss_consistency_unscaled: 1.7544 (1.9009)  den_ssim: 0.0012 (0.0011)  moe_aux_total: 0.0000 (0.0000)  moe_aux_raw: 0.0000 (0.0000)  l_balance: 0.0000 (0.0000)  l_decorr: 0.0000 (0.0000)  moe_temperature: 0.1809 (0.1810)
2026-04-17 03:18:42 | INFO     | crowdcount.trainer:289 - [ep 274][lr 0.0000986][17.01s]
2026-04-17 03:18:57 | INFO     | crowdcount.trainer:348 - [Eval] mae=97.32  mse=131.20  time=12.8s  best_mae=64.97  best_mse=97.65
2026-04-17 03:18:57 | INFO     | crowdcount.trainer:352 - [Eval] density_mae=63.15  density_mse=96.49  best_density_mae=56.54
2026-04-17 03:19:14 | INFO     | crowdcount.engine:429 - Averaged stats: lr: 0.000099  loss_sum: 0.0346 (0.0466)  losses: 0.0085 (0.0092)  den_loss: 0.0259 (0.0374)  loss_ce: 0.0028 (0.0029)  loss_points: 0.0007 (0.0007)  loss_count: 0.0028 (0.0034)  loss_consistency: 0.0022 (0.0023)  loss_ce_unscaled: 0.0028 (0.0029)  loss_points_unscaled: 3.2562 (3.2617)  loss_count_unscaled: 2.7891 (3.3987)  loss_consistency_unscaled: 2.1973 (2.2877)  den_ssim: 0.0012 (0.0012)  moe_aux_total: 0.0000 (0.0000)  moe_aux_raw: 0.0000 (0.0000)  l_balance: 0.0000 (0.0000)  l_decorr: 0.0000 (0.0000)  moe_temperature: 0.1802 (0.1804)
2026-04-17 03:19:14 | INFO     | crowdcount.trainer:289 - [ep 275][lr 0.0000986][17.71s]
2026-04-17 03:19:29 | INFO     | crowdcount.trainer:348 - [Eval] mae=96.77  mse=137.40  time=12.6s  best_mae=64.97  best_mse=97.65
2026-04-17 03:19:29 | INFO     | crowdcount.trainer:352 - [Eval] density_mae=63.95  density_mse=103.74  best_density_mae=56.54
2026-04-17 03:19:46 | INFO     | crowdcount.engine:429 - Averaged stats: lr: 0.000099  loss_sum: 0.0442 (0.0444)  losses: 0.0099 (0.0089)  den_loss: 0.0328 (0.0355)  loss_ce: 0.0035 (0.0030)  loss_points: 0.0006 (0.0006)  loss_count: 0.0041 (0.0034)  loss_consistency: 0.0018 (0.0018)  loss_ce_unscaled: 0.0035 (0.0030)  loss_points_unscaled: 3.0607 (3.1992)  loss_count_unscaled: 4.0832 (3.4293)  loss_consistency_unscaled: 1.7513 (1.7680)  den_ssim: 0.0013 (0.0012)  moe_aux_total: 0.0000 (0.0000)  moe_aux_raw: 0.0000 (0.0000)  l_balance: 0.0000 (0.0000)  l_decorr: 0.0000 (0.0000)  moe_temperature: 0.1795 (0.1797)
2026-04-17 03:19:46 | INFO     | crowdcount.trainer:289 - [ep 276][lr 0.0000986][16.66s]
2026-04-17 03:20:01 | INFO     | crowdcount.trainer:348 - [Eval] mae=108.77  mse=144.78  time=12.8s  best_mae=64.97  best_mse=97.65
2026-04-17 03:20:01 | INFO     | crowdcount.trainer:352 - [Eval] density_mae=62.72  density_mse=101.11  best_density_mae=56.54
2026-04-17 03:20:17 | INFO     | crowdcount.engine:429 - Averaged stats: lr: 0.000099  loss_sum: 0.0377 (0.0514)  losses: 0.0085 (0.0092)  den_loss: 0.0291 (0.0422)  loss_ce: 0.0029 (0.0029)  loss_points: 0.0007 (0.0007)  loss_count: 0.0032 (0.0035)  loss_consistency: 0.0017 (0.0021)  loss_ce_unscaled: 0.0029 (0.0029)  loss_points_unscaled: 3.2642 (3.2746)  loss_count_unscaled: 3.1735 (3.5117)  loss_consistency_unscaled: 1.6748 (2.1183)  den_ssim: 0.0012 (0.0012)  moe_aux_total: 0.0000 (0.0000)  moe_aux_raw: 0.0000 (0.0000)  l_balance: 0.0000 (0.0000)  l_decorr: 0.0000 (0.0000)  moe_temperature: 0.1789 (0.1790)
2026-04-17 03:20:17 | INFO     | crowdcount.trainer:289 - [ep 277][lr 0.0000986][16.84s]
2026-04-17 03:20:32 | INFO     | crowdcount.trainer:348 - [Eval] mae=104.00  mse=136.22  time=12.8s  best_mae=64.97  best_mse=97.65
2026-04-17 03:20:32 | INFO     | crowdcount.trainer:352 - [Eval] density_mae=64.98  density_mse=104.49  best_density_mae=56.54
2026-04-17 03:20:48 | INFO     | crowdcount.engine:429 - Averaged stats: lr: 0.000099  loss_sum: 0.0356 (0.0483)  losses: 0.0081 (0.0093)  den_loss: 0.0276 (0.0389)  loss_ce: 0.0027 (0.0030)  loss_points: 0.0006 (0.0006)  loss_count: 0.0031 (0.0038)  loss_consistency: 0.0019 (0.0019)  loss_ce_unscaled: 0.0027 (0.0030)  loss_points_unscaled: 3.2397 (3.2302)  loss_count_unscaled: 3.0991 (3.7855)  loss_consistency_unscaled: 1.8611 (1.8713)  den_ssim: 0.0011 (0.0012)  moe_aux_total: 0.0000 (0.0000)  moe_aux_raw: 0.0000 (0.0000)  l_balance: 0.0000 (0.0000)  l_decorr: 0.0000 (0.0000)  moe_temperature: 0.1782 (0.1784)
2026-04-17 03:20:48 | INFO     | crowdcount.trainer:289 - [ep 278][lr 0.0000986][16.72s]
2026-04-17 03:21:03 | INFO     | crowdcount.trainer:348 - [Eval] mae=99.99  mse=144.49  time=13.1s  best_mae=64.97  best_mse=97.65
2026-04-17 03:21:03 | INFO     | crowdcount.trainer:352 - [Eval] density_mae=65.79  density_mse=110.14  best_density_mae=56.54
2026-04-17 03:21:20 | INFO     | crowdcount.engine:429 - Averaged stats: lr: 0.000099  loss_sum: 0.0323 (0.0469)  losses: 0.0081 (0.0088)  den_loss: 0.0248 (0.0381)  loss_ce: 0.0026 (0.0030)  loss_points: 0.0006 (0.0007)  loss_count: 0.0029 (0.0034)  loss_consistency: 0.0017 (0.0018)  loss_ce_unscaled: 0.0026 (0.0030)  loss_points_unscaled: 3.1869 (3.2734)  loss_count_unscaled: 2.8830 (3.3519)  loss_consistency_unscaled: 1.7134 (1.7870)  den_ssim: 0.0011 (0.0012)  moe_aux_total: 0.0000 (0.0000)  moe_aux_raw: 0.0000 (0.0000)  l_balance: 0.0000 (0.0000)  l_decorr: 0.0000 (0.0000)  moe_temperature: 0.1776 (0.1777)
2026-04-17 03:21:20 | INFO     | crowdcount.trainer:289 - [ep 279][lr 0.0000986][17.01s]
2026-04-17 03:21:35 | INFO     | crowdcount.trainer:348 - [Eval] mae=140.87  mse=186.78  time=12.7s  best_mae=64.97  best_mse=97.65
2026-04-17 03:21:35 | INFO     | crowdcount.trainer:352 - [Eval] density_mae=70.26  density_mse=112.63  best_density_mae=56.54
2026-04-17 03:21:51 | INFO     | crowdcount.engine:429 - Averaged stats: lr: 0.000099  loss_sum: 0.0255 (0.0382)  losses: 0.0078 (0.0086)  den_loss: 0.0185 (0.0296)  loss_ce: 0.0025 (0.0029)  loss_points: 0.0006 (0.0006)  loss_count: 0.0026 (0.0032)  loss_consistency: 0.0016 (0.0019)  loss_ce_unscaled: 0.0025 (0.0029)  loss_points_unscaled: 3.1711 (3.2085)  loss_count_unscaled: 2.6318 (3.1986)  loss_consistency_unscaled: 1.6279 (1.8742)  den_ssim: 0.0011 (0.0012)  moe_aux_total: 0.0000 (0.0000)  moe_aux_raw: 0.0000 (0.0000)  l_balance: 0.0000 (0.0000)  l_decorr: 0.0000 (0.0000)  moe_temperature: 0.1769 (0.1771)
2026-04-17 03:21:51 | INFO     | crowdcount.trainer:289 - [ep 280][lr 0.0000985][16.49s]
2026-04-17 03:22:06 | INFO     | crowdcount.trainer:348 - [Eval] mae=133.38  mse=178.95  time=12.8s  best_mae=64.97  best_mse=97.65
2026-04-17 03:22:06 | INFO     | crowdcount.trainer:352 - [Eval] density_mae=68.73  density_mse=105.61  best_density_mae=56.54
2026-04-17 03:22:23 | INFO     | crowdcount.engine:429 - Averaged stats: lr: 0.000099  loss_sum: 0.0418 (0.0444)  losses: 0.0079 (0.0085)  den_loss: 0.0338 (0.0358)  loss_ce: 0.0027 (0.0030)  loss_points: 0.0006 (0.0006)  loss_count: 0.0031 (0.0034)  loss_consistency: 0.0013 (0.0015)  loss_ce_unscaled: 0.0027 (0.0030)  loss_points_unscaled: 3.2405 (3.2065)  loss_count_unscaled: 3.0899 (3.3584)  loss_consistency_unscaled: 1.3246 (1.5395)  den_ssim: 0.0012 (0.0012)  moe_aux_total: 0.0000 (0.0000)  moe_aux_raw: 0.0000 (0.0000)  l_balance: 0.0000 (0.0000)  l_decorr: 0.0000 (0.0000)  moe_temperature: 0.1762 (0.1764)
2026-04-17 03:22:23 | INFO     | crowdcount.trainer:289 - [ep 281][lr 0.0000985][16.81s]
2026-04-17 03:22:38 | INFO     | crowdcount.trainer:348 - [Eval] mae=113.65  mse=150.65  time=12.9s  best_mae=64.97  best_mse=97.65
2026-04-17 03:22:38 | INFO     | crowdcount.trainer:352 - [Eval] density_mae=65.77  density_mse=98.07  best_density_mae=56.54
2026-04-17 03:22:54 | INFO     | crowdcount.engine:429 - Averaged stats: lr: 0.000099  loss_sum: 0.0342 (0.0449)  losses: 0.0079 (0.0090)  den_loss: 0.0244 (0.0360)  loss_ce: 0.0029 (0.0030)  loss_points: 0.0006 (0.0006)  loss_count: 0.0029 (0.0034)  loss_consistency: 0.0016 (0.0019)  loss_ce_unscaled: 0.0029 (0.0030)  loss_points_unscaled: 3.0976 (3.1523)  loss_count_unscaled: 2.9362 (3.3994)  loss_consistency_unscaled: 1.6296 (1.8917)  den_ssim: 0.0012 (0.0012)  moe_aux_total: 0.0000 (0.0000)  moe_aux_raw: 0.0000 (0.0000)  l_balance: 0.0000 (0.0000)  l_decorr: 0.0000 (0.0000)  moe_temperature: 0.1756 (0.1758)
2026-04-17 03:22:54 | INFO     | crowdcount.trainer:289 - [ep 282][lr 0.0000985][16.37s]
2026-04-17 03:23:09 | INFO     | crowdcount.trainer:348 - [Eval] mae=118.80  mse=164.05  time=13.0s  best_mae=64.97  best_mse=97.65
2026-04-17 03:23:09 | INFO     | crowdcount.trainer:352 - [Eval] density_mae=62.12  density_mse=92.75  best_density_mae=56.54
2026-04-17 03:23:26 | INFO     | crowdcount.engine:429 - Averaged stats: lr: 0.000099  loss_sum: 0.0365 (0.0406)  losses: 0.0080 (0.0083)  den_loss: 0.0293 (0.0323)  loss_ce: 0.0030 (0.0029)  loss_points: 0.0006 (0.0006)  loss_count: 0.0032 (0.0031)  loss_consistency: 0.0015 (0.0017)  loss_ce_unscaled: 0.0030 (0.0029)  loss_points_unscaled: 3.2373 (3.1506)  loss_count_unscaled: 3.1906 (3.0592)  loss_consistency_unscaled: 1.5357 (1.7263)  den_ssim: 0.0012 (0.0012)  moe_aux_total: 0.0000 (0.0000)  moe_aux_raw: 0.0000 (0.0000)  l_balance: 0.0000 (0.0000)  l_decorr: 0.0000 (0.0000)  moe_temperature: 0.1749 (0.1751)
2026-04-17 03:23:26 | INFO     | crowdcount.trainer:289 - [ep 283][lr 0.0000985][16.82s]
2026-04-17 03:23:41 | INFO     | crowdcount.trainer:348 - [Eval] mae=97.50  mse=138.46  time=12.9s  best_mae=64.97  best_mse=97.65
2026-04-17 03:23:41 | INFO     | crowdcount.trainer:352 - [Eval] density_mae=72.17  density_mse=106.38  best_density_mae=56.54
2026-04-17 03:23:58 | INFO     | crowdcount.engine:429 - Averaged stats: lr: 0.000099  loss_sum: 0.0262 (0.0426)  losses: 0.0072 (0.0085)  den_loss: 0.0201 (0.0341)  loss_ce: 0.0026 (0.0029)  loss_points: 0.0006 (0.0007)  loss_count: 0.0027 (0.0031)  loss_consistency: 0.0015 (0.0018)  loss_ce_unscaled: 0.0026 (0.0029)  loss_points_unscaled: 3.2192 (3.2621)  loss_count_unscaled: 2.6799 (3.1036)  loss_consistency_unscaled: 1.4859 (1.8133)  den_ssim: 0.0011 (0.0011)  moe_aux_total: 0.0000 (0.0000)  moe_aux_raw: 0.0000 (0.0000)  l_balance: 0.0000 (0.0000)  l_decorr: 0.0000 (0.0000)  moe_temperature: 0.1743 (0.1745)
2026-04-17 03:23:58 | INFO     | crowdcount.trainer:289 - [ep 284][lr 0.0000985][16.84s]
2026-04-17 03:24:12 | INFO     | crowdcount.trainer:348 - [Eval] mae=105.92  mse=143.94  time=12.7s  best_mae=64.97  best_mse=97.65
2026-04-17 03:24:12 | INFO     | crowdcount.trainer:352 - [Eval] density_mae=64.20  density_mse=101.45  best_density_mae=56.54
2026-04-17 03:24:29 | INFO     | crowdcount.engine:429 - Averaged stats: lr: 0.000098  loss_sum: 0.0389 (0.0430)  losses: 0.0082 (0.0081)  den_loss: 0.0303 (0.0348)  loss_ce: 0.0027 (0.0028)  loss_points: 0.0007 (0.0007)  loss_count: 0.0027 (0.0028)  loss_consistency: 0.0019 (0.0019)  loss_ce_unscaled: 0.0027 (0.0028)  loss_points_unscaled: 3.2669 (3.2511)  loss_count_unscaled: 2.7073 (2.8049)  loss_consistency_unscaled: 1.9411 (1.8911)  den_ssim: 0.0012 (0.0011)  moe_aux_total: 0.0000 (0.0000)  moe_aux_raw: 0.0000 (0.0000)  l_balance: 0.0000 (0.0000)  l_decorr: 0.0000 (0.0000)  moe_temperature: 0.1737 (0.1738)
2026-04-17 03:24:29 | INFO     | crowdcount.trainer:289 - [ep 285][lr 0.0000985][16.86s]
2026-04-17 03:24:44 | INFO     | crowdcount.trainer:348 - [Eval] mae=113.90  mse=154.90  time=13.1s  best_mae=64.97  best_mse=97.65
2026-04-17 03:24:44 | INFO     | crowdcount.trainer:352 - [Eval] density_mae=57.76  density_mse=91.85  best_density_mae=56.54
2026-04-17 03:25:02 | INFO     | crowdcount.engine:429 - Averaged stats: lr: 0.000098  loss_sum: 0.0361 (0.0522)  losses: 0.0090 (0.0095)  den_loss: 0.0259 (0.0428)  loss_ce: 0.0027 (0.0030)  loss_points: 0.0006 (0.0006)  loss_count: 0.0030 (0.0036)  loss_consistency: 0.0022 (0.0022)  loss_ce_unscaled: 0.0027 (0.0030)  loss_points_unscaled: 3.1861 (3.2474)  loss_count_unscaled: 3.0498 (3.5675)  loss_consistency_unscaled: 2.2255 (2.1849)  den_ssim: 0.0011 (0.0012)  moe_aux_total: 0.0000 (0.0000)  moe_aux_raw: 0.0000 (0.0000)  l_balance: 0.0000 (0.0000)  l_decorr: 0.0000 (0.0000)  moe_temperature: 0.1730 (0.1732)
2026-04-17 03:25:02 | INFO     | crowdcount.trainer:289 - [ep 286][lr 0.0000985][17.31s]
2026-04-17 03:25:17 | INFO     | crowdcount.trainer:348 - [Eval] mae=112.66  mse=161.37  time=13.0s  best_mae=64.97  best_mse=97.65
2026-04-17 03:25:17 | INFO     | crowdcount.trainer:352 - [Eval] density_mae=67.12  density_mse=113.02  best_density_mae=56.54
2026-04-17 03:25:33 | INFO     | crowdcount.engine:429 - Averaged stats: lr: 0.000098  loss_sum: 0.0313 (0.0419)  losses: 0.0071 (0.0086)  den_loss: 0.0231 (0.0333)  loss_ce: 0.0024 (0.0029)  loss_points: 0.0006 (0.0006)  loss_count: 0.0026 (0.0034)  loss_consistency: 0.0015 (0.0017)  loss_ce_unscaled: 0.0024 (0.0029)  loss_points_unscaled: 3.1870 (3.2176)  loss_count_unscaled: 2.5799 (3.3974)  loss_consistency_unscaled: 1.4710 (1.6592)  den_ssim: 0.0011 (0.0012)  moe_aux_total: 0.0000 (0.0000)  moe_aux_raw: 0.0000 (0.0000)  l_balance: 0.0000 (0.0000)  l_decorr: 0.0000 (0.0000)  moe_temperature: 0.1724 (0.1725)
2026-04-17 03:25:33 | INFO     | crowdcount.trainer:289 - [ep 287][lr 0.0000985][16.48s]
2026-04-17 03:25:48 | INFO     | crowdcount.trainer:348 - [Eval] mae=130.60  mse=191.44  time=13.1s  best_mae=64.97  best_mse=97.65
2026-04-17 03:25:48 | INFO     | crowdcount.trainer:352 - [Eval] density_mae=73.81  density_mse=128.58  best_density_mae=56.54
2026-04-17 03:26:04 | INFO     | crowdcount.engine:429 - Averaged stats: lr: 0.000098  loss_sum: 0.0433 (0.0430)  losses: 0.0086 (0.0085)  den_loss: 0.0341 (0.0345)  loss_ce: 0.0026 (0.0028)  loss_points: 0.0006 (0.0006)  loss_count: 0.0030 (0.0032)  loss_consistency: 0.0016 (0.0018)  loss_ce_unscaled: 0.0026 (0.0028)  loss_points_unscaled: 3.1427 (3.2013)  loss_count_unscaled: 3.0307 (3.1714)  loss_consistency_unscaled: 1.6109 (1.8143)  den_ssim: 0.0011 (0.0012)  moe_aux_total: 0.0000 (0.0000)  moe_aux_raw: 0.0000 (0.0000)  l_balance: 0.0000 (0.0000)  l_decorr: 0.0000 (0.0000)  moe_temperature: 0.1717 (0.1719)
2026-04-17 03:26:04 | INFO     | crowdcount.trainer:289 - [ep 288][lr 0.0000985][16.37s]
2026-04-17 03:26:19 | INFO     | crowdcount.trainer:348 - [Eval] mae=104.68  mse=149.05  time=13.0s  best_mae=64.97  best_mse=97.65
2026-04-17 03:26:19 | INFO     | crowdcount.trainer:352 - [Eval] density_mae=80.06  density_mse=126.41  best_density_mae=56.54
2026-04-17 03:26:36 | INFO     | crowdcount.engine:429 - Averaged stats: lr: 0.000098  loss_sum: 0.0353 (0.0479)  losses: 0.0078 (0.0091)  den_loss: 0.0265 (0.0388)  loss_ce: 0.0028 (0.0030)  loss_points: 0.0006 (0.0006)  loss_count: 0.0028 (0.0035)  loss_consistency: 0.0015 (0.0019)  loss_ce_unscaled: 0.0028 (0.0030)  loss_points_unscaled: 3.0753 (3.1990)  loss_count_unscaled: 2.7950 (3.4518)  loss_consistency_unscaled: 1.5182 (1.9296)  den_ssim: 0.0011 (0.0012)  moe_aux_total: 0.0000 (0.0000)  moe_aux_raw: 0.0000 (0.0000)  l_balance: 0.0000 (0.0000)  l_decorr: 0.0000 (0.0000)  moe_temperature: 0.1711 (0.1713)
2026-04-17 03:26:36 | INFO     | crowdcount.trainer:289 - [ep 289][lr 0.0000984][17.20s]
2026-04-17 03:26:51 | INFO     | crowdcount.trainer:348 - [Eval] mae=124.63  mse=163.64  time=12.9s  best_mae=64.97  best_mse=97.65
2026-04-17 03:26:51 | INFO     | crowdcount.trainer:352 - [Eval] density_mae=64.71  density_mse=96.64  best_density_mae=56.54
2026-04-17 03:27:08 | INFO     | crowdcount.engine:429 - Averaged stats: lr: 0.000098  loss_sum: 0.0320 (0.0446)  losses: 0.0081 (0.0088)  den_loss: 0.0216 (0.0358)  loss_ce: 0.0025 (0.0029)  loss_points: 0.0007 (0.0007)  loss_count: 0.0028 (0.0033)  loss_consistency: 0.0017 (0.0020)  loss_ce_unscaled: 0.0025 (0.0029)  loss_points_unscaled: 3.3224 (3.2505)  loss_count_unscaled: 2.8028 (3.2750)  loss_consistency_unscaled: 1.7407 (1.9830)  den_ssim: 0.0010 (0.0011)  moe_aux_total: 0.0000 (0.0000)  moe_aux_raw: 0.0000 (0.0000)  l_balance: 0.0000 (0.0000)  l_decorr: 0.0000 (0.0000)  moe_temperature: 0.1705 (0.1706)
2026-04-17 03:27:08 | INFO     | crowdcount.trainer:289 - [ep 290][lr 0.0000984][16.95s]
2026-04-17 03:27:23 | INFO     | crowdcount.trainer:348 - [Eval] mae=85.85  mse=122.85  time=12.9s  best_mae=64.97  best_mse=97.65
2026-04-17 03:27:23 | INFO     | crowdcount.trainer:352 - [Eval] density_mae=66.02  density_mse=107.91  best_density_mae=56.54
2026-04-17 03:27:39 | INFO     | crowdcount.engine:429 - Averaged stats: lr: 0.000098  loss_sum: 0.0382 (0.0404)  losses: 0.0075 (0.0083)  den_loss: 0.0297 (0.0321)  loss_ce: 0.0028 (0.0029)  loss_points: 0.0006 (0.0006)  loss_count: 0.0026 (0.0031)  loss_consistency: 0.0013 (0.0017)  loss_ce_unscaled: 0.0028 (0.0029)  loss_points_unscaled: 3.1037 (3.2105)  loss_count_unscaled: 2.5741 (3.0906)  loss_consistency_unscaled: 1.3387 (1.6505)  den_ssim: 0.0011 (0.0012)  moe_aux_total: 0.0000 (0.0000)  moe_aux_raw: 0.0000 (0.0000)  l_balance: 0.0000 (0.0000)  l_decorr: 0.0000 (0.0000)  moe_temperature: 0.1698 (0.1700)
2026-04-17 03:27:40 | INFO     | crowdcount.trainer:289 - [ep 291][lr 0.0000984][16.66s]
2026-04-17 03:27:55 | INFO     | crowdcount.trainer:348 - [Eval] mae=108.29  mse=151.17  time=13.1s  best_mae=64.97  best_mse=97.65
2026-04-17 03:27:55 | INFO     | crowdcount.trainer:352 - [Eval] density_mae=59.15  density_mse=91.40  best_density_mae=56.54
2026-04-17 03:28:11 | INFO     | crowdcount.engine:429 - Averaged stats: lr: 0.000098  loss_sum: 0.0293 (0.0375)  losses: 0.0074 (0.0083)  den_loss: 0.0216 (0.0291)  loss_ce: 0.0027 (0.0029)  loss_points: 0.0006 (0.0006)  loss_count: 0.0027 (0.0031)  loss_consistency: 0.0015 (0.0017)  loss_ce_unscaled: 0.0027 (0.0029)  loss_points_unscaled: 3.1341 (3.1608)  loss_count_unscaled: 2.7301 (3.1358)  loss_consistency_unscaled: 1.4900 (1.6712)  den_ssim: 0.0011 (0.0012)  moe_aux_total: 0.0000 (0.0000)  moe_aux_raw: 0.0000 (0.0000)  l_balance: 0.0000 (0.0000)  l_decorr: 0.0000 (0.0000)  moe_temperature: 0.1692 (0.1694)
2026-04-17 03:28:11 | INFO     | crowdcount.trainer:289 - [ep 292][lr 0.0000984][16.29s]
2026-04-17 03:28:25 | INFO     | crowdcount.trainer:348 - [Eval] mae=145.48  mse=194.78  time=12.8s  best_mae=64.97  best_mse=97.65
2026-04-17 03:28:25 | INFO     | crowdcount.trainer:352 - [Eval] density_mae=79.32  density_mse=125.80  best_density_mae=56.54
2026-04-17 03:28:42 | INFO     | crowdcount.engine:429 - Averaged stats: lr: 0.000098  loss_sum: 0.0333 (0.0458)  losses: 0.0076 (0.0088)  den_loss: 0.0259 (0.0369)  loss_ce: 0.0028 (0.0029)  loss_points: 0.0006 (0.0006)  loss_count: 0.0025 (0.0033)  loss_consistency: 0.0017 (0.0020)  loss_ce_unscaled: 0.0028 (0.0029)  loss_points_unscaled: 3.0883 (3.1652)  loss_count_unscaled: 2.5399 (3.3074)  loss_consistency_unscaled: 1.6681 (1.9608)  den_ssim: 0.0011 (0.0012)  moe_aux_total: 0.0000 (0.0000)  moe_aux_raw: 0.0000 (0.0000)  l_balance: 0.0000 (0.0000)  l_decorr: 0.0000 (0.0000)  moe_temperature: 0.1686 (0.1687)
2026-04-17 03:28:42 | INFO     | crowdcount.trainer:289 - [ep 293][lr 0.0000984][17.03s]
2026-04-17 03:28:58 | INFO     | crowdcount.trainer:348 - [Eval] mae=146.62  mse=198.26  time=13.0s  best_mae=64.97  best_mse=97.65
2026-04-17 03:28:58 | INFO     | crowdcount.trainer:352 - [Eval] density_mae=69.56  density_mse=114.92  best_density_mae=56.54
2026-04-17 03:29:15 | INFO     | crowdcount.engine:429 - Averaged stats: lr: 0.000098  loss_sum: 0.0386 (0.0407)  losses: 0.0086 (0.0086)  den_loss: 0.0315 (0.0321)  loss_ce: 0.0030 (0.0029)  loss_points: 0.0006 (0.0006)  loss_count: 0.0029 (0.0030)  loss_consistency: 0.0018 (0.0020)  loss_ce_unscaled: 0.0030 (0.0029)  loss_points_unscaled: 3.2017 (3.1589)  loss_count_unscaled: 2.8937 (3.0266)  loss_consistency_unscaled: 1.7805 (1.9961)  den_ssim: 0.0011 (0.0011)  moe_aux_total: 0.0000 (0.0000)  moe_aux_raw: 0.0000 (0.0000)  l_balance: 0.0000 (0.0000)  l_decorr: 0.0000 (0.0000)  moe_temperature: 0.1680 (0.1681)
2026-04-17 03:29:15 | INFO     | crowdcount.trainer:289 - [ep 294][lr 0.0000984][17.01s]
2026-04-17 03:29:29 | INFO     | crowdcount.trainer:348 - [Eval] mae=102.97  mse=147.30  time=12.8s  best_mae=64.97  best_mse=97.65
2026-04-17 03:29:29 | INFO     | crowdcount.trainer:352 - [Eval] density_mae=60.13  density_mse=97.17  best_density_mae=56.54
2026-04-17 03:29:46 | INFO     | crowdcount.engine:429 - Averaged stats: lr: 0.000098  loss_sum: 0.0289 (0.0444)  losses: 0.0091 (0.0092)  den_loss: 0.0210 (0.0352)  loss_ce: 0.0028 (0.0030)  loss_points: 0.0007 (0.0006)  loss_count: 0.0031 (0.0035)  loss_consistency: 0.0022 (0.0021)  loss_ce_unscaled: 0.0028 (0.0030)  loss_points_unscaled: 3.4174 (3.2493)  loss_count_unscaled: 3.0802 (3.4720)  loss_consistency_unscaled: 2.1504 (2.1076)  den_ssim: 0.0012 (0.0012)  moe_aux_total: 0.0000 (0.0000)  moe_aux_raw: 0.0000 (0.0000)  l_balance: 0.0000 (0.0000)  l_decorr: 0.0000 (0.0000)  moe_temperature: 0.1673 (0.1675)
2026-04-17 03:29:46 | INFO     | crowdcount.trainer:289 - [ep 295][lr 0.0000984][16.89s]
2026-04-17 03:30:01 | INFO     | crowdcount.trainer:348 - [Eval] mae=101.26  mse=139.59  time=12.9s  best_mae=64.97  best_mse=97.65
2026-04-17 03:30:01 | INFO     | crowdcount.trainer:352 - [Eval] density_mae=63.35  density_mse=102.23  best_density_mae=56.54
2026-04-17 03:30:18 | INFO     | crowdcount.engine:429 - Averaged stats: lr: 0.000098  loss_sum: 0.0398 (0.0494)  losses: 0.0084 (0.0085)  den_loss: 0.0311 (0.0409)  loss_ce: 0.0029 (0.0029)  loss_points: 0.0006 (0.0006)  loss_count: 0.0032 (0.0033)  loss_consistency: 0.0015 (0.0017)  loss_ce_unscaled: 0.0029 (0.0029)  loss_points_unscaled: 3.1627 (3.1833)  loss_count_unscaled: 3.2287 (3.2786)  loss_consistency_unscaled: 1.5184 (1.6958)  den_ssim: 0.0012 (0.0011)  moe_aux_total: 0.0000 (0.0000)  moe_aux_raw: 0.0000 (0.0000)  l_balance: 0.0000 (0.0000)  l_decorr: 0.0000 (0.0000)  moe_temperature: 0.1667 (0.1669)
2026-04-17 03:30:18 | INFO     | crowdcount.trainer:289 - [ep 296][lr 0.0000984][16.60s]
2026-04-17 03:30:32 | INFO     | crowdcount.trainer:348 - [Eval] mae=126.51  mse=175.00  time=12.9s  best_mae=64.97  best_mse=97.65
2026-04-17 03:30:32 | INFO     | crowdcount.trainer:352 - [Eval] density_mae=61.07  density_mse=100.58  best_density_mae=56.54
2026-04-17 03:30:49 | INFO     | crowdcount.engine:429 - Averaged stats: lr: 0.000098  loss_sum: 0.0386 (0.0494)  losses: 0.0088 (0.0091)  den_loss: 0.0289 (0.0402)  loss_ce: 0.0029 (0.0030)  loss_points: 0.0006 (0.0006)  loss_count: 0.0034 (0.0036)  loss_consistency: 0.0018 (0.0019)  loss_ce_unscaled: 0.0029 (0.0030)  loss_points_unscaled: 3.0404 (3.1065)  loss_count_unscaled: 3.3508 (3.5817)  loss_consistency_unscaled: 1.7864 (1.9045)  den_ssim: 0.0011 (0.0012)  moe_aux_total: 0.0000 (0.0000)  moe_aux_raw: 0.0000 (0.0000)  l_balance: 0.0000 (0.0000)  l_decorr: 0.0000 (0.0000)  moe_temperature: 0.1661 (0.1663)
2026-04-17 03:30:49 | INFO     | crowdcount.trainer:289 - [ep 297][lr 0.0000984][17.07s]
2026-04-17 03:31:04 | INFO     | crowdcount.trainer:348 - [Eval] mae=81.87  mse=118.38  time=12.7s  best_mae=64.97  best_mse=97.65
2026-04-17 03:31:04 | INFO     | crowdcount.trainer:352 - [Eval] density_mae=65.11  density_mse=107.85  best_density_mae=56.54
2026-04-17 03:31:20 | INFO     | crowdcount.engine:429 - Averaged stats: lr: 0.000098  loss_sum: 0.0451 (0.0404)  losses: 0.0091 (0.0087)  den_loss: 0.0319 (0.0318)  loss_ce: 0.0033 (0.0029)  loss_points: 0.0007 (0.0007)  loss_count: 0.0035 (0.0032)  loss_consistency: 0.0017 (0.0019)  loss_ce_unscaled: 0.0033 (0.0029)  loss_points_unscaled: 3.3073 (3.2515)  loss_count_unscaled: 3.5335 (3.2136)  loss_consistency_unscaled: 1.7352 (1.9307)  den_ssim: 0.0013 (0.0012)  moe_aux_total: 0.0000 (0.0000)  moe_aux_raw: 0.0000 (0.0000)  l_balance: 0.0000 (0.0000)  l_decorr: 0.0000 (0.0000)  moe_temperature: 0.1655 (0.1656)
2026-04-17 03:31:20 | INFO     | crowdcount.trainer:289 - [ep 298][lr 0.0000983][16.24s]
2026-04-17 03:31:35 | INFO     | crowdcount.trainer:348 - [Eval] mae=93.43  mse=128.28  time=12.9s  best_mae=64.97  best_mse=97.65
2026-04-17 03:31:35 | INFO     | crowdcount.trainer:352 - [Eval] density_mae=63.02  density_mse=101.17  best_density_mae=56.54
2026-04-17 03:31:53 | INFO     | crowdcount.engine:429 - Averaged stats: lr: 0.000098  loss_sum: 0.0289 (0.0480)  losses: 0.0077 (0.0090)  den_loss: 0.0234 (0.0390)  loss_ce: 0.0023 (0.0030)  loss_points: 0.0006 (0.0006)  loss_count: 0.0031 (0.0035)  loss_consistency: 0.0016 (0.0019)  loss_ce_unscaled: 0.0023 (0.0030)  loss_points_unscaled: 3.2208 (3.2295)  loss_count_unscaled: 3.0928 (3.4637)  loss_consistency_unscaled: 1.5570 (1.8672)  den_ssim: 0.0011 (0.0012)  moe_aux_total: 0.0000 (0.0000)  moe_aux_raw: 0.0000 (0.0000)  l_balance: 0.0000 (0.0000)  l_decorr: 0.0000 (0.0000)  moe_temperature: 0.1649 (0.1650)
2026-04-17 03:31:53 | INFO     | crowdcount.trainer:289 - [ep 299][lr 0.0000983][17.69s]
2026-04-17 03:32:08 | INFO     | crowdcount.trainer:348 - [Eval] mae=87.16  mse=122.43  time=12.7s  best_mae=64.97  best_mse=97.65
2026-04-17 03:32:08 | INFO     | crowdcount.trainer:352 - [Eval] density_mae=66.21  density_mse=106.30  best_density_mae=56.54
2026-04-17 03:32:24 | INFO     | crowdcount.engine:429 - Averaged stats: lr: 0.000098  loss_sum: 0.0299 (0.0421)  losses: 0.0070 (0.0083)  den_loss: 0.0227 (0.0338)  loss_ce: 0.0027 (0.0029)  loss_points: 0.0006 (0.0006)  loss_count: 0.0024 (0.0030)  loss_consistency: 0.0015 (0.0017)  loss_ce_unscaled: 0.0027 (0.0029)  loss_points_unscaled: 3.1620 (3.1506)  loss_count_unscaled: 2.4114 (3.0465)  loss_consistency_unscaled: 1.4555 (1.7347)  den_ssim: 0.0011 (0.0011)  moe_aux_total: 0.0000 (0.0000)  moe_aux_raw: 0.0000 (0.0000)  l_balance: 0.0000 (0.0000)  l_decorr: 0.0000 (0.0000)  moe_temperature: 0.1643 (0.1644)
2026-04-17 03:32:24 | INFO     | crowdcount.trainer:289 - [ep 300][lr 0.0000983][16.69s]
2026-04-17 03:32:39 | INFO     | crowdcount.trainer:348 - [Eval] mae=127.46  mse=170.82  time=12.9s  best_mae=64.97  best_mse=97.65
2026-04-17 03:32:39 | INFO     | crowdcount.trainer:352 - [Eval] density_mae=62.83  density_mse=102.12  best_density_mae=56.54
2026-04-17 03:32:55 | INFO     | crowdcount.engine:429 - Averaged stats: lr: 0.000098  loss_sum: 0.0406 (0.0475)  losses: 0.0082 (0.0087)  den_loss: 0.0324 (0.0388)  loss_ce: 0.0030 (0.0029)  loss_points: 0.0006 (0.0006)  loss_count: 0.0033 (0.0034)  loss_consistency: 0.0016 (0.0017)  loss_ce_unscaled: 0.0030 (0.0029)  loss_points_unscaled: 3.1644 (3.1567)  loss_count_unscaled: 3.2977 (3.4338)  loss_consistency_unscaled: 1.6125 (1.7318)  den_ssim: 0.0011 (0.0012)  moe_aux_total: 0.0000 (0.0000)  moe_aux_raw: 0.0000 (0.0000)  l_balance: 0.0000 (0.0000)  l_decorr: 0.0000 (0.0000)  moe_temperature: 0.1637 (0.1638)
2026-04-17 03:32:55 | INFO     | crowdcount.trainer:289 - [ep 301][lr 0.0000983][16.63s]
2026-04-17 03:33:10 | INFO     | crowdcount.trainer:348 - [Eval] mae=89.45  mse=131.74  time=12.6s  best_mae=64.97  best_mse=97.65
2026-04-17 03:33:10 | INFO     | crowdcount.trainer:352 - [Eval] density_mae=64.67  density_mse=107.90  best_density_mae=56.54
2026-04-17 03:33:26 | INFO     | crowdcount.engine:429 - Averaged stats: lr: 0.000098  loss_sum: 0.0313 (0.0436)  losses: 0.0082 (0.0089)  den_loss: 0.0235 (0.0347)  loss_ce: 0.0029 (0.0029)  loss_points: 0.0006 (0.0007)  loss_count: 0.0032 (0.0033)  loss_consistency: 0.0022 (0.0020)  loss_ce_unscaled: 0.0029 (0.0029)  loss_points_unscaled: 3.2135 (3.2528)  loss_count_unscaled: 3.2094 (3.2866)  loss_consistency_unscaled: 2.1692 (2.0300)  den_ssim: 0.0012 (0.0012)  moe_aux_total: 0.0000 (0.0000)  moe_aux_raw: 0.0000 (0.0000)  l_balance: 0.0000 (0.0000)  l_decorr: 0.0000 (0.0000)  moe_temperature: 0.1631 (0.1632)
2026-04-17 03:33:26 | INFO     | crowdcount.trainer:289 - [ep 302][lr 0.0000983][16.48s]
2026-04-17 03:33:41 | INFO     | crowdcount.trainer:348 - [Eval] mae=100.50  mse=138.64  time=12.9s  best_mae=64.97  best_mse=97.65
2026-04-17 03:33:41 | INFO     | crowdcount.trainer:352 - [Eval] density_mae=63.06  density_mse=104.77  best_density_mae=56.54
2026-04-17 03:33:58 | INFO     | crowdcount.engine:429 - Averaged stats: lr: 0.000098  loss_sum: 0.0378 (0.0472)  losses: 0.0083 (0.0089)  den_loss: 0.0306 (0.0383)  loss_ce: 0.0030 (0.0030)  loss_points: 0.0006 (0.0006)  loss_count: 0.0029 (0.0034)  loss_consistency: 0.0018 (0.0019)  loss_ce_unscaled: 0.0030 (0.0030)  loss_points_unscaled: 3.1529 (3.1581)  loss_count_unscaled: 2.9350 (3.4270)  loss_consistency_unscaled: 1.7550 (1.8844)  den_ssim: 0.0012 (0.0012)  moe_aux_total: 0.0000 (0.0000)  moe_aux_raw: 0.0000 (0.0000)  l_balance: 0.0000 (0.0000)  l_decorr: 0.0000 (0.0000)  moe_temperature: 0.1625 (0.1626)
2026-04-17 03:33:58 | INFO     | crowdcount.trainer:289 - [ep 303][lr 0.0000983][17.29s]
2026-04-17 03:34:13 | INFO     | crowdcount.trainer:348 - [Eval] mae=73.95  mse=112.60  time=12.8s  best_mae=64.97  best_mse=97.65
2026-04-17 03:34:13 | INFO     | crowdcount.trainer:352 - [Eval] density_mae=59.60  density_mse=97.48  best_density_mae=56.54
2026-04-17 03:34:29 | INFO     | crowdcount.engine:429 - Averaged stats: lr: 0.000098  loss_sum: 0.0357 (0.0425)  losses: 0.0084 (0.0087)  den_loss: 0.0274 (0.0338)  loss_ce: 0.0027 (0.0029)  loss_points: 0.0006 (0.0006)  loss_count: 0.0032 (0.0033)  loss_consistency: 0.0018 (0.0018)  loss_ce_unscaled: 0.0027 (0.0029)  loss_points_unscaled: 3.1107 (3.1247)  loss_count_unscaled: 3.1888 (3.3487)  loss_consistency_unscaled: 1.7628 (1.7946)  den_ssim: 0.0011 (0.0011)  moe_aux_total: 0.0000 (0.0000)  moe_aux_raw: 0.0000 (0.0000)  l_balance: 0.0000 (0.0000)  l_decorr: 0.0000 (0.0000)  moe_temperature: 0.1619 (0.1620)
2026-04-17 03:34:29 | INFO     | crowdcount.trainer:289 - [ep 304][lr 0.0000983][16.46s]
2026-04-17 03:34:44 | INFO     | crowdcount.trainer:348 - [Eval] mae=114.84  mse=152.08  time=12.7s  best_mae=64.97  best_mse=97.65
2026-04-17 03:34:44 | INFO     | crowdcount.trainer:352 - [Eval] density_mae=61.52  density_mse=99.64  best_density_mae=56.54
2026-04-17 03:35:01 | INFO     | crowdcount.engine:429 - Averaged stats: lr: 0.000098  loss_sum: 0.0403 (0.0399)  losses: 0.0088 (0.0087)  den_loss: 0.0313 (0.0312)  loss_ce: 0.0029 (0.0028)  loss_points: 0.0006 (0.0006)  loss_count: 0.0030 (0.0031)  loss_consistency: 0.0020 (0.0021)  loss_ce_unscaled: 0.0029 (0.0028)  loss_points_unscaled: 3.1654 (3.2220)  loss_count_unscaled: 3.0100 (3.1206)  loss_consistency_unscaled: 1.9848 (2.1179)  den_ssim: 0.0012 (0.0012)  moe_aux_total: 0.0000 (0.0000)  moe_aux_raw: 0.0000 (0.0000)  l_balance: 0.0000 (0.0000)  l_decorr: 0.0000 (0.0000)  moe_temperature: 0.1613 (0.1614)
2026-04-17 03:35:01 | INFO     | crowdcount.trainer:289 - [ep 305][lr 0.0000983][16.53s]
2026-04-17 03:35:15 | INFO     | crowdcount.trainer:348 - [Eval] mae=100.75  mse=139.48  time=12.7s  best_mae=64.97  best_mse=97.65
2026-04-17 03:35:15 | INFO     | crowdcount.trainer:352 - [Eval] density_mae=62.00  density_mse=102.99  best_density_mae=56.54
2026-04-17 03:35:32 | INFO     | crowdcount.engine:429 - Averaged stats: lr: 0.000098  loss_sum: 0.0373 (0.0414)  losses: 0.0079 (0.0083)  den_loss: 0.0280 (0.0330)  loss_ce: 0.0030 (0.0029)  loss_points: 0.0006 (0.0006)  loss_count: 0.0026 (0.0031)  loss_consistency: 0.0015 (0.0016)  loss_ce_unscaled: 0.0030 (0.0029)  loss_points_unscaled: 3.2230 (3.1648)  loss_count_unscaled: 2.6431 (3.1045)  loss_consistency_unscaled: 1.4824 (1.6365)  den_ssim: 0.0012 (0.0011)  moe_aux_total: 0.0000 (0.0000)  moe_aux_raw: 0.0000 (0.0000)  l_balance: 0.0000 (0.0000)  l_decorr: 0.0000 (0.0000)  moe_temperature: 0.1607 (0.1608)
2026-04-17 03:35:32 | INFO     | crowdcount.trainer:289 - [ep 306][lr 0.0000983][16.50s]
2026-04-17 03:35:46 | INFO     | crowdcount.trainer:348 - [Eval] mae=107.37  mse=150.40  time=12.8s  best_mae=64.97  best_mse=97.65
2026-04-17 03:35:46 | INFO     | crowdcount.trainer:352 - [Eval] density_mae=61.73  density_mse=106.50  best_density_mae=56.54
2026-04-17 03:36:03 | INFO     | crowdcount.engine:429 - Averaged stats: lr: 0.000098  loss_sum: 0.0289 (0.0406)  losses: 0.0085 (0.0085)  den_loss: 0.0206 (0.0321)  loss_ce: 0.0028 (0.0029)  loss_points: 0.0006 (0.0006)  loss_count: 0.0025 (0.0031)  loss_consistency: 0.0019 (0.0019)  loss_ce_unscaled: 0.0028 (0.0029)  loss_points_unscaled: 3.1976 (3.1961)  loss_count_unscaled: 2.5449 (3.0532)  loss_consistency_unscaled: 1.9141 (1.9333)  den_ssim: 0.0011 (0.0012)  moe_aux_total: 0.0000 (0.0000)  moe_aux_raw: 0.0000 (0.0000)  l_balance: 0.0000 (0.0000)  l_decorr: 0.0000 (0.0000)  moe_temperature: 0.1601 (0.1602)
2026-04-17 03:36:03 | INFO     | crowdcount.trainer:289 - [ep 307][lr 0.0000982][16.13s]
2026-04-17 03:36:17 | INFO     | crowdcount.trainer:348 - [Eval] mae=81.91  mse=116.99  time=12.8s  best_mae=64.97  best_mse=97.65
2026-04-17 03:36:17 | INFO     | crowdcount.trainer:352 - [Eval] density_mae=66.64  density_mse=105.35  best_density_mae=56.54
2026-04-17 03:36:34 | INFO     | crowdcount.engine:429 - Averaged stats: lr: 0.000098  loss_sum: 0.0437 (0.0431)  losses: 0.0080 (0.0089)  den_loss: 0.0341 (0.0341)  loss_ce: 0.0028 (0.0029)  loss_points: 0.0007 (0.0007)  loss_count: 0.0030 (0.0035)  loss_consistency: 0.0017 (0.0019)  loss_ce_unscaled: 0.0028 (0.0029)  loss_points_unscaled: 3.2706 (3.2777)  loss_count_unscaled: 2.9760 (3.4891)  loss_consistency_unscaled: 1.6951 (1.8714)  den_ssim: 0.0011 (0.0012)  moe_aux_total: 0.0000 (0.0000)  moe_aux_raw: 0.0000 (0.0000)  l_balance: 0.0000 (0.0000)  l_decorr: 0.0000 (0.0000)  moe_temperature: 0.1595 (0.1596)
2026-04-17 03:36:34 | INFO     | crowdcount.trainer:289 - [ep 308][lr 0.0000982][16.64s]
2026-04-17 03:36:48 | INFO     | crowdcount.trainer:348 - [Eval] mae=132.38  mse=174.85  time=12.9s  best_mae=64.97  best_mse=97.65
2026-04-17 03:36:48 | INFO     | crowdcount.trainer:352 - [Eval] density_mae=69.43  density_mse=107.96  best_density_mae=56.54
2026-04-17 03:37:05 | INFO     | crowdcount.engine:429 - Averaged stats: lr: 0.000098  loss_sum: 0.0277 (0.0432)  losses: 0.0080 (0.0087)  den_loss: 0.0195 (0.0345)  loss_ce: 0.0028 (0.0029)  loss_points: 0.0006 (0.0006)  loss_count: 0.0025 (0.0032)  loss_consistency: 0.0019 (0.0019)  loss_ce_unscaled: 0.0028 (0.0029)  loss_points_unscaled: 3.1004 (3.2002)  loss_count_unscaled: 2.5277 (3.1736)  loss_consistency_unscaled: 1.8641 (1.9464)  den_ssim: 0.0011 (0.0012)  moe_aux_total: 0.0000 (0.0000)  moe_aux_raw: 0.0000 (0.0000)  l_balance: 0.0000 (0.0000)  l_decorr: 0.0000 (0.0000)  moe_temperature: 0.1589 (0.1590)
2026-04-17 03:37:05 | INFO     | crowdcount.trainer:289 - [ep 309][lr 0.0000982][16.58s]
2026-04-17 03:37:19 | INFO     | crowdcount.trainer:348 - [Eval] mae=138.79  mse=185.29  time=12.9s  best_mae=64.97  best_mse=97.65
2026-04-17 03:37:19 | INFO     | crowdcount.trainer:352 - [Eval] density_mae=66.61  density_mse=108.26  best_density_mae=56.54
2026-04-17 03:37:36 | INFO     | crowdcount.engine:429 - Averaged stats: lr: 0.000098  loss_sum: 0.0299 (0.0398)  losses: 0.0078 (0.0085)  den_loss: 0.0230 (0.0313)  loss_ce: 0.0025 (0.0029)  loss_points: 0.0007 (0.0006)  loss_count: 0.0027 (0.0033)  loss_consistency: 0.0014 (0.0017)  loss_ce_unscaled: 0.0025 (0.0029)  loss_points_unscaled: 3.2500 (3.1987)  loss_count_unscaled: 2.7366 (3.2602)  loss_consistency_unscaled: 1.4250 (1.7427)  den_ssim: 0.0012 (0.0012)  moe_aux_total: 0.0000 (0.0000)  moe_aux_raw: 0.0000 (0.0000)  l_balance: 0.0000 (0.0000)  l_decorr: 0.0000 (0.0000)  moe_temperature: 0.1583 (0.1585)
2026-04-17 03:37:36 | INFO     | crowdcount.trainer:289 - [ep 310][lr 0.0000982][16.93s]
2026-04-17 03:37:51 | INFO     | crowdcount.trainer:348 - [Eval] mae=113.98  mse=154.55  time=13.0s  best_mae=64.97  best_mse=97.65
2026-04-17 03:37:51 | INFO     | crowdcount.trainer:352 - [Eval] density_mae=64.61  density_mse=105.55  best_density_mae=56.54
2026-04-17 03:38:09 | INFO     | crowdcount.engine:429 - Averaged stats: lr: 0.000098  loss_sum: 0.0375 (0.0437)  losses: 0.0085 (0.0089)  den_loss: 0.0275 (0.0348)  loss_ce: 0.0029 (0.0029)  loss_points: 0.0006 (0.0006)  loss_count: 0.0033 (0.0035)  loss_consistency: 0.0019 (0.0018)  loss_ce_unscaled: 0.0029 (0.0029)  loss_points_unscaled: 3.1400 (3.1374)  loss_count_unscaled: 3.3289 (3.4762)  loss_consistency_unscaled: 1.9029 (1.8457)  den_ssim: 0.0011 (0.0012)  moe_aux_total: 0.0000 (0.0000)  moe_aux_raw: 0.0000 (0.0000)  l_balance: 0.0000 (0.0000)  l_decorr: 0.0000 (0.0000)  moe_temperature: 0.1577 (0.1579)
2026-04-17 03:38:09 | INFO     | crowdcount.trainer:289 - [ep 311][lr 0.0000982][17.23s]
2026-04-17 03:38:23 | INFO     | crowdcount.trainer:348 - [Eval] mae=95.65  mse=135.06  time=12.8s  best_mae=64.97  best_mse=97.65
2026-04-17 03:38:23 | INFO     | crowdcount.trainer:352 - [Eval] density_mae=65.57  density_mse=106.84  best_density_mae=56.54
2026-04-17 03:38:40 | INFO     | crowdcount.engine:429 - Averaged stats: lr: 0.000098  loss_sum: 0.0297 (0.0420)  losses: 0.0080 (0.0082)  den_loss: 0.0224 (0.0338)  loss_ce: 0.0023 (0.0029)  loss_points: 0.0007 (0.0006)  loss_count: 0.0026 (0.0029)  loss_consistency: 0.0015 (0.0018)  loss_ce_unscaled: 0.0023 (0.0029)  loss_points_unscaled: 3.3127 (3.2203)  loss_count_unscaled: 2.6251 (2.8977)  loss_consistency_unscaled: 1.4818 (1.7926)  den_ssim: 0.0011 (0.0012)  moe_aux_total: 0.0000 (0.0000)  moe_aux_raw: 0.0000 (0.0000)  l_balance: 0.0000 (0.0000)  l_decorr: 0.0000 (0.0000)  moe_temperature: 0.1571 (0.1573)
2026-04-17 03:38:40 | INFO     | crowdcount.trainer:289 - [ep 312][lr 0.0000982][16.30s]
2026-04-17 03:38:54 | INFO     | crowdcount.trainer:348 - [Eval] mae=88.30  mse=127.49  time=12.8s  best_mae=64.97  best_mse=97.65
2026-04-17 03:38:54 | INFO     | crowdcount.trainer:352 - [Eval] density_mae=68.99  density_mse=113.04  best_density_mae=56.54
2026-04-17 03:39:11 | INFO     | crowdcount.engine:429 - Averaged stats: lr: 0.000098  loss_sum: 0.0262 (0.0362)  losses: 0.0075 (0.0079)  den_loss: 0.0182 (0.0283)  loss_ce: 0.0027 (0.0028)  loss_points: 0.0006 (0.0006)  loss_count: 0.0027 (0.0028)  loss_consistency: 0.0016 (0.0017)  loss_ce_unscaled: 0.0027 (0.0028)  loss_points_unscaled: 3.1916 (3.1702)  loss_count_unscaled: 2.6653 (2.8120)  loss_consistency_unscaled: 1.5997 (1.7328)  den_ssim: 0.0012 (0.0011)  moe_aux_total: 0.0000 (0.0000)  moe_aux_raw: 0.0000 (0.0000)  l_balance: 0.0000 (0.0000)  l_decorr: 0.0000 (0.0000)  moe_temperature: 0.1566 (0.1567)
2026-04-17 03:39:11 | INFO     | crowdcount.trainer:289 - [ep 313][lr 0.0000982][16.14s]
2026-04-17 03:39:25 | INFO     | crowdcount.trainer:348 - [Eval] mae=94.01  mse=129.28  time=12.9s  best_mae=64.97  best_mse=97.65
2026-04-17 03:39:25 | INFO     | crowdcount.trainer:352 - [Eval] density_mae=73.70  density_mse=121.04  best_density_mae=56.54
2026-04-17 03:39:41 | INFO     | crowdcount.engine:429 - Averaged stats: lr: 0.000098  loss_sum: 0.0321 (0.0452)  losses: 0.0073 (0.0085)  den_loss: 0.0242 (0.0367)  loss_ce: 0.0025 (0.0029)  loss_points: 0.0006 (0.0006)  loss_count: 0.0024 (0.0032)  loss_consistency: 0.0015 (0.0018)  loss_ce_unscaled: 0.0025 (0.0029)  loss_points_unscaled: 3.1724 (3.1718)  loss_count_unscaled: 2.3774 (3.1897)  loss_consistency_unscaled: 1.4861 (1.7924)  den_ssim: 0.0011 (0.0012)  moe_aux_total: 0.0000 (0.0000)  moe_aux_raw: 0.0000 (0.0000)  l_balance: 0.0000 (0.0000)  l_decorr: 0.0000 (0.0000)  moe_temperature: 0.1560 (0.1561)
2026-04-17 03:39:41 | INFO     | crowdcount.trainer:289 - [ep 314][lr 0.0000982][15.97s]
2026-04-17 03:39:56 | INFO     | crowdcount.trainer:348 - [Eval] mae=114.77  mse=151.03  time=12.7s  best_mae=64.97  best_mse=97.65
2026-04-17 03:39:56 | INFO     | crowdcount.trainer:352 - [Eval] density_mae=64.59  density_mse=102.35  best_density_mae=56.54
2026-04-17 03:40:12 | INFO     | crowdcount.engine:429 - Averaged stats: lr: 0.000098  loss_sum: 0.0427 (0.0473)  losses: 0.0085 (0.0087)  den_loss: 0.0346 (0.0386)  loss_ce: 0.0030 (0.0031)  loss_points: 0.0006 (0.0006)  loss_count: 0.0033 (0.0033)  loss_consistency: 0.0015 (0.0017)  loss_ce_unscaled: 0.0030 (0.0031)  loss_points_unscaled: 3.1071 (3.2139)  loss_count_unscaled: 3.2811 (3.3140)  loss_consistency_unscaled: 1.4585 (1.7090)  den_ssim: 0.0011 (0.0012)  moe_aux_total: 0.0000 (0.0000)  moe_aux_raw: 0.0000 (0.0000)  l_balance: 0.0000 (0.0000)  l_decorr: 0.0000 (0.0000)  moe_temperature: 0.1554 (0.1555)
2026-04-17 03:40:12 | INFO     | crowdcount.trainer:289 - [ep 315][lr 0.0000981][16.60s]
2026-04-17 03:40:27 | INFO     | crowdcount.trainer:348 - [Eval] mae=112.86  mse=158.73  time=13.0s  best_mae=64.97  best_mse=97.65
2026-04-17 03:40:27 | INFO     | crowdcount.trainer:352 - [Eval] density_mae=62.73  density_mse=105.37  best_density_mae=56.54
2026-04-17 03:40:44 | INFO     | crowdcount.engine:429 - Averaged stats: lr: 0.000098  loss_sum: 0.0406 (0.0391)  losses: 0.0077 (0.0082)  den_loss: 0.0330 (0.0309)  loss_ce: 0.0026 (0.0029)  loss_points: 0.0006 (0.0006)  loss_count: 0.0034 (0.0030)  loss_consistency: 0.0015 (0.0016)  loss_ce_unscaled: 0.0026 (0.0029)  loss_points_unscaled: 3.2467 (3.2270)  loss_count_unscaled: 3.3540 (3.0038)  loss_consistency_unscaled: 1.5435 (1.6464)  den_ssim: 0.0011 (0.0012)  moe_aux_total: 0.0000 (0.0000)  moe_aux_raw: 0.0000 (0.0000)  l_balance: 0.0000 (0.0000)  l_decorr: 0.0000 (0.0000)  moe_temperature: 0.1548 (0.1550)
2026-04-17 03:40:44 | INFO     | crowdcount.trainer:289 - [ep 316][lr 0.0000981][16.29s]
2026-04-17 03:40:58 | INFO     | crowdcount.trainer:348 - [Eval] mae=78.38  mse=119.92  time=12.5s  best_mae=64.97  best_mse=97.65
2026-04-17 03:40:58 | INFO     | crowdcount.trainer:352 - [Eval] density_mae=76.46  density_mse=119.81  best_density_mae=56.54
2026-04-17 03:41:15 | INFO     | crowdcount.engine:429 - Averaged stats: lr: 0.000098  loss_sum: 0.0328 (0.0475)  losses: 0.0079 (0.0088)  den_loss: 0.0232 (0.0387)  loss_ce: 0.0028 (0.0030)  loss_points: 0.0006 (0.0006)  loss_count: 0.0031 (0.0034)  loss_consistency: 0.0015 (0.0018)  loss_ce_unscaled: 0.0028 (0.0030)  loss_points_unscaled: 3.1794 (3.1546)  loss_count_unscaled: 3.0678 (3.3989)  loss_consistency_unscaled: 1.5214 (1.7726)  den_ssim: 0.0011 (0.0012)  moe_aux_total: 0.0000 (0.0000)  moe_aux_raw: 0.0000 (0.0000)  l_balance: 0.0000 (0.0000)  l_decorr: 0.0000 (0.0000)  moe_temperature: 0.1543 (0.1544)
2026-04-17 03:41:15 | INFO     | crowdcount.trainer:289 - [ep 317][lr 0.0000981][16.65s]
2026-04-17 03:41:29 | INFO     | crowdcount.trainer:348 - [Eval] mae=70.43  mse=109.48  time=12.5s  best_mae=64.97  best_mse=97.65
2026-04-17 03:41:29 | INFO     | crowdcount.trainer:352 - [Eval] density_mae=62.72  density_mse=95.69  best_density_mae=56.54
2026-04-17 03:41:46 | INFO     | crowdcount.engine:429 - Averaged stats: lr: 0.000098  loss_sum: 0.0317 (0.0437)  losses: 0.0070 (0.0080)  den_loss: 0.0256 (0.0356)  loss_ce: 0.0026 (0.0029)  loss_points: 0.0006 (0.0006)  loss_count: 0.0023 (0.0030)  loss_consistency: 0.0015 (0.0015)  loss_ce_unscaled: 0.0026 (0.0029)  loss_points_unscaled: 3.1925 (3.2006)  loss_count_unscaled: 2.3175 (3.0247)  loss_consistency_unscaled: 1.5315 (1.4871)  den_ssim: 0.0012 (0.0011)  moe_aux_total: 0.0000 (0.0000)  moe_aux_raw: 0.0000 (0.0000)  l_balance: 0.0000 (0.0000)  l_decorr: 0.0000 (0.0000)  moe_temperature: 0.1537 (0.1538)
2026-04-17 03:41:46 | INFO     | crowdcount.trainer:289 - [ep 318][lr 0.0000981][16.41s]
2026-04-17 03:42:00 | INFO     | crowdcount.trainer:348 - [Eval] mae=109.52  mse=156.95  time=12.7s  best_mae=64.97  best_mse=97.65
2026-04-17 03:42:00 | INFO     | crowdcount.trainer:352 - [Eval] density_mae=67.14  density_mse=113.08  best_density_mae=56.54
2026-04-17 03:42:17 | INFO     | crowdcount.engine:429 - Averaged stats: lr: 0.000098  loss_sum: 0.0372 (0.0466)  losses: 0.0090 (0.0093)  den_loss: 0.0279 (0.0373)  loss_ce: 0.0027 (0.0030)  loss_points: 0.0006 (0.0006)  loss_count: 0.0031 (0.0034)  loss_consistency: 0.0022 (0.0022)  loss_ce_unscaled: 0.0027 (0.0030)  loss_points_unscaled: 3.1135 (3.1897)  loss_count_unscaled: 3.1187 (3.4438)  loss_consistency_unscaled: 2.1927 (2.2198)  den_ssim: 0.0012 (0.0012)  moe_aux_total: 0.0000 (0.0000)  moe_aux_raw: 0.0000 (0.0000)  l_balance: 0.0000 (0.0000)  l_decorr: 0.0000 (0.0000)  moe_temperature: 0.1531 (0.1533)
2026-04-17 03:42:17 | INFO     | crowdcount.trainer:289 - [ep 319][lr 0.0000981][16.51s]
2026-04-17 03:42:31 | INFO     | crowdcount.trainer:348 - [Eval] mae=119.58  mse=165.42  time=12.7s  best_mae=64.97  best_mse=97.65
2026-04-17 03:42:31 | INFO     | crowdcount.trainer:352 - [Eval] density_mae=75.45  density_mse=125.99  best_density_mae=56.54
2026-04-17 03:42:48 | INFO     | crowdcount.engine:429 - Averaged stats: lr: 0.000098  loss_sum: 0.0338 (0.0439)  losses: 0.0077 (0.0085)  den_loss: 0.0241 (0.0354)  loss_ce: 0.0028 (0.0029)  loss_points: 0.0006 (0.0006)  loss_count: 0.0031 (0.0033)  loss_consistency: 0.0014 (0.0017)  loss_ce_unscaled: 0.0028 (0.0029)  loss_points_unscaled: 3.2134 (3.1512)  loss_count_unscaled: 3.0564 (3.2568)  loss_consistency_unscaled: 1.4391 (1.7080)  den_ssim: 0.0011 (0.0012)  moe_aux_total: 0.0000 (0.0000)  moe_aux_raw: 0.0000 (0.0000)  l_balance: 0.0000 (0.0000)  l_decorr: 0.0000 (0.0000)  moe_temperature: 0.1526 (0.1527)
2026-04-17 03:42:48 | INFO     | crowdcount.trainer:289 - [ep 320][lr 0.0000981][16.78s]
2026-04-17 03:43:03 | INFO     | crowdcount.trainer:348 - [Eval] mae=129.52  mse=175.34  time=12.7s  best_mae=64.97  best_mse=97.65
2026-04-17 03:43:03 | INFO     | crowdcount.trainer:352 - [Eval] density_mae=84.43  density_mse=124.41  best_density_mae=56.54
2026-04-17 03:43:19 | INFO     | crowdcount.engine:429 - Averaged stats: lr: 0.000098  loss_sum: 0.0322 (0.0459)  losses: 0.0080 (0.0084)  den_loss: 0.0229 (0.0374)  loss_ce: 0.0030 (0.0028)  loss_points: 0.0007 (0.0006)  loss_count: 0.0028 (0.0032)  loss_consistency: 0.0016 (0.0017)  loss_ce_unscaled: 0.0030 (0.0028)  loss_points_unscaled: 3.2608 (3.1965)  loss_count_unscaled: 2.8208 (3.2149)  loss_consistency_unscaled: 1.6042 (1.7283)  den_ssim: 0.0012 (0.0011)  moe_aux_total: 0.0000 (0.0000)  moe_aux_raw: 0.0000 (0.0000)  l_balance: 0.0000 (0.0000)  l_decorr: 0.0000 (0.0000)  moe_temperature: 0.1520 (0.1521)
2026-04-17 03:43:19 | INFO     | crowdcount.trainer:289 - [ep 321][lr 0.0000981][16.48s]
2026-04-17 03:43:34 | INFO     | crowdcount.trainer:348 - [Eval] mae=141.37  mse=185.62  time=12.7s  best_mae=64.97  best_mse=97.65
2026-04-17 03:43:34 | INFO     | crowdcount.trainer:352 - [Eval] density_mae=64.69  density_mse=106.08  best_density_mae=56.54
2026-04-17 03:43:50 | INFO     | crowdcount.engine:429 - Averaged stats: lr: 0.000098  loss_sum: 0.0355 (0.0469)  losses: 0.0080 (0.0084)  den_loss: 0.0274 (0.0385)  loss_ce: 0.0026 (0.0030)  loss_points: 0.0006 (0.0006)  loss_count: 0.0030 (0.0033)  loss_consistency: 0.0015 (0.0015)  loss_ce_unscaled: 0.0026 (0.0030)  loss_points_unscaled: 3.1103 (3.0971)  loss_count_unscaled: 3.0395 (3.2824)  loss_consistency_unscaled: 1.5220 (1.4991)  den_ssim: 0.0011 (0.0011)  moe_aux_total: 0.0000 (0.0000)  moe_aux_raw: 0.0000 (0.0000)  l_balance: 0.0000 (0.0000)  l_decorr: 0.0000 (0.0000)  moe_temperature: 0.1514 (0.1516)
2026-04-17 03:43:50 | INFO     | crowdcount.trainer:289 - [ep 322][lr 0.0000981][16.44s]
2026-04-17 03:44:05 | INFO     | crowdcount.trainer:348 - [Eval] mae=98.10  mse=131.61  time=13.0s  best_mae=64.97  best_mse=97.65
2026-04-17 03:44:05 | INFO     | crowdcount.trainer:352 - [Eval] density_mae=66.97  density_mse=110.36  best_density_mae=56.54
2026-04-17 03:44:21 | INFO     | crowdcount.engine:429 - Averaged stats: lr: 0.000098  loss_sum: 0.0252 (0.0384)  losses: 0.0079 (0.0081)  den_loss: 0.0187 (0.0303)  loss_ce: 0.0027 (0.0027)  loss_points: 0.0007 (0.0007)  loss_count: 0.0029 (0.0030)  loss_consistency: 0.0015 (0.0017)  loss_ce_unscaled: 0.0027 (0.0027)  loss_points_unscaled: 3.2803 (3.2844)  loss_count_unscaled: 2.9318 (3.0099)  loss_consistency_unscaled: 1.4868 (1.7451)  den_ssim: 0.0011 (0.0012)  moe_aux_total: 0.0000 (0.0000)  moe_aux_raw: 0.0000 (0.0000)  l_balance: 0.0000 (0.0000)  l_decorr: 0.0000 (0.0000)  moe_temperature: 0.1509 (0.1510)
2026-04-17 03:44:21 | INFO     | crowdcount.trainer:289 - [ep 323][lr 0.0000980][15.83s]
2026-04-17 03:44:36 | INFO     | crowdcount.trainer:348 - [Eval] mae=103.08  mse=145.53  time=13.2s  best_mae=64.97  best_mse=97.65
2026-04-17 03:44:36 | INFO     | crowdcount.trainer:352 - [Eval] density_mae=58.22  density_mse=90.46  best_density_mae=56.54
2026-04-17 03:44:53 | INFO     | crowdcount.engine:429 - Averaged stats: lr: 0.000098  loss_sum: 0.0315 (0.0488)  losses: 0.0086 (0.0088)  den_loss: 0.0244 (0.0400)  loss_ce: 0.0028 (0.0030)  loss_points: 0.0006 (0.0006)  loss_count: 0.0027 (0.0032)  loss_consistency: 0.0021 (0.0019)  loss_ce_unscaled: 0.0028 (0.0030)  loss_points_unscaled: 3.2425 (3.2034)  loss_count_unscaled: 2.6860 (3.2426)  loss_consistency_unscaled: 2.0816 (1.9367)  den_ssim: 0.0011 (0.0012)  moe_aux_total: 0.0000 (0.0000)  moe_aux_raw: 0.0000 (0.0000)  l_balance: 0.0000 (0.0000)  l_decorr: 0.0000 (0.0000)  moe_temperature: 0.1503 (0.1505)
2026-04-17 03:44:53 | INFO     | crowdcount.trainer:289 - [ep 324][lr 0.0000980][16.59s]
2026-04-17 03:45:07 | INFO     | crowdcount.trainer:348 - [Eval] mae=106.44  mse=139.11  time=12.9s  best_mae=64.97  best_mse=97.65
2026-04-17 03:45:07 | INFO     | crowdcount.trainer:352 - [Eval] density_mae=63.16  density_mse=103.61  best_density_mae=56.54
2026-04-17 03:45:24 | INFO     | crowdcount.engine:429 - Averaged stats: lr: 0.000098  loss_sum: 0.0380 (0.0453)  losses: 0.0069 (0.0082)  den_loss: 0.0296 (0.0370)  loss_ce: 0.0027 (0.0029)  loss_points: 0.0006 (0.0006)  loss_count: 0.0024 (0.0031)  loss_consistency: 0.0014 (0.0015)  loss_ce_unscaled: 0.0027 (0.0029)  loss_points_unscaled: 3.1804 (3.1748)  loss_count_unscaled: 2.3963 (3.1380)  loss_consistency_unscaled: 1.4213 (1.5035)  den_ssim: 0.0011 (0.0011)  moe_aux_total: 0.0000 (0.0000)  moe_aux_raw: 0.0000 (0.0000)  l_balance: 0.0000 (0.0000)  l_decorr: 0.0000 (0.0000)  moe_temperature: 0.1500 (0.1500)
2026-04-17 03:45:24 | INFO     | crowdcount.trainer:289 - [ep 325][lr 0.0000980][16.28s]
2026-04-17 03:45:39 | INFO     | crowdcount.trainer:348 - [Eval] mae=85.95  mse=122.55  time=13.0s  best_mae=64.97  best_mse=97.65
2026-04-17 03:45:39 | INFO     | crowdcount.trainer:352 - [Eval] density_mae=63.89  density_mse=102.63  best_density_mae=56.54
2026-04-17 03:45:55 | INFO     | crowdcount.engine:429 - Averaged stats: lr: 0.000098  loss_sum: 0.0370 (0.0421)  losses: 0.0086 (0.0085)  den_loss: 0.0257 (0.0336)  loss_ce: 0.0029 (0.0029)  loss_points: 0.0006 (0.0006)  loss_count: 0.0034 (0.0034)  loss_consistency: 0.0014 (0.0016)  loss_ce_unscaled: 0.0029 (0.0029)  loss_points_unscaled: 3.1220 (3.0882)  loss_count_unscaled: 3.3595 (3.4028)  loss_consistency_unscaled: 1.4226 (1.5696)  den_ssim: 0.0012 (0.0011)  moe_aux_total: 0.0000 (0.0000)  moe_aux_raw: 0.0000 (0.0000)  l_balance: 0.0000 (0.0000)  l_decorr: 0.0000 (0.0000)  moe_temperature: 0.1500 (0.1500)
2026-04-17 03:45:55 | INFO     | crowdcount.trainer:289 - [ep 326][lr 0.0000980][16.61s]
2026-04-17 03:46:10 | INFO     | crowdcount.trainer:348 - [Eval] mae=81.02  mse=113.86  time=13.0s  best_mae=64.97  best_mse=97.65
2026-04-17 03:46:10 | INFO     | crowdcount.trainer:352 - [Eval] density_mae=60.45  density_mse=100.53  best_density_mae=56.54
2026-04-17 03:46:26 | INFO     | crowdcount.engine:429 - Averaged stats: lr: 0.000098  loss_sum: 0.0280 (0.0429)  losses: 0.0077 (0.0086)  den_loss: 0.0205 (0.0342)  loss_ce: 0.0025 (0.0028)  loss_points: 0.0006 (0.0006)  loss_count: 0.0028 (0.0033)  loss_consistency: 0.0016 (0.0019)  loss_ce_unscaled: 0.0025 (0.0028)  loss_points_unscaled: 3.1231 (3.2411)  loss_count_unscaled: 2.7708 (3.3398)  loss_consistency_unscaled: 1.6419 (1.8959)  den_ssim: 0.0010 (0.0011)  moe_aux_total: 0.0000 (0.0000)  moe_aux_raw: 0.0000 (0.0000)  l_balance: 0.0000 (0.0000)  l_decorr: 0.0000 (0.0000)  moe_temperature: 0.1500 (0.1500)
2026-04-17 03:46:26 | INFO     | crowdcount.trainer:289 - [ep 327][lr 0.0000980][15.75s]
2026-04-17 03:46:40 | INFO     | crowdcount.trainer:348 - [Eval] mae=95.98  mse=134.16  time=12.4s  best_mae=64.97  best_mse=97.65
2026-04-17 03:46:40 | INFO     | crowdcount.trainer:352 - [Eval] density_mae=63.95  density_mse=105.64  best_density_mae=56.54
2026-04-17 03:46:56 | INFO     | crowdcount.engine:429 - Averaged stats: lr: 0.000098  loss_sum: 0.0392 (0.0438)  losses: 0.0080 (0.0085)  den_loss: 0.0310 (0.0353)  loss_ce: 0.0029 (0.0029)  loss_points: 0.0006 (0.0006)  loss_count: 0.0029 (0.0033)  loss_consistency: 0.0014 (0.0016)  loss_ce_unscaled: 0.0029 (0.0029)  loss_points_unscaled: 3.1011 (3.2132)  loss_count_unscaled: 2.8742 (3.2849)  loss_consistency_unscaled: 1.3769 (1.6317)  den_ssim: 0.0011 (0.0011)  moe_aux_total: 0.0000 (0.0000)  moe_aux_raw: 0.0000 (0.0000)  l_balance: 0.0000 (0.0000)  l_decorr: 0.0000 (0.0000)  moe_temperature: 0.1500 (0.1500)
2026-04-17 03:46:56 | INFO     | crowdcount.trainer:289 - [ep 328][lr 0.0000980][16.12s]
2026-04-17 03:47:11 | INFO     | crowdcount.trainer:348 - [Eval] mae=93.81  mse=132.56  time=12.7s  best_mae=64.97  best_mse=97.65
2026-04-17 03:47:11 | INFO     | crowdcount.trainer:352 - [Eval] density_mae=62.56  density_mse=100.37  best_density_mae=56.54
2026-04-17 03:47:27 | INFO     | crowdcount.engine:429 - Averaged stats: lr: 0.000098  loss_sum: 0.0317 (0.0443)  losses: 0.0081 (0.0087)  den_loss: 0.0242 (0.0356)  loss_ce: 0.0026 (0.0028)  loss_points: 0.0006 (0.0006)  loss_count: 0.0030 (0.0034)  loss_consistency: 0.0020 (0.0019)  loss_ce_unscaled: 0.0026 (0.0028)  loss_points_unscaled: 3.1746 (3.1832)  loss_count_unscaled: 3.0247 (3.4434)  loss_consistency_unscaled: 1.9804 (1.8696)  den_ssim: 0.0011 (0.0011)  moe_aux_total: 0.0000 (0.0000)  moe_aux_raw: 0.0000 (0.0000)  l_balance: 0.0000 (0.0000)  l_decorr: 0.0000 (0.0000)  moe_temperature: 0.1500 (0.1500)
2026-04-17 03:47:27 | INFO     | crowdcount.trainer:289 - [ep 329][lr 0.0000980][16.44s]
2026-04-17 03:47:42 | INFO     | crowdcount.trainer:348 - [Eval] mae=88.82  mse=128.50  time=13.1s  best_mae=64.97  best_mse=97.65
2026-04-17 03:47:42 | INFO     | crowdcount.trainer:352 - [Eval] density_mae=75.28  density_mse=114.39  best_density_mae=56.54
2026-04-17 03:47:59 | INFO     | crowdcount.engine:429 - Averaged stats: lr: 0.000098  loss_sum: 0.0324 (0.0416)  losses: 0.0079 (0.0081)  den_loss: 0.0246 (0.0335)  loss_ce: 0.0025 (0.0028)  loss_points: 0.0007 (0.0006)  loss_count: 0.0024 (0.0029)  loss_consistency: 0.0016 (0.0018)  loss_ce_unscaled: 0.0025 (0.0028)  loss_points_unscaled: 3.3330 (3.2197)  loss_count_unscaled: 2.3921 (2.9094)  loss_consistency_unscaled: 1.6236 (1.7958)  den_ssim: 0.0011 (0.0011)  moe_aux_total: 0.0000 (0.0000)  moe_aux_raw: 0.0000 (0.0000)  l_balance: 0.0000 (0.0000)  l_decorr: 0.0000 (0.0000)  moe_temperature: 0.1500 (0.1500)
2026-04-17 03:47:59 | INFO     | crowdcount.trainer:289 - [ep 330][lr 0.0000980][16.56s]
2026-04-17 03:48:13 | INFO     | crowdcount.trainer:348 - [Eval] mae=104.22  mse=143.81  time=12.6s  best_mae=64.97  best_mse=97.65
2026-04-17 03:48:13 | INFO     | crowdcount.trainer:352 - [Eval] density_mae=66.74  density_mse=104.56  best_density_mae=56.54
2026-04-17 03:48:30 | INFO     | crowdcount.engine:429 - Averaged stats: lr: 0.000098  loss_sum: 0.0313 (0.0376)  losses: 0.0078 (0.0079)  den_loss: 0.0249 (0.0296)  loss_ce: 0.0026 (0.0028)  loss_points: 0.0006 (0.0006)  loss_count: 0.0026 (0.0028)  loss_consistency: 0.0017 (0.0018)  loss_ce_unscaled: 0.0026 (0.0028)  loss_points_unscaled: 3.1872 (3.1605)  loss_count_unscaled: 2.5777 (2.7775)  loss_consistency_unscaled: 1.6817 (1.7798)  den_ssim: 0.0010 (0.0011)  moe_aux_total: 0.0000 (0.0000)  moe_aux_raw: 0.0000 (0.0000)  l_balance: 0.0000 (0.0000)  l_decorr: 0.0000 (0.0000)  moe_temperature: 0.1500 (0.1500)
2026-04-17 03:48:30 | INFO     | crowdcount.trainer:289 - [ep 331][lr 0.0000979][16.28s]
2026-04-17 03:48:44 | INFO     | crowdcount.trainer:348 - [Eval] mae=81.31  mse=118.96  time=12.9s  best_mae=64.97  best_mse=97.65
2026-04-17 03:48:44 | INFO     | crowdcount.trainer:352 - [Eval] density_mae=79.86  density_mse=128.54  best_density_mae=56.54
2026-04-17 03:49:00 | INFO     | crowdcount.engine:429 - Averaged stats: lr: 0.000098  loss_sum: 0.0294 (0.0404)  losses: 0.0074 (0.0084)  den_loss: 0.0237 (0.0320)  loss_ce: 0.0026 (0.0027)  loss_points: 0.0007 (0.0007)  loss_count: 0.0019 (0.0031)  loss_consistency: 0.0016 (0.0019)  loss_ce_unscaled: 0.0026 (0.0027)  loss_points_unscaled: 3.2591 (3.2529)  loss_count_unscaled: 1.9233 (3.1051)  loss_consistency_unscaled: 1.6405 (1.9251)  den_ssim: 0.0010 (0.0011)  moe_aux_total: 0.0000 (0.0000)  moe_aux_raw: 0.0000 (0.0000)  l_balance: 0.0000 (0.0000)  l_decorr: 0.0000 (0.0000)  moe_temperature: 0.1500 (0.1500)
2026-04-17 03:49:00 | INFO     | crowdcount.trainer:289 - [ep 332][lr 0.0000979][15.93s]
2026-04-17 03:49:15 | INFO     | crowdcount.trainer:348 - [Eval] mae=106.51  mse=145.53  time=12.7s  best_mae=64.97  best_mse=97.65
2026-04-17 03:49:15 | INFO     | crowdcount.trainer:352 - [Eval] density_mae=70.01  density_mse=108.87  best_density_mae=56.54
2026-04-17 03:49:32 | INFO     | crowdcount.engine:429 - Averaged stats: lr: 0.000098  loss_sum: 0.0283 (0.0479)  losses: 0.0078 (0.0087)  den_loss: 0.0206 (0.0392)  loss_ce: 0.0026 (0.0029)  loss_points: 0.0006 (0.0006)  loss_count: 0.0027 (0.0035)  loss_consistency: 0.0015 (0.0017)  loss_ce_unscaled: 0.0026 (0.0029)  loss_points_unscaled: 3.2058 (3.1556)  loss_count_unscaled: 2.7070 (3.4822)  loss_consistency_unscaled: 1.5113 (1.6873)  den_ssim: 0.0011 (0.0011)  moe_aux_total: 0.0000 (0.0000)  moe_aux_raw: 0.0000 (0.0000)  l_balance: 0.0000 (0.0000)  l_decorr: 0.0000 (0.0000)  moe_temperature: 0.1500 (0.1500)
2026-04-17 03:49:32 | INFO     | crowdcount.trainer:289 - [ep 333][lr 0.0000979][16.77s]
2026-04-17 03:49:46 | INFO     | crowdcount.trainer:348 - [Eval] mae=88.29  mse=129.65  time=13.2s  best_mae=64.97  best_mse=97.65
2026-04-17 03:49:46 | INFO     | crowdcount.trainer:352 - [Eval] density_mae=63.36  density_mse=105.15  best_density_mae=56.54
2026-04-17 03:50:03 | INFO     | crowdcount.engine:429 - Averaged stats: lr: 0.000098  loss_sum: 0.0364 (0.0417)  losses: 0.0086 (0.0088)  den_loss: 0.0283 (0.0329)  loss_ce: 0.0027 (0.0029)  loss_points: 0.0006 (0.0006)  loss_count: 0.0034 (0.0032)  loss_consistency: 0.0018 (0.0020)  loss_ce_unscaled: 0.0027 (0.0029)  loss_points_unscaled: 3.1582 (3.2061)  loss_count_unscaled: 3.4145 (3.2152)  loss_consistency_unscaled: 1.7896 (2.0179)  den_ssim: 0.0011 (0.0011)  moe_aux_total: 0.0000 (0.0000)  moe_aux_raw: 0.0000 (0.0000)  l_balance: 0.0000 (0.0000)  l_decorr: 0.0000 (0.0000)  moe_temperature: 0.1500 (0.1500)
2026-04-17 03:50:03 | INFO     | crowdcount.trainer:289 - [ep 334][lr 0.0000979][17.14s]
2026-04-17 03:50:18 | INFO     | crowdcount.trainer:348 - [Eval] mae=63.29  mse=103.87  time=13.0s  best_mae=63.29  best_mse=97.65
2026-04-17 03:50:18 | INFO     | crowdcount.trainer:352 - [Eval] density_mae=65.26  density_mse=111.95  best_density_mae=56.54
2026-04-17 03:50:36 | INFO     | crowdcount.engine:429 - Averaged stats: lr: 0.000098  loss_sum: 0.0391 (0.0390)  losses: 0.0083 (0.0091)  den_loss: 0.0305 (0.0299)  loss_ce: 0.0027 (0.0028)  loss_points: 0.0007 (0.0007)  loss_count: 0.0029 (0.0033)  loss_consistency: 0.0023 (0.0024)  loss_ce_unscaled: 0.0027 (0.0028)  loss_points_unscaled: 3.2636 (3.2607)  loss_count_unscaled: 2.9104 (3.2756)  loss_consistency_unscaled: 2.3076 (2.3542)  den_ssim: 0.0011 (0.0012)  moe_aux_total: 0.0000 (0.0000)  moe_aux_raw: 0.0000 (0.0000)  l_balance: 0.0000 (0.0000)  l_decorr: 0.0000 (0.0000)  moe_temperature: 0.1500 (0.1500)
2026-04-17 03:50:36 | INFO     | crowdcount.trainer:289 - [ep 335][lr 0.0000979][16.44s]
2026-04-17 03:50:52 | INFO     | crowdcount.trainer:348 - [Eval] mae=103.04  mse=142.14  time=12.9s  best_mae=63.29  best_mse=97.65
2026-04-17 03:50:52 | INFO     | crowdcount.trainer:352 - [Eval] density_mae=59.25  density_mse=93.94  best_density_mae=56.54
2026-04-17 03:51:09 | INFO     | crowdcount.engine:429 - Averaged stats: lr: 0.000098  loss_sum: 0.0389 (0.0447)  losses: 0.0086 (0.0088)  den_loss: 0.0313 (0.0359)  loss_ce: 0.0027 (0.0028)  loss_points: 0.0006 (0.0006)  loss_count: 0.0032 (0.0034)  loss_consistency: 0.0022 (0.0020)  loss_ce_unscaled: 0.0027 (0.0028)  loss_points_unscaled: 3.1374 (3.2344)  loss_count_unscaled: 3.2305 (3.3719)  loss_consistency_unscaled: 2.1596 (1.9969)  den_ssim: 0.0011 (0.0011)  moe_aux_total: 0.0000 (0.0000)  moe_aux_raw: 0.0000 (0.0000)  l_balance: 0.0000 (0.0000)  l_decorr: 0.0000 (0.0000)  moe_temperature: 0.1500 (0.1500)
2026-04-17 03:51:09 | INFO     | crowdcount.trainer:289 - [ep 336][lr 0.0000979][17.27s]
2026-04-17 03:51:24 | INFO     | crowdcount.trainer:348 - [Eval] mae=78.33  mse=116.25  time=13.2s  best_mae=63.29  best_mse=97.65
2026-04-17 03:51:24 | INFO     | crowdcount.trainer:352 - [Eval] density_mae=68.25  density_mse=108.95  best_density_mae=56.54
2026-04-17 03:51:40 | INFO     | crowdcount.engine:429 - Averaged stats: lr: 0.000098  loss_sum: 0.0380 (0.0378)  losses: 0.0079 (0.0076)  den_loss: 0.0298 (0.0302)  loss_ce: 0.0027 (0.0027)  loss_points: 0.0006 (0.0007)  loss_count: 0.0025 (0.0028)  loss_consistency: 0.0013 (0.0015)  loss_ce_unscaled: 0.0027 (0.0027)  loss_points_unscaled: 3.2277 (3.2696)  loss_count_unscaled: 2.4970 (2.7650)  loss_consistency_unscaled: 1.3404 (1.4831)  den_ssim: 0.0011 (0.0011)  moe_aux_total: 0.0000 (0.0000)  moe_aux_raw: 0.0000 (0.0000)  l_balance: 0.0000 (0.0000)  l_decorr: 0.0000 (0.0000)  moe_temperature: 0.1500 (0.1500)
2026-04-17 03:51:40 | INFO     | crowdcount.trainer:289 - [ep 337][lr 0.0000979][16.57s]
2026-04-17 03:51:56 | INFO     | crowdcount.trainer:348 - [Eval] mae=102.12  mse=142.29  time=13.3s  best_mae=63.29  best_mse=97.65
2026-04-17 03:51:56 | INFO     | crowdcount.trainer:352 - [Eval] density_mae=70.42  density_mse=114.12  best_density_mae=56.54
2026-04-17 03:52:13 | INFO     | crowdcount.engine:429 - Averaged stats: lr: 0.000098  loss_sum: 0.0352 (0.0458)  losses: 0.0074 (0.0084)  den_loss: 0.0278 (0.0374)  loss_ce: 0.0028 (0.0028)  loss_points: 0.0006 (0.0006)  loss_count: 0.0029 (0.0031)  loss_consistency: 0.0015 (0.0018)  loss_ce_unscaled: 0.0028 (0.0028)  loss_points_unscaled: 3.0312 (3.0837)  loss_count_unscaled: 2.8547 (3.1172)  loss_consistency_unscaled: 1.4577 (1.7748)  den_ssim: 0.0011 (0.0011)  moe_aux_total: 0.0000 (0.0000)  moe_aux_raw: 0.0000 (0.0000)  l_balance: 0.0000 (0.0000)  l_decorr: 0.0000 (0.0000)  moe_temperature: 0.1500 (0.1500)
2026-04-17 03:52:13 | INFO     | crowdcount.trainer:289 - [ep 338][lr 0.0000979][17.33s]
2026-04-17 03:52:28 | INFO     | crowdcount.trainer:348 - [Eval] mae=94.58  mse=132.06  time=13.0s  best_mae=63.29  best_mse=97.65
2026-04-17 03:52:28 | INFO     | crowdcount.trainer:352 - [Eval] density_mae=62.28  density_mse=103.44  best_density_mae=56.54
2026-04-17 03:52:45 | INFO     | crowdcount.engine:429 - Averaged stats: lr: 0.000098  loss_sum: 0.0347 (0.0378)  losses: 0.0077 (0.0081)  den_loss: 0.0270 (0.0297)  loss_ce: 0.0026 (0.0028)  loss_points: 0.0006 (0.0007)  loss_count: 0.0026 (0.0029)  loss_consistency: 0.0016 (0.0018)  loss_ce_unscaled: 0.0026 (0.0028)  loss_points_unscaled: 3.2136 (3.2904)  loss_count_unscaled: 2.5740 (2.8509)  loss_consistency_unscaled: 1.6098 (1.8000)  den_ssim: 0.0011 (0.0012)  moe_aux_total: 0.0000 (0.0000)  moe_aux_raw: 0.0000 (0.0000)  l_balance: 0.0000 (0.0000)  l_decorr: 0.0000 (0.0000)  moe_temperature: 0.1500 (0.1500)
2026-04-17 03:52:45 | INFO     | crowdcount.trainer:289 - [ep 339][lr 0.0000978][16.73s]
2026-04-17 03:52:59 | INFO     | crowdcount.trainer:348 - [Eval] mae=105.68  mse=151.08  time=12.9s  best_mae=63.29  best_mse=97.65
2026-04-17 03:52:59 | INFO     | crowdcount.trainer:352 - [Eval] density_mae=62.11  density_mse=100.73  best_density_mae=56.54
2026-04-17 03:53:16 | INFO     | crowdcount.engine:429 - Averaged stats: lr: 0.000098  loss_sum: 0.0316 (0.0405)  losses: 0.0075 (0.0082)  den_loss: 0.0245 (0.0323)  loss_ce: 0.0024 (0.0028)  loss_points: 0.0006 (0.0006)  loss_count: 0.0022 (0.0029)  loss_consistency: 0.0020 (0.0019)  loss_ce_unscaled: 0.0024 (0.0028)  loss_points_unscaled: 3.2329 (3.2486)  loss_count_unscaled: 2.2449 (2.9265)  loss_consistency_unscaled: 1.9687 (1.8913)  den_ssim: 0.0011 (0.0011)  moe_aux_total: 0.0000 (0.0000)  moe_aux_raw: 0.0000 (0.0000)  l_balance: 0.0000 (0.0000)  l_decorr: 0.0000 (0.0000)  moe_temperature: 0.1500 (0.1500)
2026-04-17 03:53:16 | INFO     | crowdcount.trainer:289 - [ep 340][lr 0.0000978][16.83s]
2026-04-17 03:53:31 | INFO     | crowdcount.trainer:348 - [Eval] mae=116.26  mse=158.61  time=12.7s  best_mae=63.29  best_mse=97.65
2026-04-17 03:53:31 | INFO     | crowdcount.trainer:352 - [Eval] density_mae=63.72  density_mse=99.80  best_density_mae=56.54
2026-04-17 03:53:47 | INFO     | crowdcount.engine:429 - Averaged stats: lr: 0.000098  loss_sum: 0.0339 (0.0433)  losses: 0.0079 (0.0086)  den_loss: 0.0260 (0.0347)  loss_ce: 0.0027 (0.0028)  loss_points: 0.0006 (0.0006)  loss_count: 0.0029 (0.0032)  loss_consistency: 0.0017 (0.0019)  loss_ce_unscaled: 0.0027 (0.0028)  loss_points_unscaled: 3.1577 (3.1668)  loss_count_unscaled: 2.9130 (3.2045)  loss_consistency_unscaled: 1.6694 (1.8947)  den_ssim: 0.0011 (0.0011)  moe_aux_total: 0.0000 (0.0000)  moe_aux_raw: 0.0000 (0.0000)  l_balance: 0.0000 (0.0000)  l_decorr: 0.0000 (0.0000)  moe_temperature: 0.1500 (0.1500)
2026-04-17 03:53:47 | INFO     | crowdcount.trainer:289 - [ep 341][lr 0.0000978][16.50s]
2026-04-17 03:54:02 | INFO     | crowdcount.trainer:348 - [Eval] mae=102.09  mse=153.54  time=13.0s  best_mae=63.29  best_mse=97.65
2026-04-17 03:54:02 | INFO     | crowdcount.trainer:352 - [Eval] density_mae=68.16  density_mse=112.11  best_density_mae=56.54
2026-04-17 03:54:19 | INFO     | crowdcount.engine:429 - Averaged stats: lr: 0.000098  loss_sum: 0.0324 (0.0406)  losses: 0.0081 (0.0084)  den_loss: 0.0230 (0.0322)  loss_ce: 0.0028 (0.0028)  loss_points: 0.0006 (0.0006)  loss_count: 0.0028 (0.0031)  loss_consistency: 0.0017 (0.0019)  loss_ce_unscaled: 0.0028 (0.0028)  loss_points_unscaled: 3.2081 (3.2065)  loss_count_unscaled: 2.8117 (3.0644)  loss_consistency_unscaled: 1.6981 (1.8859)  den_ssim: 0.0011 (0.0011)  moe_aux_total: 0.0000 (0.0000)  moe_aux_raw: 0.0000 (0.0000)  l_balance: 0.0000 (0.0000)  l_decorr: 0.0000 (0.0000)  moe_temperature: 0.1500 (0.1500)
2026-04-17 03:54:19 | INFO     | crowdcount.trainer:289 - [ep 342][lr 0.0000978][16.35s]
2026-04-17 03:54:34 | INFO     | crowdcount.trainer:348 - [Eval] mae=110.00  mse=158.03  time=12.9s  best_mae=63.29  best_mse=97.65
2026-04-17 03:54:34 | INFO     | crowdcount.trainer:352 - [Eval] density_mae=64.77  density_mse=108.13  best_density_mae=56.54
2026-04-17 03:54:50 | INFO     | crowdcount.engine:429 - Averaged stats: lr: 0.000098  loss_sum: 0.0321 (0.0401)  losses: 0.0069 (0.0077)  den_loss: 0.0245 (0.0323)  loss_ce: 0.0024 (0.0027)  loss_points: 0.0006 (0.0006)  loss_count: 0.0024 (0.0028)  loss_consistency: 0.0013 (0.0016)  loss_ce_unscaled: 0.0024 (0.0027)  loss_points_unscaled: 3.1308 (3.1899)  loss_count_unscaled: 2.3935 (2.7683)  loss_consistency_unscaled: 1.3487 (1.6295)  den_ssim: 0.0010 (0.0011)  moe_aux_total: 0.0000 (0.0000)  moe_aux_raw: 0.0000 (0.0000)  l_balance: 0.0000 (0.0000)  l_decorr: 0.0000 (0.0000)  moe_temperature: 0.1500 (0.1500)
2026-04-17 03:54:50 | INFO     | crowdcount.trainer:289 - [ep 343][lr 0.0000978][16.33s]
2026-04-17 03:55:05 | INFO     | crowdcount.trainer:348 - [Eval] mae=110.47  mse=147.18  time=13.1s  best_mae=63.29  best_mse=97.65
2026-04-17 03:55:05 | INFO     | crowdcount.trainer:352 - [Eval] density_mae=64.74  density_mse=99.72  best_density_mae=56.54
2026-04-17 03:55:22 | INFO     | crowdcount.engine:429 - Averaged stats: lr: 0.000098  loss_sum: 0.0362 (0.0502)  losses: 0.0083 (0.0088)  den_loss: 0.0292 (0.0414)  loss_ce: 0.0029 (0.0030)  loss_points: 0.0006 (0.0006)  loss_count: 0.0034 (0.0034)  loss_consistency: 0.0016 (0.0018)  loss_ce_unscaled: 0.0029 (0.0030)  loss_points_unscaled: 3.2343 (3.1876)  loss_count_unscaled: 3.3936 (3.4184)  loss_consistency_unscaled: 1.6052 (1.7908)  den_ssim: 0.0011 (0.0012)  moe_aux_total: 0.0000 (0.0000)  moe_aux_raw: 0.0000 (0.0000)  l_balance: 0.0000 (0.0000)  l_decorr: 0.0000 (0.0000)  moe_temperature: 0.1500 (0.1500)
2026-04-17 03:55:22 | INFO     | crowdcount.trainer:289 - [ep 344][lr 0.0000978][17.10s]
2026-04-17 03:55:37 | INFO     | crowdcount.trainer:348 - [Eval] mae=86.41  mse=123.66  time=13.1s  best_mae=63.29  best_mse=97.65
2026-04-17 03:55:37 | INFO     | crowdcount.trainer:352 - [Eval] density_mae=62.51  density_mse=103.66  best_density_mae=56.54
2026-04-17 03:55:54 | INFO     | crowdcount.engine:429 - Averaged stats: lr: 0.000098  loss_sum: 0.0327 (0.0375)  losses: 0.0077 (0.0080)  den_loss: 0.0240 (0.0295)  loss_ce: 0.0026 (0.0028)  loss_points: 0.0006 (0.0006)  loss_count: 0.0023 (0.0029)  loss_consistency: 0.0014 (0.0016)  loss_ce_unscaled: 0.0026 (0.0028)  loss_points_unscaled: 3.0782 (3.1417)  loss_count_unscaled: 2.3426 (2.9365)  loss_consistency_unscaled: 1.3964 (1.5580)  den_ssim: 0.0011 (0.0011)  moe_aux_total: 0.0000 (0.0000)  moe_aux_raw: 0.0000 (0.0000)  l_balance: 0.0000 (0.0000)  l_decorr: 0.0000 (0.0000)  moe_temperature: 0.1500 (0.1500)
2026-04-17 03:55:54 | INFO     | crowdcount.trainer:289 - [ep 345][lr 0.0000978][16.65s]
2026-04-17 03:56:09 | INFO     | crowdcount.trainer:348 - [Eval] mae=88.86  mse=126.33  time=12.8s  best_mae=63.29  best_mse=97.65
2026-04-17 03:56:09 | INFO     | crowdcount.trainer:352 - [Eval] density_mae=66.06  density_mse=102.03  best_density_mae=56.54
2026-04-17 03:56:25 | INFO     | crowdcount.engine:429 - Averaged stats: lr: 0.000098  loss_sum: 0.0436 (0.0466)  losses: 0.0087 (0.0087)  den_loss: 0.0344 (0.0378)  loss_ce: 0.0028 (0.0029)  loss_points: 0.0006 (0.0006)  loss_count: 0.0036 (0.0033)  loss_consistency: 0.0016 (0.0018)  loss_ce_unscaled: 0.0028 (0.0029)  loss_points_unscaled: 3.1667 (3.2069)  loss_count_unscaled: 3.5623 (3.3193)  loss_consistency_unscaled: 1.6352 (1.8344)  den_ssim: 0.0011 (0.0011)  moe_aux_total: 0.0000 (0.0000)  moe_aux_raw: 0.0000 (0.0000)  l_balance: 0.0000 (0.0000)  l_decorr: 0.0000 (0.0000)  moe_temperature: 0.1500 (0.1500)
2026-04-17 03:56:25 | INFO     | crowdcount.trainer:289 - [ep 346][lr 0.0000978][16.57s]
2026-04-17 03:56:40 | INFO     | crowdcount.trainer:348 - [Eval] mae=107.38  mse=145.72  time=13.1s  best_mae=63.29  best_mse=97.65
2026-04-17 03:56:40 | INFO     | crowdcount.trainer:352 - [Eval] density_mae=77.52  density_mse=113.32  best_density_mae=56.54
2026-04-17 03:56:57 | INFO     | crowdcount.engine:429 - Averaged stats: lr: 0.000098  loss_sum: 0.0341 (0.0441)  losses: 0.0073 (0.0082)  den_loss: 0.0277 (0.0359)  loss_ce: 0.0027 (0.0029)  loss_points: 0.0007 (0.0006)  loss_count: 0.0028 (0.0031)  loss_consistency: 0.0016 (0.0016)  loss_ce_unscaled: 0.0027 (0.0029)  loss_points_unscaled: 3.2511 (3.2355)  loss_count_unscaled: 2.7794 (3.0852)  loss_consistency_unscaled: 1.6068 (1.5734)  den_ssim: 0.0011 (0.0011)  moe_aux_total: 0.0000 (0.0000)  moe_aux_raw: 0.0000 (0.0000)  l_balance: 0.0000 (0.0000)  l_decorr: 0.0000 (0.0000)  moe_temperature: 0.1500 (0.1500)
2026-04-17 03:56:57 | INFO     | crowdcount.trainer:289 - [ep 347][lr 0.0000977][16.52s]
2026-04-17 03:57:12 | INFO     | crowdcount.trainer:348 - [Eval] mae=118.48  mse=158.28  time=12.9s  best_mae=63.29  best_mse=97.65
2026-04-17 03:57:12 | INFO     | crowdcount.trainer:352 - [Eval] density_mae=61.74  density_mse=102.67  best_density_mae=56.54
2026-04-17 03:57:28 | INFO     | crowdcount.engine:429 - Averaged stats: lr: 0.000098  loss_sum: 0.0292 (0.0368)  losses: 0.0081 (0.0080)  den_loss: 0.0211 (0.0288)  loss_ce: 0.0028 (0.0027)  loss_points: 0.0006 (0.0006)  loss_count: 0.0032 (0.0029)  loss_consistency: 0.0017 (0.0017)  loss_ce_unscaled: 0.0028 (0.0027)  loss_points_unscaled: 3.2070 (3.1957)  loss_count_unscaled: 3.1529 (2.9212)  loss_consistency_unscaled: 1.6599 (1.7330)  den_ssim: 0.0012 (0.0011)  moe_aux_total: 0.0000 (0.0000)  moe_aux_raw: 0.0000 (0.0000)  l_balance: 0.0000 (0.0000)  l_decorr: 0.0000 (0.0000)  moe_temperature: 0.1500 (0.1500)
2026-04-17 03:57:28 | INFO     | crowdcount.trainer:289 - [ep 348][lr 0.0000977][16.34s]
2026-04-17 03:57:43 | INFO     | crowdcount.trainer:348 - [Eval] mae=100.38  mse=141.88  time=13.1s  best_mae=63.29  best_mse=97.65
2026-04-17 03:57:43 | INFO     | crowdcount.trainer:352 - [Eval] density_mae=60.43  density_mse=94.39  best_density_mae=56.54
2026-04-17 03:58:00 | INFO     | crowdcount.engine:429 - Averaged stats: lr: 0.000098  loss_sum: 0.0380 (0.0413)  losses: 0.0086 (0.0083)  den_loss: 0.0291 (0.0330)  loss_ce: 0.0030 (0.0027)  loss_points: 0.0006 (0.0006)  loss_count: 0.0030 (0.0033)  loss_consistency: 0.0014 (0.0016)  loss_ce_unscaled: 0.0030 (0.0027)  loss_points_unscaled: 3.2234 (3.2425)  loss_count_unscaled: 3.0440 (3.3375)  loss_consistency_unscaled: 1.4490 (1.6060)  den_ssim: 0.0011 (0.0011)  moe_aux_total: 0.0000 (0.0000)  moe_aux_raw: 0.0000 (0.0000)  l_balance: 0.0000 (0.0000)  l_decorr: 0.0000 (0.0000)  moe_temperature: 0.1500 (0.1500)
2026-04-17 03:58:00 | INFO     | crowdcount.trainer:289 - [ep 349][lr 0.0000977][17.00s]
2026-04-17 03:58:15 | INFO     | crowdcount.trainer:348 - [Eval] mae=106.58  mse=151.78  time=13.0s  best_mae=63.29  best_mse=97.65
2026-04-17 03:58:15 | INFO     | crowdcount.trainer:352 - [Eval] density_mae=60.33  density_mse=92.11  best_density_mae=56.54
2026-04-17 03:58:31 | INFO     | crowdcount.engine:429 - Averaged stats: lr: 0.000098  loss_sum: 0.0404 (0.0411)  losses: 0.0078 (0.0084)  den_loss: 0.0332 (0.0327)  loss_ce: 0.0028 (0.0028)  loss_points: 0.0006 (0.0006)  loss_count: 0.0026 (0.0031)  loss_consistency: 0.0016 (0.0019)  loss_ce_unscaled: 0.0028 (0.0028)  loss_points_unscaled: 3.0708 (3.1715)  loss_count_unscaled: 2.6281 (3.0688)  loss_consistency_unscaled: 1.6233 (1.9330)  den_ssim: 0.0012 (0.0011)  moe_aux_total: 0.0000 (0.0000)  moe_aux_raw: 0.0000 (0.0000)  l_balance: 0.0000 (0.0000)  l_decorr: 0.0000 (0.0000)  moe_temperature: 0.1500 (0.1500)
2026-04-17 03:58:31 | INFO     | crowdcount.trainer:289 - [ep 350][lr 0.0000977][16.37s]
2026-04-17 03:58:46 | INFO     | crowdcount.trainer:348 - [Eval] mae=125.82  mse=171.01  time=13.2s  best_mae=63.29  best_mse=97.65
2026-04-17 03:58:46 | INFO     | crowdcount.trainer:352 - [Eval] density_mae=71.35  density_mse=104.50  best_density_mae=56.54
2026-04-17 03:59:02 | INFO     | crowdcount.engine:429 - Averaged stats: lr: 0.000098  loss_sum: 0.0284 (0.0414)  losses: 0.0070 (0.0083)  den_loss: 0.0198 (0.0331)  loss_ce: 0.0025 (0.0028)  loss_points: 0.0006 (0.0006)  loss_count: 0.0024 (0.0030)  loss_consistency: 0.0016 (0.0018)  loss_ce_unscaled: 0.0025 (0.0028)  loss_points_unscaled: 3.2497 (3.1717)  loss_count_unscaled: 2.3565 (2.9596)  loss_consistency_unscaled: 1.5804 (1.8454)  den_ssim: 0.0011 (0.0011)  moe_aux_total: 0.0000 (0.0000)  moe_aux_raw: 0.0000 (0.0000)  l_balance: 0.0000 (0.0000)  l_decorr: 0.0000 (0.0000)  moe_temperature: 0.1500 (0.1500)
2026-04-17 03:59:02 | INFO     | crowdcount.trainer:289 - [ep 351][lr 0.0000977][16.49s]
2026-04-17 03:59:17 | INFO     | crowdcount.trainer:348 - [Eval] mae=124.14  mse=171.32  time=12.9s  best_mae=63.29  best_mse=97.65
2026-04-17 03:59:17 | INFO     | crowdcount.trainer:352 - [Eval] density_mae=67.19  density_mse=108.45  best_density_mae=56.54
2026-04-17 03:59:33 | INFO     | crowdcount.engine:429 - Averaged stats: lr: 0.000098  loss_sum: 0.0250 (0.0392)  losses: 0.0069 (0.0080)  den_loss: 0.0185 (0.0312)  loss_ce: 0.0023 (0.0027)  loss_points: 0.0006 (0.0006)  loss_count: 0.0021 (0.0030)  loss_consistency: 0.0019 (0.0017)  loss_ce_unscaled: 0.0023 (0.0027)  loss_points_unscaled: 3.0865 (3.1679)  loss_count_unscaled: 2.1276 (2.9706)  loss_consistency_unscaled: 1.8549 (1.6770)  den_ssim: 0.0010 (0.0011)  moe_aux_total: 0.0000 (0.0000)  moe_aux_raw: 0.0000 (0.0000)  l_balance: 0.0000 (0.0000)  l_decorr: 0.0000 (0.0000)  moe_temperature: 0.1500 (0.1500)
2026-04-17 03:59:33 | INFO     | crowdcount.trainer:289 - [ep 352][lr 0.0000977][16.18s]
2026-04-17 03:59:48 | INFO     | crowdcount.trainer:348 - [Eval] mae=104.46  mse=143.28  time=12.9s  best_mae=63.29  best_mse=97.65
2026-04-17 03:59:48 | INFO     | crowdcount.trainer:352 - [Eval] density_mae=61.31  density_mse=100.39  best_density_mae=56.54
2026-04-17 04:00:05 | INFO     | crowdcount.engine:429 - Averaged stats: lr: 0.000098  loss_sum: 0.0243 (0.0397)  losses: 0.0074 (0.0082)  den_loss: 0.0172 (0.0315)  loss_ce: 0.0025 (0.0027)  loss_points: 0.0006 (0.0006)  loss_count: 0.0028 (0.0030)  loss_consistency: 0.0017 (0.0019)  loss_ce_unscaled: 0.0025 (0.0027)  loss_points_unscaled: 3.0906 (3.1584)  loss_count_unscaled: 2.8092 (3.0195)  loss_consistency_unscaled: 1.6647 (1.8644)  den_ssim: 0.0011 (0.0011)  moe_aux_total: 0.0000 (0.0000)  moe_aux_raw: 0.0000 (0.0000)  l_balance: 0.0000 (0.0000)  l_decorr: 0.0000 (0.0000)  moe_temperature: 0.1500 (0.1500)
2026-04-17 04:00:05 | INFO     | crowdcount.trainer:289 - [ep 353][lr 0.0000977][16.35s]
2026-04-17 04:00:20 | INFO     | crowdcount.trainer:348 - [Eval] mae=129.21  mse=176.81  time=13.2s  best_mae=63.29  best_mse=97.65
2026-04-17 04:00:20 | INFO     | crowdcount.trainer:352 - [Eval] density_mae=73.70  density_mse=113.78  best_density_mae=56.54
2026-04-17 04:00:36 | INFO     | crowdcount.engine:429 - Averaged stats: lr: 0.000098  loss_sum: 0.0311 (0.0375)  losses: 0.0075 (0.0080)  den_loss: 0.0228 (0.0295)  loss_ce: 0.0026 (0.0027)  loss_points: 0.0006 (0.0006)  loss_count: 0.0026 (0.0028)  loss_consistency: 0.0017 (0.0018)  loss_ce_unscaled: 0.0026 (0.0027)  loss_points_unscaled: 3.1474 (3.1490)  loss_count_unscaled: 2.6393 (2.8487)  loss_consistency_unscaled: 1.7491 (1.7806)  den_ssim: 0.0011 (0.0011)  moe_aux_total: 0.0000 (0.0000)  moe_aux_raw: 0.0000 (0.0000)  l_balance: 0.0000 (0.0000)  l_decorr: 0.0000 (0.0000)  moe_temperature: 0.1500 (0.1500)
2026-04-17 04:00:36 | INFO     | crowdcount.trainer:289 - [ep 354][lr 0.0000976][16.29s]
2026-04-17 04:00:51 | INFO     | crowdcount.trainer:348 - [Eval] mae=102.25  mse=147.84  time=12.8s  best_mae=63.29  best_mse=97.65
2026-04-17 04:00:51 | INFO     | crowdcount.trainer:352 - [Eval] density_mae=63.76  density_mse=104.61  best_density_mae=56.54
2026-04-17 04:01:08 | INFO     | crowdcount.engine:429 - Averaged stats: lr: 0.000098  loss_sum: 0.0428 (0.0501)  losses: 0.0086 (0.0087)  den_loss: 0.0343 (0.0414)  loss_ce: 0.0028 (0.0028)  loss_points: 0.0006 (0.0006)  loss_count: 0.0025 (0.0032)  loss_consistency: 0.0018 (0.0020)  loss_ce_unscaled: 0.0028 (0.0028)  loss_points_unscaled: 3.2394 (3.1461)  loss_count_unscaled: 2.5148 (3.2358)  loss_consistency_unscaled: 1.7504 (1.9660)  den_ssim: 0.0011 (0.0011)  moe_aux_total: 0.0000 (0.0000)  moe_aux_raw: 0.0000 (0.0000)  l_balance: 0.0000 (0.0000)  l_decorr: 0.0000 (0.0000)  moe_temperature: 0.1500 (0.1500)
2026-04-17 04:01:08 | INFO     | crowdcount.trainer:289 - [ep 355][lr 0.0000976][16.95s]
2026-04-17 04:01:23 | INFO     | crowdcount.trainer:348 - [Eval] mae=86.26  mse=126.90  time=12.9s  best_mae=63.29  best_mse=97.65
2026-04-17 04:01:23 | INFO     | crowdcount.trainer:352 - [Eval] density_mae=61.28  density_mse=99.06  best_density_mae=56.54
2026-04-17 04:01:40 | INFO     | crowdcount.engine:429 - Averaged stats: lr: 0.000098  loss_sum: 0.0251 (0.0412)  losses: 0.0074 (0.0087)  den_loss: 0.0165 (0.0325)  loss_ce: 0.0026 (0.0029)  loss_points: 0.0006 (0.0006)  loss_count: 0.0026 (0.0033)  loss_consistency: 0.0015 (0.0018)  loss_ce_unscaled: 0.0026 (0.0029)  loss_points_unscaled: 3.1358 (3.2186)  loss_count_unscaled: 2.5984 (3.3449)  loss_consistency_unscaled: 1.5065 (1.8221)  den_ssim: 0.0011 (0.0011)  moe_aux_total: 0.0000 (0.0000)  moe_aux_raw: 0.0000 (0.0000)  l_balance: 0.0000 (0.0000)  l_decorr: 0.0000 (0.0000)  moe_temperature: 0.1500 (0.1500)
2026-04-17 04:01:40 | INFO     | crowdcount.trainer:289 - [ep 356][lr 0.0000976][17.09s]
2026-04-17 04:01:55 | INFO     | crowdcount.trainer:348 - [Eval] mae=83.76  mse=127.03  time=13.0s  best_mae=63.29  best_mse=97.65
2026-04-17 04:01:55 | INFO     | crowdcount.trainer:352 - [Eval] density_mae=66.82  density_mse=111.18  best_density_mae=56.54
2026-04-17 04:02:12 | INFO     | crowdcount.engine:429 - Averaged stats: lr: 0.000098  loss_sum: 0.0414 (0.0448)  losses: 0.0081 (0.0084)  den_loss: 0.0321 (0.0364)  loss_ce: 0.0026 (0.0029)  loss_points: 0.0006 (0.0006)  loss_count: 0.0031 (0.0032)  loss_consistency: 0.0016 (0.0017)  loss_ce_unscaled: 0.0026 (0.0029)  loss_points_unscaled: 3.2397 (3.1463)  loss_count_unscaled: 3.1338 (3.2379)  loss_consistency_unscaled: 1.6017 (1.6932)  den_ssim: 0.0010 (0.0011)  moe_aux_total: 0.0000 (0.0000)  moe_aux_raw: 0.0000 (0.0000)  l_balance: 0.0000 (0.0000)  l_decorr: 0.0000 (0.0000)  moe_temperature: 0.1500 (0.1500)
2026-04-17 04:02:12 | INFO     | crowdcount.trainer:289 - [ep 357][lr 0.0000976][17.00s]
2026-04-17 04:02:27 | INFO     | crowdcount.trainer:348 - [Eval] mae=127.75  mse=168.66  time=13.0s  best_mae=63.29  best_mse=97.65
2026-04-17 04:02:27 | INFO     | crowdcount.trainer:352 - [Eval] density_mae=77.03  density_mse=109.97  best_density_mae=56.54
2026-04-17 04:02:43 | INFO     | crowdcount.engine:429 - Averaged stats: lr: 0.000098  loss_sum: 0.0268 (0.0406)  losses: 0.0074 (0.0081)  den_loss: 0.0194 (0.0325)  loss_ce: 0.0027 (0.0027)  loss_points: 0.0006 (0.0006)  loss_count: 0.0025 (0.0029)  loss_consistency: 0.0013 (0.0019)  loss_ce_unscaled: 0.0027 (0.0027)  loss_points_unscaled: 3.1546 (3.1684)  loss_count_unscaled: 2.5415 (2.8766)  loss_consistency_unscaled: 1.3474 (1.8780)  den_ssim: 0.0012 (0.0011)  moe_aux_total: 0.0000 (0.0000)  moe_aux_raw: 0.0000 (0.0000)  l_balance: 0.0000 (0.0000)  l_decorr: 0.0000 (0.0000)  moe_temperature: 0.1500 (0.1500)
2026-04-17 04:02:43 | INFO     | crowdcount.trainer:289 - [ep 358][lr 0.0000976][16.20s]
2026-04-17 04:02:57 | INFO     | crowdcount.trainer:348 - [Eval] mae=140.03  mse=185.00  time=12.7s  best_mae=63.29  best_mse=97.65
2026-04-17 04:02:57 | INFO     | crowdcount.trainer:352 - [Eval] density_mae=75.37  density_mse=110.78  best_density_mae=56.54
2026-04-17 04:03:15 | INFO     | crowdcount.engine:429 - Averaged stats: lr: 0.000098  loss_sum: 0.0298 (0.0500)  losses: 0.0079 (0.0092)  den_loss: 0.0218 (0.0407)  loss_ce: 0.0027 (0.0031)  loss_points: 0.0006 (0.0006)  loss_count: 0.0028 (0.0037)  loss_consistency: 0.0017 (0.0019)  loss_ce_unscaled: 0.0027 (0.0031)  loss_points_unscaled: 3.1805 (3.1518)  loss_count_unscaled: 2.8173 (3.6641)  loss_consistency_unscaled: 1.7089 (1.8509)  den_ssim: 0.0012 (0.0012)  moe_aux_total: 0.0000 (0.0000)  moe_aux_raw: 0.0000 (0.0000)  l_balance: 0.0000 (0.0000)  l_decorr: 0.0000 (0.0000)  moe_temperature: 0.1500 (0.1500)
2026-04-17 04:03:15 | INFO     | crowdcount.trainer:289 - [ep 359][lr 0.0000976][17.22s]
2026-04-17 04:03:30 | INFO     | crowdcount.trainer:348 - [Eval] mae=96.81  mse=138.18  time=12.8s  best_mae=63.29  best_mse=97.65
2026-04-17 04:03:30 | INFO     | crowdcount.trainer:352 - [Eval] density_mae=66.25  density_mse=107.18  best_density_mae=56.54
2026-04-17 04:03:46 | INFO     | crowdcount.engine:429 - Averaged stats: lr: 0.000098  loss_sum: 0.0305 (0.0416)  losses: 0.0082 (0.0082)  den_loss: 0.0239 (0.0333)  loss_ce: 0.0025 (0.0028)  loss_points: 0.0006 (0.0006)  loss_count: 0.0029 (0.0030)  loss_consistency: 0.0018 (0.0018)  loss_ce_unscaled: 0.0025 (0.0028)  loss_points_unscaled: 3.1101 (3.1665)  loss_count_unscaled: 2.8646 (2.9858)  loss_consistency_unscaled: 1.7810 (1.8191)  den_ssim: 0.0011 (0.0011)  moe_aux_total: 0.0000 (0.0000)  moe_aux_raw: 0.0000 (0.0000)  l_balance: 0.0000 (0.0000)  l_decorr: 0.0000 (0.0000)  moe_temperature: 0.1500 (0.1500)
2026-04-17 04:03:46 | INFO     | crowdcount.trainer:289 - [ep 360][lr 0.0000976][16.66s]
2026-04-17 04:04:01 | INFO     | crowdcount.trainer:348 - [Eval] mae=126.34  mse=170.76  time=13.1s  best_mae=63.29  best_mse=97.65
2026-04-17 04:04:01 | INFO     | crowdcount.trainer:352 - [Eval] density_mae=74.71  density_mse=115.51  best_density_mae=56.54
2026-04-17 04:04:18 | INFO     | crowdcount.engine:429 - Averaged stats: lr: 0.000098  loss_sum: 0.0370 (0.0430)  losses: 0.0077 (0.0083)  den_loss: 0.0305 (0.0346)  loss_ce: 0.0027 (0.0028)  loss_points: 0.0006 (0.0006)  loss_count: 0.0027 (0.0032)  loss_consistency: 0.0014 (0.0018)  loss_ce_unscaled: 0.0027 (0.0028)  loss_points_unscaled: 2.9458 (3.1388)  loss_count_unscaled: 2.7367 (3.1577)  loss_consistency_unscaled: 1.3924 (1.7512)  den_ssim: 0.0011 (0.0011)  moe_aux_total: 0.0000 (0.0000)  moe_aux_raw: 0.0000 (0.0000)  l_balance: 0.0000 (0.0000)  l_decorr: 0.0000 (0.0000)  moe_temperature: 0.1500 (0.1500)
2026-04-17 04:04:18 | INFO     | crowdcount.trainer:289 - [ep 361][lr 0.0000975][17.02s]
2026-04-17 04:04:33 | INFO     | crowdcount.trainer:348 - [Eval] mae=163.81  mse=212.44  time=12.7s  best_mae=63.29  best_mse=97.65
2026-04-17 04:04:33 | INFO     | crowdcount.trainer:352 - [Eval] density_mae=77.06  density_mse=110.63  best_density_mae=56.54
2026-04-17 04:04:50 | INFO     | crowdcount.engine:429 - Averaged stats: lr: 0.000098  loss_sum: 0.0442 (0.0515)  losses: 0.0096 (0.0097)  den_loss: 0.0337 (0.0419)  loss_ce: 0.0026 (0.0031)  loss_points: 0.0006 (0.0006)  loss_count: 0.0040 (0.0041)  loss_consistency: 0.0015 (0.0018)  loss_ce_unscaled: 0.0026 (0.0031)  loss_points_unscaled: 3.0222 (3.0861)  loss_count_unscaled: 4.0118 (4.1447)  loss_consistency_unscaled: 1.4747 (1.8245)  den_ssim: 0.0011 (0.0012)  moe_aux_total: 0.0000 (0.0000)  moe_aux_raw: 0.0000 (0.0000)  l_balance: 0.0000 (0.0000)  l_decorr: 0.0000 (0.0000)  moe_temperature: 0.1500 (0.1500)
2026-04-17 04:04:50 | INFO     | crowdcount.trainer:289 - [ep 362][lr 0.0000975][17.02s]
2026-04-17 04:05:05 | INFO     | crowdcount.trainer:348 - [Eval] mae=133.57  mse=175.75  time=13.1s  best_mae=63.29  best_mse=97.65
2026-04-17 04:05:05 | INFO     | crowdcount.trainer:352 - [Eval] density_mae=69.62  density_mse=104.55  best_density_mae=56.54
2026-04-17 04:05:22 | INFO     | crowdcount.engine:429 - Averaged stats: lr: 0.000098  loss_sum: 0.0410 (0.0469)  losses: 0.0083 (0.0085)  den_loss: 0.0319 (0.0384)  loss_ce: 0.0029 (0.0029)  loss_points: 0.0006 (0.0006)  loss_count: 0.0029 (0.0033)  loss_consistency: 0.0016 (0.0017)  loss_ce_unscaled: 0.0029 (0.0029)  loss_points_unscaled: 3.1565 (3.1396)  loss_count_unscaled: 2.8556 (3.2820)  loss_consistency_unscaled: 1.6417 (1.7077)  den_ssim: 0.0011 (0.0011)  moe_aux_total: 0.0000 (0.0000)  moe_aux_raw: 0.0000 (0.0000)  l_balance: 0.0000 (0.0000)  l_decorr: 0.0000 (0.0000)  moe_temperature: 0.1500 (0.1500)
2026-04-17 04:05:22 | INFO     | crowdcount.trainer:289 - [ep 363][lr 0.0000975][17.01s]
2026-04-17 04:05:37 | INFO     | crowdcount.trainer:348 - [Eval] mae=103.57  mse=150.40  time=13.0s  best_mae=63.29  best_mse=97.65
2026-04-17 04:05:37 | INFO     | crowdcount.trainer:352 - [Eval] density_mae=68.00  density_mse=108.33  best_density_mae=56.54
2026-04-17 04:05:53 | INFO     | crowdcount.engine:429 - Averaged stats: lr: 0.000098  loss_sum: 0.0395 (0.0508)  losses: 0.0077 (0.0085)  den_loss: 0.0299 (0.0423)  loss_ce: 0.0025 (0.0028)  loss_points: 0.0006 (0.0006)  loss_count: 0.0028 (0.0031)  loss_consistency: 0.0019 (0.0020)  loss_ce_unscaled: 0.0025 (0.0028)  loss_points_unscaled: 3.1936 (3.1654)  loss_count_unscaled: 2.8472 (3.1426)  loss_consistency_unscaled: 1.8998 (1.9540)  den_ssim: 0.0011 (0.0011)  moe_aux_total: 0.0000 (0.0000)  moe_aux_raw: 0.0000 (0.0000)  l_balance: 0.0000 (0.0000)  l_decorr: 0.0000 (0.0000)  moe_temperature: 0.1500 (0.1500)
2026-04-17 04:05:53 | INFO     | crowdcount.trainer:289 - [ep 364][lr 0.0000975][16.41s]
2026-04-17 04:06:07 | INFO     | crowdcount.trainer:348 - [Eval] mae=102.36  mse=147.07  time=12.5s  best_mae=63.29  best_mse=97.65
2026-04-17 04:06:07 | INFO     | crowdcount.trainer:352 - [Eval] density_mae=63.56  density_mse=105.31  best_density_mae=56.54
2026-04-17 04:06:24 | INFO     | crowdcount.engine:429 - Averaged stats: lr: 0.000097  loss_sum: 0.0351 (0.0518)  losses: 0.0082 (0.0085)  den_loss: 0.0284 (0.0433)  loss_ce: 0.0025 (0.0030)  loss_points: 0.0006 (0.0006)  loss_count: 0.0028 (0.0032)  loss_consistency: 0.0015 (0.0017)  loss_ce_unscaled: 0.0025 (0.0030)  loss_points_unscaled: 3.1431 (3.1148)  loss_count_unscaled: 2.7949 (3.1651)  loss_consistency_unscaled: 1.5035 (1.7417)  den_ssim: 0.0011 (0.0012)  moe_aux_total: 0.0000 (0.0000)  moe_aux_raw: 0.0000 (0.0000)  l_balance: 0.0000 (0.0000)  l_decorr: 0.0000 (0.0000)  moe_temperature: 0.1500 (0.1500)
2026-04-17 04:06:24 | INFO     | crowdcount.trainer:289 - [ep 365][lr 0.0000975][16.60s]
2026-04-17 04:06:39 | INFO     | crowdcount.trainer:348 - [Eval] mae=100.82  mse=140.02  time=12.6s  best_mae=63.29  best_mse=97.65
2026-04-17 04:06:39 | INFO     | crowdcount.trainer:352 - [Eval] density_mae=64.17  density_mse=104.29  best_density_mae=56.54
2026-04-17 04:06:55 | INFO     | crowdcount.engine:429 - Averaged stats: lr: 0.000097  loss_sum: 0.0352 (0.0424)  losses: 0.0076 (0.0083)  den_loss: 0.0277 (0.0341)  loss_ce: 0.0026 (0.0027)  loss_points: 0.0006 (0.0006)  loss_count: 0.0027 (0.0031)  loss_consistency: 0.0018 (0.0018)  loss_ce_unscaled: 0.0026 (0.0027)  loss_points_unscaled: 3.1815 (3.2012)  loss_count_unscaled: 2.7105 (3.1322)  loss_consistency_unscaled: 1.8272 (1.7856)  den_ssim: 0.0010 (0.0011)  moe_aux_total: 0.0000 (0.0000)  moe_aux_raw: 0.0000 (0.0000)  l_balance: 0.0000 (0.0000)  l_decorr: 0.0000 (0.0000)  moe_temperature: 0.1500 (0.1500)
2026-04-17 04:06:55 | INFO     | crowdcount.trainer:289 - [ep 366][lr 0.0000975][16.23s]
2026-04-17 04:07:09 | INFO     | crowdcount.trainer:348 - [Eval] mae=105.80  mse=143.76  time=12.8s  best_mae=63.29  best_mse=97.65
2026-04-17 04:07:09 | INFO     | crowdcount.trainer:352 - [Eval] density_mae=59.33  density_mse=95.42  best_density_mae=56.54
2026-04-17 04:07:25 | INFO     | crowdcount.engine:429 - Averaged stats: lr: 0.000097  loss_sum: 0.0333 (0.0408)  losses: 0.0083 (0.0084)  den_loss: 0.0253 (0.0324)  loss_ce: 0.0027 (0.0028)  loss_points: 0.0007 (0.0007)  loss_count: 0.0031 (0.0031)  loss_consistency: 0.0017 (0.0019)  loss_ce_unscaled: 0.0027 (0.0028)  loss_points_unscaled: 3.2780 (3.3026)  loss_count_unscaled: 3.1486 (3.0987)  loss_consistency_unscaled: 1.6749 (1.8518)  den_ssim: 0.0011 (0.0011)  moe_aux_total: 0.0000 (0.0000)  moe_aux_raw: 0.0000 (0.0000)  l_balance: 0.0000 (0.0000)  l_decorr: 0.0000 (0.0000)  moe_temperature: 0.1500 (0.1500)
2026-04-17 04:07:25 | INFO     | crowdcount.trainer:289 - [ep 367][lr 0.0000975][16.07s]
2026-04-17 04:07:40 | INFO     | crowdcount.trainer:348 - [Eval] mae=91.10  mse=132.07  time=12.7s  best_mae=63.29  best_mse=97.65
2026-04-17 04:07:40 | INFO     | crowdcount.trainer:352 - [Eval] density_mae=64.03  density_mse=107.66  best_density_mae=56.54
2026-04-17 04:07:55 | INFO     | crowdcount.engine:429 - Averaged stats: lr: 0.000097  loss_sum: 0.0293 (0.0371)  losses: 0.0076 (0.0081)  den_loss: 0.0200 (0.0290)  loss_ce: 0.0029 (0.0026)  loss_points: 0.0006 (0.0007)  loss_count: 0.0026 (0.0030)  loss_consistency: 0.0014 (0.0019)  loss_ce_unscaled: 0.0029 (0.0026)  loss_points_unscaled: 3.2203 (3.2677)  loss_count_unscaled: 2.6007 (2.9519)  loss_consistency_unscaled: 1.4310 (1.9124)  den_ssim: 0.0011 (0.0011)  moe_aux_total: 0.0000 (0.0000)  moe_aux_raw: 0.0000 (0.0000)  l_balance: 0.0000 (0.0000)  l_decorr: 0.0000 (0.0000)  moe_temperature: 0.1500 (0.1500)
2026-04-17 04:07:55 | INFO     | crowdcount.trainer:289 - [ep 368][lr 0.0000975][15.56s]
2026-04-17 04:08:09 | INFO     | crowdcount.trainer:348 - [Eval] mae=105.75  mse=148.98  time=12.4s  best_mae=63.29  best_mse=97.65
2026-04-17 04:08:09 | INFO     | crowdcount.trainer:352 - [Eval] density_mae=66.48  density_mse=111.08  best_density_mae=56.54
2026-04-17 04:08:25 | INFO     | crowdcount.engine:429 - Averaged stats: lr: 0.000097  loss_sum: 0.0270 (0.0466)  losses: 0.0076 (0.0082)  den_loss: 0.0194 (0.0383)  loss_ce: 0.0029 (0.0027)  loss_points: 0.0006 (0.0006)  loss_count: 0.0026 (0.0031)  loss_consistency: 0.0016 (0.0018)  loss_ce_unscaled: 0.0029 (0.0027)  loss_points_unscaled: 3.1177 (3.1445)  loss_count_unscaled: 2.5973 (3.0960)  loss_consistency_unscaled: 1.5788 (1.7520)  den_ssim: 0.0011 (0.0011)  moe_aux_total: 0.0000 (0.0000)  moe_aux_raw: 0.0000 (0.0000)  l_balance: 0.0000 (0.0000)  l_decorr: 0.0000 (0.0000)  moe_temperature: 0.1500 (0.1500)
2026-04-17 04:08:25 | INFO     | crowdcount.trainer:289 - [ep 369][lr 0.0000974][15.97s]
2026-04-17 04:08:39 | INFO     | crowdcount.trainer:348 - [Eval] mae=141.36  mse=191.15  time=12.3s  best_mae=63.29  best_mse=97.65
2026-04-17 04:08:39 | INFO     | crowdcount.trainer:352 - [Eval] density_mae=63.00  density_mse=101.92  best_density_mae=56.54
2026-04-17 04:08:55 | INFO     | crowdcount.engine:429 - Averaged stats: lr: 0.000097  loss_sum: 0.0290 (0.0380)  losses: 0.0075 (0.0081)  den_loss: 0.0220 (0.0298)  loss_ce: 0.0024 (0.0027)  loss_points: 0.0006 (0.0006)  loss_count: 0.0030 (0.0030)  loss_consistency: 0.0016 (0.0017)  loss_ce_unscaled: 0.0024 (0.0027)  loss_points_unscaled: 3.1803 (3.1406)  loss_count_unscaled: 2.9717 (3.0467)  loss_consistency_unscaled: 1.6058 (1.7226)  den_ssim: 0.0011 (0.0011)  moe_aux_total: 0.0000 (0.0000)  moe_aux_raw: 0.0000 (0.0000)  l_balance: 0.0000 (0.0000)  l_decorr: 0.0000 (0.0000)  moe_temperature: 0.1500 (0.1500)
2026-04-17 04:08:55 | INFO     | crowdcount.trainer:289 - [ep 370][lr 0.0000974][15.89s]
2026-04-17 04:09:10 | INFO     | crowdcount.trainer:348 - [Eval] mae=122.46  mse=166.41  time=12.5s  best_mae=63.29  best_mse=97.65
2026-04-17 04:09:10 | INFO     | crowdcount.trainer:352 - [Eval] density_mae=60.49  density_mse=99.10  best_density_mae=56.54
2026-04-17 04:09:26 | INFO     | crowdcount.engine:429 - Averaged stats: lr: 0.000097  loss_sum: 0.0288 (0.0377)  losses: 0.0072 (0.0082)  den_loss: 0.0216 (0.0295)  loss_ce: 0.0022 (0.0027)  loss_points: 0.0006 (0.0006)  loss_count: 0.0024 (0.0030)  loss_consistency: 0.0016 (0.0019)  loss_ce_unscaled: 0.0022 (0.0027)  loss_points_unscaled: 3.0690 (3.1832)  loss_count_unscaled: 2.3533 (3.0000)  loss_consistency_unscaled: 1.6073 (1.8530)  den_ssim: 0.0010 (0.0011)  moe_aux_total: 0.0000 (0.0000)  moe_aux_raw: 0.0000 (0.0000)  l_balance: 0.0000 (0.0000)  l_decorr: 0.0000 (0.0000)  moe_temperature: 0.1500 (0.1500)
2026-04-17 04:09:26 | INFO     | crowdcount.trainer:289 - [ep 371][lr 0.0000974][15.98s]
2026-04-17 04:09:40 | INFO     | crowdcount.trainer:348 - [Eval] mae=132.28  mse=191.10  time=12.6s  best_mae=63.29  best_mse=97.65
2026-04-17 04:09:40 | INFO     | crowdcount.trainer:352 - [Eval] density_mae=85.27  density_mse=141.71  best_density_mae=56.54
2026-04-17 04:09:57 | INFO     | crowdcount.engine:429 - Averaged stats: lr: 0.000097  loss_sum: 0.0269 (0.0432)  losses: 0.0073 (0.0079)  den_loss: 0.0203 (0.0353)  loss_ce: 0.0026 (0.0027)  loss_points: 0.0006 (0.0006)  loss_count: 0.0025 (0.0030)  loss_consistency: 0.0013 (0.0016)  loss_ce_unscaled: 0.0026 (0.0027)  loss_points_unscaled: 3.2328 (3.1213)  loss_count_unscaled: 2.5432 (3.0046)  loss_consistency_unscaled: 1.3304 (1.5641)  den_ssim: 0.0011 (0.0011)  moe_aux_total: 0.0000 (0.0000)  moe_aux_raw: 0.0000 (0.0000)  l_balance: 0.0000 (0.0000)  l_decorr: 0.0000 (0.0000)  moe_temperature: 0.1500 (0.1500)
2026-04-17 04:09:57 | INFO     | crowdcount.trainer:289 - [ep 372][lr 0.0000974][16.22s]
2026-04-17 04:10:11 | INFO     | crowdcount.trainer:348 - [Eval] mae=110.11  mse=154.62  time=12.4s  best_mae=63.29  best_mse=97.65
2026-04-17 04:10:11 | INFO     | crowdcount.trainer:352 - [Eval] density_mae=66.71  density_mse=109.40  best_density_mae=56.54
2026-04-17 04:10:27 | INFO     | crowdcount.engine:429 - Averaged stats: lr: 0.000097  loss_sum: 0.0389 (0.0450)  losses: 0.0076 (0.0086)  den_loss: 0.0286 (0.0363)  loss_ce: 0.0026 (0.0030)  loss_points: 0.0006 (0.0006)  loss_count: 0.0028 (0.0033)  loss_consistency: 0.0015 (0.0017)  loss_ce_unscaled: 0.0026 (0.0030)  loss_points_unscaled: 3.1316 (3.0915)  loss_count_unscaled: 2.7512 (3.3053)  loss_consistency_unscaled: 1.4511 (1.7390)  den_ssim: 0.0011 (0.0011)  moe_aux_total: 0.0000 (0.0000)  moe_aux_raw: 0.0000 (0.0000)  l_balance: 0.0000 (0.0000)  l_decorr: 0.0000 (0.0000)  moe_temperature: 0.1500 (0.1500)
2026-04-17 04:10:27 | INFO     | crowdcount.trainer:289 - [ep 373][lr 0.0000974][15.77s]
2026-04-17 04:10:41 | INFO     | crowdcount.trainer:348 - [Eval] mae=98.05  mse=136.69  time=12.6s  best_mae=63.29  best_mse=97.65
2026-04-17 04:10:41 | INFO     | crowdcount.trainer:352 - [Eval] density_mae=65.96  density_mse=106.07  best_density_mae=56.54
2026-04-17 04:10:57 | INFO     | crowdcount.engine:429 - Averaged stats: lr: 0.000097  loss_sum: 0.0362 (0.0442)  losses: 0.0081 (0.0080)  den_loss: 0.0266 (0.0362)  loss_ce: 0.0027 (0.0027)  loss_points: 0.0006 (0.0006)  loss_count: 0.0031 (0.0029)  loss_consistency: 0.0016 (0.0018)  loss_ce_unscaled: 0.0027 (0.0027)  loss_points_unscaled: 3.1956 (3.1391)  loss_count_unscaled: 3.0896 (2.9131)  loss_consistency_unscaled: 1.6308 (1.7672)  den_ssim: 0.0011 (0.0011)  moe_aux_total: 0.0000 (0.0000)  moe_aux_raw: 0.0000 (0.0000)  l_balance: 0.0000 (0.0000)  l_decorr: 0.0000 (0.0000)  moe_temperature: 0.1500 (0.1500)
2026-04-17 04:10:57 | INFO     | crowdcount.trainer:289 - [ep 374][lr 0.0000974][15.95s]
2026-04-17 04:11:12 | INFO     | crowdcount.trainer:348 - [Eval] mae=97.46  mse=138.21  time=12.7s  best_mae=63.29  best_mse=97.65
2026-04-17 04:11:12 | INFO     | crowdcount.trainer:352 - [Eval] density_mae=63.38  density_mse=106.88  best_density_mae=56.54
2026-04-17 04:11:29 | INFO     | crowdcount.engine:429 - Averaged stats: lr: 0.000097  loss_sum: 0.0340 (0.0454)  losses: 0.0077 (0.0085)  den_loss: 0.0267 (0.0369)  loss_ce: 0.0025 (0.0029)  loss_points: 0.0006 (0.0006)  loss_count: 0.0029 (0.0032)  loss_consistency: 0.0015 (0.0018)  loss_ce_unscaled: 0.0025 (0.0029)  loss_points_unscaled: 3.1310 (3.1605)  loss_count_unscaled: 2.9149 (3.1872)  loss_consistency_unscaled: 1.5326 (1.8008)  den_ssim: 0.0011 (0.0012)  moe_aux_total: 0.0000 (0.0000)  moe_aux_raw: 0.0000 (0.0000)  l_balance: 0.0000 (0.0000)  l_decorr: 0.0000 (0.0000)  moe_temperature: 0.1500 (0.1500)
2026-04-17 04:11:29 | INFO     | crowdcount.trainer:289 - [ep 375][lr 0.0000974][17.15s]
2026-04-17 04:11:44 | INFO     | crowdcount.trainer:348 - [Eval] mae=111.37  mse=157.53  time=13.0s  best_mae=63.29  best_mse=97.65
2026-04-17 04:11:44 | INFO     | crowdcount.trainer:352 - [Eval] density_mae=68.02  density_mse=114.41  best_density_mae=56.54
2026-04-17 04:12:00 | INFO     | crowdcount.engine:429 - Averaged stats: lr: 0.000097  loss_sum: 0.0248 (0.0369)  losses: 0.0065 (0.0076)  den_loss: 0.0190 (0.0293)  loss_ce: 0.0024 (0.0026)  loss_points: 0.0006 (0.0006)  loss_count: 0.0024 (0.0029)  loss_consistency: 0.0013 (0.0015)  loss_ce_unscaled: 0.0024 (0.0026)  loss_points_unscaled: 3.1991 (3.1239)  loss_count_unscaled: 2.3542 (2.9188)  loss_consistency_unscaled: 1.3232 (1.4606)  den_ssim: 0.0011 (0.0011)  moe_aux_total: 0.0000 (0.0000)  moe_aux_raw: 0.0000 (0.0000)  l_balance: 0.0000 (0.0000)  l_decorr: 0.0000 (0.0000)  moe_temperature: 0.1500 (0.1500)
2026-04-17 04:12:00 | INFO     | crowdcount.trainer:289 - [ep 376][lr 0.0000973][15.96s]
2026-04-17 04:12:14 | INFO     | crowdcount.trainer:348 - [Eval] mae=104.01  mse=153.30  time=12.9s  best_mae=63.29  best_mse=97.65
2026-04-17 04:12:14 | INFO     | crowdcount.trainer:352 - [Eval] density_mae=62.44  density_mse=104.51  best_density_mae=56.54
2026-04-17 04:12:30 | INFO     | crowdcount.engine:429 - Averaged stats: lr: 0.000097  loss_sum: 0.0291 (0.0442)  losses: 0.0066 (0.0079)  den_loss: 0.0228 (0.0363)  loss_ce: 0.0025 (0.0027)  loss_points: 0.0006 (0.0006)  loss_count: 0.0025 (0.0028)  loss_consistency: 0.0016 (0.0018)  loss_ce_unscaled: 0.0025 (0.0027)  loss_points_unscaled: 3.0416 (3.1123)  loss_count_unscaled: 2.4694 (2.8263)  loss_consistency_unscaled: 1.6316 (1.7541)  den_ssim: 0.0011 (0.0011)  moe_aux_total: 0.0000 (0.0000)  moe_aux_raw: 0.0000 (0.0000)  l_balance: 0.0000 (0.0000)  l_decorr: 0.0000 (0.0000)  moe_temperature: 0.1500 (0.1500)
2026-04-17 04:12:30 | INFO     | crowdcount.trainer:289 - [ep 377][lr 0.0000973][16.22s]
2026-04-17 04:12:45 | INFO     | crowdcount.trainer:348 - [Eval] mae=95.21  mse=134.75  time=13.4s  best_mae=63.29  best_mse=97.65
2026-04-17 04:12:45 | INFO     | crowdcount.trainer:352 - [Eval] density_mae=63.90  density_mse=105.71  best_density_mae=56.54
2026-04-17 04:13:02 | INFO     | crowdcount.engine:429 - Averaged stats: lr: 0.000097  loss_sum: 0.0385 (0.0422)  losses: 0.0081 (0.0081)  den_loss: 0.0295 (0.0341)  loss_ce: 0.0028 (0.0028)  loss_points: 0.0006 (0.0006)  loss_count: 0.0026 (0.0030)  loss_consistency: 0.0018 (0.0018)  loss_ce_unscaled: 0.0028 (0.0028)  loss_points_unscaled: 3.1222 (3.1012)  loss_count_unscaled: 2.5583 (2.9587)  loss_consistency_unscaled: 1.7651 (1.7606)  den_ssim: 0.0011 (0.0011)  moe_aux_total: 0.0000 (0.0000)  moe_aux_raw: 0.0000 (0.0000)  l_balance: 0.0000 (0.0000)  l_decorr: 0.0000 (0.0000)  moe_temperature: 0.1500 (0.1500)
2026-04-17 04:13:02 | INFO     | crowdcount.trainer:289 - [ep 378][lr 0.0000973][16.35s]
2026-04-17 04:13:16 | INFO     | crowdcount.trainer:348 - [Eval] mae=91.99  mse=130.42  time=12.5s  best_mae=63.29  best_mse=97.65
2026-04-17 04:13:16 | INFO     | crowdcount.trainer:352 - [Eval] density_mae=67.00  density_mse=107.48  best_density_mae=56.54
2026-04-17 04:13:33 | INFO     | crowdcount.engine:429 - Averaged stats: lr: 0.000097  loss_sum: 0.0317 (0.0422)  losses: 0.0078 (0.0077)  den_loss: 0.0238 (0.0345)  loss_ce: 0.0026 (0.0028)  loss_points: 0.0006 (0.0006)  loss_count: 0.0028 (0.0029)  loss_consistency: 0.0014 (0.0015)  loss_ce_unscaled: 0.0026 (0.0028)  loss_points_unscaled: 3.1494 (3.1226)  loss_count_unscaled: 2.7829 (2.8549)  loss_consistency_unscaled: 1.3644 (1.5133)  den_ssim: 0.0010 (0.0011)  moe_aux_total: 0.0000 (0.0000)  moe_aux_raw: 0.0000 (0.0000)  l_balance: 0.0000 (0.0000)  l_decorr: 0.0000 (0.0000)  moe_temperature: 0.1500 (0.1500)
2026-04-17 04:13:33 | INFO     | crowdcount.trainer:289 - [ep 379][lr 0.0000973][16.50s]
2026-04-17 04:13:47 | INFO     | crowdcount.trainer:348 - [Eval] mae=91.33  mse=134.11  time=12.9s  best_mae=63.29  best_mse=97.65
2026-04-17 04:13:47 | INFO     | crowdcount.trainer:352 - [Eval] density_mae=64.68  density_mse=112.67  best_density_mae=56.54
2026-04-17 04:14:04 | INFO     | crowdcount.engine:429 - Averaged stats: lr: 0.000097  loss_sum: 0.0298 (0.0415)  losses: 0.0075 (0.0081)  den_loss: 0.0224 (0.0334)  loss_ce: 0.0025 (0.0028)  loss_points: 0.0006 (0.0006)  loss_count: 0.0024 (0.0030)  loss_consistency: 0.0016 (0.0018)  loss_ce_unscaled: 0.0025 (0.0028)  loss_points_unscaled: 3.1904 (3.1263)  loss_count_unscaled: 2.4149 (2.9714)  loss_consistency_unscaled: 1.6147 (1.7674)  den_ssim: 0.0011 (0.0011)  moe_aux_total: 0.0000 (0.0000)  moe_aux_raw: 0.0000 (0.0000)  l_balance: 0.0000 (0.0000)  l_decorr: 0.0000 (0.0000)  moe_temperature: 0.1500 (0.1500)
2026-04-17 04:14:04 | INFO     | crowdcount.trainer:289 - [ep 380][lr 0.0000973][16.59s]
2026-04-17 04:14:19 | INFO     | crowdcount.trainer:348 - [Eval] mae=116.66  mse=159.92  time=12.8s  best_mae=63.29  best_mse=97.65
2026-04-17 04:14:19 | INFO     | crowdcount.trainer:352 - [Eval] density_mae=65.14  density_mse=105.96  best_density_mae=56.54
2026-04-17 04:14:35 | INFO     | crowdcount.engine:429 - Averaged stats: lr: 0.000097  loss_sum: 0.0353 (0.0451)  losses: 0.0068 (0.0082)  den_loss: 0.0276 (0.0369)  loss_ce: 0.0024 (0.0028)  loss_points: 0.0006 (0.0006)  loss_count: 0.0027 (0.0031)  loss_consistency: 0.0013 (0.0017)  loss_ce_unscaled: 0.0024 (0.0028)  loss_points_unscaled: 3.1515 (3.1886)  loss_count_unscaled: 2.6889 (3.1045)  loss_consistency_unscaled: 1.2677 (1.6700)  den_ssim: 0.0011 (0.0011)  moe_aux_total: 0.0000 (0.0000)  moe_aux_raw: 0.0000 (0.0000)  l_balance: 0.0000 (0.0000)  l_decorr: 0.0000 (0.0000)  moe_temperature: 0.1500 (0.1500)
2026-04-17 04:14:35 | INFO     | crowdcount.trainer:289 - [ep 381][lr 0.0000973][16.08s]
2026-04-17 04:14:50 | INFO     | crowdcount.trainer:348 - [Eval] mae=109.03  mse=158.99  time=13.1s  best_mae=63.29  best_mse=97.65
2026-04-17 04:14:50 | INFO     | crowdcount.trainer:352 - [Eval] density_mae=65.32  density_mse=108.07  best_density_mae=56.54
2026-04-17 04:15:06 | INFO     | crowdcount.engine:429 - Averaged stats: lr: 0.000097  loss_sum: 0.0486 (0.0423)  losses: 0.0084 (0.0080)  den_loss: 0.0382 (0.0342)  loss_ce: 0.0029 (0.0027)  loss_points: 0.0006 (0.0006)  loss_count: 0.0029 (0.0030)  loss_consistency: 0.0018 (0.0017)  loss_ce_unscaled: 0.0029 (0.0027)  loss_points_unscaled: 3.1259 (3.2180)  loss_count_unscaled: 2.8635 (2.9939)  loss_consistency_unscaled: 1.7598 (1.6535)  den_ssim: 0.0011 (0.0011)  moe_aux_total: 0.0000 (0.0000)  moe_aux_raw: 0.0000 (0.0000)  l_balance: 0.0000 (0.0000)  l_decorr: 0.0000 (0.0000)  moe_temperature: 0.1500 (0.1500)
2026-04-17 04:15:06 | INFO     | crowdcount.trainer:289 - [ep 382][lr 0.0000973][16.35s]
2026-04-17 04:15:21 | INFO     | crowdcount.trainer:348 - [Eval] mae=104.06  mse=140.05  time=12.9s  best_mae=63.29  best_mse=97.65
2026-04-17 04:15:21 | INFO     | crowdcount.trainer:352 - [Eval] density_mae=62.54  density_mse=109.79  best_density_mae=56.54
2026-04-17 04:15:38 | INFO     | crowdcount.engine:429 - Averaged stats: lr: 0.000097  loss_sum: 0.0365 (0.0444)  losses: 0.0078 (0.0081)  den_loss: 0.0286 (0.0363)  loss_ce: 0.0023 (0.0026)  loss_points: 0.0006 (0.0006)  loss_count: 0.0025 (0.0030)  loss_consistency: 0.0016 (0.0019)  loss_ce_unscaled: 0.0023 (0.0026)  loss_points_unscaled: 3.2037 (3.2156)  loss_count_unscaled: 2.5076 (2.9583)  loss_consistency_unscaled: 1.6402 (1.8924)  den_ssim: 0.0011 (0.0011)  moe_aux_total: 0.0000 (0.0000)  moe_aux_raw: 0.0000 (0.0000)  l_balance: 0.0000 (0.0000)  l_decorr: 0.0000 (0.0000)  moe_temperature: 0.1500 (0.1500)
2026-04-17 04:15:38 | INFO     | crowdcount.trainer:289 - [ep 383][lr 0.0000972][16.32s]
2026-04-17 04:15:53 | INFO     | crowdcount.trainer:348 - [Eval] mae=124.28  mse=169.91  time=13.1s  best_mae=63.29  best_mse=97.65
2026-04-17 04:15:53 | INFO     | crowdcount.trainer:352 - [Eval] density_mae=65.07  density_mse=108.52  best_density_mae=56.54
2026-04-17 04:16:09 | INFO     | crowdcount.engine:429 - Averaged stats: lr: 0.000097  loss_sum: 0.0398 (0.0400)  losses: 0.0072 (0.0080)  den_loss: 0.0314 (0.0320)  loss_ce: 0.0025 (0.0027)  loss_points: 0.0006 (0.0006)  loss_count: 0.0028 (0.0029)  loss_consistency: 0.0014 (0.0017)  loss_ce_unscaled: 0.0025 (0.0027)  loss_points_unscaled: 3.2154 (3.2099)  loss_count_unscaled: 2.7855 (2.9444)  loss_consistency_unscaled: 1.3619 (1.7019)  den_ssim: 0.0011 (0.0011)  moe_aux_total: 0.0000 (0.0000)  moe_aux_raw: 0.0000 (0.0000)  l_balance: 0.0000 (0.0000)  l_decorr: 0.0000 (0.0000)  moe_temperature: 0.1500 (0.1500)
2026-04-17 04:16:09 | INFO     | crowdcount.trainer:289 - [ep 384][lr 0.0000972][16.92s]
2026-04-17 04:16:24 | INFO     | crowdcount.trainer:348 - [Eval] mae=85.64  mse=124.07  time=12.9s  best_mae=63.29  best_mse=97.65
2026-04-17 04:16:24 | INFO     | crowdcount.trainer:352 - [Eval] density_mae=68.39  density_mse=109.53  best_density_mae=56.54
2026-04-17 04:16:41 | INFO     | crowdcount.engine:429 - Averaged stats: lr: 0.000097  loss_sum: 0.0347 (0.0425)  losses: 0.0082 (0.0083)  den_loss: 0.0256 (0.0342)  loss_ce: 0.0026 (0.0028)  loss_points: 0.0006 (0.0006)  loss_count: 0.0030 (0.0032)  loss_consistency: 0.0016 (0.0016)  loss_ce_unscaled: 0.0026 (0.0028)  loss_points_unscaled: 3.1529 (3.2277)  loss_count_unscaled: 3.0336 (3.2321)  loss_consistency_unscaled: 1.5766 (1.6382)  den_ssim: 0.0011 (0.0011)  moe_aux_total: 0.0000 (0.0000)  moe_aux_raw: 0.0000 (0.0000)  l_balance: 0.0000 (0.0000)  l_decorr: 0.0000 (0.0000)  moe_temperature: 0.1500 (0.1500)
2026-04-17 04:16:41 | INFO     | crowdcount.trainer:289 - [ep 385][lr 0.0000972][16.53s]
2026-04-17 04:16:56 | INFO     | crowdcount.trainer:348 - [Eval] mae=84.80  mse=129.05  time=12.9s  best_mae=63.29  best_mse=97.65
2026-04-17 04:16:56 | INFO     | crowdcount.trainer:352 - [Eval] density_mae=64.56  density_mse=111.56  best_density_mae=56.54
2026-04-17 04:17:12 | INFO     | crowdcount.engine:429 - Averaged stats: lr: 0.000097  loss_sum: 0.0332 (0.0394)  losses: 0.0071 (0.0082)  den_loss: 0.0275 (0.0312)  loss_ce: 0.0026 (0.0028)  loss_points: 0.0007 (0.0006)  loss_count: 0.0027 (0.0030)  loss_consistency: 0.0016 (0.0017)  loss_ce_unscaled: 0.0026 (0.0028)  loss_points_unscaled: 3.2647 (3.1871)  loss_count_unscaled: 2.7066 (3.0112)  loss_consistency_unscaled: 1.5511 (1.7320)  den_ssim: 0.0010 (0.0011)  moe_aux_total: 0.0000 (0.0000)  moe_aux_raw: 0.0000 (0.0000)  l_balance: 0.0000 (0.0000)  l_decorr: 0.0000 (0.0000)  moe_temperature: 0.1500 (0.1500)
2026-04-17 04:17:12 | INFO     | crowdcount.trainer:289 - [ep 386][lr 0.0000972][16.61s]
2026-04-17 04:17:27 | INFO     | crowdcount.trainer:348 - [Eval] mae=96.55  mse=137.85  time=12.8s  best_mae=63.29  best_mse=97.65
2026-04-17 04:17:27 | INFO     | crowdcount.trainer:352 - [Eval] density_mae=62.25  density_mse=102.25  best_density_mae=56.54
2026-04-17 04:17:43 | INFO     | crowdcount.engine:429 - Averaged stats: lr: 0.000097  loss_sum: 0.0323 (0.0373)  losses: 0.0077 (0.0076)  den_loss: 0.0246 (0.0297)  loss_ce: 0.0026 (0.0027)  loss_points: 0.0006 (0.0006)  loss_count: 0.0029 (0.0027)  loss_consistency: 0.0014 (0.0016)  loss_ce_unscaled: 0.0026 (0.0027)  loss_points_unscaled: 3.1906 (3.2143)  loss_count_unscaled: 2.8732 (2.7318)  loss_consistency_unscaled: 1.4007 (1.5861)  den_ssim: 0.0012 (0.0011)  moe_aux_total: 0.0000 (0.0000)  moe_aux_raw: 0.0000 (0.0000)  l_balance: 0.0000 (0.0000)  l_decorr: 0.0000 (0.0000)  moe_temperature: 0.1500 (0.1500)
2026-04-17 04:17:43 | INFO     | crowdcount.trainer:289 - [ep 387][lr 0.0000972][16.16s]
2026-04-17 04:17:58 | INFO     | crowdcount.trainer:348 - [Eval] mae=92.69  mse=130.37  time=13.4s  best_mae=63.29  best_mse=97.65
2026-04-17 04:17:58 | INFO     | crowdcount.trainer:352 - [Eval] density_mae=63.12  density_mse=100.96  best_density_mae=56.54
2026-04-17 04:18:15 | INFO     | crowdcount.engine:429 - Averaged stats: lr: 0.000097  loss_sum: 0.0398 (0.0436)  losses: 0.0083 (0.0082)  den_loss: 0.0318 (0.0354)  loss_ce: 0.0026 (0.0027)  loss_points: 0.0006 (0.0006)  loss_count: 0.0029 (0.0031)  loss_consistency: 0.0018 (0.0018)  loss_ce_unscaled: 0.0026 (0.0027)  loss_points_unscaled: 3.0948 (3.1134)  loss_count_unscaled: 2.8927 (3.0807)  loss_consistency_unscaled: 1.8324 (1.7552)  den_ssim: 0.0010 (0.0011)  moe_aux_total: 0.0000 (0.0000)  moe_aux_raw: 0.0000 (0.0000)  l_balance: 0.0000 (0.0000)  l_decorr: 0.0000 (0.0000)  moe_temperature: 0.1500 (0.1500)
2026-04-17 04:18:15 | INFO     | crowdcount.trainer:289 - [ep 388][lr 0.0000972][16.74s]
2026-04-17 04:18:30 | INFO     | crowdcount.trainer:348 - [Eval] mae=91.81  mse=129.76  time=12.8s  best_mae=63.29  best_mse=97.65
2026-04-17 04:18:30 | INFO     | crowdcount.trainer:352 - [Eval] density_mae=62.46  density_mse=103.40  best_density_mae=56.54
2026-04-17 04:18:46 | INFO     | crowdcount.engine:429 - Averaged stats: lr: 0.000097  loss_sum: 0.0302 (0.0422)  losses: 0.0073 (0.0080)  den_loss: 0.0243 (0.0342)  loss_ce: 0.0026 (0.0027)  loss_points: 0.0006 (0.0006)  loss_count: 0.0025 (0.0029)  loss_consistency: 0.0013 (0.0016)  loss_ce_unscaled: 0.0026 (0.0027)  loss_points_unscaled: 3.1998 (3.2048)  loss_count_unscaled: 2.5111 (2.9322)  loss_consistency_unscaled: 1.2607 (1.6495)  den_ssim: 0.0011 (0.0011)  moe_aux_total: 0.0000 (0.0000)  moe_aux_raw: 0.0000 (0.0000)  l_balance: 0.0000 (0.0000)  l_decorr: 0.0000 (0.0000)  moe_temperature: 0.1500 (0.1500)
2026-04-17 04:18:46 | INFO     | crowdcount.trainer:289 - [ep 389][lr 0.0000971][16.71s]
2026-04-17 04:19:02 | INFO     | crowdcount.trainer:348 - [Eval] mae=83.27  mse=120.41  time=13.3s  best_mae=63.29  best_mse=97.65
2026-04-17 04:19:02 | INFO     | crowdcount.trainer:352 - [Eval] density_mae=62.35  density_mse=105.03  best_density_mae=56.54
2026-04-17 04:19:18 | INFO     | crowdcount.engine:429 - Averaged stats: lr: 0.000097  loss_sum: 0.0343 (0.0424)  losses: 0.0071 (0.0079)  den_loss: 0.0246 (0.0345)  loss_ce: 0.0025 (0.0027)  loss_points: 0.0006 (0.0006)  loss_count: 0.0026 (0.0030)  loss_consistency: 0.0014 (0.0015)  loss_ce_unscaled: 0.0025 (0.0027)  loss_points_unscaled: 3.0784 (3.1321)  loss_count_unscaled: 2.5971 (3.0288)  loss_consistency_unscaled: 1.4190 (1.5260)  den_ssim: 0.0011 (0.0011)  moe_aux_total: 0.0000 (0.0000)  moe_aux_raw: 0.0000 (0.0000)  l_balance: 0.0000 (0.0000)  l_decorr: 0.0000 (0.0000)  moe_temperature: 0.1500 (0.1500)
2026-04-17 04:19:18 | INFO     | crowdcount.trainer:289 - [ep 390][lr 0.0000971][16.45s]
2026-04-17 04:19:33 | INFO     | crowdcount.trainer:348 - [Eval] mae=106.75  mse=150.22  time=12.7s  best_mae=63.29  best_mse=97.65
2026-04-17 04:19:33 | INFO     | crowdcount.trainer:352 - [Eval] density_mae=63.82  density_mse=103.86  best_density_mae=56.54
2026-04-17 04:19:49 | INFO     | crowdcount.engine:429 - Averaged stats: lr: 0.000097  loss_sum: 0.0280 (0.0403)  losses: 0.0070 (0.0077)  den_loss: 0.0204 (0.0325)  loss_ce: 0.0026 (0.0027)  loss_points: 0.0006 (0.0006)  loss_count: 0.0026 (0.0029)  loss_consistency: 0.0013 (0.0016)  loss_ce_unscaled: 0.0026 (0.0027)  loss_points_unscaled: 3.0784 (3.0971)  loss_count_unscaled: 2.5989 (2.8709)  loss_consistency_unscaled: 1.2961 (1.5674)  den_ssim: 0.0011 (0.0011)  moe_aux_total: 0.0000 (0.0000)  moe_aux_raw: 0.0000 (0.0000)  l_balance: 0.0000 (0.0000)  l_decorr: 0.0000 (0.0000)  moe_temperature: 0.1500 (0.1500)
2026-04-17 04:19:49 | INFO     | crowdcount.trainer:289 - [ep 391][lr 0.0000971][16.39s]
2026-04-17 04:20:04 | INFO     | crowdcount.trainer:348 - [Eval] mae=121.32  mse=161.90  time=13.4s  best_mae=63.29  best_mse=97.65
2026-04-17 04:20:04 | INFO     | crowdcount.trainer:352 - [Eval] density_mae=58.91  density_mse=95.25  best_density_mae=56.54
2026-04-17 04:20:21 | INFO     | crowdcount.engine:429 - Averaged stats: lr: 0.000097  loss_sum: 0.0257 (0.0455)  losses: 0.0070 (0.0082)  den_loss: 0.0191 (0.0373)  loss_ce: 0.0027 (0.0028)  loss_points: 0.0006 (0.0006)  loss_count: 0.0023 (0.0032)  loss_consistency: 0.0015 (0.0016)  loss_ce_unscaled: 0.0027 (0.0028)  loss_points_unscaled: 2.9705 (3.0863)  loss_count_unscaled: 2.3495 (3.1576)  loss_consistency_unscaled: 1.4932 (1.5790)  den_ssim: 0.0010 (0.0011)  moe_aux_total: 0.0000 (0.0000)  moe_aux_raw: 0.0000 (0.0000)  l_balance: 0.0000 (0.0000)  l_decorr: 0.0000 (0.0000)  moe_temperature: 0.1500 (0.1500)
2026-04-17 04:20:21 | INFO     | crowdcount.trainer:289 - [ep 392][lr 0.0000971][16.70s]
2026-04-17 04:20:36 | INFO     | crowdcount.trainer:348 - [Eval] mae=89.70  mse=131.52  time=12.9s  best_mae=63.29  best_mse=97.65
2026-04-17 04:20:36 | INFO     | crowdcount.trainer:352 - [Eval] density_mae=64.52  density_mse=105.89  best_density_mae=56.54
2026-04-17 04:20:52 | INFO     | crowdcount.engine:429 - Averaged stats: lr: 0.000097  loss_sum: 0.0427 (0.0461)  losses: 0.0088 (0.0082)  den_loss: 0.0324 (0.0379)  loss_ce: 0.0027 (0.0027)  loss_points: 0.0006 (0.0006)  loss_count: 0.0032 (0.0032)  loss_consistency: 0.0015 (0.0017)  loss_ce_unscaled: 0.0027 (0.0027)  loss_points_unscaled: 3.0964 (3.1448)  loss_count_unscaled: 3.2092 (3.1915)  loss_consistency_unscaled: 1.5121 (1.6957)  den_ssim: 0.0012 (0.0011)  moe_aux_total: 0.0000 (0.0000)  moe_aux_raw: 0.0000 (0.0000)  l_balance: 0.0000 (0.0000)  l_decorr: 0.0000 (0.0000)  moe_temperature: 0.1500 (0.1500)
2026-04-17 04:20:52 | INFO     | crowdcount.trainer:289 - [ep 393][lr 0.0000971][16.41s]
2026-04-17 04:21:08 | INFO     | crowdcount.trainer:348 - [Eval] mae=95.54  mse=142.98  time=13.2s  best_mae=63.29  best_mse=97.65
2026-04-17 04:21:08 | INFO     | crowdcount.trainer:352 - [Eval] density_mae=64.74  density_mse=108.53  best_density_mae=56.54
2026-04-17 04:21:24 | INFO     | crowdcount.engine:429 - Averaged stats: lr: 0.000097  loss_sum: 0.0304 (0.0405)  losses: 0.0072 (0.0078)  den_loss: 0.0233 (0.0327)  loss_ce: 0.0026 (0.0026)  loss_points: 0.0006 (0.0006)  loss_count: 0.0025 (0.0029)  loss_consistency: 0.0015 (0.0017)  loss_ce_unscaled: 0.0026 (0.0026)  loss_points_unscaled: 3.1647 (3.1434)  loss_count_unscaled: 2.5423 (2.9004)  loss_consistency_unscaled: 1.4848 (1.6627)  den_ssim: 0.0011 (0.0011)  moe_aux_total: 0.0000 (0.0000)  moe_aux_raw: 0.0000 (0.0000)  l_balance: 0.0000 (0.0000)  l_decorr: 0.0000 (0.0000)  moe_temperature: 0.1500 (0.1500)
2026-04-17 04:21:24 | INFO     | crowdcount.trainer:289 - [ep 394][lr 0.0000971][16.11s]
2026-04-17 04:21:39 | INFO     | crowdcount.trainer:348 - [Eval] mae=103.23  mse=142.08  time=13.0s  best_mae=63.29  best_mse=97.65
2026-04-17 04:21:39 | INFO     | crowdcount.trainer:352 - [Eval] density_mae=65.01  density_mse=106.70  best_density_mae=56.54
2026-04-17 04:21:55 | INFO     | crowdcount.engine:429 - Averaged stats: lr: 0.000097  loss_sum: 0.0349 (0.0421)  losses: 0.0076 (0.0081)  den_loss: 0.0271 (0.0340)  loss_ce: 0.0027 (0.0028)  loss_points: 0.0006 (0.0006)  loss_count: 0.0024 (0.0030)  loss_consistency: 0.0016 (0.0016)  loss_ce_unscaled: 0.0027 (0.0028)  loss_points_unscaled: 3.0924 (3.0962)  loss_count_unscaled: 2.3684 (3.0477)  loss_consistency_unscaled: 1.6327 (1.6338)  den_ssim: 0.0010 (0.0011)  moe_aux_total: 0.0000 (0.0000)  moe_aux_raw: 0.0000 (0.0000)  l_balance: 0.0000 (0.0000)  l_decorr: 0.0000 (0.0000)  moe_temperature: 0.1500 (0.1500)
2026-04-17 04:21:55 | INFO     | crowdcount.trainer:289 - [ep 395][lr 0.0000971][16.11s]
2026-04-17 04:22:10 | INFO     | crowdcount.trainer:348 - [Eval] mae=110.40  mse=160.29  time=12.8s  best_mae=63.29  best_mse=97.65
2026-04-17 04:22:10 | INFO     | crowdcount.trainer:352 - [Eval] density_mae=66.25  density_mse=111.49  best_density_mae=56.54
2026-04-17 04:22:26 | INFO     | crowdcount.engine:429 - Averaged stats: lr: 0.000097  loss_sum: 0.0376 (0.0447)  losses: 0.0075 (0.0087)  den_loss: 0.0287 (0.0360)  loss_ce: 0.0022 (0.0027)  loss_points: 0.0006 (0.0006)  loss_count: 0.0024 (0.0033)  loss_consistency: 0.0018 (0.0021)  loss_ce_unscaled: 0.0022 (0.0027)  loss_points_unscaled: 3.1557 (3.1652)  loss_count_unscaled: 2.4305 (3.2516)  loss_consistency_unscaled: 1.8437 (2.0769)  den_ssim: 0.0010 (0.0011)  moe_aux_total: 0.0000 (0.0000)  moe_aux_raw: 0.0000 (0.0000)  l_balance: 0.0000 (0.0000)  l_decorr: 0.0000 (0.0000)  moe_temperature: 0.1500 (0.1500)
2026-04-17 04:22:26 | INFO     | crowdcount.trainer:289 - [ep 396][lr 0.0000970][16.27s]
2026-04-17 04:22:40 | INFO     | crowdcount.trainer:348 - [Eval] mae=114.88  mse=165.58  time=12.8s  best_mae=63.29  best_mse=97.65
2026-04-17 04:22:40 | INFO     | crowdcount.trainer:352 - [Eval] density_mae=67.03  density_mse=112.60  best_density_mae=56.54
2026-04-17 04:22:57 | INFO     | crowdcount.engine:429 - Averaged stats: lr: 0.000097  loss_sum: 0.0254 (0.0384)  losses: 0.0078 (0.0082)  den_loss: 0.0173 (0.0302)  loss_ce: 0.0027 (0.0027)  loss_points: 0.0006 (0.0006)  loss_count: 0.0026 (0.0031)  loss_consistency: 0.0017 (0.0018)  loss_ce_unscaled: 0.0027 (0.0027)  loss_points_unscaled: 3.1187 (3.1265)  loss_count_unscaled: 2.6321 (3.0625)  loss_consistency_unscaled: 1.6814 (1.7765)  den_ssim: 0.0011 (0.0011)  moe_aux_total: 0.0000 (0.0000)  moe_aux_raw: 0.0000 (0.0000)  l_balance: 0.0000 (0.0000)  l_decorr: 0.0000 (0.0000)  moe_temperature: 0.1500 (0.1500)
2026-04-17 04:22:57 | INFO     | crowdcount.trainer:289 - [ep 397][lr 0.0000970][16.30s]
2026-04-17 04:23:11 | INFO     | crowdcount.trainer:348 - [Eval] mae=96.71  mse=146.48  time=12.8s  best_mae=63.29  best_mse=97.65
2026-04-17 04:23:11 | INFO     | crowdcount.trainer:352 - [Eval] density_mae=59.79  density_mse=99.95  best_density_mae=56.54
2026-04-17 04:23:28 | INFO     | crowdcount.engine:429 - Averaged stats: lr: 0.000097  loss_sum: 0.0320 (0.0443)  losses: 0.0075 (0.0086)  den_loss: 0.0242 (0.0356)  loss_ce: 0.0027 (0.0029)  loss_points: 0.0006 (0.0006)  loss_count: 0.0028 (0.0034)  loss_consistency: 0.0016 (0.0017)  loss_ce_unscaled: 0.0027 (0.0029)  loss_points_unscaled: 2.9651 (3.1337)  loss_count_unscaled: 2.7656 (3.3726)  loss_consistency_unscaled: 1.6052 (1.7196)  den_ssim: 0.0011 (0.0011)  moe_aux_total: 0.0000 (0.0000)  moe_aux_raw: 0.0000 (0.0000)  l_balance: 0.0000 (0.0000)  l_decorr: 0.0000 (0.0000)  moe_temperature: 0.1500 (0.1500)
2026-04-17 04:23:28 | INFO     | crowdcount.trainer:289 - [ep 398][lr 0.0000970][16.59s]
2026-04-17 04:23:43 | INFO     | crowdcount.trainer:348 - [Eval] mae=112.79  mse=152.92  time=13.1s  best_mae=63.29  best_mse=97.65
2026-04-17 04:23:43 | INFO     | crowdcount.trainer:352 - [Eval] density_mae=61.72  density_mse=100.53  best_density_mae=56.54
2026-04-17 04:24:00 | INFO     | crowdcount.engine:429 - Averaged stats: lr: 0.000097  loss_sum: 0.0298 (0.0406)  losses: 0.0068 (0.0080)  den_loss: 0.0222 (0.0326)  loss_ce: 0.0025 (0.0027)  loss_points: 0.0007 (0.0006)  loss_count: 0.0025 (0.0030)  loss_consistency: 0.0014 (0.0016)  loss_ce_unscaled: 0.0025 (0.0027)  loss_points_unscaled: 3.2505 (3.1908)  loss_count_unscaled: 2.4801 (3.0147)  loss_consistency_unscaled: 1.3680 (1.6375)  den_ssim: 0.0010 (0.0011)  moe_aux_total: 0.0000 (0.0000)  moe_aux_raw: 0.0000 (0.0000)  l_balance: 0.0000 (0.0000)  l_decorr: 0.0000 (0.0000)  moe_temperature: 0.1500 (0.1500)
2026-04-17 04:24:00 | INFO     | crowdcount.trainer:289 - [ep 399][lr 0.0000970][16.87s]
2026-04-17 04:24:14 | INFO     | crowdcount.trainer:348 - [Eval] mae=83.72  mse=123.40  time=12.8s  best_mae=63.29  best_mse=97.65
2026-04-17 04:24:14 | INFO     | crowdcount.trainer:352 - [Eval] density_mae=72.65  density_mse=123.01  best_density_mae=56.54
2026-04-17 04:24:30 | INFO     | crowdcount.engine:429 - Averaged stats: lr: 0.000097  loss_sum: 0.0333 (0.0441)  losses: 0.0070 (0.0077)  den_loss: 0.0257 (0.0363)  loss_ce: 0.0025 (0.0026)  loss_points: 0.0006 (0.0006)  loss_count: 0.0026 (0.0029)  loss_consistency: 0.0013 (0.0015)  loss_ce_unscaled: 0.0025 (0.0026)  loss_points_unscaled: 3.1427 (3.1450)  loss_count_unscaled: 2.6345 (2.9443)  loss_consistency_unscaled: 1.2588 (1.5257)  den_ssim: 0.0011 (0.0011)  moe_aux_total: 0.0000 (0.0000)  moe_aux_raw: 0.0000 (0.0000)  l_balance: 0.0000 (0.0000)  l_decorr: 0.0000 (0.0000)  moe_temperature: 0.1500 (0.1500)
2026-04-17 04:24:30 | INFO     | crowdcount.trainer:289 - [ep 400][lr 0.0000970][16.12s]
2026-04-17 04:24:45 | INFO     | crowdcount.trainer:348 - [Eval] mae=106.47  mse=145.34  time=12.9s  best_mae=63.29  best_mse=97.65
2026-04-17 04:24:45 | INFO     | crowdcount.trainer:352 - [Eval] density_mae=62.32  density_mse=108.33  best_density_mae=56.54
2026-04-17 04:25:02 | INFO     | crowdcount.engine:429 - Averaged stats: lr: 0.000097  loss_sum: 0.0429 (0.0455)  losses: 0.0080 (0.0083)  den_loss: 0.0341 (0.0371)  loss_ce: 0.0028 (0.0028)  loss_points: 0.0006 (0.0006)  loss_count: 0.0028 (0.0031)  loss_consistency: 0.0019 (0.0019)  loss_ce_unscaled: 0.0028 (0.0028)  loss_points_unscaled: 3.1040 (3.1833)  loss_count_unscaled: 2.8484 (3.0719)  loss_consistency_unscaled: 1.9392 (1.8608)  den_ssim: 0.0011 (0.0011)  moe_aux_total: 0.0000 (0.0000)  moe_aux_raw: 0.0000 (0.0000)  l_balance: 0.0000 (0.0000)  l_decorr: 0.0000 (0.0000)  moe_temperature: 0.1500 (0.1500)
2026-04-17 04:25:02 | INFO     | crowdcount.trainer:289 - [ep 401][lr 0.0000970][16.46s]
2026-04-17 04:25:16 | INFO     | crowdcount.trainer:348 - [Eval] mae=75.24  mse=112.37  time=12.7s  best_mae=63.29  best_mse=97.65
2026-04-17 04:25:16 | INFO     | crowdcount.trainer:352 - [Eval] density_mae=62.41  density_mse=104.63  best_density_mae=56.54
2026-04-17 04:25:33 | INFO     | crowdcount.engine:429 - Averaged stats: lr: 0.000097  loss_sum: 0.0348 (0.0410)  losses: 0.0073 (0.0080)  den_loss: 0.0279 (0.0329)  loss_ce: 0.0026 (0.0026)  loss_points: 0.0006 (0.0006)  loss_count: 0.0025 (0.0028)  loss_consistency: 0.0017 (0.0020)  loss_ce_unscaled: 0.0026 (0.0026)  loss_points_unscaled: 3.1925 (3.2032)  loss_count_unscaled: 2.4955 (2.8132)  loss_consistency_unscaled: 1.6606 (1.9523)  den_ssim: 0.0011 (0.0011)  moe_aux_total: 0.0000 (0.0000)  moe_aux_raw: 0.0000 (0.0000)  l_balance: 0.0000 (0.0000)  l_decorr: 0.0000 (0.0000)  moe_temperature: 0.1500 (0.1500)
2026-04-17 04:25:33 | INFO     | crowdcount.trainer:289 - [ep 402][lr 0.0000970][16.58s]
2026-04-17 04:25:48 | INFO     | crowdcount.trainer:348 - [Eval] mae=97.71  mse=138.97  time=13.1s  best_mae=63.29  best_mse=97.65
2026-04-17 04:25:48 | INFO     | crowdcount.trainer:352 - [Eval] density_mae=60.54  density_mse=96.98  best_density_mae=56.54
2026-04-17 04:26:04 | INFO     | crowdcount.engine:429 - Averaged stats: lr: 0.000097  loss_sum: 0.0289 (0.0382)  losses: 0.0068 (0.0077)  den_loss: 0.0218 (0.0305)  loss_ce: 0.0023 (0.0026)  loss_points: 0.0007 (0.0006)  loss_count: 0.0023 (0.0028)  loss_consistency: 0.0014 (0.0016)  loss_ce_unscaled: 0.0023 (0.0026)  loss_points_unscaled: 3.2868 (3.2212)  loss_count_unscaled: 2.3309 (2.8388)  loss_consistency_unscaled: 1.4022 (1.5690)  den_ssim: 0.0010 (0.0011)  moe_aux_total: 0.0000 (0.0000)  moe_aux_raw: 0.0000 (0.0000)  l_balance: 0.0000 (0.0000)  l_decorr: 0.0000 (0.0000)  moe_temperature: 0.1500 (0.1500)
2026-04-17 04:26:04 | INFO     | crowdcount.trainer:289 - [ep 403][lr 0.0000969][15.74s]
2026-04-17 04:26:18 | INFO     | crowdcount.trainer:348 - [Eval] mae=98.12  mse=140.85  time=12.8s  best_mae=63.29  best_mse=97.65
2026-04-17 04:26:18 | INFO     | crowdcount.trainer:352 - [Eval] density_mae=61.35  density_mse=104.34  best_density_mae=56.54
2026-04-17 04:26:35 | INFO     | crowdcount.engine:429 - Averaged stats: lr: 0.000097  loss_sum: 0.0313 (0.0385)  losses: 0.0070 (0.0076)  den_loss: 0.0238 (0.0309)  loss_ce: 0.0026 (0.0026)  loss_points: 0.0007 (0.0006)  loss_count: 0.0025 (0.0028)  loss_consistency: 0.0014 (0.0016)  loss_ce_unscaled: 0.0026 (0.0026)  loss_points_unscaled: 3.2699 (3.2219)  loss_count_unscaled: 2.4831 (2.8154)  loss_consistency_unscaled: 1.3971 (1.5518)  den_ssim: 0.0011 (0.0011)  moe_aux_total: 0.0000 (0.0000)  moe_aux_raw: 0.0000 (0.0000)  l_balance: 0.0000 (0.0000)  l_decorr: 0.0000 (0.0000)  moe_temperature: 0.1500 (0.1500)
2026-04-17 04:26:35 | INFO     | crowdcount.trainer:289 - [ep 404][lr 0.0000969][16.46s]
2026-04-17 04:26:49 | INFO     | crowdcount.trainer:348 - [Eval] mae=98.91  mse=142.53  time=12.8s  best_mae=63.29  best_mse=97.65
2026-04-17 04:26:49 | INFO     | crowdcount.trainer:352 - [Eval] density_mae=61.40  density_mse=104.12  best_density_mae=56.54
2026-04-17 04:27:06 | INFO     | crowdcount.engine:429 - Averaged stats: lr: 0.000097  loss_sum: 0.0287 (0.0401)  losses: 0.0071 (0.0080)  den_loss: 0.0216 (0.0321)  loss_ce: 0.0025 (0.0027)  loss_points: 0.0006 (0.0006)  loss_count: 0.0021 (0.0028)  loss_consistency: 0.0020 (0.0019)  loss_ce_unscaled: 0.0025 (0.0027)  loss_points_unscaled: 3.1247 (3.1881)  loss_count_unscaled: 2.1367 (2.8166)  loss_consistency_unscaled: 1.9634 (1.8599)  den_ssim: 0.0011 (0.0011)  moe_aux_total: 0.0000 (0.0000)  moe_aux_raw: 0.0000 (0.0000)  l_balance: 0.0000 (0.0000)  l_decorr: 0.0000 (0.0000)  moe_temperature: 0.1500 (0.1500)
2026-04-17 04:27:06 | INFO     | crowdcount.trainer:289 - [ep 405][lr 0.0000969][16.51s]
2026-04-17 04:27:20 | INFO     | crowdcount.trainer:348 - [Eval] mae=81.05  mse=127.15  time=12.7s  best_mae=63.29  best_mse=97.65
2026-04-17 04:27:20 | INFO     | crowdcount.trainer:352 - [Eval] density_mae=64.35  density_mse=110.89  best_density_mae=56.54
2026-04-17 04:27:36 | INFO     | crowdcount.engine:429 - Averaged stats: lr: 0.000097  loss_sum: 0.0326 (0.0401)  losses: 0.0072 (0.0078)  den_loss: 0.0248 (0.0322)  loss_ce: 0.0027 (0.0027)  loss_points: 0.0006 (0.0006)  loss_count: 0.0027 (0.0030)  loss_consistency: 0.0014 (0.0016)  loss_ce_unscaled: 0.0027 (0.0027)  loss_points_unscaled: 3.1302 (3.1384)  loss_count_unscaled: 2.6998 (2.9551)  loss_consistency_unscaled: 1.3848 (1.5782)  den_ssim: 0.0010 (0.0011)  moe_aux_total: 0.0000 (0.0000)  moe_aux_raw: 0.0000 (0.0000)  l_balance: 0.0000 (0.0000)  l_decorr: 0.0000 (0.0000)  moe_temperature: 0.1500 (0.1500)
2026-04-17 04:27:36 | INFO     | crowdcount.trainer:289 - [ep 406][lr 0.0000969][16.13s]
2026-04-17 04:27:51 | INFO     | crowdcount.trainer:348 - [Eval] mae=94.88  mse=138.40  time=13.1s  best_mae=63.29  best_mse=97.65
2026-04-17 04:27:51 | INFO     | crowdcount.trainer:352 - [Eval] density_mae=62.66  density_mse=108.76  best_density_mae=56.54
2026-04-17 04:28:07 | INFO     | crowdcount.engine:429 - Averaged stats: lr: 0.000097  loss_sum: 0.0391 (0.0500)  losses: 0.0072 (0.0081)  den_loss: 0.0283 (0.0418)  loss_ce: 0.0028 (0.0027)  loss_points: 0.0006 (0.0006)  loss_count: 0.0026 (0.0031)  loss_consistency: 0.0015 (0.0016)  loss_ce_unscaled: 0.0028 (0.0027)  loss_points_unscaled: 3.1577 (3.1436)  loss_count_unscaled: 2.6470 (3.1089)  loss_consistency_unscaled: 1.4913 (1.6478)  den_ssim: 0.0011 (0.0011)  moe_aux_total: 0.0000 (0.0000)  moe_aux_raw: 0.0000 (0.0000)  l_balance: 0.0000 (0.0000)  l_decorr: 0.0000 (0.0000)  moe_temperature: 0.1500 (0.1500)
2026-04-17 04:28:07 | INFO     | crowdcount.trainer:289 - [ep 407][lr 0.0000969][16.15s]
2026-04-17 04:28:22 | INFO     | crowdcount.trainer:348 - [Eval] mae=91.63  mse=128.14  time=12.9s  best_mae=63.29  best_mse=97.65
2026-04-17 04:28:22 | INFO     | crowdcount.trainer:352 - [Eval] density_mae=61.04  density_mse=102.69  best_density_mae=56.54
2026-04-17 04:28:38 | INFO     | crowdcount.engine:429 - Averaged stats: lr: 0.000097  loss_sum: 0.0352 (0.0440)  losses: 0.0071 (0.0083)  den_loss: 0.0275 (0.0357)  loss_ce: 0.0024 (0.0028)  loss_points: 0.0006 (0.0006)  loss_count: 0.0025 (0.0032)  loss_consistency: 0.0016 (0.0018)  loss_ce_unscaled: 0.0024 (0.0028)  loss_points_unscaled: 3.1573 (3.1093)  loss_count_unscaled: 2.5393 (3.1567)  loss_consistency_unscaled: 1.6396 (1.7582)  den_ssim: 0.0010 (0.0011)  moe_aux_total: 0.0000 (0.0000)  moe_aux_raw: 0.0000 (0.0000)  l_balance: 0.0000 (0.0000)  l_decorr: 0.0000 (0.0000)  moe_temperature: 0.1500 (0.1500)
2026-04-17 04:28:38 | INFO     | crowdcount.trainer:289 - [ep 408][lr 0.0000969][16.35s]
2026-04-17 04:28:53 | INFO     | crowdcount.trainer:348 - [Eval] mae=104.30  mse=145.26  time=13.0s  best_mae=63.29  best_mse=97.65
2026-04-17 04:28:53 | INFO     | crowdcount.trainer:352 - [Eval] density_mae=64.51  density_mse=104.95  best_density_mae=56.54
2026-04-17 04:29:10 | INFO     | crowdcount.engine:429 - Averaged stats: lr: 0.000097  loss_sum: 0.0290 (0.0411)  losses: 0.0076 (0.0080)  den_loss: 0.0215 (0.0331)  loss_ce: 0.0024 (0.0027)  loss_points: 0.0006 (0.0006)  loss_count: 0.0026 (0.0028)  loss_consistency: 0.0017 (0.0019)  loss_ce_unscaled: 0.0024 (0.0027)  loss_points_unscaled: 3.0184 (3.1890)  loss_count_unscaled: 2.5669 (2.7750)  loss_consistency_unscaled: 1.6879 (1.9427)  den_ssim: 0.0010 (0.0011)  moe_aux_total: 0.0000 (0.0000)  moe_aux_raw: 0.0000 (0.0000)  l_balance: 0.0000 (0.0000)  l_decorr: 0.0000 (0.0000)  moe_temperature: 0.1500 (0.1500)
2026-04-17 04:29:10 | INFO     | crowdcount.trainer:289 - [ep 409][lr 0.0000968][16.41s]
2026-04-17 04:29:25 | INFO     | crowdcount.trainer:348 - [Eval] mae=93.86  mse=137.81  time=13.0s  best_mae=63.29  best_mse=97.65
2026-04-17 04:29:25 | INFO     | crowdcount.trainer:352 - [Eval] density_mae=63.29  density_mse=104.39  best_density_mae=56.54
2026-04-17 04:29:41 | INFO     | crowdcount.engine:429 - Averaged stats: lr: 0.000097  loss_sum: 0.0256 (0.0448)  losses: 0.0076 (0.0082)  den_loss: 0.0194 (0.0366)  loss_ce: 0.0025 (0.0027)  loss_points: 0.0006 (0.0006)  loss_count: 0.0028 (0.0032)  loss_consistency: 0.0014 (0.0017)  loss_ce_unscaled: 0.0025 (0.0027)  loss_points_unscaled: 3.0798 (3.1186)  loss_count_unscaled: 2.8349 (3.2187)  loss_consistency_unscaled: 1.4334 (1.6588)  den_ssim: 0.0010 (0.0011)  moe_aux_total: 0.0000 (0.0000)  moe_aux_raw: 0.0000 (0.0000)  l_balance: 0.0000 (0.0000)  l_decorr: 0.0000 (0.0000)  moe_temperature: 0.1500 (0.1500)
2026-04-17 04:29:41 | INFO     | crowdcount.trainer:289 - [ep 410][lr 0.0000968][16.44s]
2026-04-17 04:29:56 | INFO     | crowdcount.trainer:348 - [Eval] mae=107.60  mse=156.60  time=13.0s  best_mae=63.29  best_mse=97.65
2026-04-17 04:29:56 | INFO     | crowdcount.trainer:352 - [Eval] density_mae=64.19  density_mse=108.13  best_density_mae=56.54
2026-04-17 04:30:13 | INFO     | crowdcount.engine:429 - Averaged stats: lr: 0.000097  loss_sum: 0.0382 (0.0435)  losses: 0.0073 (0.0079)  den_loss: 0.0304 (0.0355)  loss_ce: 0.0026 (0.0027)  loss_points: 0.0006 (0.0006)  loss_count: 0.0026 (0.0031)  loss_consistency: 0.0013 (0.0015)  loss_ce_unscaled: 0.0026 (0.0027)  loss_points_unscaled: 3.1314 (3.1644)  loss_count_unscaled: 2.6299 (3.1273)  loss_consistency_unscaled: 1.2870 (1.5103)  den_ssim: 0.0011 (0.0011)  moe_aux_total: 0.0000 (0.0000)  moe_aux_raw: 0.0000 (0.0000)  l_balance: 0.0000 (0.0000)  l_decorr: 0.0000 (0.0000)  moe_temperature: 0.1500 (0.1500)
2026-04-17 04:30:13 | INFO     | crowdcount.trainer:289 - [ep 411][lr 0.0000968][16.69s]
2026-04-17 04:30:28 | INFO     | crowdcount.trainer:348 - [Eval] mae=101.71  mse=141.57  time=12.9s  best_mae=63.29  best_mse=97.65
2026-04-17 04:30:28 | INFO     | crowdcount.trainer:352 - [Eval] density_mae=60.58  density_mse=97.79  best_density_mae=56.54
2026-04-17 04:30:45 | INFO     | crowdcount.engine:429 - Averaged stats: lr: 0.000097  loss_sum: 0.0344 (0.0533)  losses: 0.0078 (0.0089)  den_loss: 0.0255 (0.0444)  loss_ce: 0.0026 (0.0029)  loss_points: 0.0006 (0.0006)  loss_count: 0.0031 (0.0036)  loss_consistency: 0.0015 (0.0018)  loss_ce_unscaled: 0.0026 (0.0029)  loss_points_unscaled: 3.1694 (3.1478)  loss_count_unscaled: 3.0958 (3.5908)  loss_consistency_unscaled: 1.5248 (1.7948)  den_ssim: 0.0011 (0.0011)  moe_aux_total: 0.0000 (0.0000)  moe_aux_raw: 0.0000 (0.0000)  l_balance: 0.0000 (0.0000)  l_decorr: 0.0000 (0.0000)  moe_temperature: 0.1500 (0.1500)
2026-04-17 04:30:45 | INFO     | crowdcount.trainer:289 - [ep 412][lr 0.0000968][17.26s]
2026-04-17 04:31:00 | INFO     | crowdcount.trainer:348 - [Eval] mae=113.46  mse=159.59  time=12.8s  best_mae=63.29  best_mse=97.65
2026-04-17 04:31:00 | INFO     | crowdcount.trainer:352 - [Eval] density_mae=62.91  density_mse=106.68  best_density_mae=56.54
2026-04-17 04:31:16 | INFO     | crowdcount.engine:429 - Averaged stats: lr: 0.000097  loss_sum: 0.0447 (0.0452)  losses: 0.0081 (0.0082)  den_loss: 0.0364 (0.0369)  loss_ce: 0.0029 (0.0027)  loss_points: 0.0006 (0.0006)  loss_count: 0.0032 (0.0033)  loss_consistency: 0.0014 (0.0016)  loss_ce_unscaled: 0.0029 (0.0027)  loss_points_unscaled: 3.1094 (3.2251)  loss_count_unscaled: 3.2038 (3.2981)  loss_consistency_unscaled: 1.4243 (1.5696)  den_ssim: 0.0011 (0.0011)  moe_aux_total: 0.0000 (0.0000)  moe_aux_raw: 0.0000 (0.0000)  l_balance: 0.0000 (0.0000)  l_decorr: 0.0000 (0.0000)  moe_temperature: 0.1500 (0.1500)
2026-04-17 04:31:16 | INFO     | crowdcount.trainer:289 - [ep 413][lr 0.0000968][16.48s]
2026-04-17 04:31:31 | INFO     | crowdcount.trainer:348 - [Eval] mae=98.25  mse=145.88  time=12.7s  best_mae=63.29  best_mse=97.65
2026-04-17 04:31:31 | INFO     | crowdcount.trainer:352 - [Eval] density_mae=63.06  density_mse=103.71  best_density_mae=56.54
2026-04-17 04:31:47 | INFO     | crowdcount.engine:429 - Averaged stats: lr: 0.000097  loss_sum: 0.0358 (0.0397)  losses: 0.0084 (0.0079)  den_loss: 0.0280 (0.0318)  loss_ce: 0.0030 (0.0027)  loss_points: 0.0006 (0.0006)  loss_count: 0.0030 (0.0029)  loss_consistency: 0.0015 (0.0017)  loss_ce_unscaled: 0.0030 (0.0027)  loss_points_unscaled: 3.1117 (3.1082)  loss_count_unscaled: 2.9954 (2.9365)  loss_consistency_unscaled: 1.5303 (1.7124)  den_ssim: 0.0011 (0.0011)  moe_aux_total: 0.0000 (0.0000)  moe_aux_raw: 0.0000 (0.0000)  l_balance: 0.0000 (0.0000)  l_decorr: 0.0000 (0.0000)  moe_temperature: 0.1500 (0.1500)
2026-04-17 04:31:47 | INFO     | crowdcount.trainer:289 - [ep 414][lr 0.0000968][16.07s]
2026-04-17 04:32:02 | INFO     | crowdcount.trainer:348 - [Eval] mae=89.42  mse=128.99  time=12.9s  best_mae=63.29  best_mse=97.65
2026-04-17 04:32:02 | INFO     | crowdcount.trainer:352 - [Eval] density_mae=63.76  density_mse=104.39  best_density_mae=56.54
2026-04-17 04:32:18 | INFO     | crowdcount.engine:429 - Averaged stats: lr: 0.000097  loss_sum: 0.0244 (0.0408)  losses: 0.0065 (0.0079)  den_loss: 0.0189 (0.0329)  loss_ce: 0.0022 (0.0027)  loss_points: 0.0006 (0.0006)  loss_count: 0.0024 (0.0031)  loss_consistency: 0.0012 (0.0015)  loss_ce_unscaled: 0.0022 (0.0027)  loss_points_unscaled: 3.1415 (3.1628)  loss_count_unscaled: 2.3547 (3.0825)  loss_consistency_unscaled: 1.1557 (1.4568)  den_ssim: 0.0009 (0.0011)  moe_aux_total: 0.0000 (0.0000)  moe_aux_raw: 0.0000 (0.0000)  l_balance: 0.0000 (0.0000)  l_decorr: 0.0000 (0.0000)  moe_temperature: 0.1500 (0.1500)
2026-04-17 04:32:18 | INFO     | crowdcount.trainer:289 - [ep 415][lr 0.0000967][16.61s]
2026-04-17 04:32:33 | INFO     | crowdcount.trainer:348 - [Eval] mae=90.70  mse=128.87  time=13.0s  best_mae=63.29  best_mse=97.65
2026-04-17 04:32:33 | INFO     | crowdcount.trainer:352 - [Eval] density_mae=67.74  density_mse=117.08  best_density_mae=56.54
2026-04-17 04:32:49 | INFO     | crowdcount.engine:429 - Averaged stats: lr: 0.000097  loss_sum: 0.0286 (0.0434)  losses: 0.0071 (0.0078)  den_loss: 0.0215 (0.0356)  loss_ce: 0.0025 (0.0026)  loss_points: 0.0006 (0.0006)  loss_count: 0.0023 (0.0030)  loss_consistency: 0.0014 (0.0015)  loss_ce_unscaled: 0.0025 (0.0026)  loss_points_unscaled: 3.0962 (3.1065)  loss_count_unscaled: 2.3164 (3.0181)  loss_consistency_unscaled: 1.3862 (1.4958)  den_ssim: 0.0011 (0.0011)  moe_aux_total: 0.0000 (0.0000)  moe_aux_raw: 0.0000 (0.0000)  l_balance: 0.0000 (0.0000)  l_decorr: 0.0000 (0.0000)  moe_temperature: 0.1500 (0.1500)
2026-04-17 04:32:49 | INFO     | crowdcount.trainer:289 - [ep 416][lr 0.0000967][15.98s]
2026-04-17 04:33:04 | INFO     | crowdcount.trainer:348 - [Eval] mae=88.81  mse=134.07  time=12.9s  best_mae=63.29  best_mse=97.65
2026-04-17 04:33:04 | INFO     | crowdcount.trainer:352 - [Eval] density_mae=72.61  density_mse=110.02  best_density_mae=56.54
2026-04-17 04:33:20 | INFO     | crowdcount.engine:429 - Averaged stats: lr: 0.000097  loss_sum: 0.0327 (0.0409)  losses: 0.0076 (0.0077)  den_loss: 0.0247 (0.0331)  loss_ce: 0.0027 (0.0027)  loss_points: 0.0006 (0.0006)  loss_count: 0.0028 (0.0029)  loss_consistency: 0.0016 (0.0015)  loss_ce_unscaled: 0.0027 (0.0027)  loss_points_unscaled: 3.0628 (3.1065)  loss_count_unscaled: 2.8360 (2.8627)  loss_consistency_unscaled: 1.5657 (1.5323)  den_ssim: 0.0011 (0.0011)  moe_aux_total: 0.0000 (0.0000)  moe_aux_raw: 0.0000 (0.0000)  l_balance: 0.0000 (0.0000)  l_decorr: 0.0000 (0.0000)  moe_temperature: 0.1500 (0.1500)
2026-04-17 04:33:20 | INFO     | crowdcount.trainer:289 - [ep 417][lr 0.0000967][16.18s]
2026-04-17 04:33:35 | INFO     | crowdcount.trainer:348 - [Eval] mae=91.32  mse=137.41  time=12.9s  best_mae=63.29  best_mse=97.65
2026-04-17 04:33:35 | INFO     | crowdcount.trainer:352 - [Eval] density_mae=64.26  density_mse=105.80  best_density_mae=56.54
2026-04-17 04:33:52 | INFO     | crowdcount.engine:429 - Averaged stats: lr: 0.000097  loss_sum: 0.0311 (0.0425)  losses: 0.0074 (0.0082)  den_loss: 0.0250 (0.0343)  loss_ce: 0.0026 (0.0026)  loss_points: 0.0006 (0.0006)  loss_count: 0.0029 (0.0031)  loss_consistency: 0.0017 (0.0018)  loss_ce_unscaled: 0.0026 (0.0026)  loss_points_unscaled: 3.1755 (3.1728)  loss_count_unscaled: 2.9178 (3.0636)  loss_consistency_unscaled: 1.6873 (1.8164)  den_ssim: 0.0011 (0.0011)  moe_aux_total: 0.0000 (0.0000)  moe_aux_raw: 0.0000 (0.0000)  l_balance: 0.0000 (0.0000)  l_decorr: 0.0000 (0.0000)  moe_temperature: 0.1500 (0.1500)
2026-04-17 04:33:52 | INFO     | crowdcount.trainer:289 - [ep 418][lr 0.0000967][16.61s]
2026-04-17 04:34:06 | INFO     | crowdcount.trainer:348 - [Eval] mae=105.23  mse=153.25  time=12.8s  best_mae=63.29  best_mse=97.65
2026-04-17 04:34:06 | INFO     | crowdcount.trainer:352 - [Eval] density_mae=65.48  density_mse=110.79  best_density_mae=56.54
2026-04-17 04:34:23 | INFO     | crowdcount.engine:429 - Averaged stats: lr: 0.000097  loss_sum: 0.0326 (0.0403)  losses: 0.0072 (0.0076)  den_loss: 0.0253 (0.0327)  loss_ce: 0.0028 (0.0027)  loss_points: 0.0006 (0.0006)  loss_count: 0.0025 (0.0028)  loss_consistency: 0.0013 (0.0015)  loss_ce_unscaled: 0.0028 (0.0027)  loss_points_unscaled: 3.1203 (3.1250)  loss_count_unscaled: 2.4647 (2.7622)  loss_consistency_unscaled: 1.2745 (1.4807)  den_ssim: 0.0011 (0.0011)  moe_aux_total: 0.0000 (0.0000)  moe_aux_raw: 0.0000 (0.0000)  l_balance: 0.0000 (0.0000)  l_decorr: 0.0000 (0.0000)  moe_temperature: 0.1500 (0.1500)
2026-04-17 04:34:23 | INFO     | crowdcount.trainer:289 - [ep 419][lr 0.0000967][16.77s]
2026-04-17 04:34:38 | INFO     | crowdcount.trainer:348 - [Eval] mae=113.65  mse=158.24  time=13.1s  best_mae=63.29  best_mse=97.65
2026-04-17 04:34:38 | INFO     | crowdcount.trainer:352 - [Eval] density_mae=69.03  density_mse=111.52  best_density_mae=56.54
2026-04-17 04:34:55 | INFO     | crowdcount.engine:429 - Averaged stats: lr: 0.000097  loss_sum: 0.0359 (0.0390)  losses: 0.0067 (0.0077)  den_loss: 0.0278 (0.0313)  loss_ce: 0.0024 (0.0026)  loss_points: 0.0006 (0.0006)  loss_count: 0.0025 (0.0027)  loss_consistency: 0.0013 (0.0017)  loss_ce_unscaled: 0.0024 (0.0026)  loss_points_unscaled: 3.1256 (3.1764)  loss_count_unscaled: 2.4578 (2.7196)  loss_consistency_unscaled: 1.2925 (1.7423)  den_ssim: 0.0010 (0.0011)  moe_aux_total: 0.0000 (0.0000)  moe_aux_raw: 0.0000 (0.0000)  l_balance: 0.0000 (0.0000)  l_decorr: 0.0000 (0.0000)  moe_temperature: 0.1500 (0.1500)
2026-04-17 04:34:55 | INFO     | crowdcount.trainer:289 - [ep 420][lr 0.0000967][16.96s]
2026-04-17 04:35:10 | INFO     | crowdcount.trainer:348 - [Eval] mae=94.63  mse=133.45  time=13.6s  best_mae=63.29  best_mse=97.65
2026-04-17 04:35:10 | INFO     | crowdcount.trainer:352 - [Eval] density_mae=63.46  density_mse=100.97  best_density_mae=56.54
2026-04-17 04:35:28 | INFO     | crowdcount.engine:429 - Averaged stats: lr: 0.000097  loss_sum: 0.0447 (0.0461)  losses: 0.0082 (0.0082)  den_loss: 0.0364 (0.0379)  loss_ce: 0.0029 (0.0027)  loss_points: 0.0006 (0.0006)  loss_count: 0.0031 (0.0032)  loss_consistency: 0.0017 (0.0017)  loss_ce_unscaled: 0.0029 (0.0027)  loss_points_unscaled: 3.1264 (3.1766)  loss_count_unscaled: 3.1295 (3.1648)  loss_consistency_unscaled: 1.7087 (1.7405)  den_ssim: 0.0011 (0.0011)  moe_aux_total: 0.0000 (0.0000)  moe_aux_raw: 0.0000 (0.0000)  l_balance: 0.0000 (0.0000)  l_decorr: 0.0000 (0.0000)  moe_temperature: 0.1500 (0.1500)
2026-04-17 04:35:28 | INFO     | crowdcount.trainer:289 - [ep 421][lr 0.0000967][17.82s]
2026-04-17 04:35:43 | INFO     | crowdcount.trainer:348 - [Eval] mae=102.86  mse=145.76  time=12.9s  best_mae=63.29  best_mse=97.65
2026-04-17 04:35:43 | INFO     | crowdcount.trainer:352 - [Eval] density_mae=72.70  density_mse=119.72  best_density_mae=56.54
2026-04-17 04:35:59 | INFO     | crowdcount.engine:429 - Averaged stats: lr: 0.000097  loss_sum: 0.0270 (0.0398)  losses: 0.0069 (0.0079)  den_loss: 0.0200 (0.0319)  loss_ce: 0.0021 (0.0027)  loss_points: 0.0006 (0.0006)  loss_count: 0.0026 (0.0030)  loss_consistency: 0.0014 (0.0016)  loss_ce_unscaled: 0.0021 (0.0027)  loss_points_unscaled: 3.1390 (3.1468)  loss_count_unscaled: 2.6081 (3.0347)  loss_consistency_unscaled: 1.3588 (1.5868)  den_ssim: 0.0011 (0.0011)  moe_aux_total: 0.0000 (0.0000)  moe_aux_raw: 0.0000 (0.0000)  l_balance: 0.0000 (0.0000)  l_decorr: 0.0000 (0.0000)  moe_temperature: 0.1500 (0.1500)
2026-04-17 04:35:59 | INFO     | crowdcount.trainer:289 - [ep 422][lr 0.0000966][16.72s]
2026-04-17 04:36:14 | INFO     | crowdcount.trainer:348 - [Eval] mae=119.98  mse=162.98  time=12.9s  best_mae=63.29  best_mse=97.65
2026-04-17 04:36:14 | INFO     | crowdcount.trainer:352 - [Eval] density_mae=65.25  density_mse=102.94  best_density_mae=56.54
2026-04-17 04:36:31 | INFO     | crowdcount.engine:429 - Averaged stats: lr: 0.000097  loss_sum: 0.0347 (0.0457)  losses: 0.0079 (0.0082)  den_loss: 0.0268 (0.0375)  loss_ce: 0.0028 (0.0029)  loss_points: 0.0006 (0.0006)  loss_count: 0.0033 (0.0032)  loss_consistency: 0.0012 (0.0015)  loss_ce_unscaled: 0.0028 (0.0029)  loss_points_unscaled: 3.1279 (3.1047)  loss_count_unscaled: 3.2600 (3.1736)  loss_consistency_unscaled: 1.2482 (1.4732)  den_ssim: 0.0011 (0.0011)  moe_aux_total: 0.0000 (0.0000)  moe_aux_raw: 0.0000 (0.0000)  l_balance: 0.0000 (0.0000)  l_decorr: 0.0000 (0.0000)  moe_temperature: 0.1500 (0.1500)
2026-04-17 04:36:31 | INFO     | crowdcount.trainer:289 - [ep 423][lr 0.0000966][16.80s]
2026-04-17 04:36:46 | INFO     | crowdcount.trainer:348 - [Eval] mae=101.74  mse=148.04  time=13.0s  best_mae=63.29  best_mse=97.65
2026-04-17 04:36:46 | INFO     | crowdcount.trainer:352 - [Eval] density_mae=62.02  density_mse=111.62  best_density_mae=56.54
2026-04-17 04:37:02 | INFO     | crowdcount.engine:429 - Averaged stats: lr: 0.000097  loss_sum: 0.0291 (0.0426)  losses: 0.0073 (0.0077)  den_loss: 0.0225 (0.0350)  loss_ce: 0.0026 (0.0027)  loss_points: 0.0006 (0.0006)  loss_count: 0.0026 (0.0028)  loss_consistency: 0.0014 (0.0016)  loss_ce_unscaled: 0.0026 (0.0027)  loss_points_unscaled: 3.1624 (3.0967)  loss_count_unscaled: 2.6215 (2.7810)  loss_consistency_unscaled: 1.4216 (1.6067)  den_ssim: 0.0011 (0.0011)  moe_aux_total: 0.0000 (0.0000)  moe_aux_raw: 0.0000 (0.0000)  l_balance: 0.0000 (0.0000)  l_decorr: 0.0000 (0.0000)  moe_temperature: 0.1500 (0.1500)
2026-04-17 04:37:02 | INFO     | crowdcount.trainer:289 - [ep 424][lr 0.0000966][16.85s]
2026-04-17 04:37:17 | INFO     | crowdcount.trainer:348 - [Eval] mae=82.34  mse=120.34  time=12.9s  best_mae=63.29  best_mse=97.65
2026-04-17 04:37:17 | INFO     | crowdcount.trainer:352 - [Eval] density_mae=65.10  density_mse=109.92  best_density_mae=56.54
2026-04-17 04:37:34 | INFO     | crowdcount.engine:429 - Averaged stats: lr: 0.000097  loss_sum: 0.0379 (0.0431)  losses: 0.0080 (0.0081)  den_loss: 0.0297 (0.0350)  loss_ce: 0.0030 (0.0027)  loss_points: 0.0006 (0.0006)  loss_count: 0.0028 (0.0031)  loss_consistency: 0.0014 (0.0017)  loss_ce_unscaled: 0.0030 (0.0027)  loss_points_unscaled: 3.1056 (3.1509)  loss_count_unscaled: 2.8496 (3.1182)  loss_consistency_unscaled: 1.3526 (1.6788)  den_ssim: 0.0011 (0.0011)  moe_aux_total: 0.0000 (0.0000)  moe_aux_raw: 0.0000 (0.0000)  l_balance: 0.0000 (0.0000)  l_decorr: 0.0000 (0.0000)  moe_temperature: 0.1500 (0.1500)
2026-04-17 04:37:34 | INFO     | crowdcount.trainer:289 - [ep 425][lr 0.0000966][16.38s]
2026-04-17 04:37:49 | INFO     | crowdcount.trainer:348 - [Eval] mae=122.84  mse=169.59  time=13.2s  best_mae=63.29  best_mse=97.65
2026-04-17 04:37:49 | INFO     | crowdcount.trainer:352 - [Eval] density_mae=62.81  density_mse=106.98  best_density_mae=56.54
2026-04-17 04:38:06 | INFO     | crowdcount.engine:429 - Averaged stats: lr: 0.000097  loss_sum: 0.0336 (0.0458)  losses: 0.0072 (0.0082)  den_loss: 0.0253 (0.0376)  loss_ce: 0.0025 (0.0028)  loss_points: 0.0006 (0.0006)  loss_count: 0.0027 (0.0029)  loss_consistency: 0.0015 (0.0017)  loss_ce_unscaled: 0.0025 (0.0028)  loss_points_unscaled: 3.1742 (3.1576)  loss_count_unscaled: 2.6563 (2.9398)  loss_consistency_unscaled: 1.4711 (1.7353)  den_ssim: 0.0011 (0.0011)  moe_aux_total: 0.0000 (0.0000)  moe_aux_raw: 0.0000 (0.0000)  l_balance: 0.0000 (0.0000)  l_decorr: 0.0000 (0.0000)  moe_temperature: 0.1500 (0.1500)
2026-04-17 04:38:06 | INFO     | crowdcount.trainer:289 - [ep 426][lr 0.0000966][17.47s]
2026-04-17 04:38:21 | INFO     | crowdcount.trainer:348 - [Eval] mae=80.79  mse=122.54  time=13.0s  best_mae=63.29  best_mse=97.65
2026-04-17 04:38:21 | INFO     | crowdcount.trainer:352 - [Eval] density_mae=66.21  density_mse=105.80  best_density_mae=56.54
2026-04-17 04:38:38 | INFO     | crowdcount.engine:429 - Averaged stats: lr: 0.000097  loss_sum: 0.0373 (0.0387)  losses: 0.0080 (0.0079)  den_loss: 0.0293 (0.0308)  loss_ce: 0.0026 (0.0026)  loss_points: 0.0006 (0.0006)  loss_count: 0.0026 (0.0029)  loss_consistency: 0.0015 (0.0017)  loss_ce_unscaled: 0.0026 (0.0026)  loss_points_unscaled: 3.2356 (3.1812)  loss_count_unscaled: 2.6454 (2.9201)  loss_consistency_unscaled: 1.5050 (1.6985)  den_ssim: 0.0011 (0.0011)  moe_aux_total: 0.0000 (0.0000)  moe_aux_raw: 0.0000 (0.0000)  l_balance: 0.0000 (0.0000)  l_decorr: 0.0000 (0.0000)  moe_temperature: 0.1500 (0.1500)
2026-04-17 04:38:38 | INFO     | crowdcount.trainer:289 - [ep 427][lr 0.0000966][16.61s]
2026-04-17 04:38:52 | INFO     | crowdcount.trainer:348 - [Eval] mae=111.81  mse=162.93  time=12.6s  best_mae=63.29  best_mse=97.65
2026-04-17 04:38:52 | INFO     | crowdcount.trainer:352 - [Eval] density_mae=61.51  density_mse=104.35  best_density_mae=56.54
2026-04-17 04:39:09 | INFO     | crowdcount.engine:429 - Averaged stats: lr: 0.000097  loss_sum: 0.0402 (0.0447)  losses: 0.0075 (0.0081)  den_loss: 0.0324 (0.0367)  loss_ce: 0.0024 (0.0026)  loss_points: 0.0006 (0.0006)  loss_count: 0.0025 (0.0031)  loss_consistency: 0.0016 (0.0017)  loss_ce_unscaled: 0.0024 (0.0026)  loss_points_unscaled: 3.1583 (3.1225)  loss_count_unscaled: 2.5498 (3.1070)  loss_consistency_unscaled: 1.5830 (1.6771)  den_ssim: 0.0010 (0.0011)  moe_aux_total: 0.0000 (0.0000)  moe_aux_raw: 0.0000 (0.0000)  l_balance: 0.0000 (0.0000)  l_decorr: 0.0000 (0.0000)  moe_temperature: 0.1500 (0.1500)
2026-04-17 04:39:09 | INFO     | crowdcount.trainer:289 - [ep 428][lr 0.0000965][16.19s]
2026-04-17 04:39:23 | INFO     | crowdcount.trainer:348 - [Eval] mae=135.05  mse=177.40  time=12.9s  best_mae=63.29  best_mse=97.65
2026-04-17 04:39:23 | INFO     | crowdcount.trainer:352 - [Eval] density_mae=78.45  density_mse=116.49  best_density_mae=56.54
2026-04-17 04:39:40 | INFO     | crowdcount.engine:429 - Averaged stats: lr: 0.000097  loss_sum: 0.0316 (0.0441)  losses: 0.0076 (0.0080)  den_loss: 0.0252 (0.0361)  loss_ce: 0.0025 (0.0028)  loss_points: 0.0006 (0.0006)  loss_count: 0.0029 (0.0030)  loss_consistency: 0.0015 (0.0016)  loss_ce_unscaled: 0.0025 (0.0028)  loss_points_unscaled: 3.1707 (3.1107)  loss_count_unscaled: 2.8749 (2.9823)  loss_consistency_unscaled: 1.4610 (1.5700)  den_ssim: 0.0011 (0.0011)  moe_aux_total: 0.0000 (0.0000)  moe_aux_raw: 0.0000 (0.0000)  l_balance: 0.0000 (0.0000)  l_decorr: 0.0000 (0.0000)  moe_temperature: 0.1500 (0.1500)
2026-04-17 04:39:40 | INFO     | crowdcount.trainer:289 - [ep 429][lr 0.0000965][16.25s]
2026-04-17 04:39:54 | INFO     | crowdcount.trainer:348 - [Eval] mae=82.09  mse=129.46  time=12.6s  best_mae=63.29  best_mse=97.65
2026-04-17 04:39:54 | INFO     | crowdcount.trainer:352 - [Eval] density_mae=65.11  density_mse=113.16  best_density_mae=56.54
2026-04-17 04:40:10 | INFO     | crowdcount.engine:429 - Averaged stats: lr: 0.000097  loss_sum: 0.0374 (0.0438)  losses: 0.0074 (0.0079)  den_loss: 0.0294 (0.0359)  loss_ce: 0.0025 (0.0027)  loss_points: 0.0006 (0.0006)  loss_count: 0.0028 (0.0031)  loss_consistency: 0.0015 (0.0015)  loss_ce_unscaled: 0.0025 (0.0027)  loss_points_unscaled: 3.1848 (3.1235)  loss_count_unscaled: 2.8483 (3.0511)  loss_consistency_unscaled: 1.5185 (1.5070)  den_ssim: 0.0010 (0.0011)  moe_aux_total: 0.0000 (0.0000)  moe_aux_raw: 0.0000 (0.0000)  l_balance: 0.0000 (0.0000)  l_decorr: 0.0000 (0.0000)  moe_temperature: 0.1500 (0.1500)
2026-04-17 04:40:10 | INFO     | crowdcount.trainer:289 - [ep 430][lr 0.0000965][16.15s]
2026-04-17 04:40:25 | INFO     | crowdcount.trainer:348 - [Eval] mae=105.53  mse=147.07  time=13.1s  best_mae=63.29  best_mse=97.65
2026-04-17 04:40:25 | INFO     | crowdcount.trainer:352 - [Eval] density_mae=65.07  density_mse=106.42  best_density_mae=56.54
2026-04-17 04:40:41 | INFO     | crowdcount.engine:429 - Averaged stats: lr: 0.000096  loss_sum: 0.0326 (0.0415)  losses: 0.0075 (0.0079)  den_loss: 0.0251 (0.0335)  loss_ce: 0.0024 (0.0026)  loss_points: 0.0006 (0.0006)  loss_count: 0.0028 (0.0030)  loss_consistency: 0.0015 (0.0017)  loss_ce_unscaled: 0.0024 (0.0026)  loss_points_unscaled: 3.1548 (3.2060)  loss_count_unscaled: 2.7710 (2.9687)  loss_consistency_unscaled: 1.5250 (1.7351)  den_ssim: 0.0010 (0.0011)  moe_aux_total: 0.0000 (0.0000)  moe_aux_raw: 0.0000 (0.0000)  l_balance: 0.0000 (0.0000)  l_decorr: 0.0000 (0.0000)  moe_temperature: 0.1500 (0.1500)
2026-04-17 04:40:41 | INFO     | crowdcount.trainer:289 - [ep 431][lr 0.0000965][16.09s]
2026-04-17 04:40:56 | INFO     | crowdcount.trainer:348 - [Eval] mae=92.09  mse=136.49  time=12.7s  best_mae=63.29  best_mse=97.65
2026-04-17 04:40:56 | INFO     | crowdcount.trainer:352 - [Eval] density_mae=63.45  density_mse=109.12  best_density_mae=56.54
2026-04-17 04:41:12 | INFO     | crowdcount.engine:429 - Averaged stats: lr: 0.000096  loss_sum: 0.0247 (0.0402)  losses: 0.0072 (0.0081)  den_loss: 0.0164 (0.0320)  loss_ce: 0.0024 (0.0026)  loss_points: 0.0006 (0.0006)  loss_count: 0.0023 (0.0029)  loss_consistency: 0.0019 (0.0020)  loss_ce_unscaled: 0.0024 (0.0026)  loss_points_unscaled: 3.1501 (3.1868)  loss_count_unscaled: 2.3315 (2.9199)  loss_consistency_unscaled: 1.8514 (1.9557)  den_ssim: 0.0010 (0.0011)  moe_aux_total: 0.0000 (0.0000)  moe_aux_raw: 0.0000 (0.0000)  l_balance: 0.0000 (0.0000)  l_decorr: 0.0000 (0.0000)  moe_temperature: 0.1500 (0.1500)
2026-04-17 04:41:12 | INFO     | crowdcount.trainer:289 - [ep 432][lr 0.0000965][16.49s]
2026-04-17 04:41:27 | INFO     | crowdcount.trainer:348 - [Eval] mae=107.62  mse=155.74  time=12.9s  best_mae=63.29  best_mse=97.65
2026-04-17 04:41:27 | INFO     | crowdcount.trainer:352 - [Eval] density_mae=70.45  density_mse=113.06  best_density_mae=56.54
2026-04-17 04:41:44 | INFO     | crowdcount.engine:429 - Averaged stats: lr: 0.000096  loss_sum: 0.0325 (0.0465)  losses: 0.0071 (0.0078)  den_loss: 0.0255 (0.0387)  loss_ce: 0.0024 (0.0027)  loss_points: 0.0006 (0.0006)  loss_count: 0.0026 (0.0029)  loss_consistency: 0.0013 (0.0016)  loss_ce_unscaled: 0.0024 (0.0027)  loss_points_unscaled: 3.1627 (3.1468)  loss_count_unscaled: 2.5891 (2.8962)  loss_consistency_unscaled: 1.3455 (1.5998)  den_ssim: 0.0010 (0.0011)  moe_aux_total: 0.0000 (0.0000)  moe_aux_raw: 0.0000 (0.0000)  l_balance: 0.0000 (0.0000)  l_decorr: 0.0000 (0.0000)  moe_temperature: 0.1500 (0.1500)
2026-04-17 04:41:44 | INFO     | crowdcount.trainer:289 - [ep 433][lr 0.0000965][16.61s]
2026-04-17 04:41:58 | INFO     | crowdcount.trainer:348 - [Eval] mae=116.38  mse=160.80  time=12.5s  best_mae=63.29  best_mse=97.65
2026-04-17 04:41:58 | INFO     | crowdcount.trainer:352 - [Eval] density_mae=68.02  density_mse=111.90  best_density_mae=56.54
2026-04-17 04:42:15 | INFO     | crowdcount.engine:429 - Averaged stats: lr: 0.000096  loss_sum: 0.0278 (0.0435)  losses: 0.0070 (0.0082)  den_loss: 0.0220 (0.0353)  loss_ce: 0.0022 (0.0027)  loss_points: 0.0007 (0.0006)  loss_count: 0.0026 (0.0031)  loss_consistency: 0.0016 (0.0018)  loss_ce_unscaled: 0.0022 (0.0027)  loss_points_unscaled: 3.3183 (3.1736)  loss_count_unscaled: 2.6392 (3.0793)  loss_consistency_unscaled: 1.5881 (1.8330)  den_ssim: 0.0011 (0.0011)  moe_aux_total: 0.0000 (0.0000)  moe_aux_raw: 0.0000 (0.0000)  l_balance: 0.0000 (0.0000)  l_decorr: 0.0000 (0.0000)  moe_temperature: 0.1500 (0.1500)
2026-04-17 04:42:15 | INFO     | crowdcount.trainer:289 - [ep 434][lr 0.0000964][16.64s]
2026-04-17 04:42:30 | INFO     | crowdcount.trainer:348 - [Eval] mae=100.64  mse=141.30  time=12.9s  best_mae=63.29  best_mse=97.65
2026-04-17 04:42:30 | INFO     | crowdcount.trainer:352 - [Eval] density_mae=57.19  density_mse=95.68  best_density_mae=56.54
2026-04-17 04:42:46 | INFO     | crowdcount.engine:429 - Averaged stats: lr: 0.000096  loss_sum: 0.0343 (0.0458)  losses: 0.0071 (0.0084)  den_loss: 0.0276 (0.0373)  loss_ce: 0.0027 (0.0028)  loss_points: 0.0007 (0.0006)  loss_count: 0.0025 (0.0033)  loss_consistency: 0.0016 (0.0016)  loss_ce_unscaled: 0.0027 (0.0028)  loss_points_unscaled: 3.2510 (3.1491)  loss_count_unscaled: 2.5121 (3.3463)  loss_consistency_unscaled: 1.6143 (1.6416)  den_ssim: 0.0011 (0.0011)  moe_aux_total: 0.0000 (0.0000)  moe_aux_raw: 0.0000 (0.0000)  l_balance: 0.0000 (0.0000)  l_decorr: 0.0000 (0.0000)  moe_temperature: 0.1500 (0.1500)
2026-04-17 04:42:46 | INFO     | crowdcount.trainer:289 - [ep 435][lr 0.0000964][16.46s]
2026-04-17 04:43:01 | INFO     | crowdcount.trainer:348 - [Eval] mae=88.23  mse=127.00  time=12.7s  best_mae=63.29  best_mse=97.65
2026-04-17 04:43:01 | INFO     | crowdcount.trainer:352 - [Eval] density_mae=57.65  density_mse=98.89  best_density_mae=56.54
2026-04-17 04:43:17 | INFO     | crowdcount.engine:429 - Averaged stats: lr: 0.000096  loss_sum: 0.0250 (0.0435)  losses: 0.0067 (0.0075)  den_loss: 0.0175 (0.0360)  loss_ce: 0.0023 (0.0027)  loss_points: 0.0006 (0.0006)  loss_count: 0.0023 (0.0027)  loss_consistency: 0.0013 (0.0015)  loss_ce_unscaled: 0.0023 (0.0027)  loss_points_unscaled: 3.1895 (3.1606)  loss_count_unscaled: 2.2930 (2.7403)  loss_consistency_unscaled: 1.3344 (1.4684)  den_ssim: 0.0010 (0.0011)  moe_aux_total: 0.0000 (0.0000)  moe_aux_raw: 0.0000 (0.0000)  l_balance: 0.0000 (0.0000)  l_decorr: 0.0000 (0.0000)  moe_temperature: 0.1500 (0.1500)
2026-04-17 04:43:17 | INFO     | crowdcount.trainer:289 - [ep 436][lr 0.0000964][16.15s]
2026-04-17 04:43:32 | INFO     | crowdcount.trainer:348 - [Eval] mae=106.55  mse=145.89  time=13.0s  best_mae=63.29  best_mse=97.65
2026-04-17 04:43:32 | INFO     | crowdcount.trainer:352 - [Eval] density_mae=66.22  density_mse=102.77  best_density_mae=56.54
2026-04-17 04:43:48 | INFO     | crowdcount.engine:429 - Averaged stats: lr: 0.000096  loss_sum: 0.0313 (0.0422)  losses: 0.0070 (0.0079)  den_loss: 0.0242 (0.0343)  loss_ce: 0.0024 (0.0027)  loss_points: 0.0006 (0.0006)  loss_count: 0.0024 (0.0030)  loss_consistency: 0.0016 (0.0016)  loss_ce_unscaled: 0.0024 (0.0027)  loss_points_unscaled: 3.1422 (3.1299)  loss_count_unscaled: 2.3890 (2.9990)  loss_consistency_unscaled: 1.5725 (1.5853)  den_ssim: 0.0011 (0.0011)  moe_aux_total: 0.0000 (0.0000)  moe_aux_raw: 0.0000 (0.0000)  l_balance: 0.0000 (0.0000)  l_decorr: 0.0000 (0.0000)  moe_temperature: 0.1500 (0.1500)
2026-04-17 04:43:48 | INFO     | crowdcount.trainer:289 - [ep 437][lr 0.0000964][16.63s]
2026-04-17 04:44:03 | INFO     | crowdcount.trainer:348 - [Eval] mae=72.37  mse=110.70  time=13.2s  best_mae=63.29  best_mse=97.65
2026-04-17 04:44:03 | INFO     | crowdcount.trainer:352 - [Eval] density_mae=69.72  density_mse=116.00  best_density_mae=56.54
2026-04-17 04:44:19 | INFO     | crowdcount.engine:429 - Averaged stats: lr: 0.000096  loss_sum: 0.0284 (0.0396)  losses: 0.0071 (0.0077)  den_loss: 0.0201 (0.0319)  loss_ce: 0.0024 (0.0026)  loss_points: 0.0006 (0.0006)  loss_count: 0.0026 (0.0029)  loss_consistency: 0.0015 (0.0016)  loss_ce_unscaled: 0.0024 (0.0026)  loss_points_unscaled: 3.1965 (3.1567)  loss_count_unscaled: 2.5615 (2.9400)  loss_consistency_unscaled: 1.5492 (1.5987)  den_ssim: 0.0010 (0.0011)  moe_aux_total: 0.0000 (0.0000)  moe_aux_raw: 0.0000 (0.0000)  l_balance: 0.0000 (0.0000)  l_decorr: 0.0000 (0.0000)  moe_temperature: 0.1500 (0.1500)
2026-04-17 04:44:19 | INFO     | crowdcount.trainer:289 - [ep 438][lr 0.0000964][16.25s]
2026-04-17 04:44:34 | INFO     | crowdcount.trainer:348 - [Eval] mae=104.13  mse=151.74  time=12.8s  best_mae=63.29  best_mse=97.65
2026-04-17 04:44:34 | INFO     | crowdcount.trainer:352 - [Eval] density_mae=66.33  density_mse=110.39  best_density_mae=56.54
2026-04-17 04:44:51 | INFO     | crowdcount.engine:429 - Averaged stats: lr: 0.000096  loss_sum: 0.0337 (0.0515)  losses: 0.0076 (0.0085)  den_loss: 0.0264 (0.0430)  loss_ce: 0.0026 (0.0028)  loss_points: 0.0006 (0.0006)  loss_count: 0.0026 (0.0032)  loss_consistency: 0.0018 (0.0018)  loss_ce_unscaled: 0.0026 (0.0028)  loss_points_unscaled: 3.1468 (3.1662)  loss_count_unscaled: 2.5907 (3.1815)  loss_consistency_unscaled: 1.8424 (1.8374)  den_ssim: 0.0011 (0.0011)  moe_aux_total: 0.0000 (0.0000)  moe_aux_raw: 0.0000 (0.0000)  l_balance: 0.0000 (0.0000)  l_decorr: 0.0000 (0.0000)  moe_temperature: 0.1500 (0.1500)
2026-04-17 04:44:51 | INFO     | crowdcount.trainer:289 - [ep 439][lr 0.0000964][16.72s]
2026-04-17 04:45:06 | INFO     | crowdcount.trainer:348 - [Eval] mae=94.99  mse=143.30  time=12.8s  best_mae=63.29  best_mse=97.65
2026-04-17 04:45:06 | INFO     | crowdcount.trainer:352 - [Eval] density_mae=66.40  density_mse=115.73  best_density_mae=56.54
2026-04-17 04:45:23 | INFO     | crowdcount.engine:429 - Averaged stats: lr: 0.000096  loss_sum: 0.0348 (0.0387)  losses: 0.0078 (0.0080)  den_loss: 0.0270 (0.0307)  loss_ce: 0.0027 (0.0027)  loss_points: 0.0006 (0.0006)  loss_count: 0.0027 (0.0029)  loss_consistency: 0.0017 (0.0017)  loss_ce_unscaled: 0.0027 (0.0027)  loss_points_unscaled: 3.2461 (3.1840)  loss_count_unscaled: 2.7048 (2.9280)  loss_consistency_unscaled: 1.6638 (1.7440)  den_ssim: 0.0011 (0.0011)  moe_aux_total: 0.0000 (0.0000)  moe_aux_raw: 0.0000 (0.0000)  l_balance: 0.0000 (0.0000)  l_decorr: 0.0000 (0.0000)  moe_temperature: 0.1500 (0.1500)
2026-04-17 04:45:23 | INFO     | crowdcount.trainer:289 - [ep 440][lr 0.0000963][16.86s]
2026-04-17 04:45:38 | INFO     | crowdcount.trainer:348 - [Eval] mae=90.31  mse=138.44  time=13.1s  best_mae=63.29  best_mse=97.65
2026-04-17 04:45:38 | INFO     | crowdcount.trainer:352 - [Eval] density_mae=67.14  density_mse=112.86  best_density_mae=56.54
2026-04-17 04:45:54 | INFO     | crowdcount.engine:429 - Averaged stats: lr: 0.000096  loss_sum: 0.0317 (0.0437)  losses: 0.0067 (0.0077)  den_loss: 0.0253 (0.0360)  loss_ce: 0.0023 (0.0026)  loss_points: 0.0006 (0.0006)  loss_count: 0.0025 (0.0029)  loss_consistency: 0.0014 (0.0015)  loss_ce_unscaled: 0.0023 (0.0026)  loss_points_unscaled: 3.1065 (3.1470)  loss_count_unscaled: 2.4849 (2.9336)  loss_consistency_unscaled: 1.4310 (1.5150)  den_ssim: 0.0010 (0.0011)  moe_aux_total: 0.0000 (0.0000)  moe_aux_raw: 0.0000 (0.0000)  l_balance: 0.0000 (0.0000)  l_decorr: 0.0000 (0.0000)  moe_temperature: 0.1500 (0.1500)
2026-04-17 04:45:54 | INFO     | crowdcount.trainer:289 - [ep 441][lr 0.0000963][16.14s]
2026-04-17 04:46:08 | INFO     | crowdcount.trainer:348 - [Eval] mae=105.75  mse=154.19  time=12.9s  best_mae=63.29  best_mse=97.65
2026-04-17 04:46:08 | INFO     | crowdcount.trainer:352 - [Eval] density_mae=69.56  density_mse=113.32  best_density_mae=56.54
2026-04-17 04:46:25 | INFO     | crowdcount.engine:429 - Averaged stats: lr: 0.000096  loss_sum: 0.0308 (0.0401)  losses: 0.0068 (0.0074)  den_loss: 0.0233 (0.0327)  loss_ce: 0.0022 (0.0026)  loss_points: 0.0006 (0.0006)  loss_count: 0.0026 (0.0028)  loss_consistency: 0.0013 (0.0014)  loss_ce_unscaled: 0.0022 (0.0026)  loss_points_unscaled: 3.0924 (3.1964)  loss_count_unscaled: 2.5983 (2.7737)  loss_consistency_unscaled: 1.2813 (1.4172)  den_ssim: 0.0011 (0.0011)  moe_aux_total: 0.0000 (0.0000)  moe_aux_raw: 0.0000 (0.0000)  l_balance: 0.0000 (0.0000)  l_decorr: 0.0000 (0.0000)  moe_temperature: 0.1500 (0.1500)
2026-04-17 04:46:25 | INFO     | crowdcount.trainer:289 - [ep 442][lr 0.0000963][16.65s]
2026-04-17 04:46:41 | INFO     | crowdcount.trainer:348 - [Eval] mae=91.79  mse=127.04  time=13.5s  best_mae=63.29  best_mse=97.65
2026-04-17 04:46:41 | INFO     | crowdcount.trainer:352 - [Eval] density_mae=61.82  density_mse=98.01  best_density_mae=56.54
2026-04-17 04:46:57 | INFO     | crowdcount.engine:429 - Averaged stats: lr: 0.000096  loss_sum: 0.0271 (0.0431)  losses: 0.0072 (0.0077)  den_loss: 0.0216 (0.0353)  loss_ce: 0.0025 (0.0027)  loss_points: 0.0006 (0.0006)  loss_count: 0.0028 (0.0030)  loss_consistency: 0.0014 (0.0015)  loss_ce_unscaled: 0.0025 (0.0027)  loss_points_unscaled: 3.1460 (3.1499)  loss_count_unscaled: 2.8025 (2.9620)  loss_consistency_unscaled: 1.3739 (1.4761)  den_ssim: 0.0011 (0.0011)  moe_aux_total: 0.0000 (0.0000)  moe_aux_raw: 0.0000 (0.0000)  l_balance: 0.0000 (0.0000)  l_decorr: 0.0000 (0.0000)  moe_temperature: 0.1500 (0.1500)
2026-04-17 04:46:57 | INFO     | crowdcount.trainer:289 - [ep 443][lr 0.0000963][16.71s]
2026-04-17 04:47:12 | INFO     | crowdcount.trainer:348 - [Eval] mae=91.71  mse=130.92  time=12.8s  best_mae=63.29  best_mse=97.65
2026-04-17 04:47:12 | INFO     | crowdcount.trainer:352 - [Eval] density_mae=60.82  density_mse=98.95  best_density_mae=56.54
2026-04-17 04:47:29 | INFO     | crowdcount.engine:429 - Averaged stats: lr: 0.000096  loss_sum: 0.0312 (0.0423)  losses: 0.0071 (0.0079)  den_loss: 0.0239 (0.0343)  loss_ce: 0.0024 (0.0026)  loss_points: 0.0007 (0.0006)  loss_count: 0.0025 (0.0028)  loss_consistency: 0.0015 (0.0018)  loss_ce_unscaled: 0.0024 (0.0026)  loss_points_unscaled: 3.2842 (3.2145)  loss_count_unscaled: 2.4598 (2.8441)  loss_consistency_unscaled: 1.5216 (1.8204)  den_ssim: 0.0010 (0.0011)  moe_aux_total: 0.0000 (0.0000)  moe_aux_raw: 0.0000 (0.0000)  l_balance: 0.0000 (0.0000)  l_decorr: 0.0000 (0.0000)  moe_temperature: 0.1500 (0.1500)
2026-04-17 04:47:29 | INFO     | crowdcount.trainer:289 - [ep 444][lr 0.0000963][16.48s]
2026-04-17 04:47:44 | INFO     | crowdcount.trainer:348 - [Eval] mae=108.47  mse=151.65  time=13.1s  best_mae=63.29  best_mse=97.65
2026-04-17 04:47:44 | INFO     | crowdcount.trainer:352 - [Eval] density_mae=62.05  density_mse=101.80  best_density_mae=56.54
2026-04-17 04:48:00 | INFO     | crowdcount.engine:429 - Averaged stats: lr: 0.000096  loss_sum: 0.0301 (0.0424)  losses: 0.0069 (0.0079)  den_loss: 0.0231 (0.0345)  loss_ce: 0.0023 (0.0026)  loss_points: 0.0006 (0.0006)  loss_count: 0.0023 (0.0029)  loss_consistency: 0.0014 (0.0018)  loss_ce_unscaled: 0.0023 (0.0026)  loss_points_unscaled: 3.2388 (3.1986)  loss_count_unscaled: 2.2593 (2.9242)  loss_consistency_unscaled: 1.4285 (1.7624)  den_ssim: 0.0011 (0.0011)  moe_aux_total: 0.0000 (0.0000)  moe_aux_raw: 0.0000 (0.0000)  l_balance: 0.0000 (0.0000)  l_decorr: 0.0000 (0.0000)  moe_temperature: 0.1500 (0.1500)
2026-04-17 04:48:00 | INFO     | crowdcount.trainer:289 - [ep 445][lr 0.0000963][16.63s]
2026-04-17 04:48:16 | INFO     | crowdcount.trainer:348 - [Eval] mae=93.13  mse=133.67  time=13.0s  best_mae=63.29  best_mse=97.65
2026-04-17 04:48:16 | INFO     | crowdcount.trainer:352 - [Eval] density_mae=67.01  density_mse=103.31  best_density_mae=56.54
2026-04-17 04:48:32 | INFO     | crowdcount.engine:429 - Averaged stats: lr: 0.000096  loss_sum: 0.0421 (0.0412)  losses: 0.0079 (0.0080)  den_loss: 0.0337 (0.0332)  loss_ce: 0.0027 (0.0026)  loss_points: 0.0006 (0.0006)  loss_count: 0.0025 (0.0030)  loss_consistency: 0.0017 (0.0018)  loss_ce_unscaled: 0.0027 (0.0026)  loss_points_unscaled: 3.2360 (3.2118)  loss_count_unscaled: 2.4865 (2.9707)  loss_consistency_unscaled: 1.7477 (1.7937)  den_ssim: 0.0011 (0.0010)  moe_aux_total: 0.0000 (0.0000)  moe_aux_raw: 0.0000 (0.0000)  l_balance: 0.0000 (0.0000)  l_decorr: 0.0000 (0.0000)  moe_temperature: 0.1500 (0.1500)
2026-04-17 04:48:32 | INFO     | crowdcount.trainer:289 - [ep 446][lr 0.0000962][16.64s]
2026-04-17 04:48:47 | INFO     | crowdcount.trainer:348 - [Eval] mae=69.77  mse=118.12  time=13.1s  best_mae=63.29  best_mse=97.65
2026-04-17 04:48:47 | INFO     | crowdcount.trainer:352 - [Eval] density_mae=76.88  density_mse=127.28  best_density_mae=56.54
2026-04-17 04:49:04 | INFO     | crowdcount.engine:429 - Averaged stats: lr: 0.000096  loss_sum: 0.0291 (0.0377)  losses: 0.0069 (0.0075)  den_loss: 0.0229 (0.0302)  loss_ce: 0.0025 (0.0026)  loss_points: 0.0006 (0.0006)  loss_count: 0.0026 (0.0027)  loss_consistency: 0.0014 (0.0016)  loss_ce_unscaled: 0.0025 (0.0026)  loss_points_unscaled: 3.0672 (3.1357)  loss_count_unscaled: 2.5575 (2.7021)  loss_consistency_unscaled: 1.4163 (1.5548)  den_ssim: 0.0010 (0.0011)  moe_aux_total: 0.0000 (0.0000)  moe_aux_raw: 0.0000 (0.0000)  l_balance: 0.0000 (0.0000)  l_decorr: 0.0000 (0.0000)  moe_temperature: 0.1500 (0.1500)
2026-04-17 04:49:04 | INFO     | crowdcount.trainer:289 - [ep 447][lr 0.0000962][16.48s]
2026-04-17 04:49:19 | INFO     | crowdcount.trainer:348 - [Eval] mae=120.12  mse=170.99  time=12.6s  best_mae=63.29  best_mse=97.65
2026-04-17 04:49:19 | INFO     | crowdcount.trainer:352 - [Eval] density_mae=65.55  density_mse=110.76  best_density_mae=56.54
2026-04-17 04:49:35 | INFO     | crowdcount.engine:429 - Averaged stats: lr: 0.000096  loss_sum: 0.0378 (0.0425)  losses: 0.0074 (0.0081)  den_loss: 0.0300 (0.0344)  loss_ce: 0.0027 (0.0028)  loss_points: 0.0006 (0.0006)  loss_count: 0.0023 (0.0030)  loss_consistency: 0.0015 (0.0017)  loss_ce_unscaled: 0.0027 (0.0028)  loss_points_unscaled: 3.1127 (3.0836)  loss_count_unscaled: 2.2745 (2.9579)  loss_consistency_unscaled: 1.5306 (1.6903)  den_ssim: 0.0012 (0.0011)  moe_aux_total: 0.0000 (0.0000)  moe_aux_raw: 0.0000 (0.0000)  l_balance: 0.0000 (0.0000)  l_decorr: 0.0000 (0.0000)  moe_temperature: 0.1500 (0.1500)
2026-04-17 04:49:35 | INFO     | crowdcount.trainer:289 - [ep 448][lr 0.0000962][16.64s]
2026-04-17 04:49:50 | INFO     | crowdcount.trainer:348 - [Eval] mae=99.71  mse=145.50  time=12.9s  best_mae=63.29  best_mse=97.65
2026-04-17 04:49:50 | INFO     | crowdcount.trainer:352 - [Eval] density_mae=67.35  density_mse=105.81  best_density_mae=56.54
2026-04-17 04:50:06 | INFO     | crowdcount.engine:429 - Averaged stats: lr: 0.000096  loss_sum: 0.0356 (0.0357)  losses: 0.0077 (0.0074)  den_loss: 0.0277 (0.0283)  loss_ce: 0.0026 (0.0026)  loss_points: 0.0006 (0.0006)  loss_count: 0.0028 (0.0027)  loss_consistency: 0.0016 (0.0016)  loss_ce_unscaled: 0.0026 (0.0026)  loss_points_unscaled: 3.1837 (3.1001)  loss_count_unscaled: 2.7571 (2.7040)  loss_consistency_unscaled: 1.6087 (1.5688)  den_ssim: 0.0011 (0.0011)  moe_aux_total: 0.0000 (0.0000)  moe_aux_raw: 0.0000 (0.0000)  l_balance: 0.0000 (0.0000)  l_decorr: 0.0000 (0.0000)  moe_temperature: 0.1500 (0.1500)
2026-04-17 04:50:06 | INFO     | crowdcount.trainer:289 - [ep 449][lr 0.0000962][16.41s]
2026-04-17 04:50:21 | INFO     | crowdcount.trainer:348 - [Eval] mae=79.65  mse=118.57  time=12.8s  best_mae=63.29  best_mse=97.65
2026-04-17 04:50:21 | INFO     | crowdcount.trainer:352 - [Eval] density_mae=60.81  density_mse=98.65  best_density_mae=56.54
2026-04-17 04:50:38 | INFO     | crowdcount.engine:429 - Averaged stats: lr: 0.000096  loss_sum: 0.0362 (0.0438)  losses: 0.0075 (0.0080)  den_loss: 0.0275 (0.0358)  loss_ce: 0.0025 (0.0027)  loss_points: 0.0006 (0.0006)  loss_count: 0.0027 (0.0032)  loss_consistency: 0.0014 (0.0015)  loss_ce_unscaled: 0.0025 (0.0027)  loss_points_unscaled: 3.2113 (3.1322)  loss_count_unscaled: 2.6827 (3.1998)  loss_consistency_unscaled: 1.4238 (1.4760)  den_ssim: 0.0010 (0.0011)  moe_aux_total: 0.0000 (0.0000)  moe_aux_raw: 0.0000 (0.0000)  l_balance: 0.0000 (0.0000)  l_decorr: 0.0000 (0.0000)  moe_temperature: 0.1500 (0.1500)
2026-04-17 04:50:38 | INFO     | crowdcount.trainer:289 - [ep 450][lr 0.0000962][16.63s]
2026-04-17 04:50:52 | INFO     | crowdcount.trainer:348 - [Eval] mae=85.60  mse=124.27  time=12.7s  best_mae=63.29  best_mse=97.65
2026-04-17 04:50:52 | INFO     | crowdcount.trainer:352 - [Eval] density_mae=65.90  density_mse=109.72  best_density_mae=56.54
2026-04-17 04:51:09 | INFO     | crowdcount.engine:429 - Averaged stats: lr: 0.000096  loss_sum: 0.0351 (0.0469)  losses: 0.0076 (0.0085)  den_loss: 0.0273 (0.0384)  loss_ce: 0.0026 (0.0028)  loss_points: 0.0006 (0.0006)  loss_count: 0.0026 (0.0034)  loss_consistency: 0.0016 (0.0017)  loss_ce_unscaled: 0.0026 (0.0028)  loss_points_unscaled: 3.0606 (3.0589)  loss_count_unscaled: 2.6456 (3.3705)  loss_consistency_unscaled: 1.6301 (1.7217)  den_ssim: 0.0011 (0.0011)  moe_aux_total: 0.0000 (0.0000)  moe_aux_raw: 0.0000 (0.0000)  l_balance: 0.0000 (0.0000)  l_decorr: 0.0000 (0.0000)  moe_temperature: 0.1500 (0.1500)
2026-04-17 04:51:09 | INFO     | crowdcount.trainer:289 - [ep 451][lr 0.0000962][16.98s]
2026-04-17 04:51:23 | INFO     | crowdcount.trainer:348 - [Eval] mae=113.81  mse=158.16  time=12.8s  best_mae=63.29  best_mse=97.65
2026-04-17 04:51:23 | INFO     | crowdcount.trainer:352 - [Eval] density_mae=63.84  density_mse=102.66  best_density_mae=56.54
2026-04-17 04:51:40 | INFO     | crowdcount.engine:429 - Averaged stats: lr: 0.000096  loss_sum: 0.0410 (0.0408)  losses: 0.0081 (0.0079)  den_loss: 0.0322 (0.0330)  loss_ce: 0.0026 (0.0026)  loss_points: 0.0006 (0.0006)  loss_count: 0.0034 (0.0031)  loss_consistency: 0.0015 (0.0015)  loss_ce_unscaled: 0.0026 (0.0026)  loss_points_unscaled: 3.1097 (3.1296)  loss_count_unscaled: 3.3644 (3.1427)  loss_consistency_unscaled: 1.4741 (1.5127)  den_ssim: 0.0011 (0.0011)  moe_aux_total: 0.0000 (0.0000)  moe_aux_raw: 0.0000 (0.0000)  l_balance: 0.0000 (0.0000)  l_decorr: 0.0000 (0.0000)  moe_temperature: 0.1500 (0.1500)
2026-04-17 04:51:40 | INFO     | crowdcount.trainer:289 - [ep 452][lr 0.0000961][16.56s]
2026-04-17 04:51:55 | INFO     | crowdcount.trainer:348 - [Eval] mae=98.05  mse=143.73  time=12.9s  best_mae=63.29  best_mse=97.65
2026-04-17 04:51:55 | INFO     | crowdcount.trainer:352 - [Eval] density_mae=65.58  density_mse=108.81  best_density_mae=56.54
2026-04-17 04:52:11 | INFO     | crowdcount.engine:429 - Averaged stats: lr: 0.000096  loss_sum: 0.0293 (0.0430)  losses: 0.0072 (0.0078)  den_loss: 0.0224 (0.0353)  loss_ce: 0.0024 (0.0026)  loss_points: 0.0006 (0.0006)  loss_count: 0.0026 (0.0030)  loss_consistency: 0.0014 (0.0015)  loss_ce_unscaled: 0.0024 (0.0026)  loss_points_unscaled: 3.2231 (3.2040)  loss_count_unscaled: 2.5535 (3.0120)  loss_consistency_unscaled: 1.3848 (1.4880)  den_ssim: 0.0011 (0.0011)  moe_aux_total: 0.0000 (0.0000)  moe_aux_raw: 0.0000 (0.0000)  l_balance: 0.0000 (0.0000)  l_decorr: 0.0000 (0.0000)  moe_temperature: 0.1500 (0.1500)
2026-04-17 04:52:11 | INFO     | crowdcount.trainer:289 - [ep 453][lr 0.0000961][16.47s]
2026-04-17 04:52:26 | INFO     | crowdcount.trainer:348 - [Eval] mae=110.47  mse=155.37  time=12.9s  best_mae=63.29  best_mse=97.65
2026-04-17 04:52:26 | INFO     | crowdcount.trainer:352 - [Eval] density_mae=62.37  density_mse=104.76  best_density_mae=56.54
2026-04-17 04:52:43 | INFO     | crowdcount.engine:429 - Averaged stats: lr: 0.000096  loss_sum: 0.0391 (0.0544)  losses: 0.0077 (0.0081)  den_loss: 0.0304 (0.0463)  loss_ce: 0.0026 (0.0027)  loss_points: 0.0006 (0.0006)  loss_count: 0.0028 (0.0031)  loss_consistency: 0.0014 (0.0016)  loss_ce_unscaled: 0.0026 (0.0027)  loss_points_unscaled: 3.1857 (3.1504)  loss_count_unscaled: 2.7940 (3.1425)  loss_consistency_unscaled: 1.3589 (1.5819)  den_ssim: 0.0010 (0.0011)  moe_aux_total: 0.0000 (0.0000)  moe_aux_raw: 0.0000 (0.0000)  l_balance: 0.0000 (0.0000)  l_decorr: 0.0000 (0.0000)  moe_temperature: 0.1500 (0.1500)
2026-04-17 04:52:43 | INFO     | crowdcount.trainer:289 - [ep 454][lr 0.0000961][17.18s]
2026-04-17 04:52:58 | INFO     | crowdcount.trainer:348 - [Eval] mae=102.49  mse=147.82  time=12.8s  best_mae=63.29  best_mse=97.65
2026-04-17 04:52:58 | INFO     | crowdcount.trainer:352 - [Eval] density_mae=64.44  density_mse=109.33  best_density_mae=56.54
2026-04-17 04:53:15 | INFO     | crowdcount.engine:429 - Averaged stats: lr: 0.000096  loss_sum: 0.0345 (0.0418)  losses: 0.0074 (0.0077)  den_loss: 0.0264 (0.0340)  loss_ce: 0.0027 (0.0026)  loss_points: 0.0006 (0.0006)  loss_count: 0.0027 (0.0028)  loss_consistency: 0.0015 (0.0016)  loss_ce_unscaled: 0.0027 (0.0026)  loss_points_unscaled: 3.1423 (3.1608)  loss_count_unscaled: 2.6952 (2.8401)  loss_consistency_unscaled: 1.5139 (1.5949)  den_ssim: 0.0011 (0.0011)  moe_aux_total: 0.0000 (0.0000)  moe_aux_raw: 0.0000 (0.0000)  l_balance: 0.0000 (0.0000)  l_decorr: 0.0000 (0.0000)  moe_temperature: 0.1500 (0.1500)
2026-04-17 04:53:15 | INFO     | crowdcount.trainer:289 - [ep 455][lr 0.0000961][17.14s]
2026-04-17 04:53:30 | INFO     | crowdcount.trainer:348 - [Eval] mae=116.22  mse=158.59  time=12.6s  best_mae=63.29  best_mse=97.65
2026-04-17 04:53:30 | INFO     | crowdcount.trainer:352 - [Eval] density_mae=62.43  density_mse=105.96  best_density_mae=56.54
2026-04-17 04:53:46 | INFO     | crowdcount.engine:429 - Averaged stats: lr: 0.000096  loss_sum: 0.0275 (0.0418)  losses: 0.0069 (0.0077)  den_loss: 0.0211 (0.0341)  loss_ce: 0.0026 (0.0028)  loss_points: 0.0006 (0.0006)  loss_count: 0.0027 (0.0028)  loss_consistency: 0.0013 (0.0015)  loss_ce_unscaled: 0.0026 (0.0028)  loss_points_unscaled: 3.2068 (3.1164)  loss_count_unscaled: 2.7366 (2.7959)  loss_consistency_unscaled: 1.2943 (1.5296)  den_ssim: 0.0011 (0.0011)  moe_aux_total: 0.0000 (0.0000)  moe_aux_raw: 0.0000 (0.0000)  l_balance: 0.0000 (0.0000)  l_decorr: 0.0000 (0.0000)  moe_temperature: 0.1500 (0.1500)
2026-04-17 04:53:46 | INFO     | crowdcount.trainer:289 - [ep 456][lr 0.0000961][16.66s]
2026-04-17 04:54:01 | INFO     | crowdcount.trainer:348 - [Eval] mae=107.95  mse=144.01  time=12.9s  best_mae=63.29  best_mse=97.65
2026-04-17 04:54:01 | INFO     | crowdcount.trainer:352 - [Eval] density_mae=62.59  density_mse=101.69  best_density_mae=56.54
2026-04-17 04:54:17 | INFO     | crowdcount.engine:429 - Averaged stats: lr: 0.000096  loss_sum: 0.0329 (0.0461)  losses: 0.0073 (0.0083)  den_loss: 0.0258 (0.0378)  loss_ce: 0.0029 (0.0028)  loss_points: 0.0006 (0.0006)  loss_count: 0.0026 (0.0031)  loss_consistency: 0.0016 (0.0018)  loss_ce_unscaled: 0.0029 (0.0028)  loss_points_unscaled: 3.0496 (3.0926)  loss_count_unscaled: 2.6254 (3.0502)  loss_consistency_unscaled: 1.6304 (1.7711)  den_ssim: 0.0011 (0.0011)  moe_aux_total: 0.0000 (0.0000)  moe_aux_raw: 0.0000 (0.0000)  l_balance: 0.0000 (0.0000)  l_decorr: 0.0000 (0.0000)  moe_temperature: 0.1500 (0.1500)
2026-04-17 04:54:17 | INFO     | crowdcount.trainer:289 - [ep 457][lr 0.0000960][16.68s]
2026-04-17 04:54:32 | INFO     | crowdcount.trainer:348 - [Eval] mae=113.17  mse=155.80  time=12.9s  best_mae=63.29  best_mse=97.65
2026-04-17 04:54:32 | INFO     | crowdcount.trainer:352 - [Eval] density_mae=62.54  density_mse=104.13  best_density_mae=56.54
2026-04-17 04:54:49 | INFO     | crowdcount.engine:429 - Averaged stats: lr: 0.000096  loss_sum: 0.0350 (0.0409)  losses: 0.0081 (0.0078)  den_loss: 0.0269 (0.0331)  loss_ce: 0.0025 (0.0025)  loss_points: 0.0007 (0.0007)  loss_count: 0.0029 (0.0029)  loss_consistency: 0.0015 (0.0016)  loss_ce_unscaled: 0.0025 (0.0025)  loss_points_unscaled: 3.2704 (3.2657)  loss_count_unscaled: 2.8829 (2.9214)  loss_consistency_unscaled: 1.4643 (1.6325)  den_ssim: 0.0011 (0.0011)  moe_aux_total: 0.0000 (0.0000)  moe_aux_raw: 0.0000 (0.0000)  l_balance: 0.0000 (0.0000)  l_decorr: 0.0000 (0.0000)  moe_temperature: 0.1500 (0.1500)
2026-04-17 04:54:49 | INFO     | crowdcount.trainer:289 - [ep 458][lr 0.0000960][16.47s]
2026-04-17 04:55:03 | INFO     | crowdcount.trainer:348 - [Eval] mae=89.69  mse=125.94  time=12.8s  best_mae=63.29  best_mse=97.65
2026-04-17 04:55:03 | INFO     | crowdcount.trainer:352 - [Eval] density_mae=60.82  density_mse=102.01  best_density_mae=56.54
2026-04-17 04:55:20 | INFO     | crowdcount.engine:429 - Averaged stats: lr: 0.000096  loss_sum: 0.0346 (0.0422)  losses: 0.0078 (0.0077)  den_loss: 0.0273 (0.0345)  loss_ce: 0.0024 (0.0026)  loss_points: 0.0006 (0.0006)  loss_count: 0.0031 (0.0029)  loss_consistency: 0.0015 (0.0016)  loss_ce_unscaled: 0.0024 (0.0026)  loss_points_unscaled: 3.0899 (3.1742)  loss_count_unscaled: 3.1292 (2.8990)  loss_consistency_unscaled: 1.4733 (1.5577)  den_ssim: 0.0011 (0.0011)  moe_aux_total: 0.0000 (0.0000)  moe_aux_raw: 0.0000 (0.0000)  l_balance: 0.0000 (0.0000)  l_decorr: 0.0000 (0.0000)  moe_temperature: 0.1500 (0.1500)
2026-04-17 04:55:20 | INFO     | crowdcount.trainer:289 - [ep 459][lr 0.0000960][16.74s]
2026-04-17 04:55:35 | INFO     | crowdcount.trainer:348 - [Eval] mae=81.72  mse=117.15  time=12.9s  best_mae=63.29  best_mse=97.65
2026-04-17 04:55:35 | INFO     | crowdcount.trainer:352 - [Eval] density_mae=74.14  density_mse=125.13  best_density_mae=56.54
2026-04-17 04:55:52 | INFO     | crowdcount.engine:429 - Averaged stats: lr: 0.000096  loss_sum: 0.0277 (0.0408)  losses: 0.0062 (0.0075)  den_loss: 0.0219 (0.0333)  loss_ce: 0.0023 (0.0026)  loss_points: 0.0006 (0.0006)  loss_count: 0.0020 (0.0027)  loss_consistency: 0.0014 (0.0015)  loss_ce_unscaled: 0.0023 (0.0026)  loss_points_unscaled: 3.1817 (3.1483)  loss_count_unscaled: 1.9744 (2.7172)  loss_consistency_unscaled: 1.3938 (1.4973)  den_ssim: 0.0009 (0.0011)  moe_aux_total: 0.0000 (0.0000)  moe_aux_raw: 0.0000 (0.0000)  l_balance: 0.0000 (0.0000)  l_decorr: 0.0000 (0.0000)  moe_temperature: 0.1500 (0.1500)
2026-04-17 04:55:52 | INFO     | crowdcount.trainer:289 - [ep 460][lr 0.0000960][16.69s]
2026-04-17 04:56:07 | INFO     | crowdcount.trainer:348 - [Eval] mae=90.21  mse=128.65  time=12.7s  best_mae=63.29  best_mse=97.65
2026-04-17 04:56:07 | INFO     | crowdcount.trainer:352 - [Eval] density_mae=63.33  density_mse=106.25  best_density_mae=56.54
2026-04-17 04:56:24 | INFO     | crowdcount.engine:429 - Averaged stats: lr: 0.000096  loss_sum: 0.0326 (0.0422)  losses: 0.0074 (0.0081)  den_loss: 0.0236 (0.0342)  loss_ce: 0.0027 (0.0027)  loss_points: 0.0006 (0.0006)  loss_count: 0.0025 (0.0030)  loss_consistency: 0.0017 (0.0017)  loss_ce_unscaled: 0.0027 (0.0027)  loss_points_unscaled: 3.0433 (3.1069)  loss_count_unscaled: 2.4544 (3.0097)  loss_consistency_unscaled: 1.7395 (1.6856)  den_ssim: 0.0011 (0.0011)  moe_aux_total: 0.0000 (0.0000)  moe_aux_raw: 0.0000 (0.0000)  l_balance: 0.0000 (0.0000)  l_decorr: 0.0000 (0.0000)  moe_temperature: 0.1500 (0.1500)
2026-04-17 04:56:24 | INFO     | crowdcount.trainer:289 - [ep 461][lr 0.0000960][17.24s]
2026-04-17 04:56:38 | INFO     | crowdcount.trainer:348 - [Eval] mae=86.76  mse=127.01  time=12.8s  best_mae=63.29  best_mse=97.65
2026-04-17 04:56:38 | INFO     | crowdcount.trainer:352 - [Eval] density_mae=62.30  density_mse=102.77  best_density_mae=56.54
2026-04-17 04:56:55 | INFO     | crowdcount.engine:429 - Averaged stats: lr: 0.000096  loss_sum: 0.0273 (0.0388)  losses: 0.0066 (0.0072)  den_loss: 0.0205 (0.0316)  loss_ce: 0.0024 (0.0025)  loss_points: 0.0006 (0.0006)  loss_count: 0.0022 (0.0026)  loss_consistency: 0.0013 (0.0015)  loss_ce_unscaled: 0.0024 (0.0025)  loss_points_unscaled: 3.1348 (3.1490)  loss_count_unscaled: 2.2307 (2.6060)  loss_consistency_unscaled: 1.3361 (1.4597)  den_ssim: 0.0010 (0.0011)  moe_aux_total: 0.0000 (0.0000)  moe_aux_raw: 0.0000 (0.0000)  l_balance: 0.0000 (0.0000)  l_decorr: 0.0000 (0.0000)  moe_temperature: 0.1500 (0.1500)
2026-04-17 04:56:55 | INFO     | crowdcount.trainer:289 - [ep 462][lr 0.0000960][16.54s]
2026-04-17 04:57:09 | INFO     | crowdcount.trainer:348 - [Eval] mae=89.41  mse=126.16  time=13.0s  best_mae=63.29  best_mse=97.65
2026-04-17 04:57:09 | INFO     | crowdcount.trainer:352 - [Eval] density_mae=61.31  density_mse=101.39  best_density_mae=56.54
2026-04-17 04:57:26 | INFO     | crowdcount.engine:429 - Averaged stats: lr: 0.000096  loss_sum: 0.0315 (0.0399)  losses: 0.0077 (0.0076)  den_loss: 0.0233 (0.0323)  loss_ce: 0.0025 (0.0026)  loss_points: 0.0006 (0.0006)  loss_count: 0.0030 (0.0029)  loss_consistency: 0.0013 (0.0015)  loss_ce_unscaled: 0.0025 (0.0026)  loss_points_unscaled: 2.9963 (3.0813)  loss_count_unscaled: 2.9652 (2.8532)  loss_consistency_unscaled: 1.2566 (1.4789)  den_ssim: 0.0011 (0.0011)  moe_aux_total: 0.0000 (0.0000)  moe_aux_raw: 0.0000 (0.0000)  l_balance: 0.0000 (0.0000)  l_decorr: 0.0000 (0.0000)  moe_temperature: 0.1500 (0.1500)
2026-04-17 04:57:26 | INFO     | crowdcount.trainer:289 - [ep 463][lr 0.0000959][16.96s]
2026-04-17 04:57:42 | INFO     | crowdcount.trainer:348 - [Eval] mae=94.84  mse=135.36  time=13.7s  best_mae=63.29  best_mse=97.65
2026-04-17 04:57:42 | INFO     | crowdcount.trainer:352 - [Eval] density_mae=62.25  density_mse=99.32  best_density_mae=56.54
2026-04-17 04:58:00 | INFO     | crowdcount.engine:429 - Averaged stats: lr: 0.000096  loss_sum: 0.0255 (0.0456)  losses: 0.0076 (0.0084)  den_loss: 0.0169 (0.0371)  loss_ce: 0.0024 (0.0026)  loss_points: 0.0006 (0.0006)  loss_count: 0.0028 (0.0034)  loss_consistency: 0.0017 (0.0018)  loss_ce_unscaled: 0.0024 (0.0026)  loss_points_unscaled: 3.0989 (3.1774)  loss_count_unscaled: 2.7710 (3.3685)  loss_consistency_unscaled: 1.7080 (1.7724)  den_ssim: 0.0010 (0.0011)  moe_aux_total: 0.0000 (0.0000)  moe_aux_raw: 0.0000 (0.0000)  l_balance: 0.0000 (0.0000)  l_decorr: 0.0000 (0.0000)  moe_temperature: 0.1500 (0.1500)
2026-04-17 04:58:00 | INFO     | crowdcount.trainer:289 - [ep 464][lr 0.0000959][18.02s]
2026-04-17 04:58:15 | INFO     | crowdcount.trainer:348 - [Eval] mae=102.81  mse=150.75  time=13.1s  best_mae=63.29  best_mse=97.65
2026-04-17 04:58:15 | INFO     | crowdcount.trainer:352 - [Eval] density_mae=68.88  density_mse=110.66  best_density_mae=56.54
2026-04-17 04:58:32 | INFO     | crowdcount.engine:429 - Averaged stats: lr: 0.000096  loss_sum: 0.0282 (0.0350)  losses: 0.0067 (0.0073)  den_loss: 0.0216 (0.0277)  loss_ce: 0.0023 (0.0025)  loss_points: 0.0006 (0.0006)  loss_count: 0.0024 (0.0024)  loss_consistency: 0.0016 (0.0018)  loss_ce_unscaled: 0.0023 (0.0025)  loss_points_unscaled: 3.1382 (3.1831)  loss_count_unscaled: 2.3601 (2.4464)  loss_consistency_unscaled: 1.5791 (1.7601)  den_ssim: 0.0010 (0.0011)  moe_aux_total: 0.0000 (0.0000)  moe_aux_raw: 0.0000 (0.0000)  l_balance: 0.0000 (0.0000)  l_decorr: 0.0000 (0.0000)  moe_temperature: 0.1500 (0.1500)
2026-04-17 04:58:32 | INFO     | crowdcount.trainer:289 - [ep 465][lr 0.0000959][16.98s]
2026-04-17 04:58:47 | INFO     | crowdcount.trainer:348 - [Eval] mae=90.87  mse=130.74  time=13.3s  best_mae=63.29  best_mse=97.65
2026-04-17 04:58:47 | INFO     | crowdcount.trainer:352 - [Eval] density_mae=66.59  density_mse=108.20  best_density_mae=56.54
2026-04-17 04:59:05 | INFO     | crowdcount.engine:429 - Averaged stats: lr: 0.000096  loss_sum: 0.0329 (0.0328)  losses: 0.0072 (0.0074)  den_loss: 0.0258 (0.0255)  loss_ce: 0.0024 (0.0025)  loss_points: 0.0006 (0.0006)  loss_count: 0.0027 (0.0027)  loss_consistency: 0.0014 (0.0015)  loss_ce_unscaled: 0.0024 (0.0025)  loss_points_unscaled: 3.1412 (3.1221)  loss_count_unscaled: 2.6640 (2.7484)  loss_consistency_unscaled: 1.3858 (1.4612)  den_ssim: 0.0010 (0.0011)  moe_aux_total: 0.0000 (0.0000)  moe_aux_raw: 0.0000 (0.0000)  l_balance: 0.0000 (0.0000)  l_decorr: 0.0000 (0.0000)  moe_temperature: 0.1500 (0.1500)
2026-04-17 04:59:05 | INFO     | crowdcount.trainer:289 - [ep 466][lr 0.0000959][17.40s]
2026-04-17 04:59:20 | INFO     | crowdcount.trainer:348 - [Eval] mae=89.97  mse=124.20  time=13.1s  best_mae=63.29  best_mse=97.65
2026-04-17 04:59:20 | INFO     | crowdcount.trainer:352 - [Eval] density_mae=61.90  density_mse=99.18  best_density_mae=56.54
2026-04-17 04:59:37 | INFO     | crowdcount.engine:429 - Averaged stats: lr: 0.000096  loss_sum: 0.0319 (0.0480)  losses: 0.0077 (0.0083)  den_loss: 0.0236 (0.0397)  loss_ce: 0.0027 (0.0028)  loss_points: 0.0006 (0.0006)  loss_count: 0.0030 (0.0032)  loss_consistency: 0.0015 (0.0017)  loss_ce_unscaled: 0.0027 (0.0028)  loss_points_unscaled: 2.9961 (3.0804)  loss_count_unscaled: 2.9944 (3.2011)  loss_consistency_unscaled: 1.5359 (1.6667)  den_ssim: 0.0010 (0.0011)  moe_aux_total: 0.0000 (0.0000)  moe_aux_raw: 0.0000 (0.0000)  l_balance: 0.0000 (0.0000)  l_decorr: 0.0000 (0.0000)  moe_temperature: 0.1500 (0.1500)
2026-04-17 04:59:37 | INFO     | crowdcount.trainer:289 - [ep 467][lr 0.0000959][17.59s]
2026-04-17 04:59:52 | INFO     | crowdcount.trainer:348 - [Eval] mae=87.99  mse=124.58  time=13.0s  best_mae=63.29  best_mse=97.65
2026-04-17 04:59:52 | INFO     | crowdcount.trainer:352 - [Eval] density_mae=65.74  density_mse=107.89  best_density_mae=56.54
2026-04-17 05:00:09 | INFO     | crowdcount.engine:429 - Averaged stats: lr: 0.000096  loss_sum: 0.0277 (0.0403)  losses: 0.0067 (0.0075)  den_loss: 0.0214 (0.0328)  loss_ce: 0.0025 (0.0026)  loss_points: 0.0006 (0.0006)  loss_count: 0.0023 (0.0027)  loss_consistency: 0.0014 (0.0015)  loss_ce_unscaled: 0.0025 (0.0026)  loss_points_unscaled: 3.0574 (3.1049)  loss_count_unscaled: 2.3157 (2.7241)  loss_consistency_unscaled: 1.3903 (1.5278)  den_ssim: 0.0010 (0.0011)  moe_aux_total: 0.0000 (0.0000)  moe_aux_raw: 0.0000 (0.0000)  l_balance: 0.0000 (0.0000)  l_decorr: 0.0000 (0.0000)  moe_temperature: 0.1500 (0.1500)
2026-04-17 05:00:09 | INFO     | crowdcount.trainer:289 - [ep 468][lr 0.0000959][16.15s]
2026-04-17 05:00:23 | INFO     | crowdcount.trainer:348 - [Eval] mae=87.39  mse=132.53  time=13.1s  best_mae=63.29  best_mse=97.65
2026-04-17 05:00:23 | INFO     | crowdcount.trainer:352 - [Eval] density_mae=61.91  density_mse=102.59  best_density_mae=56.54
2026-04-17 05:00:40 | INFO     | crowdcount.engine:429 - Averaged stats: lr: 0.000096  loss_sum: 0.0293 (0.0400)  losses: 0.0075 (0.0077)  den_loss: 0.0209 (0.0322)  loss_ce: 0.0027 (0.0026)  loss_points: 0.0006 (0.0006)  loss_count: 0.0027 (0.0030)  loss_consistency: 0.0015 (0.0015)  loss_ce_unscaled: 0.0027 (0.0026)  loss_points_unscaled: 3.0777 (3.1280)  loss_count_unscaled: 2.6798 (3.0124)  loss_consistency_unscaled: 1.4780 (1.5051)  den_ssim: 0.0011 (0.0011)  moe_aux_total: 0.0000 (0.0000)  moe_aux_raw: 0.0000 (0.0000)  l_balance: 0.0000 (0.0000)  l_decorr: 0.0000 (0.0000)  moe_temperature: 0.1500 (0.1500)
2026-04-17 05:00:40 | INFO     | crowdcount.trainer:289 - [ep 469][lr 0.0000958][16.63s]
2026-04-17 05:00:55 | INFO     | crowdcount.trainer:348 - [Eval] mae=101.58  mse=142.07  time=12.9s  best_mae=63.29  best_mse=97.65
2026-04-17 05:00:55 | INFO     | crowdcount.trainer:352 - [Eval] density_mae=59.83  density_mse=94.47  best_density_mae=56.54
2026-04-17 05:01:12 | INFO     | crowdcount.engine:429 - Averaged stats: lr: 0.000096  loss_sum: 0.0334 (0.0414)  losses: 0.0074 (0.0079)  den_loss: 0.0264 (0.0335)  loss_ce: 0.0024 (0.0025)  loss_points: 0.0006 (0.0006)  loss_count: 0.0024 (0.0029)  loss_consistency: 0.0016 (0.0019)  loss_ce_unscaled: 0.0024 (0.0025)  loss_points_unscaled: 3.1978 (3.1477)  loss_count_unscaled: 2.3650 (2.8676)  loss_consistency_unscaled: 1.6187 (1.8510)  den_ssim: 0.0010 (0.0010)  moe_aux_total: 0.0000 (0.0000)  moe_aux_raw: 0.0000 (0.0000)  l_balance: 0.0000 (0.0000)  l_decorr: 0.0000 (0.0000)  moe_temperature: 0.1500 (0.1500)
2026-04-17 05:01:12 | INFO     | crowdcount.trainer:289 - [ep 470][lr 0.0000958][17.39s]
2026-04-17 05:01:27 | INFO     | crowdcount.trainer:348 - [Eval] mae=99.43  mse=143.20  time=13.1s  best_mae=63.29  best_mse=97.65
2026-04-17 05:01:27 | INFO     | crowdcount.trainer:352 - [Eval] density_mae=62.21  density_mse=106.39  best_density_mae=56.54
2026-04-17 05:01:44 | INFO     | crowdcount.engine:429 - Averaged stats: lr: 0.000096  loss_sum: 0.0435 (0.0407)  losses: 0.0084 (0.0079)  den_loss: 0.0362 (0.0329)  loss_ce: 0.0025 (0.0026)  loss_points: 0.0006 (0.0006)  loss_count: 0.0027 (0.0029)  loss_consistency: 0.0015 (0.0017)  loss_ce_unscaled: 0.0025 (0.0026)  loss_points_unscaled: 3.1101 (3.1126)  loss_count_unscaled: 2.6986 (2.9296)  loss_consistency_unscaled: 1.5058 (1.7176)  den_ssim: 0.0011 (0.0011)  moe_aux_total: 0.0000 (0.0000)  moe_aux_raw: 0.0000 (0.0000)  l_balance: 0.0000 (0.0000)  l_decorr: 0.0000 (0.0000)  moe_temperature: 0.1500 (0.1500)
2026-04-17 05:01:44 | INFO     | crowdcount.trainer:289 - [ep 471][lr 0.0000958][17.31s]
2026-04-17 05:02:00 | INFO     | crowdcount.trainer:348 - [Eval] mae=93.47  mse=135.36  time=13.3s  best_mae=63.29  best_mse=97.65
2026-04-17 05:02:00 | INFO     | crowdcount.trainer:352 - [Eval] density_mae=61.69  density_mse=106.60  best_density_mae=56.54
2026-04-17 05:02:17 | INFO     | crowdcount.engine:429 - Averaged stats: lr: 0.000096  loss_sum: 0.0253 (0.0397)  losses: 0.0076 (0.0079)  den_loss: 0.0177 (0.0318)  loss_ce: 0.0024 (0.0027)  loss_points: 0.0006 (0.0006)  loss_count: 0.0028 (0.0029)  loss_consistency: 0.0016 (0.0017)  loss_ce_unscaled: 0.0024 (0.0027)  loss_points_unscaled: 3.2392 (3.2026)  loss_count_unscaled: 2.7746 (2.9316)  loss_consistency_unscaled: 1.5660 (1.6742)  den_ssim: 0.0011 (0.0011)  moe_aux_total: 0.0000 (0.0000)  moe_aux_raw: 0.0000 (0.0000)  l_balance: 0.0000 (0.0000)  l_decorr: 0.0000 (0.0000)  moe_temperature: 0.1500 (0.1500)
2026-04-17 05:02:17 | INFO     | crowdcount.trainer:289 - [ep 472][lr 0.0000958][17.13s]
2026-04-17 05:02:32 | INFO     | crowdcount.trainer:348 - [Eval] mae=75.77  mse=112.27  time=13.3s  best_mae=63.29  best_mse=97.65
2026-04-17 05:02:32 | INFO     | crowdcount.trainer:352 - [Eval] density_mae=60.86  density_mse=100.50  best_density_mae=56.54
2026-04-17 05:02:49 | INFO     | crowdcount.engine:429 - Averaged stats: lr: 0.000096  loss_sum: 0.0319 (0.0416)  losses: 0.0072 (0.0077)  den_loss: 0.0227 (0.0340)  loss_ce: 0.0028 (0.0027)  loss_points: 0.0006 (0.0006)  loss_count: 0.0024 (0.0028)  loss_consistency: 0.0015 (0.0015)  loss_ce_unscaled: 0.0028 (0.0027)  loss_points_unscaled: 3.0882 (3.1416)  loss_count_unscaled: 2.4084 (2.7936)  loss_consistency_unscaled: 1.4977 (1.5378)  den_ssim: 0.0011 (0.0011)  moe_aux_total: 0.0000 (0.0000)  moe_aux_raw: 0.0000 (0.0000)  l_balance: 0.0000 (0.0000)  l_decorr: 0.0000 (0.0000)  moe_temperature: 0.1500 (0.1500)
2026-04-17 05:02:49 | INFO     | crowdcount.trainer:289 - [ep 473][lr 0.0000958][17.24s]
2026-04-17 05:03:04 | INFO     | crowdcount.trainer:348 - [Eval] mae=77.31  mse=116.41  time=13.1s  best_mae=63.29  best_mse=97.65
2026-04-17 05:03:04 | INFO     | crowdcount.trainer:352 - [Eval] density_mae=64.63  density_mse=107.39  best_density_mae=56.54
2026-04-17 05:03:21 | INFO     | crowdcount.engine:429 - Averaged stats: lr: 0.000096  loss_sum: 0.0290 (0.0393)  losses: 0.0067 (0.0076)  den_loss: 0.0212 (0.0317)  loss_ce: 0.0026 (0.0026)  loss_points: 0.0006 (0.0006)  loss_count: 0.0023 (0.0029)  loss_consistency: 0.0013 (0.0015)  loss_ce_unscaled: 0.0026 (0.0026)  loss_points_unscaled: 3.1646 (3.1824)  loss_count_unscaled: 2.2966 (2.8822)  loss_consistency_unscaled: 1.3053 (1.5268)  den_ssim: 0.0011 (0.0011)  moe_aux_total: 0.0000 (0.0000)  moe_aux_raw: 0.0000 (0.0000)  l_balance: 0.0000 (0.0000)  l_decorr: 0.0000 (0.0000)  moe_temperature: 0.1500 (0.1500)
2026-04-17 05:03:21 | INFO     | crowdcount.trainer:289 - [ep 474][lr 0.0000957][16.94s]
2026-04-17 05:03:36 | INFO     | crowdcount.trainer:348 - [Eval] mae=93.92  mse=129.75  time=13.2s  best_mae=63.29  best_mse=97.65
2026-04-17 05:03:36 | INFO     | crowdcount.trainer:352 - [Eval] density_mae=61.19  density_mse=99.28  best_density_mae=56.54
2026-04-17 05:03:54 | INFO     | crowdcount.engine:429 - Averaged stats: lr: 0.000096  loss_sum: 0.0317 (0.0395)  losses: 0.0071 (0.0078)  den_loss: 0.0236 (0.0317)  loss_ce: 0.0026 (0.0027)  loss_points: 0.0006 (0.0006)  loss_count: 0.0027 (0.0027)  loss_consistency: 0.0014 (0.0017)  loss_ce_unscaled: 0.0026 (0.0027)  loss_points_unscaled: 3.2161 (3.1854)  loss_count_unscaled: 2.7064 (2.7214)  loss_consistency_unscaled: 1.4270 (1.7081)  den_ssim: 0.0011 (0.0011)  moe_aux_total: 0.0000 (0.0000)  moe_aux_raw: 0.0000 (0.0000)  l_balance: 0.0000 (0.0000)  l_decorr: 0.0000 (0.0000)  moe_temperature: 0.1500 (0.1500)
2026-04-17 05:03:54 | INFO     | crowdcount.trainer:289 - [ep 475][lr 0.0000957][17.33s]
2026-04-17 05:04:09 | INFO     | crowdcount.trainer:348 - [Eval] mae=113.62  mse=161.23  time=13.3s  best_mae=63.29  best_mse=97.65
2026-04-17 05:04:09 | INFO     | crowdcount.trainer:352 - [Eval] density_mae=65.38  density_mse=104.12  best_density_mae=56.54
2026-04-17 05:04:26 | INFO     | crowdcount.engine:429 - Averaged stats: lr: 0.000096  loss_sum: 0.0356 (0.0418)  losses: 0.0067 (0.0076)  den_loss: 0.0286 (0.0342)  loss_ce: 0.0024 (0.0026)  loss_points: 0.0006 (0.0006)  loss_count: 0.0024 (0.0030)  loss_consistency: 0.0012 (0.0014)  loss_ce_unscaled: 0.0024 (0.0026)  loss_points_unscaled: 3.1800 (3.0869)  loss_count_unscaled: 2.3878 (2.9573)  loss_consistency_unscaled: 1.2293 (1.4060)  den_ssim: 0.0010 (0.0011)  moe_aux_total: 0.0000 (0.0000)  moe_aux_raw: 0.0000 (0.0000)  l_balance: 0.0000 (0.0000)  l_decorr: 0.0000 (0.0000)  moe_temperature: 0.1500 (0.1500)
2026-04-17 05:04:26 | INFO     | crowdcount.trainer:289 - [ep 476][lr 0.0000957][16.85s]
2026-04-17 05:04:41 | INFO     | crowdcount.trainer:348 - [Eval] mae=92.33  mse=128.35  time=13.4s  best_mae=63.29  best_mse=97.65
2026-04-17 05:04:41 | INFO     | crowdcount.trainer:352 - [Eval] density_mae=58.63  density_mse=94.42  best_density_mae=56.54
2026-04-17 05:04:58 | INFO     | crowdcount.engine:429 - Averaged stats: lr: 0.000096  loss_sum: 0.0402 (0.0394)  losses: 0.0079 (0.0077)  den_loss: 0.0318 (0.0317)  loss_ce: 0.0025 (0.0026)  loss_points: 0.0006 (0.0006)  loss_count: 0.0028 (0.0031)  loss_consistency: 0.0014 (0.0014)  loss_ce_unscaled: 0.0025 (0.0026)  loss_points_unscaled: 3.1996 (3.1517)  loss_count_unscaled: 2.7892 (3.0927)  loss_consistency_unscaled: 1.3506 (1.3821)  den_ssim: 0.0011 (0.0011)  moe_aux_total: 0.0000 (0.0000)  moe_aux_raw: 0.0000 (0.0000)  l_balance: 0.0000 (0.0000)  l_decorr: 0.0000 (0.0000)  moe_temperature: 0.1500 (0.1500)
2026-04-17 05:04:58 | INFO     | crowdcount.trainer:289 - [ep 477][lr 0.0000957][17.38s]
2026-04-17 05:05:13 | INFO     | crowdcount.trainer:348 - [Eval] mae=104.40  mse=147.37  time=12.9s  best_mae=63.29  best_mse=97.65
2026-04-17 05:05:13 | INFO     | crowdcount.trainer:352 - [Eval] density_mae=60.48  density_mse=97.57  best_density_mae=56.54
2026-04-17 05:05:30 | INFO     | crowdcount.engine:429 - Averaged stats: lr: 0.000096  loss_sum: 0.0287 (0.0393)  losses: 0.0067 (0.0075)  den_loss: 0.0222 (0.0317)  loss_ce: 0.0023 (0.0025)  loss_points: 0.0006 (0.0006)  loss_count: 0.0028 (0.0029)  loss_consistency: 0.0016 (0.0016)  loss_ce_unscaled: 0.0023 (0.0025)  loss_points_unscaled: 3.1893 (3.1369)  loss_count_unscaled: 2.7573 (2.8768)  loss_consistency_unscaled: 1.5831 (1.5565)  den_ssim: 0.0010 (0.0010)  moe_aux_total: 0.0000 (0.0000)  moe_aux_raw: 0.0000 (0.0000)  l_balance: 0.0000 (0.0000)  l_decorr: 0.0000 (0.0000)  moe_temperature: 0.1500 (0.1500)
2026-04-17 05:05:30 | INFO     | crowdcount.trainer:289 - [ep 478][lr 0.0000957][16.59s]
2026-04-17 05:05:45 | INFO     | crowdcount.trainer:348 - [Eval] mae=108.74  mse=147.44  time=13.0s  best_mae=63.29  best_mse=97.65
2026-04-17 05:05:45 | INFO     | crowdcount.trainer:352 - [Eval] density_mae=63.17  density_mse=95.14  best_density_mae=56.54
2026-04-17 05:06:02 | INFO     | crowdcount.engine:429 - Averaged stats: lr: 0.000096  loss_sum: 0.0280 (0.0431)  losses: 0.0067 (0.0077)  den_loss: 0.0223 (0.0354)  loss_ce: 0.0023 (0.0025)  loss_points: 0.0006 (0.0006)  loss_count: 0.0023 (0.0028)  loss_consistency: 0.0013 (0.0017)  loss_ce_unscaled: 0.0023 (0.0025)  loss_points_unscaled: 3.1014 (3.1117)  loss_count_unscaled: 2.2609 (2.7771)  loss_consistency_unscaled: 1.3258 (1.7436)  den_ssim: 0.0010 (0.0010)  moe_aux_total: 0.0000 (0.0000)  moe_aux_raw: 0.0000 (0.0000)  l_balance: 0.0000 (0.0000)  l_decorr: 0.0000 (0.0000)  moe_temperature: 0.1500 (0.1500)
2026-04-17 05:06:02 | INFO     | crowdcount.trainer:289 - [ep 479][lr 0.0000957][16.91s]
2026-04-17 05:06:17 | INFO     | crowdcount.trainer:348 - [Eval] mae=113.57  mse=156.12  time=13.0s  best_mae=63.29  best_mse=97.65
2026-04-17 05:06:17 | INFO     | crowdcount.trainer:352 - [Eval] density_mae=60.22  density_mse=98.82  best_density_mae=56.54
2026-04-17 05:06:33 | INFO     | crowdcount.engine:429 - Averaged stats: lr: 0.000096  loss_sum: 0.0305 (0.0385)  losses: 0.0076 (0.0073)  den_loss: 0.0229 (0.0312)  loss_ce: 0.0026 (0.0026)  loss_points: 0.0006 (0.0006)  loss_count: 0.0028 (0.0027)  loss_consistency: 0.0014 (0.0014)  loss_ce_unscaled: 0.0026 (0.0026)  loss_points_unscaled: 3.1516 (3.1473)  loss_count_unscaled: 2.7777 (2.7082)  loss_consistency_unscaled: 1.4497 (1.4446)  den_ssim: 0.0011 (0.0011)  moe_aux_total: 0.0000 (0.0000)  moe_aux_raw: 0.0000 (0.0000)  l_balance: 0.0000 (0.0000)  l_decorr: 0.0000 (0.0000)  moe_temperature: 0.1500 (0.1500)
2026-04-17 05:06:33 | INFO     | crowdcount.trainer:289 - [ep 480][lr 0.0000956][16.19s]
2026-04-17 05:06:47 | INFO     | crowdcount.trainer:348 - [Eval] mae=90.27  mse=132.27  time=12.7s  best_mae=63.29  best_mse=97.65
2026-04-17 05:06:47 | INFO     | crowdcount.trainer:352 - [Eval] density_mae=59.19  density_mse=102.53  best_density_mae=56.54
2026-04-17 05:07:04 | INFO     | crowdcount.engine:429 - Averaged stats: lr: 0.000096  loss_sum: 0.0339 (0.0388)  losses: 0.0074 (0.0073)  den_loss: 0.0282 (0.0315)  loss_ce: 0.0026 (0.0026)  loss_points: 0.0006 (0.0006)  loss_count: 0.0027 (0.0027)  loss_consistency: 0.0012 (0.0013)  loss_ce_unscaled: 0.0026 (0.0026)  loss_points_unscaled: 3.1473 (3.1251)  loss_count_unscaled: 2.7263 (2.7217)  loss_consistency_unscaled: 1.2335 (1.3390)  den_ssim: 0.0011 (0.0011)  moe_aux_total: 0.0000 (0.0000)  moe_aux_raw: 0.0000 (0.0000)  l_balance: 0.0000 (0.0000)  l_decorr: 0.0000 (0.0000)  moe_temperature: 0.1500 (0.1500)
2026-04-17 05:07:04 | INFO     | crowdcount.trainer:289 - [ep 481][lr 0.0000956][17.15s]
2026-04-17 05:07:19 | INFO     | crowdcount.trainer:348 - [Eval] mae=92.74  mse=135.92  time=13.0s  best_mae=63.29  best_mse=97.65
2026-04-17 05:07:19 | INFO     | crowdcount.trainer:352 - [Eval] density_mae=58.96  density_mse=95.41  best_density_mae=56.54
2026-04-17 05:07:36 | INFO     | crowdcount.engine:429 - Averaged stats: lr: 0.000096  loss_sum: 0.0335 (0.0368)  losses: 0.0074 (0.0072)  den_loss: 0.0268 (0.0296)  loss_ce: 0.0025 (0.0025)  loss_points: 0.0006 (0.0006)  loss_count: 0.0026 (0.0027)  loss_consistency: 0.0013 (0.0013)  loss_ce_unscaled: 0.0025 (0.0025)  loss_points_unscaled: 3.0977 (3.1192)  loss_count_unscaled: 2.6080 (2.6916)  loss_consistency_unscaled: 1.3393 (1.3424)  den_ssim: 0.0011 (0.0011)  moe_aux_total: 0.0000 (0.0000)  moe_aux_raw: 0.0000 (0.0000)  l_balance: 0.0000 (0.0000)  l_decorr: 0.0000 (0.0000)  moe_temperature: 0.1500 (0.1500)
2026-04-17 05:07:36 | INFO     | crowdcount.trainer:289 - [ep 482][lr 0.0000956][16.83s]
2026-04-17 05:07:51 | INFO     | crowdcount.trainer:348 - [Eval] mae=119.16  mse=162.96  time=13.2s  best_mae=63.29  best_mse=97.65
2026-04-17 05:07:51 | INFO     | crowdcount.trainer:352 - [Eval] density_mae=63.20  density_mse=101.92  best_density_mae=56.54
2026-04-17 05:08:07 | INFO     | crowdcount.engine:429 - Averaged stats: lr: 0.000096  loss_sum: 0.0337 (0.0403)  losses: 0.0068 (0.0075)  den_loss: 0.0261 (0.0328)  loss_ce: 0.0024 (0.0026)  loss_points: 0.0006 (0.0006)  loss_count: 0.0027 (0.0027)  loss_consistency: 0.0014 (0.0016)  loss_ce_unscaled: 0.0024 (0.0026)  loss_points_unscaled: 3.0798 (3.1634)  loss_count_unscaled: 2.6616 (2.7099)  loss_consistency_unscaled: 1.4273 (1.6270)  den_ssim: 0.0010 (0.0011)  moe_aux_total: 0.0000 (0.0000)  moe_aux_raw: 0.0000 (0.0000)  l_balance: 0.0000 (0.0000)  l_decorr: 0.0000 (0.0000)  moe_temperature: 0.1500 (0.1500)
2026-04-17 05:08:07 | INFO     | crowdcount.trainer:289 - [ep 483][lr 0.0000956][16.39s]
2026-04-17 05:08:22 | INFO     | crowdcount.trainer:348 - [Eval] mae=90.14  mse=129.89  time=12.9s  best_mae=63.29  best_mse=97.65
2026-04-17 05:08:22 | INFO     | crowdcount.trainer:352 - [Eval] density_mae=60.01  density_mse=99.50  best_density_mae=56.54
2026-04-17 05:08:39 | INFO     | crowdcount.engine:429 - Averaged stats: lr: 0.000096  loss_sum: 0.0354 (0.0421)  losses: 0.0070 (0.0075)  den_loss: 0.0277 (0.0346)  loss_ce: 0.0023 (0.0026)  loss_points: 0.0006 (0.0006)  loss_count: 0.0026 (0.0028)  loss_consistency: 0.0015 (0.0015)  loss_ce_unscaled: 0.0023 (0.0026)  loss_points_unscaled: 3.0815 (3.1243)  loss_count_unscaled: 2.6235 (2.8314)  loss_consistency_unscaled: 1.5006 (1.4648)  den_ssim: 0.0010 (0.0011)  moe_aux_total: 0.0000 (0.0000)  moe_aux_raw: 0.0000 (0.0000)  l_balance: 0.0000 (0.0000)  l_decorr: 0.0000 (0.0000)  moe_temperature: 0.1500 (0.1500)
2026-04-17 05:08:39 | INFO     | crowdcount.trainer:289 - [ep 484][lr 0.0000956][17.16s]
2026-04-17 05:08:54 | INFO     | crowdcount.trainer:348 - [Eval] mae=87.95  mse=130.21  time=12.8s  best_mae=63.29  best_mse=97.65
2026-04-17 05:08:54 | INFO     | crowdcount.trainer:352 - [Eval] density_mae=59.57  density_mse=99.06  best_density_mae=56.54
2026-04-17 05:09:10 | INFO     | crowdcount.engine:429 - Averaged stats: lr: 0.000096  loss_sum: 0.0323 (0.0391)  losses: 0.0065 (0.0075)  den_loss: 0.0261 (0.0316)  loss_ce: 0.0023 (0.0027)  loss_points: 0.0006 (0.0006)  loss_count: 0.0023 (0.0028)  loss_consistency: 0.0013 (0.0014)  loss_ce_unscaled: 0.0023 (0.0027)  loss_points_unscaled: 3.0135 (3.0847)  loss_count_unscaled: 2.2659 (2.8046)  loss_consistency_unscaled: 1.3347 (1.4273)  den_ssim: 0.0010 (0.0011)  moe_aux_total: 0.0000 (0.0000)  moe_aux_raw: 0.0000 (0.0000)  l_balance: 0.0000 (0.0000)  l_decorr: 0.0000 (0.0000)  moe_temperature: 0.1500 (0.1500)
2026-04-17 05:09:10 | INFO     | crowdcount.trainer:289 - [ep 485][lr 0.0000955][16.38s]
2026-04-17 05:09:25 | INFO     | crowdcount.trainer:348 - [Eval] mae=98.29  mse=136.72  time=12.6s  best_mae=63.29  best_mse=97.65
2026-04-17 05:09:25 | INFO     | crowdcount.trainer:352 - [Eval] density_mae=70.21  density_mse=118.84  best_density_mae=56.54
2026-04-17 05:09:41 | INFO     | crowdcount.engine:429 - Averaged stats: lr: 0.000096  loss_sum: 0.0210 (0.0417)  losses: 0.0072 (0.0081)  den_loss: 0.0153 (0.0336)  loss_ce: 0.0023 (0.0027)  loss_points: 0.0006 (0.0006)  loss_count: 0.0023 (0.0030)  loss_consistency: 0.0017 (0.0018)  loss_ce_unscaled: 0.0023 (0.0027)  loss_points_unscaled: 3.2290 (3.1494)  loss_count_unscaled: 2.2778 (3.0215)  loss_consistency_unscaled: 1.6541 (1.7569)  den_ssim: 0.0011 (0.0011)  moe_aux_total: 0.0000 (0.0000)  moe_aux_raw: 0.0000 (0.0000)  l_balance: 0.0000 (0.0000)  l_decorr: 0.0000 (0.0000)  moe_temperature: 0.1500 (0.1500)
2026-04-17 05:09:41 | INFO     | crowdcount.trainer:289 - [ep 486][lr 0.0000955][16.69s]
2026-04-17 05:09:56 | INFO     | crowdcount.trainer:348 - [Eval] mae=85.67  mse=122.45  time=12.7s  best_mae=63.29  best_mse=97.65
2026-04-17 05:09:56 | INFO     | crowdcount.trainer:352 - [Eval] density_mae=65.21  density_mse=101.12  best_density_mae=56.54
2026-04-17 05:10:13 | INFO     | crowdcount.engine:429 - Averaged stats: lr: 0.000096  loss_sum: 0.0347 (0.0398)  losses: 0.0075 (0.0076)  den_loss: 0.0275 (0.0323)  loss_ce: 0.0024 (0.0025)  loss_points: 0.0006 (0.0006)  loss_count: 0.0028 (0.0028)  loss_consistency: 0.0017 (0.0016)  loss_ce_unscaled: 0.0024 (0.0025)  loss_points_unscaled: 3.1712 (3.1603)  loss_count_unscaled: 2.7715 (2.8381)  loss_consistency_unscaled: 1.6684 (1.5939)  den_ssim: 0.0010 (0.0010)  moe_aux_total: 0.0000 (0.0000)  moe_aux_raw: 0.0000 (0.0000)  l_balance: 0.0000 (0.0000)  l_decorr: 0.0000 (0.0000)  moe_temperature: 0.1500 (0.1500)
2026-04-17 05:10:13 | INFO     | crowdcount.trainer:289 - [ep 487][lr 0.0000955][16.61s]
2026-04-17 05:10:28 | INFO     | crowdcount.trainer:348 - [Eval] mae=86.63  mse=126.86  time=12.9s  best_mae=63.29  best_mse=97.65
2026-04-17 05:10:28 | INFO     | crowdcount.trainer:352 - [Eval] density_mae=61.06  density_mse=101.46  best_density_mae=56.54
2026-04-17 05:10:44 | INFO     | crowdcount.engine:429 - Averaged stats: lr: 0.000095  loss_sum: 0.0310 (0.0333)  losses: 0.0069 (0.0070)  den_loss: 0.0242 (0.0263)  loss_ce: 0.0024 (0.0024)  loss_points: 0.0006 (0.0006)  loss_count: 0.0024 (0.0025)  loss_consistency: 0.0015 (0.0015)  loss_ce_unscaled: 0.0024 (0.0024)  loss_points_unscaled: 3.1706 (3.1832)  loss_count_unscaled: 2.3529 (2.5287)  loss_consistency_unscaled: 1.5017 (1.4689)  den_ssim: 0.0010 (0.0010)  moe_aux_total: 0.0000 (0.0000)  moe_aux_raw: 0.0000 (0.0000)  l_balance: 0.0000 (0.0000)  l_decorr: 0.0000 (0.0000)  moe_temperature: 0.1500 (0.1500)
2026-04-17 05:10:44 | INFO     | crowdcount.trainer:289 - [ep 488][lr 0.0000955][16.49s]
2026-04-17 05:10:59 | INFO     | crowdcount.trainer:348 - [Eval] mae=98.68  mse=142.52  time=12.8s  best_mae=63.29  best_mse=97.65
2026-04-17 05:10:59 | INFO     | crowdcount.trainer:352 - [Eval] density_mae=62.05  density_mse=104.40  best_density_mae=56.54
2026-04-17 05:11:16 | INFO     | crowdcount.engine:429 - Averaged stats: lr: 0.000095  loss_sum: 0.0340 (0.0427)  losses: 0.0078 (0.0081)  den_loss: 0.0266 (0.0346)  loss_ce: 0.0026 (0.0027)  loss_points: 0.0006 (0.0006)  loss_count: 0.0027 (0.0029)  loss_consistency: 0.0021 (0.0019)  loss_ce_unscaled: 0.0026 (0.0027)  loss_points_unscaled: 3.1323 (3.1614)  loss_count_unscaled: 2.6788 (2.9159)  loss_consistency_unscaled: 2.0612 (1.8628)  den_ssim: 0.0010 (0.0011)  moe_aux_total: 0.0000 (0.0000)  moe_aux_raw: 0.0000 (0.0000)  l_balance: 0.0000 (0.0000)  l_decorr: 0.0000 (0.0000)  moe_temperature: 0.1500 (0.1500)
2026-04-17 05:11:16 | INFO     | crowdcount.trainer:289 - [ep 489][lr 0.0000955][16.89s]
2026-04-17 05:11:31 | INFO     | crowdcount.trainer:348 - [Eval] mae=103.99  mse=139.91  time=13.1s  best_mae=63.29  best_mse=97.65
2026-04-17 05:11:31 | INFO     | crowdcount.trainer:352 - [Eval] density_mae=60.33  density_mse=95.80  best_density_mae=56.54
2026-04-17 05:11:47 | INFO     | crowdcount.engine:429 - Averaged stats: lr: 0.000095  loss_sum: 0.0229 (0.0374)  losses: 0.0069 (0.0077)  den_loss: 0.0148 (0.0297)  loss_ce: 0.0024 (0.0026)  loss_points: 0.0006 (0.0006)  loss_count: 0.0025 (0.0029)  loss_consistency: 0.0014 (0.0016)  loss_ce_unscaled: 0.0024 (0.0026)  loss_points_unscaled: 3.1604 (3.1250)  loss_count_unscaled: 2.4570 (2.9165)  loss_consistency_unscaled: 1.4065 (1.5606)  den_ssim: 0.0010 (0.0011)  moe_aux_total: 0.0000 (0.0000)  moe_aux_raw: 0.0000 (0.0000)  l_balance: 0.0000 (0.0000)  l_decorr: 0.0000 (0.0000)  moe_temperature: 0.1500 (0.1500)
2026-04-17 05:11:47 | INFO     | crowdcount.trainer:289 - [ep 490][lr 0.0000955][16.54s]
2026-04-17 05:12:02 | INFO     | crowdcount.trainer:348 - [Eval] mae=105.59  mse=149.60  time=12.6s  best_mae=63.29  best_mse=97.65
2026-04-17 05:12:02 | INFO     | crowdcount.trainer:352 - [Eval] density_mae=68.40  density_mse=108.17  best_density_mae=56.54
2026-04-17 05:12:18 | INFO     | crowdcount.engine:429 - Averaged stats: lr: 0.000095  loss_sum: 0.0454 (0.0431)  losses: 0.0076 (0.0076)  den_loss: 0.0387 (0.0355)  loss_ce: 0.0026 (0.0026)  loss_points: 0.0006 (0.0006)  loss_count: 0.0024 (0.0027)  loss_consistency: 0.0017 (0.0017)  loss_ce_unscaled: 0.0026 (0.0026)  loss_points_unscaled: 3.0193 (3.1809)  loss_count_unscaled: 2.4213 (2.6933)  loss_consistency_unscaled: 1.6743 (1.7166)  den_ssim: 0.0010 (0.0011)  moe_aux_total: 0.0000 (0.0000)  moe_aux_raw: 0.0000 (0.0000)  l_balance: 0.0000 (0.0000)  l_decorr: 0.0000 (0.0000)  moe_temperature: 0.1500 (0.1500)
2026-04-17 05:12:18 | INFO     | crowdcount.trainer:289 - [ep 491][lr 0.0000954][16.17s]
2026-04-17 05:12:33 | INFO     | crowdcount.trainer:348 - [Eval] mae=80.58  mse=119.86  time=12.8s  best_mae=63.29  best_mse=97.65
2026-04-17 05:12:33 | INFO     | crowdcount.trainer:352 - [Eval] density_mae=72.24  density_mse=120.27  best_density_mae=56.54
2026-04-17 05:12:50 | INFO     | crowdcount.engine:429 - Averaged stats: lr: 0.000095  loss_sum: 0.0357 (0.0453)  losses: 0.0075 (0.0080)  den_loss: 0.0305 (0.0373)  loss_ce: 0.0025 (0.0026)  loss_points: 0.0006 (0.0006)  loss_count: 0.0024 (0.0028)  loss_consistency: 0.0020 (0.0020)  loss_ce_unscaled: 0.0025 (0.0026)  loss_points_unscaled: 3.1093 (3.1769)  loss_count_unscaled: 2.3818 (2.7691)  loss_consistency_unscaled: 2.0472 (2.0033)  den_ssim: 0.0010 (0.0011)  moe_aux_total: 0.0000 (0.0000)  moe_aux_raw: 0.0000 (0.0000)  l_balance: 0.0000 (0.0000)  l_decorr: 0.0000 (0.0000)  moe_temperature: 0.1500 (0.1500)
2026-04-17 05:12:50 | INFO     | crowdcount.trainer:289 - [ep 492][lr 0.0000954][17.57s]
2026-04-17 05:13:05 | INFO     | crowdcount.trainer:348 - [Eval] mae=92.26  mse=129.57  time=12.9s  best_mae=63.29  best_mse=97.65
2026-04-17 05:13:05 | INFO     | crowdcount.trainer:352 - [Eval] density_mae=58.74  density_mse=93.18  best_density_mae=56.54
2026-04-17 05:13:22 | INFO     | crowdcount.engine:429 - Averaged stats: lr: 0.000095  loss_sum: 0.0321 (0.0415)  losses: 0.0064 (0.0078)  den_loss: 0.0264 (0.0337)  loss_ce: 0.0021 (0.0026)  loss_points: 0.0006 (0.0006)  loss_count: 0.0024 (0.0030)  loss_consistency: 0.0014 (0.0016)  loss_ce_unscaled: 0.0021 (0.0026)  loss_points_unscaled: 3.0690 (3.1891)  loss_count_unscaled: 2.3514 (2.9741)  loss_consistency_unscaled: 1.3891 (1.5745)  den_ssim: 0.0009 (0.0011)  moe_aux_total: 0.0000 (0.0000)  moe_aux_raw: 0.0000 (0.0000)  l_balance: 0.0000 (0.0000)  l_decorr: 0.0000 (0.0000)  moe_temperature: 0.1500 (0.1500)
2026-04-17 05:13:22 | INFO     | crowdcount.trainer:289 - [ep 493][lr 0.0000954][16.67s]
2026-04-17 05:13:37 | INFO     | crowdcount.trainer:348 - [Eval] mae=85.25  mse=121.58  time=13.1s  best_mae=63.29  best_mse=97.65
2026-04-17 05:13:37 | INFO     | crowdcount.trainer:352 - [Eval] density_mae=62.04  density_mse=103.51  best_density_mae=56.54
2026-04-17 05:13:54 | INFO     | crowdcount.engine:429 - Averaged stats: lr: 0.000095  loss_sum: 0.0306 (0.0365)  losses: 0.0066 (0.0078)  den_loss: 0.0235 (0.0286)  loss_ce: 0.0024 (0.0025)  loss_points: 0.0006 (0.0006)  loss_count: 0.0024 (0.0028)  loss_consistency: 0.0017 (0.0018)  loss_ce_unscaled: 0.0024 (0.0025)  loss_points_unscaled: 3.1862 (3.1297)  loss_count_unscaled: 2.3667 (2.8481)  loss_consistency_unscaled: 1.6909 (1.7979)  den_ssim: 0.0010 (0.0011)  moe_aux_total: 0.0000 (0.0000)  moe_aux_raw: 0.0000 (0.0000)  l_balance: 0.0000 (0.0000)  l_decorr: 0.0000 (0.0000)  moe_temperature: 0.1500 (0.1500)
2026-04-17 05:13:54 | INFO     | crowdcount.trainer:289 - [ep 494][lr 0.0000954][17.11s]
2026-04-17 05:14:09 | INFO     | crowdcount.trainer:348 - [Eval] mae=85.73  mse=129.19  time=13.1s  best_mae=63.29  best_mse=97.65
2026-04-17 05:14:09 | INFO     | crowdcount.trainer:352 - [Eval] density_mae=61.22  density_mse=102.26  best_density_mae=56.54
2026-04-17 05:14:25 | INFO     | crowdcount.engine:429 - Averaged stats: lr: 0.000095  loss_sum: 0.0342 (0.0421)  losses: 0.0075 (0.0079)  den_loss: 0.0252 (0.0342)  loss_ce: 0.0027 (0.0027)  loss_points: 0.0006 (0.0006)  loss_count: 0.0029 (0.0030)  loss_consistency: 0.0015 (0.0016)  loss_ce_unscaled: 0.0027 (0.0027)  loss_points_unscaled: 3.0669 (3.1460)  loss_count_unscaled: 2.9275 (2.9863)  loss_consistency_unscaled: 1.4946 (1.6146)  den_ssim: 0.0010 (0.0011)  moe_aux_total: 0.0000 (0.0000)  moe_aux_raw: 0.0000 (0.0000)  l_balance: 0.0000 (0.0000)  l_decorr: 0.0000 (0.0000)  moe_temperature: 0.1500 (0.1500)
2026-04-17 05:14:25 | INFO     | crowdcount.trainer:289 - [ep 495][lr 0.0000954][16.41s]
2026-04-17 05:14:41 | INFO     | crowdcount.trainer:348 - [Eval] mae=79.08  mse=124.13  time=13.0s  best_mae=63.29  best_mse=97.65
2026-04-17 05:14:41 | INFO     | crowdcount.trainer:352 - [Eval] density_mae=61.50  density_mse=97.73  best_density_mae=56.54
2026-04-17 05:14:59 | INFO     | crowdcount.engine:429 - Averaged stats: lr: 0.000095  loss_sum: 0.0419 (0.0440)  losses: 0.0077 (0.0076)  den_loss: 0.0354 (0.0364)  loss_ce: 0.0027 (0.0026)  loss_points: 0.0006 (0.0006)  loss_count: 0.0025 (0.0029)  loss_consistency: 0.0015 (0.0015)  loss_ce_unscaled: 0.0027 (0.0026)  loss_points_unscaled: 3.0892 (3.1578)  loss_count_unscaled: 2.5408 (2.8581)  loss_consistency_unscaled: 1.5143 (1.5190)  den_ssim: 0.0011 (0.0011)  moe_aux_total: 0.0000 (0.0000)  moe_aux_raw: 0.0000 (0.0000)  l_balance: 0.0000 (0.0000)  l_decorr: 0.0000 (0.0000)  moe_temperature: 0.1500 (0.1500)
2026-04-17 05:14:59 | INFO     | crowdcount.trainer:289 - [ep 496][lr 0.0000953][17.81s]
2026-04-17 05:15:14 | INFO     | crowdcount.trainer:348 - [Eval] mae=80.88  mse=119.68  time=13.3s  best_mae=63.29  best_mse=97.65
2026-04-17 05:15:14 | INFO     | crowdcount.trainer:352 - [Eval] density_mae=66.90  density_mse=108.07  best_density_mae=56.54
2026-04-17 05:15:30 | INFO     | crowdcount.engine:429 - Averaged stats: lr: 0.000095  loss_sum: 0.0270 (0.0371)  losses: 0.0073 (0.0074)  den_loss: 0.0209 (0.0297)  loss_ce: 0.0024 (0.0026)  loss_points: 0.0006 (0.0006)  loss_count: 0.0025 (0.0028)  loss_consistency: 0.0015 (0.0014)  loss_ce_unscaled: 0.0024 (0.0026)  loss_points_unscaled: 3.0554 (3.1141)  loss_count_unscaled: 2.4604 (2.8183)  loss_consistency_unscaled: 1.4934 (1.4445)  den_ssim: 0.0010 (0.0011)  moe_aux_total: 0.0000 (0.0000)  moe_aux_raw: 0.0000 (0.0000)  l_balance: 0.0000 (0.0000)  l_decorr: 0.0000 (0.0000)  moe_temperature: 0.1500 (0.1500)
2026-04-17 05:15:30 | INFO     | crowdcount.trainer:289 - [ep 497][lr 0.0000953][16.62s]
2026-04-17 05:15:46 | INFO     | crowdcount.trainer:348 - [Eval] mae=79.59  mse=113.66  time=13.0s  best_mae=63.29  best_mse=97.65
2026-04-17 05:15:46 | INFO     | crowdcount.trainer:352 - [Eval] density_mae=65.71  density_mse=107.52  best_density_mae=56.54
2026-04-17 05:16:02 | INFO     | crowdcount.engine:429 - Averaged stats: lr: 0.000095  loss_sum: 0.0354 (0.0365)  losses: 0.0068 (0.0074)  den_loss: 0.0270 (0.0291)  loss_ce: 0.0024 (0.0025)  loss_points: 0.0007 (0.0006)  loss_count: 0.0023 (0.0027)  loss_consistency: 0.0013 (0.0016)  loss_ce_unscaled: 0.0024 (0.0025)  loss_points_unscaled: 3.2585 (3.1380)  loss_count_unscaled: 2.2901 (2.6865)  loss_consistency_unscaled: 1.3319 (1.5755)  den_ssim: 0.0010 (0.0011)  moe_aux_total: 0.0000 (0.0000)  moe_aux_raw: 0.0000 (0.0000)  l_balance: 0.0000 (0.0000)  l_decorr: 0.0000 (0.0000)  moe_temperature: 0.1500 (0.1500)
2026-04-17 05:16:02 | INFO     | crowdcount.trainer:289 - [ep 498][lr 0.0000953][16.00s]
2026-04-17 05:16:16 | INFO     | crowdcount.trainer:348 - [Eval] mae=82.13  mse=117.71  time=12.9s  best_mae=63.29  best_mse=97.65
2026-04-17 05:16:16 | INFO     | crowdcount.trainer:352 - [Eval] density_mae=61.77  density_mse=101.60  best_density_mae=56.54
2026-04-17 05:16:33 | INFO     | crowdcount.engine:429 - Averaged stats: lr: 0.000095  loss_sum: 0.0332 (0.0373)  losses: 0.0077 (0.0078)  den_loss: 0.0252 (0.0294)  loss_ce: 0.0026 (0.0026)  loss_points: 0.0006 (0.0006)  loss_count: 0.0026 (0.0027)  loss_consistency: 0.0016 (0.0019)  loss_ce_unscaled: 0.0026 (0.0026)  loss_points_unscaled: 3.1026 (3.1394)  loss_count_unscaled: 2.5822 (2.7316)  loss_consistency_unscaled: 1.6194 (1.8642)  den_ssim: 0.0011 (0.0011)  moe_aux_total: 0.0000 (0.0000)  moe_aux_raw: 0.0000 (0.0000)  l_balance: 0.0000 (0.0000)  l_decorr: 0.0000 (0.0000)  moe_temperature: 0.1500 (0.1500)
2026-04-17 05:16:33 | INFO     | crowdcount.trainer:289 - [ep 499][lr 0.0000953][16.84s]
2026-04-17 05:16:48 | INFO     | crowdcount.trainer:348 - [Eval] mae=92.90  mse=131.57  time=12.7s  best_mae=63.29  best_mse=97.65
2026-04-17 05:16:48 | INFO     | crowdcount.trainer:352 - [Eval] density_mae=67.35  density_mse=103.18  best_density_mae=56.54
2026-04-17 05:17:05 | INFO     | crowdcount.engine:429 - Averaged stats: lr: 0.000095  loss_sum: 0.0422 (0.0408)  losses: 0.0079 (0.0077)  den_loss: 0.0325 (0.0331)  loss_ce: 0.0025 (0.0026)  loss_points: 0.0006 (0.0006)  loss_count: 0.0028 (0.0030)  loss_consistency: 0.0013 (0.0016)  loss_ce_unscaled: 0.0025 (0.0026)  loss_points_unscaled: 3.0797 (3.0910)  loss_count_unscaled: 2.7721 (2.9517)  loss_consistency_unscaled: 1.3482 (1.5527)  den_ssim: 0.0010 (0.0011)  moe_aux_total: 0.0000 (0.0000)  moe_aux_raw: 0.0000 (0.0000)  l_balance: 0.0000 (0.0000)  l_decorr: 0.0000 (0.0000)  moe_temperature: 0.1500 (0.1500)
2026-04-17 05:17:05 | INFO     | crowdcount.trainer:289 - [ep 500][lr 0.0000953][16.82s]
2026-04-17 05:17:19 | INFO     | crowdcount.trainer:348 - [Eval] mae=114.06  mse=160.15  time=13.1s  best_mae=63.29  best_mse=97.65
2026-04-17 05:17:19 | INFO     | crowdcount.trainer:352 - [Eval] density_mae=63.11  density_mse=100.82  best_density_mae=56.54
2026-04-17 05:17:37 | INFO     | crowdcount.engine:429 - Averaged stats: lr: 0.000095  loss_sum: 0.0398 (0.0400)  losses: 0.0071 (0.0077)  den_loss: 0.0327 (0.0323)  loss_ce: 0.0024 (0.0026)  loss_points: 0.0006 (0.0006)  loss_count: 0.0026 (0.0030)  loss_consistency: 0.0014 (0.0015)  loss_ce_unscaled: 0.0024 (0.0026)  loss_points_unscaled: 3.1470 (3.1288)  loss_count_unscaled: 2.6487 (2.9862)  loss_consistency_unscaled: 1.4102 (1.4768)  den_ssim: 0.0010 (0.0011)  moe_aux_total: 0.0000 (0.0000)  moe_aux_raw: 0.0000 (0.0000)  l_balance: 0.0000 (0.0000)  l_decorr: 0.0000 (0.0000)  moe_temperature: 0.1500 (0.1500)
2026-04-17 05:17:37 | INFO     | crowdcount.trainer:289 - [ep 501][lr 0.0000952][17.08s]
2026-04-17 05:17:51 | INFO     | crowdcount.trainer:348 - [Eval] mae=94.41  mse=131.63  time=13.1s  best_mae=63.29  best_mse=97.65
2026-04-17 05:17:51 | INFO     | crowdcount.trainer:352 - [Eval] density_mae=59.96  density_mse=100.11  best_density_mae=56.54
2026-04-17 05:18:07 | INFO     | crowdcount.engine:429 - Averaged stats: lr: 0.000095  loss_sum: 0.0308 (0.0383)  losses: 0.0073 (0.0076)  den_loss: 0.0232 (0.0307)  loss_ce: 0.0025 (0.0025)  loss_points: 0.0006 (0.0006)  loss_count: 0.0026 (0.0028)  loss_consistency: 0.0012 (0.0016)  loss_ce_unscaled: 0.0025 (0.0025)  loss_points_unscaled: 3.1241 (3.1443)  loss_count_unscaled: 2.6368 (2.8338)  loss_consistency_unscaled: 1.2423 (1.5828)  den_ssim: 0.0010 (0.0011)  moe_aux_total: 0.0000 (0.0000)  moe_aux_raw: 0.0000 (0.0000)  l_balance: 0.0000 (0.0000)  l_decorr: 0.0000 (0.0000)  moe_temperature: 0.1500 (0.1500)
2026-04-17 05:18:07 | INFO     | crowdcount.trainer:289 - [ep 502][lr 0.0000952][16.00s]
2026-04-17 05:18:22 | INFO     | crowdcount.trainer:348 - [Eval] mae=95.67  mse=135.29  time=13.0s  best_mae=63.29  best_mse=97.65
2026-04-17 05:18:22 | INFO     | crowdcount.trainer:352 - [Eval] density_mae=60.55  density_mse=96.15  best_density_mae=56.54
2026-04-17 05:18:39 | INFO     | crowdcount.engine:429 - Averaged stats: lr: 0.000095  loss_sum: 0.0499 (0.0423)  losses: 0.0073 (0.0078)  den_loss: 0.0433 (0.0345)  loss_ce: 0.0029 (0.0027)  loss_points: 0.0006 (0.0006)  loss_count: 0.0024 (0.0029)  loss_consistency: 0.0016 (0.0017)  loss_ce_unscaled: 0.0029 (0.0027)  loss_points_unscaled: 2.9865 (3.0586)  loss_count_unscaled: 2.3962 (2.8525)  loss_consistency_unscaled: 1.5822 (1.6597)  den_ssim: 0.0011 (0.0011)  moe_aux_total: 0.0000 (0.0000)  moe_aux_raw: 0.0000 (0.0000)  l_balance: 0.0000 (0.0000)  l_decorr: 0.0000 (0.0000)  moe_temperature: 0.1500 (0.1500)
2026-04-17 05:18:39 | INFO     | crowdcount.trainer:289 - [ep 503][lr 0.0000952][16.59s]
2026-04-17 05:18:54 | INFO     | crowdcount.trainer:348 - [Eval] mae=109.53  mse=151.61  time=13.2s  best_mae=63.29  best_mse=97.65
2026-04-17 05:18:54 | INFO     | crowdcount.trainer:352 - [Eval] density_mae=60.47  density_mse=96.72  best_density_mae=56.54
2026-04-17 05:19:11 | INFO     | crowdcount.engine:429 - Averaged stats: lr: 0.000095  loss_sum: 0.0355 (0.0438)  losses: 0.0070 (0.0077)  den_loss: 0.0274 (0.0361)  loss_ce: 0.0023 (0.0026)  loss_points: 0.0006 (0.0006)  loss_count: 0.0021 (0.0028)  loss_consistency: 0.0016 (0.0017)  loss_ce_unscaled: 0.0023 (0.0026)  loss_points_unscaled: 3.2063 (3.1270)  loss_count_unscaled: 2.1022 (2.7837)  loss_consistency_unscaled: 1.6414 (1.7133)  den_ssim: 0.0010 (0.0011)  moe_aux_total: 0.0000 (0.0000)  moe_aux_raw: 0.0000 (0.0000)  l_balance: 0.0000 (0.0000)  l_decorr: 0.0000 (0.0000)  moe_temperature: 0.1500 (0.1500)
2026-04-17 05:19:11 | INFO     | crowdcount.trainer:289 - [ep 504][lr 0.0000952][16.94s]
2026-04-17 05:19:26 | INFO     | crowdcount.trainer:348 - [Eval] mae=73.42  mse=113.68  time=12.9s  best_mae=63.29  best_mse=97.65
2026-04-17 05:19:26 | INFO     | crowdcount.trainer:352 - [Eval] density_mae=62.87  density_mse=100.36  best_density_mae=56.54
2026-04-17 05:19:42 | INFO     | crowdcount.engine:429 - Averaged stats: lr: 0.000095  loss_sum: 0.0312 (0.0398)  losses: 0.0075 (0.0076)  den_loss: 0.0252 (0.0322)  loss_ce: 0.0025 (0.0025)  loss_points: 0.0006 (0.0006)  loss_count: 0.0030 (0.0028)  loss_consistency: 0.0014 (0.0016)  loss_ce_unscaled: 0.0025 (0.0025)  loss_points_unscaled: 3.1921 (3.1528)  loss_count_unscaled: 3.0172 (2.8080)  loss_consistency_unscaled: 1.4285 (1.6446)  den_ssim: 0.0011 (0.0011)  moe_aux_total: 0.0000 (0.0000)  moe_aux_raw: 0.0000 (0.0000)  l_balance: 0.0000 (0.0000)  l_decorr: 0.0000 (0.0000)  moe_temperature: 0.1500 (0.1500)
2026-04-17 05:19:42 | INFO     | crowdcount.trainer:289 - [ep 505][lr 0.0000952][16.78s]
2026-04-17 05:19:57 | INFO     | crowdcount.trainer:348 - [Eval] mae=66.31  mse=106.83  time=12.8s  best_mae=63.29  best_mse=97.65
2026-04-17 05:19:57 | INFO     | crowdcount.trainer:352 - [Eval] density_mae=77.99  density_mse=124.91  best_density_mae=56.54
2026-04-17 05:20:14 | INFO     | crowdcount.engine:429 - Averaged stats: lr: 0.000095  loss_sum: 0.0248 (0.0398)  losses: 0.0072 (0.0077)  den_loss: 0.0182 (0.0321)  loss_ce: 0.0025 (0.0026)  loss_points: 0.0006 (0.0006)  loss_count: 0.0025 (0.0028)  loss_consistency: 0.0016 (0.0016)  loss_ce_unscaled: 0.0025 (0.0026)  loss_points_unscaled: 3.0152 (3.0924)  loss_count_unscaled: 2.4852 (2.8348)  loss_consistency_unscaled: 1.5883 (1.6315)  den_ssim: 0.0011 (0.0011)  moe_aux_total: 0.0000 (0.0000)  moe_aux_raw: 0.0000 (0.0000)  l_balance: 0.0000 (0.0000)  l_decorr: 0.0000 (0.0000)  moe_temperature: 0.1500 (0.1500)
2026-04-17 05:20:14 | INFO     | crowdcount.trainer:289 - [ep 506][lr 0.0000951][16.58s]
2026-04-17 05:20:29 | INFO     | crowdcount.trainer:348 - [Eval] mae=91.19  mse=130.50  time=12.9s  best_mae=63.29  best_mse=97.65
2026-04-17 05:20:29 | INFO     | crowdcount.trainer:352 - [Eval] density_mae=64.47  density_mse=103.02  best_density_mae=56.54
2026-04-17 05:20:45 | INFO     | crowdcount.engine:429 - Averaged stats: lr: 0.000095  loss_sum: 0.0355 (0.0376)  losses: 0.0071 (0.0075)  den_loss: 0.0290 (0.0301)  loss_ce: 0.0023 (0.0025)  loss_points: 0.0006 (0.0006)  loss_count: 0.0027 (0.0028)  loss_consistency: 0.0014 (0.0015)  loss_ce_unscaled: 0.0023 (0.0025)  loss_points_unscaled: 3.0755 (3.1695)  loss_count_unscaled: 2.6901 (2.8487)  loss_consistency_unscaled: 1.4114 (1.5069)  den_ssim: 0.0010 (0.0011)  moe_aux_total: 0.0000 (0.0000)  moe_aux_raw: 0.0000 (0.0000)  l_balance: 0.0000 (0.0000)  l_decorr: 0.0000 (0.0000)  moe_temperature: 0.1500 (0.1500)
2026-04-17 05:20:45 | INFO     | crowdcount.trainer:289 - [ep 507][lr 0.0000951][16.71s]
2026-04-17 05:21:00 | INFO     | crowdcount.trainer:348 - [Eval] mae=100.90  mse=147.52  time=12.6s  best_mae=63.29  best_mse=97.65
2026-04-17 05:21:00 | INFO     | crowdcount.trainer:352 - [Eval] density_mae=60.03  density_mse=99.96  best_density_mae=56.54
2026-04-17 05:21:17 | INFO     | crowdcount.engine:429 - Averaged stats: lr: 0.000095  loss_sum: 0.0274 (0.0529)  losses: 0.0075 (0.0083)  den_loss: 0.0200 (0.0446)  loss_ce: 0.0028 (0.0028)  loss_points: 0.0006 (0.0006)  loss_count: 0.0026 (0.0031)  loss_consistency: 0.0017 (0.0018)  loss_ce_unscaled: 0.0028 (0.0028)  loss_points_unscaled: 3.0689 (3.0944)  loss_count_unscaled: 2.5508 (3.1300)  loss_consistency_unscaled: 1.7439 (1.7877)  den_ssim: 0.0011 (0.0011)  moe_aux_total: 0.0000 (0.0000)  moe_aux_raw: 0.0000 (0.0000)  l_balance: 0.0000 (0.0000)  l_decorr: 0.0000 (0.0000)  moe_temperature: 0.1500 (0.1500)
2026-04-17 05:21:17 | INFO     | crowdcount.trainer:289 - [ep 508][lr 0.0000951][17.11s]
2026-04-17 05:21:32 | INFO     | crowdcount.trainer:348 - [Eval] mae=98.84  mse=139.34  time=12.8s  best_mae=63.29  best_mse=97.65
2026-04-17 05:21:32 | INFO     | crowdcount.trainer:352 - [Eval] density_mae=59.58  density_mse=97.71  best_density_mae=56.54
2026-04-17 05:21:48 | INFO     | crowdcount.engine:429 - Averaged stats: lr: 0.000095  loss_sum: 0.0253 (0.0369)  losses: 0.0065 (0.0077)  den_loss: 0.0184 (0.0291)  loss_ce: 0.0023 (0.0025)  loss_points: 0.0006 (0.0006)  loss_count: 0.0023 (0.0028)  loss_consistency: 0.0013 (0.0018)  loss_ce_unscaled: 0.0023 (0.0025)  loss_points_unscaled: 3.0358 (3.0947)  loss_count_unscaled: 2.2514 (2.7568)  loss_consistency_unscaled: 1.3315 (1.7810)  den_ssim: 0.0010 (0.0011)  moe_aux_total: 0.0000 (0.0000)  moe_aux_raw: 0.0000 (0.0000)  l_balance: 0.0000 (0.0000)  l_decorr: 0.0000 (0.0000)  moe_temperature: 0.1500 (0.1500)
2026-04-17 05:21:48 | INFO     | crowdcount.trainer:289 - [ep 509][lr 0.0000951][16.22s]
2026-04-17 05:22:03 | INFO     | crowdcount.trainer:348 - [Eval] mae=111.57  mse=153.75  time=13.2s  best_mae=63.29  best_mse=97.65
2026-04-17 05:22:03 | INFO     | crowdcount.trainer:352 - [Eval] density_mae=61.55  density_mse=99.22  best_density_mae=56.54
2026-04-17 05:22:20 | INFO     | crowdcount.engine:429 - Averaged stats: lr: 0.000095  loss_sum: 0.0328 (0.0404)  losses: 0.0066 (0.0073)  den_loss: 0.0256 (0.0331)  loss_ce: 0.0024 (0.0026)  loss_points: 0.0006 (0.0006)  loss_count: 0.0024 (0.0027)  loss_consistency: 0.0014 (0.0014)  loss_ce_unscaled: 0.0024 (0.0026)  loss_points_unscaled: 3.2024 (3.1412)  loss_count_unscaled: 2.4437 (2.6598)  loss_consistency_unscaled: 1.3722 (1.4451)  den_ssim: 0.0010 (0.0011)  moe_aux_total: 0.0000 (0.0000)  moe_aux_raw: 0.0000 (0.0000)  l_balance: 0.0000 (0.0000)  l_decorr: 0.0000 (0.0000)  moe_temperature: 0.1500 (0.1500)
2026-04-17 05:22:20 | INFO     | crowdcount.trainer:289 - [ep 510][lr 0.0000951][17.17s]
2026-04-17 05:22:35 | INFO     | crowdcount.trainer:348 - [Eval] mae=97.01  mse=136.37  time=13.0s  best_mae=63.29  best_mse=97.65
2026-04-17 05:22:35 | INFO     | crowdcount.trainer:352 - [Eval] density_mae=60.45  density_mse=104.88  best_density_mae=56.54
2026-04-17 05:22:52 | INFO     | crowdcount.engine:429 - Averaged stats: lr: 0.000095  loss_sum: 0.0330 (0.0381)  losses: 0.0067 (0.0075)  den_loss: 0.0263 (0.0305)  loss_ce: 0.0021 (0.0025)  loss_points: 0.0006 (0.0006)  loss_count: 0.0022 (0.0027)  loss_consistency: 0.0014 (0.0017)  loss_ce_unscaled: 0.0021 (0.0025)  loss_points_unscaled: 3.0469 (3.1596)  loss_count_unscaled: 2.2004 (2.7138)  loss_consistency_unscaled: 1.3621 (1.6603)  den_ssim: 0.0010 (0.0011)  moe_aux_total: 0.0000 (0.0000)  moe_aux_raw: 0.0000 (0.0000)  l_balance: 0.0000 (0.0000)  l_decorr: 0.0000 (0.0000)  moe_temperature: 0.1500 (0.1500)
2026-04-17 05:22:52 | INFO     | crowdcount.trainer:289 - [ep 511][lr 0.0000951][16.70s]
2026-04-17 05:23:06 | INFO     | crowdcount.trainer:348 - [Eval] mae=90.51  mse=132.62  time=12.7s  best_mae=63.29  best_mse=97.65
2026-04-17 05:23:06 | INFO     | crowdcount.trainer:352 - [Eval] density_mae=65.65  density_mse=107.44  best_density_mae=56.54
2026-04-17 05:23:23 | INFO     | crowdcount.engine:429 - Averaged stats: lr: 0.000095  loss_sum: 0.0355 (0.0430)  losses: 0.0071 (0.0074)  den_loss: 0.0287 (0.0356)  loss_ce: 0.0025 (0.0026)  loss_points: 0.0006 (0.0006)  loss_count: 0.0025 (0.0028)  loss_consistency: 0.0013 (0.0014)  loss_ce_unscaled: 0.0025 (0.0026)  loss_points_unscaled: 3.0574 (3.0958)  loss_count_unscaled: 2.5427 (2.7913)  loss_consistency_unscaled: 1.2651 (1.3561)  den_ssim: 0.0010 (0.0011)  moe_aux_total: 0.0000 (0.0000)  moe_aux_raw: 0.0000 (0.0000)  l_balance: 0.0000 (0.0000)  l_decorr: 0.0000 (0.0000)  moe_temperature: 0.1500 (0.1500)
2026-04-17 05:23:23 | INFO     | crowdcount.trainer:289 - [ep 512][lr 0.0000950][16.92s]
2026-04-17 05:23:38 | INFO     | crowdcount.trainer:348 - [Eval] mae=81.68  mse=121.36  time=12.9s  best_mae=63.29  best_mse=97.65
2026-04-17 05:23:38 | INFO     | crowdcount.trainer:352 - [Eval] density_mae=68.60  density_mse=114.93  best_density_mae=56.54
2026-04-17 05:23:55 | INFO     | crowdcount.engine:429 - Averaged stats: lr: 0.000095  loss_sum: 0.0324 (0.0403)  losses: 0.0078 (0.0077)  den_loss: 0.0255 (0.0326)  loss_ce: 0.0026 (0.0026)  loss_points: 0.0006 (0.0006)  loss_count: 0.0027 (0.0028)  loss_consistency: 0.0017 (0.0016)  loss_ce_unscaled: 0.0026 (0.0026)  loss_points_unscaled: 3.1410 (3.0897)  loss_count_unscaled: 2.7378 (2.8450)  loss_consistency_unscaled: 1.7223 (1.6345)  den_ssim: 0.0011 (0.0010)  moe_aux_total: 0.0000 (0.0000)  moe_aux_raw: 0.0000 (0.0000)  l_balance: 0.0000 (0.0000)  l_decorr: 0.0000 (0.0000)  moe_temperature: 0.1500 (0.1500)
2026-04-17 05:23:55 | INFO     | crowdcount.trainer:289 - [ep 513][lr 0.0000950][16.84s]
2026-04-17 05:24:10 | INFO     | crowdcount.trainer:348 - [Eval] mae=87.20  mse=124.29  time=12.7s  best_mae=63.29  best_mse=97.65
2026-04-17 05:24:10 | INFO     | crowdcount.trainer:352 - [Eval] density_mae=65.46  density_mse=108.36  best_density_mae=56.54
2026-04-17 05:24:26 | INFO     | crowdcount.engine:429 - Averaged stats: lr: 0.000095  loss_sum: 0.0326 (0.0449)  losses: 0.0070 (0.0076)  den_loss: 0.0257 (0.0373)  loss_ce: 0.0026 (0.0026)  loss_points: 0.0006 (0.0006)  loss_count: 0.0024 (0.0028)  loss_consistency: 0.0015 (0.0017)  loss_ce_unscaled: 0.0026 (0.0026)  loss_points_unscaled: 3.1155 (3.1037)  loss_count_unscaled: 2.3879 (2.7700)  loss_consistency_unscaled: 1.4501 (1.6572)  den_ssim: 0.0010 (0.0010)  moe_aux_total: 0.0000 (0.0000)  moe_aux_raw: 0.0000 (0.0000)  l_balance: 0.0000 (0.0000)  l_decorr: 0.0000 (0.0000)  moe_temperature: 0.1500 (0.1500)
2026-04-17 05:24:26 | INFO     | crowdcount.trainer:289 - [ep 514][lr 0.0000950][16.54s]
2026-04-17 05:24:41 | INFO     | crowdcount.trainer:348 - [Eval] mae=93.23  mse=130.63  time=12.8s  best_mae=63.29  best_mse=97.65
2026-04-17 05:24:41 | INFO     | crowdcount.trainer:352 - [Eval] density_mae=68.35  density_mse=113.07  best_density_mae=56.54
2026-04-17 05:24:58 | INFO     | crowdcount.engine:429 - Averaged stats: lr: 0.000095  loss_sum: 0.0308 (0.0450)  losses: 0.0079 (0.0080)  den_loss: 0.0223 (0.0369)  loss_ce: 0.0025 (0.0026)  loss_points: 0.0006 (0.0006)  loss_count: 0.0025 (0.0031)  loss_consistency: 0.0016 (0.0017)  loss_ce_unscaled: 0.0025 (0.0026)  loss_points_unscaled: 3.1386 (3.1413)  loss_count_unscaled: 2.4588 (3.0813)  loss_consistency_unscaled: 1.5608 (1.7173)  den_ssim: 0.0010 (0.0011)  moe_aux_total: 0.0000 (0.0000)  moe_aux_raw: 0.0000 (0.0000)  l_balance: 0.0000 (0.0000)  l_decorr: 0.0000 (0.0000)  moe_temperature: 0.1500 (0.1500)
2026-04-17 05:24:58 | INFO     | crowdcount.trainer:289 - [ep 515][lr 0.0000950][16.52s]
2026-04-17 05:25:13 | INFO     | crowdcount.trainer:348 - [Eval] mae=94.35  mse=131.24  time=13.0s  best_mae=63.29  best_mse=97.65
2026-04-17 05:25:13 | INFO     | crowdcount.trainer:352 - [Eval] density_mae=63.10  density_mse=102.80  best_density_mae=56.54
2026-04-17 05:25:29 | INFO     | crowdcount.engine:429 - Averaged stats: lr: 0.000095  loss_sum: 0.0302 (0.0359)  losses: 0.0074 (0.0075)  den_loss: 0.0230 (0.0284)  loss_ce: 0.0025 (0.0025)  loss_points: 0.0006 (0.0006)  loss_count: 0.0026 (0.0027)  loss_consistency: 0.0014 (0.0016)  loss_ce_unscaled: 0.0025 (0.0025)  loss_points_unscaled: 3.0345 (3.1646)  loss_count_unscaled: 2.5616 (2.7148)  loss_consistency_unscaled: 1.3921 (1.6099)  den_ssim: 0.0011 (0.0011)  moe_aux_total: 0.0000 (0.0000)  moe_aux_raw: 0.0000 (0.0000)  l_balance: 0.0000 (0.0000)  l_decorr: 0.0000 (0.0000)  moe_temperature: 0.1500 (0.1500)
2026-04-17 05:25:29 | INFO     | crowdcount.trainer:289 - [ep 516][lr 0.0000950][15.97s]
2026-04-17 05:25:44 | INFO     | crowdcount.trainer:348 - [Eval] mae=87.38  mse=125.06  time=13.0s  best_mae=63.29  best_mse=97.65
2026-04-17 05:25:44 | INFO     | crowdcount.trainer:352 - [Eval] density_mae=60.66  density_mse=99.12  best_density_mae=56.54
2026-04-17 05:26:00 | INFO     | crowdcount.engine:429 - Averaged stats: lr: 0.000095  loss_sum: 0.0247 (0.0358)  losses: 0.0066 (0.0070)  den_loss: 0.0178 (0.0287)  loss_ce: 0.0024 (0.0025)  loss_points: 0.0006 (0.0006)  loss_count: 0.0022 (0.0026)  loss_consistency: 0.0013 (0.0013)  loss_ce_unscaled: 0.0024 (0.0025)  loss_points_unscaled: 3.0886 (3.0883)  loss_count_unscaled: 2.2392 (2.6306)  loss_consistency_unscaled: 1.3068 (1.3415)  den_ssim: 0.0010 (0.0010)  moe_aux_total: 0.0000 (0.0000)  moe_aux_raw: 0.0000 (0.0000)  l_balance: 0.0000 (0.0000)  l_decorr: 0.0000 (0.0000)  moe_temperature: 0.1500 (0.1500)
2026-04-17 05:26:00 | INFO     | crowdcount.trainer:289 - [ep 517][lr 0.0000949][16.53s]
2026-04-17 05:26:15 | INFO     | crowdcount.trainer:348 - [Eval] mae=102.96  mse=139.32  time=12.8s  best_mae=63.29  best_mse=97.65
2026-04-17 05:26:15 | INFO     | crowdcount.trainer:352 - [Eval] density_mae=65.00  density_mse=112.70  best_density_mae=56.54
2026-04-17 05:26:31 | INFO     | crowdcount.engine:429 - Averaged stats: lr: 0.000095  loss_sum: 0.0221 (0.0337)  losses: 0.0066 (0.0073)  den_loss: 0.0163 (0.0264)  loss_ce: 0.0022 (0.0025)  loss_points: 0.0006 (0.0006)  loss_count: 0.0024 (0.0027)  loss_consistency: 0.0014 (0.0015)  loss_ce_unscaled: 0.0022 (0.0025)  loss_points_unscaled: 3.0085 (3.0692)  loss_count_unscaled: 2.3791 (2.7035)  loss_consistency_unscaled: 1.4300 (1.4616)  den_ssim: 0.0010 (0.0010)  moe_aux_total: 0.0000 (0.0000)  moe_aux_raw: 0.0000 (0.0000)  l_balance: 0.0000 (0.0000)  l_decorr: 0.0000 (0.0000)  moe_temperature: 0.1500 (0.1500)
2026-04-17 05:26:31 | INFO     | crowdcount.trainer:289 - [ep 518][lr 0.0000949][15.71s]
2026-04-17 05:26:45 | INFO     | crowdcount.trainer:348 - [Eval] mae=91.82  mse=134.25  time=12.6s  best_mae=63.29  best_mse=97.65
2026-04-17 05:26:45 | INFO     | crowdcount.trainer:352 - [Eval] density_mae=64.84  density_mse=103.06  best_density_mae=56.54
2026-04-17 05:27:02 | INFO     | crowdcount.engine:429 - Averaged stats: lr: 0.000095  loss_sum: 0.0358 (0.0394)  losses: 0.0065 (0.0073)  den_loss: 0.0303 (0.0320)  loss_ce: 0.0025 (0.0026)  loss_points: 0.0006 (0.0006)  loss_count: 0.0022 (0.0025)  loss_consistency: 0.0014 (0.0016)  loss_ce_unscaled: 0.0025 (0.0026)  loss_points_unscaled: 3.1228 (3.1373)  loss_count_unscaled: 2.2072 (2.5120)  loss_consistency_unscaled: 1.4469 (1.6009)  den_ssim: 0.0010 (0.0011)  moe_aux_total: 0.0000 (0.0000)  moe_aux_raw: 0.0000 (0.0000)  l_balance: 0.0000 (0.0000)  l_decorr: 0.0000 (0.0000)  moe_temperature: 0.1500 (0.1500)
2026-04-17 05:27:02 | INFO     | crowdcount.trainer:289 - [ep 519][lr 0.0000949][16.63s]
2026-04-17 05:27:17 | INFO     | crowdcount.trainer:348 - [Eval] mae=84.52  mse=123.93  time=12.8s  best_mae=63.29  best_mse=97.65
2026-04-17 05:27:17 | INFO     | crowdcount.trainer:352 - [Eval] density_mae=63.27  density_mse=103.57  best_density_mae=56.54
2026-04-17 05:27:33 | INFO     | crowdcount.engine:429 - Averaged stats: lr: 0.000095  loss_sum: 0.0295 (0.0385)  losses: 0.0069 (0.0075)  den_loss: 0.0231 (0.0310)  loss_ce: 0.0024 (0.0026)  loss_points: 0.0006 (0.0006)  loss_count: 0.0024 (0.0027)  loss_consistency: 0.0016 (0.0016)  loss_ce_unscaled: 0.0024 (0.0026)  loss_points_unscaled: 3.1554 (3.0937)  loss_count_unscaled: 2.4061 (2.7480)  loss_consistency_unscaled: 1.6224 (1.6042)  den_ssim: 0.0010 (0.0010)  moe_aux_total: 0.0000 (0.0000)  moe_aux_raw: 0.0000 (0.0000)  l_balance: 0.0000 (0.0000)  l_decorr: 0.0000 (0.0000)  moe_temperature: 0.1500 (0.1500)
2026-04-17 05:27:33 | INFO     | crowdcount.trainer:289 - [ep 520][lr 0.0000949][16.29s]
2026-04-17 05:27:48 | INFO     | crowdcount.trainer:348 - [Eval] mae=105.01  mse=148.48  time=12.9s  best_mae=63.29  best_mse=97.65
2026-04-17 05:27:48 | INFO     | crowdcount.trainer:352 - [Eval] density_mae=61.18  density_mse=105.85  best_density_mae=56.54
2026-04-17 05:28:04 | INFO     | crowdcount.engine:429 - Averaged stats: lr: 0.000095  loss_sum: 0.0261 (0.0371)  losses: 0.0069 (0.0074)  den_loss: 0.0199 (0.0298)  loss_ce: 0.0024 (0.0025)  loss_points: 0.0006 (0.0006)  loss_count: 0.0022 (0.0028)  loss_consistency: 0.0013 (0.0015)  loss_ce_unscaled: 0.0024 (0.0025)  loss_points_unscaled: 3.1937 (3.1546)  loss_count_unscaled: 2.1785 (2.7636)  loss_consistency_unscaled: 1.2674 (1.4734)  den_ssim: 0.0010 (0.0010)  moe_aux_total: 0.0000 (0.0000)  moe_aux_raw: 0.0000 (0.0000)  l_balance: 0.0000 (0.0000)  l_decorr: 0.0000 (0.0000)  moe_temperature: 0.1500 (0.1500)
2026-04-17 05:28:05 | INFO     | crowdcount.trainer:289 - [ep 521][lr 0.0000949][16.83s]
2026-04-17 05:28:19 | INFO     | crowdcount.trainer:348 - [Eval] mae=115.02  mse=155.87  time=12.8s  best_mae=63.29  best_mse=97.65
2026-04-17 05:28:19 | INFO     | crowdcount.trainer:352 - [Eval] density_mae=63.50  density_mse=98.86  best_density_mae=56.54
2026-04-17 05:28:35 | INFO     | crowdcount.engine:429 - Averaged stats: lr: 0.000095  loss_sum: 0.0319 (0.0339)  losses: 0.0065 (0.0069)  den_loss: 0.0258 (0.0270)  loss_ce: 0.0025 (0.0024)  loss_points: 0.0006 (0.0006)  loss_count: 0.0022 (0.0025)  loss_consistency: 0.0012 (0.0013)  loss_ce_unscaled: 0.0025 (0.0024)  loss_points_unscaled: 3.1286 (3.0207)  loss_count_unscaled: 2.1600 (2.5388)  loss_consistency_unscaled: 1.1693 (1.2968)  den_ssim: 0.0010 (0.0010)  moe_aux_total: 0.0000 (0.0000)  moe_aux_raw: 0.0000 (0.0000)  l_balance: 0.0000 (0.0000)  l_decorr: 0.0000 (0.0000)  moe_temperature: 0.1500 (0.1500)
2026-04-17 05:28:35 | INFO     | crowdcount.trainer:289 - [ep 522][lr 0.0000948][16.00s]
2026-04-17 05:28:50 | INFO     | crowdcount.trainer:348 - [Eval] mae=93.84  mse=132.50  time=12.4s  best_mae=63.29  best_mse=97.65
2026-04-17 05:28:50 | INFO     | crowdcount.trainer:352 - [Eval] density_mae=61.95  density_mse=101.02  best_density_mae=56.54
2026-04-17 05:29:06 | INFO     | crowdcount.engine:429 - Averaged stats: lr: 0.000095  loss_sum: 0.0329 (0.0432)  losses: 0.0071 (0.0077)  den_loss: 0.0255 (0.0355)  loss_ce: 0.0024 (0.0026)  loss_points: 0.0006 (0.0006)  loss_count: 0.0023 (0.0029)  loss_consistency: 0.0016 (0.0017)  loss_ce_unscaled: 0.0024 (0.0026)  loss_points_unscaled: 3.1563 (3.1400)  loss_count_unscaled: 2.3163 (2.8560)  loss_consistency_unscaled: 1.6213 (1.6519)  den_ssim: 0.0010 (0.0010)  moe_aux_total: 0.0000 (0.0000)  moe_aux_raw: 0.0000 (0.0000)  l_balance: 0.0000 (0.0000)  l_decorr: 0.0000 (0.0000)  moe_temperature: 0.1500 (0.1500)
2026-04-17 05:29:06 | INFO     | crowdcount.trainer:289 - [ep 523][lr 0.0000948][16.57s]
2026-04-17 05:29:21 | INFO     | crowdcount.trainer:348 - [Eval] mae=82.69  mse=125.22  time=13.2s  best_mae=63.29  best_mse=97.65
2026-04-17 05:29:21 | INFO     | crowdcount.trainer:352 - [Eval] density_mae=63.99  density_mse=106.90  best_density_mae=56.54
2026-04-17 05:29:38 | INFO     | crowdcount.engine:429 - Averaged stats: lr: 0.000095  loss_sum: 0.0276 (0.0339)  losses: 0.0070 (0.0068)  den_loss: 0.0216 (0.0271)  loss_ce: 0.0023 (0.0024)  loss_points: 0.0006 (0.0006)  loss_count: 0.0024 (0.0023)  loss_consistency: 0.0014 (0.0014)  loss_ce_unscaled: 0.0023 (0.0024)  loss_points_unscaled: 3.1722 (3.1879)  loss_count_unscaled: 2.3896 (2.3407)  loss_consistency_unscaled: 1.3595 (1.4459)  den_ssim: 0.0011 (0.0010)  moe_aux_total: 0.0000 (0.0000)  moe_aux_raw: 0.0000 (0.0000)  l_balance: 0.0000 (0.0000)  l_decorr: 0.0000 (0.0000)  moe_temperature: 0.1500 (0.1500)
2026-04-17 05:29:38 | INFO     | crowdcount.trainer:289 - [ep 524][lr 0.0000948][16.93s]
2026-04-17 05:29:53 | INFO     | crowdcount.trainer:348 - [Eval] mae=87.36  mse=125.14  time=12.9s  best_mae=63.29  best_mse=97.65
2026-04-17 05:29:53 | INFO     | crowdcount.trainer:352 - [Eval] density_mae=60.03  density_mse=97.39  best_density_mae=56.54
2026-04-17 05:30:09 | INFO     | crowdcount.engine:429 - Averaged stats: lr: 0.000095  loss_sum: 0.0216 (0.0339)  losses: 0.0063 (0.0072)  den_loss: 0.0161 (0.0267)  loss_ce: 0.0023 (0.0025)  loss_points: 0.0006 (0.0006)  loss_count: 0.0022 (0.0025)  loss_consistency: 0.0014 (0.0016)  loss_ce_unscaled: 0.0023 (0.0025)  loss_points_unscaled: 3.0049 (3.0818)  loss_count_unscaled: 2.2337 (2.4880)  loss_consistency_unscaled: 1.3839 (1.5544)  den_ssim: 0.0010 (0.0011)  moe_aux_total: 0.0000 (0.0000)  moe_aux_raw: 0.0000 (0.0000)  l_balance: 0.0000 (0.0000)  l_decorr: 0.0000 (0.0000)  moe_temperature: 0.1500 (0.1500)
2026-04-17 05:30:09 | INFO     | crowdcount.trainer:289 - [ep 525][lr 0.0000948][16.25s]
2026-04-17 05:30:24 | INFO     | crowdcount.trainer:348 - [Eval] mae=85.59  mse=122.05  time=13.1s  best_mae=63.29  best_mse=97.65
2026-04-17 05:30:24 | INFO     | crowdcount.trainer:352 - [Eval] density_mae=69.80  density_mse=117.83  best_density_mae=56.54
2026-04-17 05:30:40 | INFO     | crowdcount.engine:429 - Averaged stats: lr: 0.000095  loss_sum: 0.0351 (0.0383)  losses: 0.0068 (0.0071)  den_loss: 0.0290 (0.0311)  loss_ce: 0.0024 (0.0024)  loss_points: 0.0006 (0.0006)  loss_count: 0.0025 (0.0027)  loss_consistency: 0.0013 (0.0014)  loss_ce_unscaled: 0.0024 (0.0024)  loss_points_unscaled: 3.0733 (3.0542)  loss_count_unscaled: 2.5435 (2.7176)  loss_consistency_unscaled: 1.2534 (1.3844)  den_ssim: 0.0010 (0.0010)  moe_aux_total: 0.0000 (0.0000)  moe_aux_raw: 0.0000 (0.0000)  l_balance: 0.0000 (0.0000)  l_decorr: 0.0000 (0.0000)  moe_temperature: 0.1500 (0.1500)
2026-04-17 05:30:40 | INFO     | crowdcount.trainer:289 - [ep 526][lr 0.0000948][16.42s]
2026-04-17 05:30:55 | INFO     | crowdcount.trainer:348 - [Eval] mae=86.59  mse=127.95  time=12.8s  best_mae=63.29  best_mse=97.65
2026-04-17 05:30:55 | INFO     | crowdcount.trainer:352 - [Eval] density_mae=63.48  density_mse=107.67  best_density_mae=56.54
2026-04-17 05:31:11 | INFO     | crowdcount.engine:429 - Averaged stats: lr: 0.000095  loss_sum: 0.0335 (0.0408)  losses: 0.0074 (0.0077)  den_loss: 0.0262 (0.0331)  loss_ce: 0.0026 (0.0026)  loss_points: 0.0006 (0.0006)  loss_count: 0.0024 (0.0027)  loss_consistency: 0.0017 (0.0018)  loss_ce_unscaled: 0.0026 (0.0026)  loss_points_unscaled: 3.2292 (3.1420)  loss_count_unscaled: 2.4057 (2.7283)  loss_consistency_unscaled: 1.7073 (1.8004)  den_ssim: 0.0011 (0.0010)  moe_aux_total: 0.0000 (0.0000)  moe_aux_raw: 0.0000 (0.0000)  l_balance: 0.0000 (0.0000)  l_decorr: 0.0000 (0.0000)  moe_temperature: 0.1500 (0.1500)
2026-04-17 05:31:11 | INFO     | crowdcount.trainer:289 - [ep 527][lr 0.0000947][16.73s]
2026-04-17 05:31:26 | INFO     | crowdcount.trainer:348 - [Eval] mae=98.07  mse=139.03  time=12.7s  best_mae=63.29  best_mse=97.65
2026-04-17 05:31:26 | INFO     | crowdcount.trainer:352 - [Eval] density_mae=62.44  density_mse=110.92  best_density_mae=56.54
2026-04-17 05:31:42 | INFO     | crowdcount.engine:429 - Averaged stats: lr: 0.000095  loss_sum: 0.0298 (0.0371)  losses: 0.0069 (0.0071)  den_loss: 0.0218 (0.0300)  loss_ce: 0.0023 (0.0024)  loss_points: 0.0006 (0.0006)  loss_count: 0.0024 (0.0026)  loss_consistency: 0.0015 (0.0015)  loss_ce_unscaled: 0.0023 (0.0024)  loss_points_unscaled: 3.0586 (3.0622)  loss_count_unscaled: 2.4124 (2.5780)  loss_consistency_unscaled: 1.5484 (1.5426)  den_ssim: 0.0010 (0.0010)  moe_aux_total: 0.0000 (0.0000)  moe_aux_raw: 0.0000 (0.0000)  l_balance: 0.0000 (0.0000)  l_decorr: 0.0000 (0.0000)  moe_temperature: 0.1500 (0.1500)
2026-04-17 05:31:42 | INFO     | crowdcount.trainer:289 - [ep 528][lr 0.0000947][16.14s]
2026-04-17 05:31:57 | INFO     | crowdcount.trainer:348 - [Eval] mae=94.11  mse=132.41  time=12.8s  best_mae=63.29  best_mse=97.65
2026-04-17 05:31:57 | INFO     | crowdcount.trainer:352 - [Eval] density_mae=58.53  density_mse=97.29  best_density_mae=56.54
2026-04-17 05:32:13 | INFO     | crowdcount.engine:429 - Averaged stats: lr: 0.000095  loss_sum: 0.0273 (0.0361)  losses: 0.0066 (0.0074)  den_loss: 0.0214 (0.0288)  loss_ce: 0.0022 (0.0025)  loss_points: 0.0006 (0.0006)  loss_count: 0.0025 (0.0029)  loss_consistency: 0.0013 (0.0014)  loss_ce_unscaled: 0.0022 (0.0025)  loss_points_unscaled: 3.0379 (3.1188)  loss_count_unscaled: 2.4571 (2.8504)  loss_consistency_unscaled: 1.3339 (1.3882)  den_ssim: 0.0010 (0.0011)  moe_aux_total: 0.0000 (0.0000)  moe_aux_raw: 0.0000 (0.0000)  l_balance: 0.0000 (0.0000)  l_decorr: 0.0000 (0.0000)  moe_temperature: 0.1500 (0.1500)
2026-04-17 05:32:13 | INFO     | crowdcount.trainer:289 - [ep 529][lr 0.0000947][16.47s]
2026-04-17 05:32:28 | INFO     | crowdcount.trainer:348 - [Eval] mae=88.93  mse=128.37  time=13.1s  best_mae=63.29  best_mse=97.65
2026-04-17 05:32:28 | INFO     | crowdcount.trainer:352 - [Eval] density_mae=66.13  density_mse=106.68  best_density_mae=56.54
2026-04-17 05:32:45 | INFO     | crowdcount.engine:429 - Averaged stats: lr: 0.000095  loss_sum: 0.0451 (0.0428)  losses: 0.0080 (0.0076)  den_loss: 0.0390 (0.0352)  loss_ce: 0.0026 (0.0025)  loss_points: 0.0006 (0.0006)  loss_count: 0.0026 (0.0029)  loss_consistency: 0.0015 (0.0016)  loss_ce_unscaled: 0.0026 (0.0025)  loss_points_unscaled: 3.0779 (3.0515)  loss_count_unscaled: 2.6211 (2.8928)  loss_consistency_unscaled: 1.4652 (1.5527)  den_ssim: 0.0010 (0.0010)  moe_aux_total: 0.0000 (0.0000)  moe_aux_raw: 0.0000 (0.0000)  l_balance: 0.0000 (0.0000)  l_decorr: 0.0000 (0.0000)  moe_temperature: 0.1500 (0.1500)
2026-04-17 05:32:45 | INFO     | crowdcount.trainer:289 - [ep 530][lr 0.0000947][16.42s]
2026-04-17 05:33:00 | INFO     | crowdcount.trainer:348 - [Eval] mae=86.64  mse=124.25  time=13.0s  best_mae=63.29  best_mse=97.65
2026-04-17 05:33:00 | INFO     | crowdcount.trainer:352 - [Eval] density_mae=61.03  density_mse=100.19  best_density_mae=56.54
2026-04-17 05:33:17 | INFO     | crowdcount.engine:429 - Averaged stats: lr: 0.000095  loss_sum: 0.0406 (0.0462)  losses: 0.0081 (0.0082)  den_loss: 0.0322 (0.0381)  loss_ce: 0.0029 (0.0027)  loss_points: 0.0006 (0.0006)  loss_count: 0.0031 (0.0031)  loss_consistency: 0.0016 (0.0018)  loss_ce_unscaled: 0.0029 (0.0027)  loss_points_unscaled: 3.1304 (3.0924)  loss_count_unscaled: 3.1493 (3.0777)  loss_consistency_unscaled: 1.6236 (1.7787)  den_ssim: 0.0011 (0.0011)  moe_aux_total: 0.0000 (0.0000)  moe_aux_raw: 0.0000 (0.0000)  l_balance: 0.0000 (0.0000)  l_decorr: 0.0000 (0.0000)  moe_temperature: 0.1500 (0.1500)
2026-04-17 05:33:17 | INFO     | crowdcount.trainer:289 - [ep 531][lr 0.0000947][16.97s]
2026-04-17 05:33:32 | INFO     | crowdcount.trainer:348 - [Eval] mae=75.84  mse=114.52  time=12.7s  best_mae=63.29  best_mse=97.65
2026-04-17 05:33:32 | INFO     | crowdcount.trainer:352 - [Eval] density_mae=61.97  density_mse=101.05  best_density_mae=56.54
2026-04-17 05:33:49 | INFO     | crowdcount.engine:429 - Averaged stats: lr: 0.000095  loss_sum: 0.0256 (0.0427)  losses: 0.0066 (0.0076)  den_loss: 0.0190 (0.0350)  loss_ce: 0.0026 (0.0026)  loss_points: 0.0006 (0.0006)  loss_count: 0.0024 (0.0027)  loss_consistency: 0.0014 (0.0017)  loss_ce_unscaled: 0.0026 (0.0026)  loss_points_unscaled: 2.9763 (3.0518)  loss_count_unscaled: 2.3875 (2.7157)  loss_consistency_unscaled: 1.4184 (1.7141)  den_ssim: 0.0010 (0.0011)  moe_aux_total: 0.0000 (0.0000)  moe_aux_raw: 0.0000 (0.0000)  l_balance: 0.0000 (0.0000)  l_decorr: 0.0000 (0.0000)  moe_temperature: 0.1500 (0.1500)
2026-04-17 05:33:49 | INFO     | crowdcount.trainer:289 - [ep 532][lr 0.0000946][16.91s]
2026-04-17 05:34:04 | INFO     | crowdcount.trainer:348 - [Eval] mae=84.98  mse=122.34  time=13.1s  best_mae=63.29  best_mse=97.65
2026-04-17 05:34:04 | INFO     | crowdcount.trainer:352 - [Eval] density_mae=64.87  density_mse=111.39  best_density_mae=56.54
2026-04-17 05:34:20 | INFO     | crowdcount.engine:429 - Averaged stats: lr: 0.000095  loss_sum: 0.0337 (0.0373)  losses: 0.0077 (0.0076)  den_loss: 0.0251 (0.0297)  loss_ce: 0.0025 (0.0026)  loss_points: 0.0006 (0.0006)  loss_count: 0.0026 (0.0027)  loss_consistency: 0.0016 (0.0017)  loss_ce_unscaled: 0.0025 (0.0026)  loss_points_unscaled: 3.1370 (3.1073)  loss_count_unscaled: 2.5725 (2.7441)  loss_consistency_unscaled: 1.5909 (1.6626)  den_ssim: 0.0011 (0.0011)  moe_aux_total: 0.0000 (0.0000)  moe_aux_raw: 0.0000 (0.0000)  l_balance: 0.0000 (0.0000)  l_decorr: 0.0000 (0.0000)  moe_temperature: 0.1500 (0.1500)
2026-04-17 05:34:20 | INFO     | crowdcount.trainer:289 - [ep 533][lr 0.0000946][16.74s]
2026-04-17 05:34:35 | INFO     | crowdcount.trainer:348 - [Eval] mae=89.41  mse=129.98  time=12.8s  best_mae=63.29  best_mse=97.65
2026-04-17 05:34:35 | INFO     | crowdcount.trainer:352 - [Eval] density_mae=59.33  density_mse=96.40  best_density_mae=56.54
2026-04-17 05:34:52 | INFO     | crowdcount.engine:429 - Averaged stats: lr: 0.000095  loss_sum: 0.0326 (0.0382)  losses: 0.0071 (0.0077)  den_loss: 0.0247 (0.0304)  loss_ce: 0.0025 (0.0025)  loss_points: 0.0006 (0.0006)  loss_count: 0.0025 (0.0028)  loss_consistency: 0.0017 (0.0018)  loss_ce_unscaled: 0.0025 (0.0025)  loss_points_unscaled: 3.0716 (3.1049)  loss_count_unscaled: 2.5154 (2.8072)  loss_consistency_unscaled: 1.7165 (1.8013)  den_ssim: 0.0010 (0.0011)  moe_aux_total: 0.0000 (0.0000)  moe_aux_raw: 0.0000 (0.0000)  l_balance: 0.0000 (0.0000)  l_decorr: 0.0000 (0.0000)  moe_temperature: 0.1500 (0.1500)
2026-04-17 05:34:52 | INFO     | crowdcount.trainer:289 - [ep 534][lr 0.0000946][16.71s]
2026-04-17 05:35:07 | INFO     | crowdcount.trainer:348 - [Eval] mae=77.01  mse=117.37  time=12.8s  best_mae=63.29  best_mse=97.65
2026-04-17 05:35:07 | INFO     | crowdcount.trainer:352 - [Eval] density_mae=62.53  density_mse=100.60  best_density_mae=56.54
2026-04-17 05:35:24 | INFO     | crowdcount.engine:429 - Averaged stats: lr: 0.000095  loss_sum: 0.0317 (0.0423)  losses: 0.0069 (0.0077)  den_loss: 0.0251 (0.0345)  loss_ce: 0.0024 (0.0025)  loss_points: 0.0006 (0.0006)  loss_count: 0.0025 (0.0028)  loss_consistency: 0.0015 (0.0017)  loss_ce_unscaled: 0.0024 (0.0025)  loss_points_unscaled: 3.0279 (3.1531)  loss_count_unscaled: 2.4886 (2.8169)  loss_consistency_unscaled: 1.5350 (1.7160)  den_ssim: 0.0010 (0.0011)  moe_aux_total: 0.0000 (0.0000)  moe_aux_raw: 0.0000 (0.0000)  l_balance: 0.0000 (0.0000)  l_decorr: 0.0000 (0.0000)  moe_temperature: 0.1500 (0.1500)
2026-04-17 05:35:24 | INFO     | crowdcount.trainer:289 - [ep 535][lr 0.0000946][17.11s]
2026-04-17 05:35:38 | INFO     | crowdcount.trainer:348 - [Eval] mae=88.85  mse=128.61  time=12.9s  best_mae=63.29  best_mse=97.65
2026-04-17 05:35:38 | INFO     | crowdcount.trainer:352 - [Eval] density_mae=60.92  density_mse=102.97  best_density_mae=56.54
2026-04-17 05:35:55 | INFO     | crowdcount.engine:429 - Averaged stats: lr: 0.000095  loss_sum: 0.0237 (0.0403)  losses: 0.0066 (0.0077)  den_loss: 0.0166 (0.0326)  loss_ce: 0.0023 (0.0025)  loss_points: 0.0006 (0.0006)  loss_count: 0.0026 (0.0029)  loss_consistency: 0.0015 (0.0017)  loss_ce_unscaled: 0.0023 (0.0025)  loss_points_unscaled: 3.0771 (3.1392)  loss_count_unscaled: 2.6028 (2.8755)  loss_consistency_unscaled: 1.4559 (1.7011)  den_ssim: 0.0009 (0.0010)  moe_aux_total: 0.0000 (0.0000)  moe_aux_raw: 0.0000 (0.0000)  l_balance: 0.0000 (0.0000)  l_decorr: 0.0000 (0.0000)  moe_temperature: 0.1500 (0.1500)
2026-04-17 05:35:55 | INFO     | crowdcount.trainer:289 - [ep 536][lr 0.0000946][16.48s]
2026-04-17 05:36:09 | INFO     | crowdcount.trainer:348 - [Eval] mae=75.22  mse=112.33  time=12.7s  best_mae=63.29  best_mse=97.65
2026-04-17 05:36:09 | INFO     | crowdcount.trainer:352 - [Eval] density_mae=59.79  density_mse=94.79  best_density_mae=56.54
2026-04-17 05:36:26 | INFO     | crowdcount.engine:429 - Averaged stats: lr: 0.000095  loss_sum: 0.0286 (0.0397)  losses: 0.0073 (0.0078)  den_loss: 0.0216 (0.0318)  loss_ce: 0.0026 (0.0026)  loss_points: 0.0006 (0.0006)  loss_count: 0.0025 (0.0029)  loss_consistency: 0.0016 (0.0017)  loss_ce_unscaled: 0.0026 (0.0026)  loss_points_unscaled: 3.1480 (3.1912)  loss_count_unscaled: 2.4606 (2.9216)  loss_consistency_unscaled: 1.5689 (1.6925)  den_ssim: 0.0011 (0.0011)  moe_aux_total: 0.0000 (0.0000)  moe_aux_raw: 0.0000 (0.0000)  l_balance: 0.0000 (0.0000)  l_decorr: 0.0000 (0.0000)  moe_temperature: 0.1500 (0.1500)
2026-04-17 05:36:26 | INFO     | crowdcount.trainer:289 - [ep 537][lr 0.0000945][16.66s]
2026-04-17 05:36:41 | INFO     | crowdcount.trainer:348 - [Eval] mae=81.42  mse=121.68  time=12.9s  best_mae=63.29  best_mse=97.65
2026-04-17 05:36:41 | INFO     | crowdcount.trainer:352 - [Eval] density_mae=58.74  density_mse=99.66  best_density_mae=56.54
2026-04-17 05:36:58 | INFO     | crowdcount.engine:429 - Averaged stats: lr: 0.000095  loss_sum: 0.0256 (0.0334)  losses: 0.0066 (0.0071)  den_loss: 0.0194 (0.0263)  loss_ce: 0.0025 (0.0025)  loss_points: 0.0006 (0.0006)  loss_count: 0.0023 (0.0025)  loss_consistency: 0.0014 (0.0015)  loss_ce_unscaled: 0.0025 (0.0025)  loss_points_unscaled: 3.1027 (3.0921)  loss_count_unscaled: 2.2734 (2.4932)  loss_consistency_unscaled: 1.3771 (1.4589)  den_ssim: 0.0010 (0.0010)  moe_aux_total: 0.0000 (0.0000)  moe_aux_raw: 0.0000 (0.0000)  l_balance: 0.0000 (0.0000)  l_decorr: 0.0000 (0.0000)  moe_temperature: 0.1500 (0.1500)
2026-04-17 05:36:58 | INFO     | crowdcount.trainer:289 - [ep 538][lr 0.0000945][16.55s]
2026-04-17 05:37:13 | INFO     | crowdcount.trainer:348 - [Eval] mae=85.28  mse=132.25  time=12.9s  best_mae=63.29  best_mse=97.65
2026-04-17 05:37:13 | INFO     | crowdcount.trainer:352 - [Eval] density_mae=61.79  density_mse=102.36  best_density_mae=56.54
2026-04-17 05:37:29 | INFO     | crowdcount.engine:429 - Averaged stats: lr: 0.000094  loss_sum: 0.0240 (0.0415)  losses: 0.0068 (0.0074)  den_loss: 0.0171 (0.0340)  loss_ce: 0.0022 (0.0026)  loss_points: 0.0006 (0.0006)  loss_count: 0.0026 (0.0028)  loss_consistency: 0.0013 (0.0014)  loss_ce_unscaled: 0.0022 (0.0026)  loss_points_unscaled: 3.0259 (3.1610)  loss_count_unscaled: 2.5618 (2.8337)  loss_consistency_unscaled: 1.3334 (1.3800)  den_ssim: 0.0010 (0.0011)  moe_aux_total: 0.0000 (0.0000)  moe_aux_raw: 0.0000 (0.0000)  l_balance: 0.0000 (0.0000)  l_decorr: 0.0000 (0.0000)  moe_temperature: 0.1500 (0.1500)
2026-04-17 05:37:29 | INFO     | crowdcount.trainer:289 - [ep 539][lr 0.0000945][15.87s]
2026-04-17 05:37:44 | INFO     | crowdcount.trainer:348 - [Eval] mae=87.92  mse=130.35  time=12.9s  best_mae=63.29  best_mse=97.65
2026-04-17 05:37:44 | INFO     | crowdcount.trainer:352 - [Eval] density_mae=70.89  density_mse=126.49  best_density_mae=56.54
2026-04-17 05:38:00 | INFO     | crowdcount.engine:429 - Averaged stats: lr: 0.000094  loss_sum: 0.0265 (0.0370)  losses: 0.0072 (0.0074)  den_loss: 0.0183 (0.0295)  loss_ce: 0.0023 (0.0025)  loss_points: 0.0006 (0.0006)  loss_count: 0.0026 (0.0028)  loss_consistency: 0.0015 (0.0015)  loss_ce_unscaled: 0.0023 (0.0025)  loss_points_unscaled: 3.1193 (3.0929)  loss_count_unscaled: 2.5807 (2.8211)  loss_consistency_unscaled: 1.4595 (1.4627)  den_ssim: 0.0011 (0.0011)  moe_aux_total: 0.0000 (0.0000)  moe_aux_raw: 0.0000 (0.0000)  l_balance: 0.0000 (0.0000)  l_decorr: 0.0000 (0.0000)  moe_temperature: 0.1500 (0.1500)
2026-04-17 05:38:00 | INFO     | crowdcount.trainer:289 - [ep 540][lr 0.0000945][16.42s]
2026-04-17 05:38:15 | INFO     | crowdcount.trainer:348 - [Eval] mae=104.95  mse=146.87  time=12.8s  best_mae=63.29  best_mse=97.65
2026-04-17 05:38:15 | INFO     | crowdcount.trainer:352 - [Eval] density_mae=63.10  density_mse=104.27  best_density_mae=56.54
2026-04-17 05:38:31 | INFO     | crowdcount.engine:429 - Averaged stats: lr: 0.000094  loss_sum: 0.0281 (0.0352)  losses: 0.0070 (0.0071)  den_loss: 0.0208 (0.0281)  loss_ce: 0.0022 (0.0024)  loss_points: 0.0007 (0.0006)  loss_count: 0.0025 (0.0025)  loss_consistency: 0.0017 (0.0016)  loss_ce_unscaled: 0.0022 (0.0024)  loss_points_unscaled: 3.3046 (3.1958)  loss_count_unscaled: 2.4996 (2.5297)  loss_consistency_unscaled: 1.7108 (1.6120)  den_ssim: 0.0010 (0.0010)  moe_aux_total: 0.0000 (0.0000)  moe_aux_raw: 0.0000 (0.0000)  l_balance: 0.0000 (0.0000)  l_decorr: 0.0000 (0.0000)  moe_temperature: 0.1500 (0.1500)
2026-04-17 05:38:31 | INFO     | crowdcount.trainer:289 - [ep 541][lr 0.0000945][15.87s]
2026-04-17 05:38:46 | INFO     | crowdcount.trainer:348 - [Eval] mae=81.13  mse=122.45  time=13.1s  best_mae=63.29  best_mse=97.65
2026-04-17 05:38:46 | INFO     | crowdcount.trainer:352 - [Eval] density_mae=62.14  density_mse=100.00  best_density_mae=56.54
2026-04-17 05:39:02 | INFO     | crowdcount.engine:429 - Averaged stats: lr: 0.000094  loss_sum: 0.0267 (0.0341)  losses: 0.0069 (0.0071)  den_loss: 0.0212 (0.0271)  loss_ce: 0.0025 (0.0024)  loss_points: 0.0006 (0.0006)  loss_count: 0.0022 (0.0024)  loss_consistency: 0.0015 (0.0016)  loss_ce_unscaled: 0.0025 (0.0024)  loss_points_unscaled: 3.1316 (3.1421)  loss_count_unscaled: 2.2105 (2.3671)  loss_consistency_unscaled: 1.5219 (1.6487)  den_ssim: 0.0010 (0.0010)  moe_aux_total: 0.0000 (0.0000)  moe_aux_raw: 0.0000 (0.0000)  l_balance: 0.0000 (0.0000)  l_decorr: 0.0000 (0.0000)  moe_temperature: 0.1500 (0.1500)
2026-04-17 05:39:02 | INFO     | crowdcount.trainer:289 - [ep 542][lr 0.0000944][16.20s]
2026-04-17 05:39:17 | INFO     | crowdcount.trainer:348 - [Eval] mae=81.24  mse=123.31  time=12.7s  best_mae=63.29  best_mse=97.65
2026-04-17 05:39:17 | INFO     | crowdcount.trainer:352 - [Eval] density_mae=62.86  density_mse=104.98  best_density_mae=56.54
2026-04-17 05:39:32 | INFO     | crowdcount.engine:429 - Averaged stats: lr: 0.000094  loss_sum: 0.0316 (0.0389)  losses: 0.0069 (0.0073)  den_loss: 0.0247 (0.0317)  loss_ce: 0.0024 (0.0025)  loss_points: 0.0006 (0.0006)  loss_count: 0.0024 (0.0028)  loss_consistency: 0.0013 (0.0014)  loss_ce_unscaled: 0.0024 (0.0025)  loss_points_unscaled: 3.1880 (3.1208)  loss_count_unscaled: 2.3589 (2.7577)  loss_consistency_unscaled: 1.2604 (1.4152)  den_ssim: 0.0010 (0.0010)  moe_aux_total: 0.0000 (0.0000)  moe_aux_raw: 0.0000 (0.0000)  l_balance: 0.0000 (0.0000)  l_decorr: 0.0000 (0.0000)  moe_temperature: 0.1500 (0.1500)
2026-04-17 05:39:32 | INFO     | crowdcount.trainer:289 - [ep 543][lr 0.0000944][15.81s]
2026-04-17 05:39:47 | INFO     | crowdcount.trainer:348 - [Eval] mae=88.63  mse=126.63  time=12.8s  best_mae=63.29  best_mse=97.65
2026-04-17 05:39:47 | INFO     | crowdcount.trainer:352 - [Eval] density_mae=60.95  density_mse=100.60  best_density_mae=56.54
2026-04-17 05:40:03 | INFO     | crowdcount.engine:429 - Averaged stats: lr: 0.000094  loss_sum: 0.0263 (0.0387)  losses: 0.0065 (0.0074)  den_loss: 0.0189 (0.0313)  loss_ce: 0.0022 (0.0025)  loss_points: 0.0006 (0.0006)  loss_count: 0.0023 (0.0026)  loss_consistency: 0.0014 (0.0016)  loss_ce_unscaled: 0.0022 (0.0025)  loss_points_unscaled: 3.1856 (3.1438)  loss_count_unscaled: 2.2594 (2.5791)  loss_consistency_unscaled: 1.3775 (1.6106)  den_ssim: 0.0010 (0.0011)  moe_aux_total: 0.0000 (0.0000)  moe_aux_raw: 0.0000 (0.0000)  l_balance: 0.0000 (0.0000)  l_decorr: 0.0000 (0.0000)  moe_temperature: 0.1500 (0.1500)
2026-04-17 05:40:03 | INFO     | crowdcount.trainer:289 - [ep 544][lr 0.0000944][16.58s]
2026-04-17 05:40:18 | INFO     | crowdcount.trainer:348 - [Eval] mae=92.78  mse=132.24  time=12.5s  best_mae=63.29  best_mse=97.65
2026-04-17 05:40:18 | INFO     | crowdcount.trainer:352 - [Eval] density_mae=64.63  density_mse=106.72  best_density_mae=56.54
2026-04-17 05:40:34 | INFO     | crowdcount.engine:429 - Averaged stats: lr: 0.000094  loss_sum: 0.0449 (0.0447)  losses: 0.0080 (0.0074)  den_loss: 0.0371 (0.0373)  loss_ce: 0.0027 (0.0026)  loss_points: 0.0006 (0.0006)  loss_count: 0.0031 (0.0029)  loss_consistency: 0.0013 (0.0013)  loss_ce_unscaled: 0.0027 (0.0026)  loss_points_unscaled: 3.1331 (3.1178)  loss_count_unscaled: 3.1469 (2.8594)  loss_consistency_unscaled: 1.2643 (1.3401)  den_ssim: 0.0011 (0.0010)  moe_aux_total: 0.0000 (0.0000)  moe_aux_raw: 0.0000 (0.0000)  l_balance: 0.0000 (0.0000)  l_decorr: 0.0000 (0.0000)  moe_temperature: 0.1500 (0.1500)
2026-04-17 05:40:34 | INFO     | crowdcount.trainer:289 - [ep 545][lr 0.0000944][16.47s]
2026-04-17 05:40:49 | INFO     | crowdcount.trainer:348 - [Eval] mae=99.21  mse=140.00  time=12.8s  best_mae=63.29  best_mse=97.65
2026-04-17 05:40:49 | INFO     | crowdcount.trainer:352 - [Eval] density_mae=62.12  density_mse=105.98  best_density_mae=56.54
2026-04-17 05:41:05 | INFO     | crowdcount.engine:429 - Averaged stats: lr: 0.000094  loss_sum: 0.0288 (0.0390)  losses: 0.0076 (0.0079)  den_loss: 0.0207 (0.0311)  loss_ce: 0.0024 (0.0025)  loss_points: 0.0006 (0.0006)  loss_count: 0.0027 (0.0029)  loss_consistency: 0.0016 (0.0018)  loss_ce_unscaled: 0.0024 (0.0025)  loss_points_unscaled: 3.1096 (3.1275)  loss_count_unscaled: 2.6545 (2.9032)  loss_consistency_unscaled: 1.5520 (1.7871)  den_ssim: 0.0010 (0.0011)  moe_aux_total: 0.0000 (0.0000)  moe_aux_raw: 0.0000 (0.0000)  l_balance: 0.0000 (0.0000)  l_decorr: 0.0000 (0.0000)  moe_temperature: 0.1500 (0.1500)
2026-04-17 05:41:05 | INFO     | crowdcount.trainer:289 - [ep 546][lr 0.0000943][16.43s]
2026-04-17 05:41:20 | INFO     | crowdcount.trainer:348 - [Eval] mae=79.95  mse=120.21  time=12.8s  best_mae=63.29  best_mse=97.65
2026-04-17 05:41:20 | INFO     | crowdcount.trainer:352 - [Eval] density_mae=59.70  density_mse=97.81  best_density_mae=56.54
2026-04-17 05:41:36 | INFO     | crowdcount.engine:429 - Averaged stats: lr: 0.000094  loss_sum: 0.0333 (0.0391)  losses: 0.0073 (0.0075)  den_loss: 0.0249 (0.0316)  loss_ce: 0.0025 (0.0026)  loss_points: 0.0006 (0.0006)  loss_count: 0.0029 (0.0028)  loss_consistency: 0.0013 (0.0015)  loss_ce_unscaled: 0.0025 (0.0026)  loss_points_unscaled: 3.0167 (3.1117)  loss_count_unscaled: 2.9090 (2.7570)  loss_consistency_unscaled: 1.2684 (1.4969)  den_ssim: 0.0010 (0.0010)  moe_aux_total: 0.0000 (0.0000)  moe_aux_raw: 0.0000 (0.0000)  l_balance: 0.0000 (0.0000)  l_decorr: 0.0000 (0.0000)  moe_temperature: 0.1500 (0.1500)
2026-04-17 05:41:36 | INFO     | crowdcount.trainer:289 - [ep 547][lr 0.0000943][16.46s]
2026-04-17 05:41:51 | INFO     | crowdcount.trainer:348 - [Eval] mae=90.20  mse=130.21  time=13.1s  best_mae=63.29  best_mse=97.65
2026-04-17 05:41:51 | INFO     | crowdcount.trainer:352 - [Eval] density_mae=60.59  density_mse=103.15  best_density_mae=56.54
2026-04-17 05:42:07 | INFO     | crowdcount.engine:429 - Averaged stats: lr: 0.000094  loss_sum: 0.0257 (0.0338)  losses: 0.0067 (0.0070)  den_loss: 0.0191 (0.0267)  loss_ce: 0.0025 (0.0025)  loss_points: 0.0006 (0.0006)  loss_count: 0.0022 (0.0025)  loss_consistency: 0.0013 (0.0014)  loss_ce_unscaled: 0.0025 (0.0025)  loss_points_unscaled: 3.1161 (3.1665)  loss_count_unscaled: 2.1834 (2.5325)  loss_consistency_unscaled: 1.3177 (1.3927)  den_ssim: 0.0012 (0.0011)  moe_aux_total: 0.0000 (0.0000)  moe_aux_raw: 0.0000 (0.0000)  l_balance: 0.0000 (0.0000)  l_decorr: 0.0000 (0.0000)  moe_temperature: 0.1500 (0.1500)
2026-04-17 05:42:07 | INFO     | crowdcount.trainer:289 - [ep 548][lr 0.0000943][16.24s]
2026-04-17 05:42:22 | INFO     | crowdcount.trainer:348 - [Eval] mae=97.14  mse=137.67  time=13.1s  best_mae=63.29  best_mse=97.65
2026-04-17 05:42:22 | INFO     | crowdcount.trainer:352 - [Eval] density_mae=59.95  density_mse=100.10  best_density_mae=56.54
2026-04-17 05:42:39 | INFO     | crowdcount.engine:429 - Averaged stats: lr: 0.000094  loss_sum: 0.0412 (0.0467)  losses: 0.0072 (0.0077)  den_loss: 0.0340 (0.0391)  loss_ce: 0.0023 (0.0027)  loss_points: 0.0006 (0.0006)  loss_count: 0.0025 (0.0026)  loss_consistency: 0.0014 (0.0017)  loss_ce_unscaled: 0.0023 (0.0027)  loss_points_unscaled: 3.1482 (3.0844)  loss_count_unscaled: 2.4523 (2.6372)  loss_consistency_unscaled: 1.4172 (1.7361)  den_ssim: 0.0011 (0.0011)  moe_aux_total: 0.0000 (0.0000)  moe_aux_raw: 0.0000 (0.0000)  l_balance: 0.0000 (0.0000)  l_decorr: 0.0000 (0.0000)  moe_temperature: 0.1500 (0.1500)
2026-04-17 05:42:39 | INFO     | crowdcount.trainer:289 - [ep 549][lr 0.0000943][16.82s]
2026-04-17 05:42:53 | INFO     | crowdcount.trainer:348 - [Eval] mae=97.79  mse=138.78  time=12.6s  best_mae=63.29  best_mse=97.65
2026-04-17 05:42:53 | INFO     | crowdcount.trainer:352 - [Eval] density_mae=61.57  density_mse=101.57  best_density_mae=56.54
2026-04-17 05:43:11 | INFO     | crowdcount.engine:429 - Averaged stats: lr: 0.000094  loss_sum: 0.0388 (0.0462)  losses: 0.0071 (0.0076)  den_loss: 0.0316 (0.0386)  loss_ce: 0.0024 (0.0026)  loss_points: 0.0006 (0.0006)  loss_count: 0.0025 (0.0028)  loss_consistency: 0.0014 (0.0016)  loss_ce_unscaled: 0.0024 (0.0026)  loss_points_unscaled: 3.2263 (3.1420)  loss_count_unscaled: 2.5258 (2.8323)  loss_consistency_unscaled: 1.4357 (1.5857)  den_ssim: 0.0010 (0.0011)  moe_aux_total: 0.0000 (0.0000)  moe_aux_raw: 0.0000 (0.0000)  l_balance: 0.0000 (0.0000)  l_decorr: 0.0000 (0.0000)  moe_temperature: 0.1500 (0.1500)
2026-04-17 05:43:11 | INFO     | crowdcount.trainer:289 - [ep 550][lr 0.0000943][17.22s]
2026-04-17 05:43:25 | INFO     | crowdcount.trainer:348 - [Eval] mae=80.71  mse=119.69  time=12.4s  best_mae=63.29  best_mse=97.65
2026-04-17 05:43:25 | INFO     | crowdcount.trainer:352 - [Eval] density_mae=60.14  density_mse=99.48  best_density_mae=56.54
2026-04-17 05:43:41 | INFO     | crowdcount.engine:429 - Averaged stats: lr: 0.000094  loss_sum: 0.0288 (0.0360)  losses: 0.0071 (0.0071)  den_loss: 0.0213 (0.0289)  loss_ce: 0.0023 (0.0023)  loss_points: 0.0006 (0.0006)  loss_count: 0.0026 (0.0026)  loss_consistency: 0.0015 (0.0015)  loss_ce_unscaled: 0.0023 (0.0023)  loss_points_unscaled: 3.1668 (3.0970)  loss_count_unscaled: 2.5779 (2.6240)  loss_consistency_unscaled: 1.4647 (1.5413)  den_ssim: 0.0010 (0.0010)  moe_aux_total: 0.0000 (0.0000)  moe_aux_raw: 0.0000 (0.0000)  l_balance: 0.0000 (0.0000)  l_decorr: 0.0000 (0.0000)  moe_temperature: 0.1500 (0.1500)
2026-04-17 05:43:41 | INFO     | crowdcount.trainer:289 - [ep 551][lr 0.0000942][15.81s]
2026-04-17 05:43:56 | INFO     | crowdcount.trainer:348 - [Eval] mae=107.23  mse=149.98  time=12.7s  best_mae=63.29  best_mse=97.65
2026-04-17 05:43:56 | INFO     | crowdcount.trainer:352 - [Eval] density_mae=62.06  density_mse=98.02  best_density_mae=56.54
2026-04-17 05:44:11 | INFO     | crowdcount.engine:429 - Averaged stats: lr: 0.000094  loss_sum: 0.0292 (0.0406)  losses: 0.0066 (0.0075)  den_loss: 0.0215 (0.0330)  loss_ce: 0.0024 (0.0025)  loss_points: 0.0006 (0.0006)  loss_count: 0.0022 (0.0028)  loss_consistency: 0.0013 (0.0016)  loss_ce_unscaled: 0.0024 (0.0025)  loss_points_unscaled: 3.0663 (3.1195)  loss_count_unscaled: 2.1626 (2.8075)  loss_consistency_unscaled: 1.3321 (1.5882)  den_ssim: 0.0010 (0.0010)  moe_aux_total: 0.0000 (0.0000)  moe_aux_raw: 0.0000 (0.0000)  l_balance: 0.0000 (0.0000)  l_decorr: 0.0000 (0.0000)  moe_temperature: 0.1500 (0.1500)
2026-04-17 05:44:11 | INFO     | crowdcount.trainer:289 - [ep 552][lr 0.0000942][15.91s]
2026-04-17 05:44:26 | INFO     | crowdcount.trainer:348 - [Eval] mae=89.96  mse=129.67  time=12.9s  best_mae=63.29  best_mse=97.65
2026-04-17 05:44:26 | INFO     | crowdcount.trainer:352 - [Eval] density_mae=61.00  density_mse=95.68  best_density_mae=56.54
2026-04-17 05:44:42 | INFO     | crowdcount.engine:429 - Averaged stats: lr: 0.000094  loss_sum: 0.0307 (0.0403)  losses: 0.0063 (0.0073)  den_loss: 0.0246 (0.0330)  loss_ce: 0.0023 (0.0025)  loss_points: 0.0006 (0.0006)  loss_count: 0.0023 (0.0026)  loss_consistency: 0.0013 (0.0016)  loss_ce_unscaled: 0.0023 (0.0025)  loss_points_unscaled: 3.0474 (3.1104)  loss_count_unscaled: 2.2995 (2.6169)  loss_consistency_unscaled: 1.3335 (1.5607)  den_ssim: 0.0010 (0.0011)  moe_aux_total: 0.0000 (0.0000)  moe_aux_raw: 0.0000 (0.0000)  l_balance: 0.0000 (0.0000)  l_decorr: 0.0000 (0.0000)  moe_temperature: 0.1500 (0.1500)
2026-04-17 05:44:42 | INFO     | crowdcount.trainer:289 - [ep 553][lr 0.0000942][16.59s]
2026-04-17 05:44:57 | INFO     | crowdcount.trainer:348 - [Eval] mae=82.03  mse=122.05  time=12.6s  best_mae=63.29  best_mse=97.65
2026-04-17 05:44:57 | INFO     | crowdcount.trainer:352 - [Eval] density_mae=63.41  density_mse=101.76  best_density_mae=56.54
2026-04-17 05:45:13 | INFO     | crowdcount.engine:429 - Averaged stats: lr: 0.000094  loss_sum: 0.0298 (0.0397)  losses: 0.0069 (0.0076)  den_loss: 0.0218 (0.0321)  loss_ce: 0.0024 (0.0026)  loss_points: 0.0006 (0.0006)  loss_count: 0.0024 (0.0029)  loss_consistency: 0.0013 (0.0014)  loss_ce_unscaled: 0.0024 (0.0026)  loss_points_unscaled: 3.0746 (3.0629)  loss_count_unscaled: 2.4447 (2.9315)  loss_consistency_unscaled: 1.2808 (1.4086)  den_ssim: 0.0010 (0.0011)  moe_aux_total: 0.0000 (0.0000)  moe_aux_raw: 0.0000 (0.0000)  l_balance: 0.0000 (0.0000)  l_decorr: 0.0000 (0.0000)  moe_temperature: 0.1500 (0.1500)
2026-04-17 05:45:13 | INFO     | crowdcount.trainer:289 - [ep 554][lr 0.0000942][16.33s]
2026-04-17 05:45:28 | INFO     | crowdcount.trainer:348 - [Eval] mae=90.53  mse=131.61  time=12.7s  best_mae=63.29  best_mse=97.65
2026-04-17 05:45:28 | INFO     | crowdcount.trainer:352 - [Eval] density_mae=60.61  density_mse=98.96  best_density_mae=56.54
2026-04-17 05:45:44 | INFO     | crowdcount.engine:429 - Averaged stats: lr: 0.000094  loss_sum: 0.0242 (0.0387)  losses: 0.0062 (0.0076)  den_loss: 0.0182 (0.0311)  loss_ce: 0.0024 (0.0025)  loss_points: 0.0006 (0.0006)  loss_count: 0.0021 (0.0028)  loss_consistency: 0.0013 (0.0017)  loss_ce_unscaled: 0.0024 (0.0025)  loss_points_unscaled: 3.1223 (3.1168)  loss_count_unscaled: 2.1035 (2.7619)  loss_consistency_unscaled: 1.2546 (1.6794)  den_ssim: 0.0011 (0.0010)  moe_aux_total: 0.0000 (0.0000)  moe_aux_raw: 0.0000 (0.0000)  l_balance: 0.0000 (0.0000)  l_decorr: 0.0000 (0.0000)  moe_temperature: 0.1500 (0.1500)
2026-04-17 05:45:44 | INFO     | crowdcount.trainer:289 - [ep 555][lr 0.0000942][16.10s]
2026-04-17 05:45:58 | INFO     | crowdcount.trainer:348 - [Eval] mae=116.40  mse=157.28  time=12.5s  best_mae=63.29  best_mse=97.65
2026-04-17 05:45:58 | INFO     | crowdcount.trainer:352 - [Eval] density_mae=69.09  density_mse=106.56  best_density_mae=56.54
2026-04-17 05:46:14 | INFO     | crowdcount.engine:429 - Averaged stats: lr: 0.000094  loss_sum: 0.0311 (0.0397)  losses: 0.0067 (0.0071)  den_loss: 0.0234 (0.0325)  loss_ce: 0.0023 (0.0026)  loss_points: 0.0006 (0.0006)  loss_count: 0.0020 (0.0026)  loss_consistency: 0.0014 (0.0014)  loss_ce_unscaled: 0.0023 (0.0026)  loss_points_unscaled: 3.1023 (3.1206)  loss_count_unscaled: 2.0125 (2.5773)  loss_consistency_unscaled: 1.3551 (1.3796)  den_ssim: 0.0010 (0.0011)  moe_aux_total: 0.0000 (0.0000)  moe_aux_raw: 0.0000 (0.0000)  l_balance: 0.0000 (0.0000)  l_decorr: 0.0000 (0.0000)  moe_temperature: 0.1500 (0.1500)
2026-04-17 05:46:14 | INFO     | crowdcount.trainer:289 - [ep 556][lr 0.0000941][15.58s]
2026-04-17 05:46:28 | INFO     | crowdcount.trainer:348 - [Eval] mae=101.37  mse=139.24  time=12.3s  best_mae=63.29  best_mse=97.65
2026-04-17 05:46:28 | INFO     | crowdcount.trainer:352 - [Eval] density_mae=58.51  density_mse=97.12  best_density_mae=56.54
2026-04-17 05:46:44 | INFO     | crowdcount.engine:429 - Averaged stats: lr: 0.000094  loss_sum: 0.0218 (0.0407)  losses: 0.0063 (0.0073)  den_loss: 0.0161 (0.0334)  loss_ce: 0.0021 (0.0024)  loss_points: 0.0006 (0.0006)  loss_count: 0.0020 (0.0028)  loss_consistency: 0.0013 (0.0016)  loss_ce_unscaled: 0.0021 (0.0024)  loss_points_unscaled: 3.1246 (3.1337)  loss_count_unscaled: 2.0078 (2.7592)  loss_consistency_unscaled: 1.2928 (1.5688)  den_ssim: 0.0010 (0.0010)  moe_aux_total: 0.0000 (0.0000)  moe_aux_raw: 0.0000 (0.0000)  l_balance: 0.0000 (0.0000)  l_decorr: 0.0000 (0.0000)  moe_temperature: 0.1500 (0.1500)
2026-04-17 05:46:44 | INFO     | crowdcount.trainer:289 - [ep 557][lr 0.0000941][16.11s]
2026-04-17 05:46:58 | INFO     | crowdcount.trainer:348 - [Eval] mae=76.41  mse=114.29  time=12.3s  best_mae=63.29  best_mse=97.65
2026-04-17 05:46:58 | INFO     | crowdcount.trainer:352 - [Eval] density_mae=65.99  density_mse=109.34  best_density_mae=56.54
2026-04-17 05:47:14 | INFO     | crowdcount.engine:429 - Averaged stats: lr: 0.000094  loss_sum: 0.0317 (0.0359)  losses: 0.0075 (0.0074)  den_loss: 0.0244 (0.0285)  loss_ce: 0.0023 (0.0025)  loss_points: 0.0006 (0.0006)  loss_count: 0.0026 (0.0027)  loss_consistency: 0.0017 (0.0016)  loss_ce_unscaled: 0.0023 (0.0025)  loss_points_unscaled: 3.0645 (3.0916)  loss_count_unscaled: 2.5746 (2.6960)  loss_consistency_unscaled: 1.7186 (1.6061)  den_ssim: 0.0010 (0.0010)  moe_aux_total: 0.0000 (0.0000)  moe_aux_raw: 0.0000 (0.0000)  l_balance: 0.0000 (0.0000)  l_decorr: 0.0000 (0.0000)  moe_temperature: 0.1500 (0.1500)
2026-04-17 05:47:15 | INFO     | crowdcount.trainer:289 - [ep 558][lr 0.0000941][16.34s]
2026-04-17 05:47:29 | INFO     | crowdcount.trainer:348 - [Eval] mae=81.40  mse=120.23  time=12.6s  best_mae=63.29  best_mse=97.65
2026-04-17 05:47:29 | INFO     | crowdcount.trainer:352 - [Eval] density_mae=64.94  density_mse=102.30  best_density_mae=56.54
2026-04-17 05:47:45 | INFO     | crowdcount.engine:429 - Averaged stats: lr: 0.000094  loss_sum: 0.0328 (0.0375)  losses: 0.0064 (0.0070)  den_loss: 0.0273 (0.0305)  loss_ce: 0.0026 (0.0025)  loss_points: 0.0006 (0.0006)  loss_count: 0.0022 (0.0025)  loss_consistency: 0.0011 (0.0014)  loss_ce_unscaled: 0.0026 (0.0025)  loss_points_unscaled: 3.1206 (3.1116)  loss_count_unscaled: 2.2145 (2.5447)  loss_consistency_unscaled: 1.1487 (1.3825)  den_ssim: 0.0010 (0.0010)  moe_aux_total: 0.0000 (0.0000)  moe_aux_raw: 0.0000 (0.0000)  l_balance: 0.0000 (0.0000)  l_decorr: 0.0000 (0.0000)  moe_temperature: 0.1500 (0.1500)
2026-04-17 05:47:45 | INFO     | crowdcount.trainer:289 - [ep 559][lr 0.0000941][15.94s]
2026-04-17 05:47:59 | INFO     | crowdcount.trainer:348 - [Eval] mae=91.64  mse=132.92  time=12.7s  best_mae=63.29  best_mse=97.65
2026-04-17 05:47:59 | INFO     | crowdcount.trainer:352 - [Eval] density_mae=59.96  density_mse=101.55  best_density_mae=56.54
2026-04-17 05:48:16 | INFO     | crowdcount.engine:429 - Averaged stats: lr: 0.000094  loss_sum: 0.0226 (0.0412)  losses: 0.0064 (0.0073)  den_loss: 0.0170 (0.0339)  loss_ce: 0.0023 (0.0026)  loss_points: 0.0006 (0.0006)  loss_count: 0.0022 (0.0028)  loss_consistency: 0.0014 (0.0014)  loss_ce_unscaled: 0.0023 (0.0026)  loss_points_unscaled: 3.1264 (3.0855)  loss_count_unscaled: 2.2053 (2.7702)  loss_consistency_unscaled: 1.4022 (1.3861)  den_ssim: 0.0010 (0.0010)  moe_aux_total: 0.0000 (0.0000)  moe_aux_raw: 0.0000 (0.0000)  l_balance: 0.0000 (0.0000)  l_decorr: 0.0000 (0.0000)  moe_temperature: 0.1500 (0.1500)
2026-04-17 05:48:16 | INFO     | crowdcount.trainer:289 - [ep 560][lr 0.0000941][17.12s]
2026-04-17 05:48:31 | INFO     | crowdcount.trainer:348 - [Eval] mae=99.60  mse=137.91  time=12.8s  best_mae=63.29  best_mse=97.65
2026-04-17 05:48:31 | INFO     | crowdcount.trainer:352 - [Eval] density_mae=59.63  density_mse=98.54  best_density_mae=56.54
2026-04-17 05:48:48 | INFO     | crowdcount.engine:429 - Averaged stats: lr: 0.000094  loss_sum: 0.0356 (0.0427)  losses: 0.0069 (0.0072)  den_loss: 0.0278 (0.0355)  loss_ce: 0.0023 (0.0024)  loss_points: 0.0006 (0.0006)  loss_count: 0.0026 (0.0027)  loss_consistency: 0.0013 (0.0014)  loss_ce_unscaled: 0.0023 (0.0024)  loss_points_unscaled: 3.1629 (3.1481)  loss_count_unscaled: 2.6111 (2.7496)  loss_consistency_unscaled: 1.3158 (1.3753)  den_ssim: 0.0010 (0.0010)  moe_aux_total: 0.0000 (0.0000)  moe_aux_raw: 0.0000 (0.0000)  l_balance: 0.0000 (0.0000)  l_decorr: 0.0000 (0.0000)  moe_temperature: 0.1500 (0.1500)
2026-04-17 05:48:48 | INFO     | crowdcount.trainer:289 - [ep 561][lr 0.0000940][17.03s]
2026-04-17 05:49:03 | INFO     | crowdcount.trainer:348 - [Eval] mae=97.30  mse=137.06  time=13.3s  best_mae=63.29  best_mse=97.65
2026-04-17 05:49:03 | INFO     | crowdcount.trainer:352 - [Eval] density_mae=62.53  density_mse=103.66  best_density_mae=56.54
2026-04-17 05:49:21 | INFO     | crowdcount.engine:429 - Averaged stats: lr: 0.000094  loss_sum: 0.0369 (0.0391)  losses: 0.0064 (0.0074)  den_loss: 0.0313 (0.0317)  loss_ce: 0.0022 (0.0025)  loss_points: 0.0006 (0.0006)  loss_count: 0.0025 (0.0029)  loss_consistency: 0.0013 (0.0014)  loss_ce_unscaled: 0.0022 (0.0025)  loss_points_unscaled: 3.0805 (3.0861)  loss_count_unscaled: 2.4544 (2.8691)  loss_consistency_unscaled: 1.2555 (1.3641)  den_ssim: 0.0010 (0.0010)  moe_aux_total: 0.0000 (0.0000)  moe_aux_raw: 0.0000 (0.0000)  l_balance: 0.0000 (0.0000)  l_decorr: 0.0000 (0.0000)  moe_temperature: 0.1500 (0.1500)
2026-04-17 05:49:21 | INFO     | crowdcount.trainer:289 - [ep 562][lr 0.0000940][17.08s]
2026-04-17 05:49:36 | INFO     | crowdcount.trainer:348 - [Eval] mae=101.41  mse=147.93  time=13.1s  best_mae=63.29  best_mse=97.65
2026-04-17 05:49:36 | INFO     | crowdcount.trainer:352 - [Eval] density_mae=67.11  density_mse=107.89  best_density_mae=56.54
2026-04-17 05:49:53 | INFO     | crowdcount.engine:429 - Averaged stats: lr: 0.000094  loss_sum: 0.0391 (0.0384)  losses: 0.0070 (0.0071)  den_loss: 0.0306 (0.0313)  loss_ce: 0.0024 (0.0024)  loss_points: 0.0006 (0.0006)  loss_count: 0.0023 (0.0026)  loss_consistency: 0.0015 (0.0014)  loss_ce_unscaled: 0.0024 (0.0024)  loss_points_unscaled: 3.2127 (3.1446)  loss_count_unscaled: 2.3379 (2.5645)  loss_consistency_unscaled: 1.4872 (1.4463)  den_ssim: 0.0010 (0.0010)  moe_aux_total: 0.0000 (0.0000)  moe_aux_raw: 0.0000 (0.0000)  l_balance: 0.0000 (0.0000)  l_decorr: 0.0000 (0.0000)  moe_temperature: 0.1500 (0.1500)
2026-04-17 05:49:53 | INFO     | crowdcount.trainer:289 - [ep 563][lr 0.0000940][16.91s]
2026-04-17 05:50:07 | INFO     | crowdcount.trainer:348 - [Eval] mae=81.63  mse=120.35  time=13.3s  best_mae=63.29  best_mse=97.65
2026-04-17 05:50:07 | INFO     | crowdcount.trainer:352 - [Eval] density_mae=58.52  density_mse=96.61  best_density_mae=56.54
2026-04-17 05:50:24 | INFO     | crowdcount.engine:429 - Averaged stats: lr: 0.000094  loss_sum: 0.0326 (0.0344)  losses: 0.0068 (0.0069)  den_loss: 0.0250 (0.0275)  loss_ce: 0.0027 (0.0024)  loss_points: 0.0006 (0.0006)  loss_count: 0.0023 (0.0024)  loss_consistency: 0.0013 (0.0015)  loss_ce_unscaled: 0.0027 (0.0024)  loss_points_unscaled: 3.0605 (3.0992)  loss_count_unscaled: 2.2915 (2.4328)  loss_consistency_unscaled: 1.3123 (1.4511)  den_ssim: 0.0010 (0.0010)  moe_aux_total: 0.0000 (0.0000)  moe_aux_raw: 0.0000 (0.0000)  l_balance: 0.0000 (0.0000)  l_decorr: 0.0000 (0.0000)  moe_temperature: 0.1500 (0.1500)
2026-04-17 05:50:24 | INFO     | crowdcount.trainer:289 - [ep 564][lr 0.0000940][16.73s]
2026-04-17 05:50:39 | INFO     | crowdcount.trainer:348 - [Eval] mae=85.59  mse=125.05  time=13.0s  best_mae=63.29  best_mse=97.65
2026-04-17 05:50:39 | INFO     | crowdcount.trainer:352 - [Eval] density_mae=62.85  density_mse=107.03  best_density_mae=56.54
2026-04-17 05:50:56 | INFO     | crowdcount.engine:429 - Averaged stats: lr: 0.000094  loss_sum: 0.0259 (0.0385)  losses: 0.0065 (0.0070)  den_loss: 0.0197 (0.0316)  loss_ce: 0.0024 (0.0024)  loss_points: 0.0006 (0.0006)  loss_count: 0.0024 (0.0026)  loss_consistency: 0.0012 (0.0013)  loss_ce_unscaled: 0.0024 (0.0024)  loss_points_unscaled: 3.0653 (3.0907)  loss_count_unscaled: 2.3689 (2.5852)  loss_consistency_unscaled: 1.2003 (1.3392)  den_ssim: 0.0010 (0.0010)  moe_aux_total: 0.0000 (0.0000)  moe_aux_raw: 0.0000 (0.0000)  l_balance: 0.0000 (0.0000)  l_decorr: 0.0000 (0.0000)  moe_temperature: 0.1500 (0.1500)
2026-04-17 05:50:56 | INFO     | crowdcount.trainer:289 - [ep 565][lr 0.0000939][16.92s]
2026-04-17 05:51:12 | INFO     | crowdcount.trainer:348 - [Eval] mae=83.87  mse=118.26  time=13.3s  best_mae=63.29  best_mse=97.65
2026-04-17 05:51:12 | INFO     | crowdcount.trainer:352 - [Eval] density_mae=59.54  density_mse=99.99  best_density_mae=56.54
2026-04-17 05:51:29 | INFO     | crowdcount.engine:429 - Averaged stats: lr: 0.000094  loss_sum: 0.0270 (0.0368)  losses: 0.0064 (0.0072)  den_loss: 0.0200 (0.0296)  loss_ce: 0.0023 (0.0025)  loss_points: 0.0006 (0.0006)  loss_count: 0.0023 (0.0026)  loss_consistency: 0.0013 (0.0014)  loss_ce_unscaled: 0.0023 (0.0025)  loss_points_unscaled: 3.0212 (3.0967)  loss_count_unscaled: 2.3177 (2.6499)  loss_consistency_unscaled: 1.2610 (1.4030)  den_ssim: 0.0010 (0.0010)  moe_aux_total: 0.0000 (0.0000)  moe_aux_raw: 0.0000 (0.0000)  l_balance: 0.0000 (0.0000)  l_decorr: 0.0000 (0.0000)  moe_temperature: 0.1500 (0.1500)
2026-04-17 05:51:29 | INFO     | crowdcount.trainer:289 - [ep 566][lr 0.0000939][17.05s]
2026-04-17 05:51:44 | INFO     | crowdcount.trainer:348 - [Eval] mae=109.58  mse=161.74  time=13.5s  best_mae=63.29  best_mse=97.65
2026-04-17 05:51:44 | INFO     | crowdcount.trainer:352 - [Eval] density_mae=66.33  density_mse=110.16  best_density_mae=56.54
2026-04-17 05:52:01 | INFO     | crowdcount.engine:429 - Averaged stats: lr: 0.000094  loss_sum: 0.0344 (0.0439)  losses: 0.0063 (0.0078)  den_loss: 0.0280 (0.0360)  loss_ce: 0.0022 (0.0026)  loss_points: 0.0006 (0.0006)  loss_count: 0.0023 (0.0031)  loss_consistency: 0.0012 (0.0015)  loss_ce_unscaled: 0.0022 (0.0026)  loss_points_unscaled: 3.0293 (3.0352)  loss_count_unscaled: 2.2903 (3.0919)  loss_consistency_unscaled: 1.2158 (1.5091)  den_ssim: 0.0009 (0.0010)  moe_aux_total: 0.0000 (0.0000)  moe_aux_raw: 0.0000 (0.0000)  l_balance: 0.0000 (0.0000)  l_decorr: 0.0000 (0.0000)  moe_temperature: 0.1500 (0.1500)
2026-04-17 05:52:01 | INFO     | crowdcount.trainer:289 - [ep 567][lr 0.0000939][16.79s]
2026-04-17 05:52:16 | INFO     | crowdcount.trainer:348 - [Eval] mae=100.23  mse=136.56  time=13.3s  best_mae=63.29  best_mse=97.65
2026-04-17 05:52:16 | INFO     | crowdcount.trainer:352 - [Eval] density_mae=59.48  density_mse=96.95  best_density_mae=56.54
2026-04-17 05:52:33 | INFO     | crowdcount.engine:429 - Averaged stats: lr: 0.000094  loss_sum: 0.0362 (0.0417)  losses: 0.0071 (0.0075)  den_loss: 0.0279 (0.0342)  loss_ce: 0.0026 (0.0026)  loss_points: 0.0006 (0.0006)  loss_count: 0.0028 (0.0028)  loss_consistency: 0.0012 (0.0015)  loss_ce_unscaled: 0.0026 (0.0026)  loss_points_unscaled: 3.0615 (3.0594)  loss_count_unscaled: 2.8077 (2.8365)  loss_consistency_unscaled: 1.2100 (1.4959)  den_ssim: 0.0010 (0.0010)  moe_aux_total: 0.0000 (0.0000)  moe_aux_raw: 0.0000 (0.0000)  l_balance: 0.0000 (0.0000)  l_decorr: 0.0000 (0.0000)  moe_temperature: 0.1500 (0.1500)
2026-04-17 05:52:33 | INFO     | crowdcount.trainer:289 - [ep 568][lr 0.0000939][16.96s]
2026-04-17 05:52:48 | INFO     | crowdcount.trainer:348 - [Eval] mae=92.79  mse=131.53  time=13.1s  best_mae=63.29  best_mse=97.65
2026-04-17 05:52:48 | INFO     | crowdcount.trainer:352 - [Eval] density_mae=60.25  density_mse=101.36  best_density_mae=56.54
2026-04-17 05:53:06 | INFO     | crowdcount.engine:429 - Averaged stats: lr: 0.000094  loss_sum: 0.0348 (0.0397)  losses: 0.0069 (0.0077)  den_loss: 0.0273 (0.0321)  loss_ce: 0.0025 (0.0025)  loss_points: 0.0006 (0.0006)  loss_count: 0.0027 (0.0029)  loss_consistency: 0.0012 (0.0016)  loss_ce_unscaled: 0.0025 (0.0025)  loss_points_unscaled: 3.1759 (3.1282)  loss_count_unscaled: 2.7050 (2.8831)  loss_consistency_unscaled: 1.2467 (1.5931)  den_ssim: 0.0011 (0.0010)  moe_aux_total: 0.0000 (0.0000)  moe_aux_raw: 0.0000 (0.0000)  l_balance: 0.0000 (0.0000)  l_decorr: 0.0000 (0.0000)  moe_temperature: 0.1500 (0.1500)
2026-04-17 05:53:06 | INFO     | crowdcount.trainer:289 - [ep 569][lr 0.0000939][17.26s]
2026-04-17 05:53:21 | INFO     | crowdcount.trainer:348 - [Eval] mae=103.07  mse=139.43  time=13.1s  best_mae=63.29  best_mse=97.65
2026-04-17 05:53:21 | INFO     | crowdcount.trainer:352 - [Eval] density_mae=63.83  density_mse=106.37  best_density_mae=56.54
2026-04-17 05:53:38 | INFO     | crowdcount.engine:429 - Averaged stats: lr: 0.000094  loss_sum: 0.0306 (0.0372)  losses: 0.0074 (0.0074)  den_loss: 0.0225 (0.0298)  loss_ce: 0.0025 (0.0026)  loss_points: 0.0006 (0.0006)  loss_count: 0.0030 (0.0028)  loss_consistency: 0.0015 (0.0015)  loss_ce_unscaled: 0.0025 (0.0026)  loss_points_unscaled: 3.0002 (3.0885)  loss_count_unscaled: 2.9879 (2.7828)  loss_consistency_unscaled: 1.4786 (1.4508)  den_ssim: 0.0010 (0.0010)  moe_aux_total: 0.0000 (0.0000)  moe_aux_raw: 0.0000 (0.0000)  l_balance: 0.0000 (0.0000)  l_decorr: 0.0000 (0.0000)  moe_temperature: 0.1500 (0.1500)
2026-04-17 05:53:38 | INFO     | crowdcount.trainer:289 - [ep 570][lr 0.0000938][17.20s]
2026-04-17 05:53:53 | INFO     | crowdcount.trainer:348 - [Eval] mae=84.40  mse=122.09  time=13.4s  best_mae=63.29  best_mse=97.65
2026-04-17 05:53:53 | INFO     | crowdcount.trainer:352 - [Eval] density_mae=60.60  density_mse=99.79  best_density_mae=56.54
2026-04-17 05:54:10 | INFO     | crowdcount.engine:429 - Averaged stats: lr: 0.000094  loss_sum: 0.0285 (0.0370)  losses: 0.0070 (0.0072)  den_loss: 0.0216 (0.0297)  loss_ce: 0.0026 (0.0025)  loss_points: 0.0006 (0.0006)  loss_count: 0.0025 (0.0027)  loss_consistency: 0.0013 (0.0014)  loss_ce_unscaled: 0.0026 (0.0025)  loss_points_unscaled: 3.1289 (3.1057)  loss_count_unscaled: 2.4668 (2.7268)  loss_consistency_unscaled: 1.3072 (1.3611)  den_ssim: 0.0011 (0.0010)  moe_aux_total: 0.0000 (0.0000)  moe_aux_raw: 0.0000 (0.0000)  l_balance: 0.0000 (0.0000)  l_decorr: 0.0000 (0.0000)  moe_temperature: 0.1500 (0.1500)
2026-04-17 05:54:10 | INFO     | crowdcount.trainer:289 - [ep 571][lr 0.0000938][17.31s]
2026-04-17 05:54:26 | INFO     | crowdcount.trainer:348 - [Eval] mae=78.91  mse=116.77  time=13.1s  best_mae=63.29  best_mse=97.65
2026-04-17 05:54:26 | INFO     | crowdcount.trainer:352 - [Eval] density_mae=65.02  density_mse=106.28  best_density_mae=56.54
2026-04-17 05:54:43 | INFO     | crowdcount.engine:429 - Averaged stats: lr: 0.000094  loss_sum: 0.0375 (0.0393)  losses: 0.0071 (0.0071)  den_loss: 0.0298 (0.0322)  loss_ce: 0.0025 (0.0024)  loss_points: 0.0006 (0.0006)  loss_count: 0.0026 (0.0027)  loss_consistency: 0.0013 (0.0013)  loss_ce_unscaled: 0.0025 (0.0024)  loss_points_unscaled: 3.0528 (3.1189)  loss_count_unscaled: 2.5667 (2.6814)  loss_consistency_unscaled: 1.2616 (1.3103)  den_ssim: 0.0010 (0.0010)  moe_aux_total: 0.0000 (0.0000)  moe_aux_raw: 0.0000 (0.0000)  l_balance: 0.0000 (0.0000)  l_decorr: 0.0000 (0.0000)  moe_temperature: 0.1500 (0.1500)
2026-04-17 05:54:43 | INFO     | crowdcount.trainer:289 - [ep 572][lr 0.0000938][17.17s]
2026-04-17 05:54:57 | INFO     | crowdcount.trainer:348 - [Eval] mae=100.98  mse=144.50  time=12.8s  best_mae=63.29  best_mse=97.65
2026-04-17 05:54:57 | INFO     | crowdcount.trainer:352 - [Eval] density_mae=62.77  density_mse=103.27  best_density_mae=56.54
2026-04-17 05:55:14 | INFO     | crowdcount.engine:429 - Averaged stats: lr: 0.000094  loss_sum: 0.0307 (0.0394)  losses: 0.0075 (0.0072)  den_loss: 0.0235 (0.0322)  loss_ce: 0.0023 (0.0024)  loss_points: 0.0006 (0.0006)  loss_count: 0.0026 (0.0026)  loss_consistency: 0.0017 (0.0016)  loss_ce_unscaled: 0.0023 (0.0024)  loss_points_unscaled: 3.0296 (3.1311)  loss_count_unscaled: 2.6361 (2.6061)  loss_consistency_unscaled: 1.6629 (1.5905)  den_ssim: 0.0010 (0.0010)  moe_aux_total: 0.0000 (0.0000)  moe_aux_raw: 0.0000 (0.0000)  l_balance: 0.0000 (0.0000)  l_decorr: 0.0000 (0.0000)  moe_temperature: 0.1500 (0.1500)
2026-04-17 05:55:14 | INFO     | crowdcount.trainer:289 - [ep 573][lr 0.0000938][16.90s]
2026-04-17 05:55:29 | INFO     | crowdcount.trainer:348 - [Eval] mae=95.68  mse=135.52  time=12.8s  best_mae=63.29  best_mse=97.65
2026-04-17 05:55:29 | INFO     | crowdcount.trainer:352 - [Eval] density_mae=61.79  density_mse=100.21  best_density_mae=56.54
2026-04-17 05:55:46 | INFO     | crowdcount.engine:429 - Averaged stats: lr: 0.000094  loss_sum: 0.0366 (0.0450)  losses: 0.0068 (0.0078)  den_loss: 0.0296 (0.0370)  loss_ce: 0.0024 (0.0027)  loss_points: 0.0006 (0.0006)  loss_count: 0.0024 (0.0028)  loss_consistency: 0.0014 (0.0017)  loss_ce_unscaled: 0.0024 (0.0027)  loss_points_unscaled: 3.1326 (3.1057)  loss_count_unscaled: 2.4006 (2.8284)  loss_consistency_unscaled: 1.4223 (1.6593)  den_ssim: 0.0010 (0.0011)  moe_aux_total: 0.0001 (0.0002)  moe_aux_raw: 0.0001 (0.0002)  l_balance: 0.0001 (0.0002)  l_decorr: 0.0000 (0.0002)  moe_temperature: 0.1500 (0.1500)
2026-04-17 05:55:46 | INFO     | crowdcount.trainer:289 - [ep 574][lr 0.0000938][17.31s]
2026-04-17 05:56:01 | INFO     | crowdcount.trainer:348 - [Eval] mae=104.30  mse=143.19  time=13.3s  best_mae=63.29  best_mse=97.65
2026-04-17 05:56:01 | INFO     | crowdcount.trainer:352 - [Eval] density_mae=63.98  density_mse=99.08  best_density_mae=56.54
2026-04-17 05:56:18 | INFO     | crowdcount.engine:429 - Averaged stats: lr: 0.000094  loss_sum: 0.0306 (0.0408)  losses: 0.0067 (0.0072)  den_loss: 0.0235 (0.0336)  loss_ce: 0.0024 (0.0026)  loss_points: 0.0006 (0.0006)  loss_count: 0.0021 (0.0025)  loss_consistency: 0.0014 (0.0015)  loss_ce_unscaled: 0.0024 (0.0026)  loss_points_unscaled: 3.2132 (3.0640)  loss_count_unscaled: 2.1127 (2.4891)  loss_consistency_unscaled: 1.4437 (1.5009)  den_ssim: 0.0010 (0.0011)  moe_aux_total: 0.0000 (0.0000)  moe_aux_raw: 0.0000 (0.0000)  l_balance: 0.0000 (0.0000)  l_decorr: 0.0000 (0.0000)  moe_temperature: 0.1500 (0.1500)
2026-04-17 05:56:18 | INFO     | crowdcount.trainer:289 - [ep 575][lr 0.0000937][17.24s]
2026-04-17 05:56:33 | INFO     | crowdcount.trainer:348 - [Eval] mae=99.52  mse=143.67  time=12.9s  best_mae=63.29  best_mse=97.65
2026-04-17 05:56:33 | INFO     | crowdcount.trainer:352 - [Eval] density_mae=62.73  density_mse=103.36  best_density_mae=56.54
2026-04-17 05:56:50 | INFO     | crowdcount.engine:429 - Averaged stats: lr: 0.000094  loss_sum: 0.0317 (0.0401)  losses: 0.0071 (0.0074)  den_loss: 0.0253 (0.0326)  loss_ce: 0.0024 (0.0026)  loss_points: 0.0006 (0.0006)  loss_count: 0.0026 (0.0028)  loss_consistency: 0.0014 (0.0014)  loss_ce_unscaled: 0.0024 (0.0026)  loss_points_unscaled: 3.0838 (3.0667)  loss_count_unscaled: 2.6299 (2.8041)  loss_consistency_unscaled: 1.3672 (1.4335)  den_ssim: 0.0010 (0.0010)  moe_aux_total: 0.0000 (0.0000)  moe_aux_raw: 0.0000 (0.0000)  l_balance: 0.0000 (0.0000)  l_decorr: 0.0000 (0.0000)  moe_temperature: 0.1500 (0.1500)
2026-04-17 05:56:50 | INFO     | crowdcount.trainer:289 - [ep 576][lr 0.0000937][16.81s]
2026-04-17 05:57:05 | INFO     | crowdcount.trainer:348 - [Eval] mae=86.00  mse=125.91  time=13.4s  best_mae=63.29  best_mse=97.65
2026-04-17 05:57:05 | INFO     | crowdcount.trainer:352 - [Eval] density_mae=60.60  density_mse=102.46  best_density_mae=56.54
2026-04-17 05:57:22 | INFO     | crowdcount.engine:429 - Averaged stats: lr: 0.000094  loss_sum: 0.0307 (0.0377)  losses: 0.0069 (0.0073)  den_loss: 0.0236 (0.0304)  loss_ce: 0.0025 (0.0025)  loss_points: 0.0006 (0.0006)  loss_count: 0.0025 (0.0028)  loss_consistency: 0.0013 (0.0014)  loss_ce_unscaled: 0.0025 (0.0025)  loss_points_unscaled: 3.0516 (3.1255)  loss_count_unscaled: 2.5470 (2.7605)  loss_consistency_unscaled: 1.2790 (1.4357)  den_ssim: 0.0010 (0.0010)  moe_aux_total: 0.0000 (0.0000)  moe_aux_raw: 0.0000 (0.0000)  l_balance: 0.0000 (0.0000)  l_decorr: 0.0000 (0.0000)  moe_temperature: 0.1500 (0.1500)
2026-04-17 05:57:22 | INFO     | crowdcount.trainer:289 - [ep 577][lr 0.0000937][16.61s]
2026-04-17 05:57:37 | INFO     | crowdcount.trainer:348 - [Eval] mae=93.12  mse=132.67  time=13.1s  best_mae=63.29  best_mse=97.65
2026-04-17 05:57:37 | INFO     | crowdcount.trainer:352 - [Eval] density_mae=58.44  density_mse=96.78  best_density_mae=56.54
2026-04-17 05:57:54 | INFO     | crowdcount.engine:429 - Averaged stats: lr: 0.000094  loss_sum: 0.0368 (0.0421)  losses: 0.0073 (0.0078)  den_loss: 0.0297 (0.0342)  loss_ce: 0.0026 (0.0026)  loss_points: 0.0006 (0.0006)  loss_count: 0.0026 (0.0031)  loss_consistency: 0.0015 (0.0015)  loss_ce_unscaled: 0.0026 (0.0026)  loss_points_unscaled: 3.0810 (3.0483)  loss_count_unscaled: 2.6179 (3.0797)  loss_consistency_unscaled: 1.5376 (1.5028)  den_ssim: 0.0010 (0.0010)  moe_aux_total: 0.0000 (0.0000)  moe_aux_raw: 0.0000 (0.0000)  l_balance: 0.0000 (0.0000)  l_decorr: 0.0000 (0.0000)  moe_temperature: 0.1500 (0.1500)
2026-04-17 05:57:54 | INFO     | crowdcount.trainer:289 - [ep 578][lr 0.0000937][17.54s]
2026-04-17 05:58:09 | INFO     | crowdcount.trainer:348 - [Eval] mae=92.96  mse=132.42  time=13.2s  best_mae=63.29  best_mse=97.65
2026-04-17 05:58:09 | INFO     | crowdcount.trainer:352 - [Eval] density_mae=67.70  density_mse=105.18  best_density_mae=56.54
2026-04-17 05:58:26 | INFO     | crowdcount.engine:429 - Averaged stats: lr: 0.000094  loss_sum: 0.0234 (0.0349)  losses: 0.0067 (0.0070)  den_loss: 0.0162 (0.0279)  loss_ce: 0.0025 (0.0025)  loss_points: 0.0006 (0.0006)  loss_count: 0.0022 (0.0025)  loss_consistency: 0.0014 (0.0014)  loss_ce_unscaled: 0.0025 (0.0025)  loss_points_unscaled: 3.1792 (3.1351)  loss_count_unscaled: 2.1773 (2.4980)  loss_consistency_unscaled: 1.3596 (1.4146)  den_ssim: 0.0010 (0.0010)  moe_aux_total: 0.0000 (0.0000)  moe_aux_raw: 0.0000 (0.0000)  l_balance: 0.0000 (0.0000)  l_decorr: 0.0000 (0.0000)  moe_temperature: 0.1500 (0.1500)
2026-04-17 05:58:26 | INFO     | crowdcount.trainer:289 - [ep 579][lr 0.0000936][16.96s]
2026-04-17 05:58:41 | INFO     | crowdcount.trainer:348 - [Eval] mae=102.08  mse=147.98  time=12.9s  best_mae=63.29  best_mse=97.65
2026-04-17 05:58:41 | INFO     | crowdcount.trainer:352 - [Eval] density_mae=63.34  density_mse=107.89  best_density_mae=56.54
2026-04-17 05:58:59 | INFO     | crowdcount.engine:429 - Averaged stats: lr: 0.000094  loss_sum: 0.0253 (0.0440)  losses: 0.0069 (0.0075)  den_loss: 0.0179 (0.0365)  loss_ce: 0.0023 (0.0025)  loss_points: 0.0006 (0.0006)  loss_count: 0.0024 (0.0028)  loss_consistency: 0.0015 (0.0016)  loss_ce_unscaled: 0.0023 (0.0025)  loss_points_unscaled: 3.1533 (3.0795)  loss_count_unscaled: 2.4023 (2.7643)  loss_consistency_unscaled: 1.5171 (1.5951)  den_ssim: 0.0010 (0.0010)  moe_aux_total: 0.0000 (0.0000)  moe_aux_raw: 0.0000 (0.0000)  l_balance: 0.0000 (0.0000)  l_decorr: 0.0000 (0.0000)  moe_temperature: 0.1500 (0.1500)
2026-04-17 05:58:59 | INFO     | crowdcount.trainer:289 - [ep 580][lr 0.0000936][17.48s]
2026-04-17 05:59:14 | INFO     | crowdcount.trainer:348 - [Eval] mae=82.84  mse=123.22  time=13.7s  best_mae=63.29  best_mse=97.65
2026-04-17 05:59:14 | INFO     | crowdcount.trainer:352 - [Eval] density_mae=64.97  density_mse=109.05  best_density_mae=56.54
2026-04-17 05:59:31 | INFO     | crowdcount.engine:429 - Averaged stats: lr: 0.000094  loss_sum: 0.0283 (0.0431)  losses: 0.0063 (0.0075)  den_loss: 0.0217 (0.0356)  loss_ce: 0.0022 (0.0025)  loss_points: 0.0006 (0.0006)  loss_count: 0.0021 (0.0027)  loss_consistency: 0.0014 (0.0017)  loss_ce_unscaled: 0.0022 (0.0025)  loss_points_unscaled: 3.1433 (3.0870)  loss_count_unscaled: 2.1196 (2.7237)  loss_consistency_unscaled: 1.3652 (1.7100)  den_ssim: 0.0010 (0.0010)  moe_aux_total: 0.0000 (0.0000)  moe_aux_raw: 0.0000 (0.0000)  l_balance: 0.0000 (0.0000)  l_decorr: 0.0000 (0.0000)  moe_temperature: 0.1500 (0.1500)
2026-04-17 05:59:31 | INFO     | crowdcount.trainer:289 - [ep 581][lr 0.0000936][17.08s]
2026-04-17 05:59:47 | INFO     | crowdcount.trainer:348 - [Eval] mae=112.31  mse=155.82  time=13.3s  best_mae=63.29  best_mse=97.65
2026-04-17 05:59:47 | INFO     | crowdcount.trainer:352 - [Eval] density_mae=62.82  density_mse=104.92  best_density_mae=56.54
2026-04-17 06:00:04 | INFO     | crowdcount.engine:429 - Averaged stats: lr: 0.000094  loss_sum: 0.0279 (0.0409)  losses: 0.0067 (0.0076)  den_loss: 0.0212 (0.0332)  loss_ce: 0.0024 (0.0025)  loss_points: 0.0006 (0.0006)  loss_count: 0.0024 (0.0030)  loss_consistency: 0.0013 (0.0015)  loss_ce_unscaled: 0.0024 (0.0025)  loss_points_unscaled: 3.1558 (3.1250)  loss_count_unscaled: 2.3726 (2.9552)  loss_consistency_unscaled: 1.3371 (1.5451)  den_ssim: 0.0010 (0.0010)  moe_aux_total: 0.0000 (0.0000)  moe_aux_raw: 0.0000 (0.0000)  l_balance: 0.0000 (0.0000)  l_decorr: 0.0000 (0.0000)  moe_temperature: 0.1500 (0.1500)
2026-04-17 06:00:04 | INFO     | crowdcount.trainer:289 - [ep 582][lr 0.0000936][17.14s]
2026-04-17 06:00:19 | INFO     | crowdcount.trainer:348 - [Eval] mae=76.63  mse=114.84  time=13.2s  best_mae=63.29  best_mse=97.65
2026-04-17 06:00:19 | INFO     | crowdcount.trainer:352 - [Eval] density_mae=66.30  density_mse=104.02  best_density_mae=56.54
2026-04-17 06:00:36 | INFO     | crowdcount.engine:429 - Averaged stats: lr: 0.000094  loss_sum: 0.0312 (0.0373)  losses: 0.0065 (0.0069)  den_loss: 0.0253 (0.0304)  loss_ce: 0.0023 (0.0024)  loss_points: 0.0006 (0.0006)  loss_count: 0.0022 (0.0025)  loss_consistency: 0.0013 (0.0013)  loss_ce_unscaled: 0.0023 (0.0024)  loss_points_unscaled: 3.1215 (3.1051)  loss_count_unscaled: 2.1885 (2.5009)  loss_consistency_unscaled: 1.2853 (1.3251)  den_ssim: 0.0011 (0.0011)  moe_aux_total: 0.0000 (0.0000)  moe_aux_raw: 0.0000 (0.0000)  l_balance: 0.0000 (0.0000)  l_decorr: 0.0000 (0.0000)  moe_temperature: 0.1500 (0.1500)
2026-04-17 06:00:36 | INFO     | crowdcount.trainer:289 - [ep 583][lr 0.0000936][17.18s]
2026-04-17 06:00:52 | INFO     | crowdcount.trainer:348 - [Eval] mae=82.92  mse=119.90  time=13.8s  best_mae=63.29  best_mse=97.65
2026-04-17 06:00:52 | INFO     | crowdcount.trainer:352 - [Eval] density_mae=60.11  density_mse=96.66  best_density_mae=56.54
2026-04-17 06:01:09 | INFO     | crowdcount.engine:429 - Averaged stats: lr: 0.000094  loss_sum: 0.0339 (0.0404)  losses: 0.0069 (0.0073)  den_loss: 0.0268 (0.0331)  loss_ce: 0.0025 (0.0026)  loss_points: 0.0006 (0.0006)  loss_count: 0.0025 (0.0026)  loss_consistency: 0.0014 (0.0015)  loss_ce_unscaled: 0.0025 (0.0026)  loss_points_unscaled: 3.1120 (3.0646)  loss_count_unscaled: 2.5418 (2.5794)  loss_consistency_unscaled: 1.3656 (1.5229)  den_ssim: 0.0010 (0.0011)  moe_aux_total: 0.0000 (0.0000)  moe_aux_raw: 0.0000 (0.0000)  l_balance: 0.0000 (0.0000)  l_decorr: 0.0000 (0.0000)  moe_temperature: 0.1500 (0.1500)
2026-04-17 06:01:09 | INFO     | crowdcount.trainer:289 - [ep 584][lr 0.0000935][17.44s]
2026-04-17 06:01:25 | INFO     | crowdcount.trainer:348 - [Eval] mae=100.52  mse=149.95  time=13.1s  best_mae=63.29  best_mse=97.65
2026-04-17 06:01:25 | INFO     | crowdcount.trainer:352 - [Eval] density_mae=61.37  density_mse=103.11  best_density_mae=56.54
2026-04-17 06:01:41 | INFO     | crowdcount.engine:429 - Averaged stats: lr: 0.000094  loss_sum: 0.0271 (0.0386)  losses: 0.0072 (0.0074)  den_loss: 0.0198 (0.0311)  loss_ce: 0.0025 (0.0025)  loss_points: 0.0006 (0.0006)  loss_count: 0.0027 (0.0028)  loss_consistency: 0.0014 (0.0015)  loss_ce_unscaled: 0.0025 (0.0025)  loss_points_unscaled: 3.0271 (3.0800)  loss_count_unscaled: 2.6501 (2.7921)  loss_consistency_unscaled: 1.4369 (1.5012)  den_ssim: 0.0011 (0.0011)  moe_aux_total: 0.0000 (0.0000)  moe_aux_raw: 0.0000 (0.0000)  l_balance: 0.0000 (0.0000)  l_decorr: 0.0000 (0.0000)  moe_temperature: 0.1500 (0.1500)
2026-04-17 06:01:41 | INFO     | crowdcount.trainer:289 - [ep 585][lr 0.0000935][16.66s]
2026-04-17 06:01:56 | INFO     | crowdcount.trainer:348 - [Eval] mae=68.91  mse=106.34  time=12.7s  best_mae=63.29  best_mse=97.65
2026-04-17 06:01:56 | INFO     | crowdcount.trainer:352 - [Eval] density_mae=77.43  density_mse=117.43  best_density_mae=56.54
2026-04-17 06:02:12 | INFO     | crowdcount.engine:429 - Averaged stats: lr: 0.000093  loss_sum: 0.0344 (0.0423)  losses: 0.0069 (0.0078)  den_loss: 0.0284 (0.0344)  loss_ce: 0.0025 (0.0025)  loss_points: 0.0006 (0.0006)  loss_count: 0.0025 (0.0027)  loss_consistency: 0.0020 (0.0019)  loss_ce_unscaled: 0.0025 (0.0025)  loss_points_unscaled: 3.1092 (3.1528)  loss_count_unscaled: 2.4911 (2.7303)  loss_consistency_unscaled: 2.0215 (1.9321)  den_ssim: 0.0011 (0.0010)  moe_aux_total: 0.0000 (0.0000)  moe_aux_raw: 0.0000 (0.0000)  l_balance: 0.0000 (0.0000)  l_decorr: 0.0000 (0.0000)  moe_temperature: 0.1500 (0.1500)
2026-04-17 06:02:12 | INFO     | crowdcount.trainer:289 - [ep 586][lr 0.0000935][16.61s]
2026-04-17 06:02:28 | INFO     | crowdcount.trainer:348 - [Eval] mae=85.99  mse=124.38  time=13.2s  best_mae=63.29  best_mse=97.65
2026-04-17 06:02:28 | INFO     | crowdcount.trainer:352 - [Eval] density_mae=59.71  density_mse=99.76  best_density_mae=56.54
2026-04-17 06:02:44 | INFO     | crowdcount.engine:429 - Averaged stats: lr: 0.000093  loss_sum: 0.0330 (0.0421)  losses: 0.0068 (0.0074)  den_loss: 0.0266 (0.0347)  loss_ce: 0.0023 (0.0025)  loss_points: 0.0006 (0.0006)  loss_count: 0.0025 (0.0028)  loss_consistency: 0.0015 (0.0015)  loss_ce_unscaled: 0.0023 (0.0025)  loss_points_unscaled: 2.9888 (3.1238)  loss_count_unscaled: 2.5007 (2.7777)  loss_consistency_unscaled: 1.5283 (1.5341)  den_ssim: 0.0010 (0.0010)  moe_aux_total: 0.0000 (0.0000)  moe_aux_raw: 0.0000 (0.0000)  l_balance: 0.0000 (0.0000)  l_decorr: 0.0000 (0.0000)  moe_temperature: 0.1500 (0.1500)
2026-04-17 06:02:44 | INFO     | crowdcount.trainer:289 - [ep 587][lr 0.0000935][16.83s]
2026-04-17 06:02:59 | INFO     | crowdcount.trainer:348 - [Eval] mae=91.37  mse=133.49  time=12.8s  best_mae=63.29  best_mse=97.65
2026-04-17 06:02:59 | INFO     | crowdcount.trainer:352 - [Eval] density_mae=57.77  density_mse=94.31  best_density_mae=56.54
2026-04-17 06:03:17 | INFO     | crowdcount.engine:429 - Averaged stats: lr: 0.000093  loss_sum: 0.0288 (0.0481)  losses: 0.0073 (0.0073)  den_loss: 0.0211 (0.0407)  loss_ce: 0.0024 (0.0025)  loss_points: 0.0006 (0.0006)  loss_count: 0.0025 (0.0028)  loss_consistency: 0.0014 (0.0014)  loss_ce_unscaled: 0.0024 (0.0025)  loss_points_unscaled: 3.1540 (3.0741)  loss_count_unscaled: 2.5152 (2.7931)  loss_consistency_unscaled: 1.3701 (1.4336)  den_ssim: 0.0010 (0.0010)  moe_aux_total: 0.0000 (0.0000)  moe_aux_raw: 0.0000 (0.0000)  l_balance: 0.0000 (0.0000)  l_decorr: 0.0000 (0.0000)  moe_temperature: 0.1500 (0.1500)
2026-04-17 06:03:17 | INFO     | crowdcount.trainer:289 - [ep 588][lr 0.0000934][17.61s]
2026-04-17 06:03:32 | INFO     | crowdcount.trainer:348 - [Eval] mae=88.49  mse=129.04  time=13.1s  best_mae=63.29  best_mse=97.65
2026-04-17 06:03:32 | INFO     | crowdcount.trainer:352 - [Eval] density_mae=61.62  density_mse=103.70  best_density_mae=56.54
2026-04-17 06:03:50 | INFO     | crowdcount.engine:429 - Averaged stats: lr: 0.000093  loss_sum: 0.0404 (0.0459)  losses: 0.0076 (0.0082)  den_loss: 0.0325 (0.0377)  loss_ce: 0.0023 (0.0026)  loss_points: 0.0006 (0.0006)  loss_count: 0.0024 (0.0030)  loss_consistency: 0.0018 (0.0020)  loss_ce_unscaled: 0.0023 (0.0026)  loss_points_unscaled: 3.0911 (3.1334)  loss_count_unscaled: 2.4353 (2.9666)  loss_consistency_unscaled: 1.8119 (1.9660)  den_ssim: 0.0010 (0.0010)  moe_aux_total: 0.0000 (0.0000)  moe_aux_raw: 0.0000 (0.0000)  l_balance: 0.0000 (0.0000)  l_decorr: 0.0000 (0.0000)  moe_temperature: 0.1500 (0.1500)
2026-04-17 06:03:50 | INFO     | crowdcount.trainer:289 - [ep 589][lr 0.0000934][18.05s]
2026-04-17 06:04:05 | INFO     | crowdcount.trainer:348 - [Eval] mae=74.97  mse=114.47  time=13.3s  best_mae=63.29  best_mse=97.65
2026-04-17 06:04:05 | INFO     | crowdcount.trainer:352 - [Eval] density_mae=60.88  density_mse=104.83  best_density_mae=56.54
2026-04-17 06:04:21 | INFO     | crowdcount.engine:429 - Averaged stats: lr: 0.000093  loss_sum: 0.0279 (0.0337)  losses: 0.0061 (0.0067)  den_loss: 0.0212 (0.0270)  loss_ce: 0.0022 (0.0024)  loss_points: 0.0006 (0.0006)  loss_count: 0.0023 (0.0024)  loss_consistency: 0.0013 (0.0014)  loss_ce_unscaled: 0.0022 (0.0024)  loss_points_unscaled: 3.0174 (3.0663)  loss_count_unscaled: 2.2943 (2.3777)  loss_consistency_unscaled: 1.2508 (1.3746)  den_ssim: 0.0009 (0.0010)  moe_aux_total: 0.0000 (0.0000)  moe_aux_raw: 0.0000 (0.0000)  l_balance: 0.0000 (0.0000)  l_decorr: 0.0000 (0.0000)  moe_temperature: 0.1500 (0.1500)
2026-04-17 06:04:21 | INFO     | crowdcount.trainer:289 - [ep 590][lr 0.0000934][16.57s]
2026-04-17 06:04:36 | INFO     | crowdcount.trainer:348 - [Eval] mae=92.25  mse=129.52  time=12.9s  best_mae=63.29  best_mse=97.65
2026-04-17 06:04:36 | INFO     | crowdcount.trainer:352 - [Eval] density_mae=60.45  density_mse=101.12  best_density_mae=56.54
2026-04-17 06:04:54 | INFO     | crowdcount.engine:429 - Averaged stats: lr: 0.000093  loss_sum: 0.0341 (0.0379)  losses: 0.0067 (0.0071)  den_loss: 0.0253 (0.0309)  loss_ce: 0.0023 (0.0024)  loss_points: 0.0006 (0.0006)  loss_count: 0.0023 (0.0024)  loss_consistency: 0.0016 (0.0016)  loss_ce_unscaled: 0.0023 (0.0024)  loss_points_unscaled: 3.1421 (3.1479)  loss_count_unscaled: 2.2576 (2.4182)  loss_consistency_unscaled: 1.6145 (1.5768)  den_ssim: 0.0010 (0.0010)  moe_aux_total: 0.0000 (0.0000)  moe_aux_raw: 0.0000 (0.0000)  l_balance: 0.0000 (0.0000)  l_decorr: 0.0000 (0.0000)  moe_temperature: 0.1500 (0.1500)
2026-04-17 06:04:54 | INFO     | crowdcount.trainer:289 - [ep 591][lr 0.0000934][17.43s]
2026-04-17 06:05:08 | INFO     | crowdcount.trainer:348 - [Eval] mae=91.39  mse=131.98  time=13.3s  best_mae=63.29  best_mse=97.65
2026-04-17 06:05:08 | INFO     | crowdcount.trainer:352 - [Eval] density_mae=61.50  density_mse=102.51  best_density_mae=56.54
2026-04-17 06:05:25 | INFO     | crowdcount.engine:429 - Averaged stats: lr: 0.000093  loss_sum: 0.0285 (0.0340)  losses: 0.0069 (0.0066)  den_loss: 0.0206 (0.0274)  loss_ce: 0.0023 (0.0023)  loss_points: 0.0006 (0.0006)  loss_count: 0.0024 (0.0023)  loss_consistency: 0.0013 (0.0014)  loss_ce_unscaled: 0.0023 (0.0023)  loss_points_unscaled: 3.0751 (3.1085)  loss_count_unscaled: 2.4241 (2.2893)  loss_consistency_unscaled: 1.2762 (1.3592)  den_ssim: 0.0010 (0.0010)  moe_aux_total: 0.0000 (0.0000)  moe_aux_raw: 0.0000 (0.0000)  l_balance: 0.0000 (0.0000)  l_decorr: 0.0000 (0.0000)  moe_temperature: 0.1500 (0.1500)
2026-04-17 06:05:25 | INFO     | crowdcount.trainer:289 - [ep 592][lr 0.0000934][16.50s]
2026-04-17 06:05:40 | INFO     | crowdcount.trainer:348 - [Eval] mae=95.71  mse=143.68  time=12.9s  best_mae=63.29  best_mse=97.65
2026-04-17 06:05:40 | INFO     | crowdcount.trainer:352 - [Eval] density_mae=66.15  density_mse=116.09  best_density_mae=56.54
2026-04-17 06:05:57 | INFO     | crowdcount.engine:429 - Averaged stats: lr: 0.000093  loss_sum: 0.0305 (0.0358)  losses: 0.0070 (0.0073)  den_loss: 0.0243 (0.0284)  loss_ce: 0.0024 (0.0024)  loss_points: 0.0006 (0.0006)  loss_count: 0.0025 (0.0028)  loss_consistency: 0.0015 (0.0015)  loss_ce_unscaled: 0.0024 (0.0024)  loss_points_unscaled: 2.9990 (3.1065)  loss_count_unscaled: 2.4929 (2.7736)  loss_consistency_unscaled: 1.4509 (1.5198)  den_ssim: 0.0010 (0.0010)  moe_aux_total: 0.0000 (0.0000)  moe_aux_raw: 0.0000 (0.0000)  l_balance: 0.0000 (0.0000)  l_decorr: 0.0000 (0.0000)  moe_temperature: 0.1500 (0.1500)
2026-04-17 06:05:57 | INFO     | crowdcount.trainer:289 - [ep 593][lr 0.0000933][16.98s]
2026-04-17 06:06:12 | INFO     | crowdcount.trainer:348 - [Eval] mae=76.25  mse=115.71  time=13.0s  best_mae=63.29  best_mse=97.65
2026-04-17 06:06:12 | INFO     | crowdcount.trainer:352 - [Eval] density_mae=61.50  density_mse=101.44  best_density_mae=56.54
2026-04-17 06:06:28 | INFO     | crowdcount.engine:429 - Averaged stats: lr: 0.000093  loss_sum: 0.0306 (0.0401)  losses: 0.0065 (0.0071)  den_loss: 0.0253 (0.0329)  loss_ce: 0.0022 (0.0025)  loss_points: 0.0006 (0.0006)  loss_count: 0.0023 (0.0026)  loss_consistency: 0.0012 (0.0014)  loss_ce_unscaled: 0.0022 (0.0025)  loss_points_unscaled: 3.0826 (3.1177)  loss_count_unscaled: 2.2939 (2.5677)  loss_consistency_unscaled: 1.1878 (1.3927)  den_ssim: 0.0010 (0.0010)  moe_aux_total: 0.0000 (0.0000)  moe_aux_raw: 0.0000 (0.0000)  l_balance: 0.0000 (0.0000)  l_decorr: 0.0000 (0.0000)  moe_temperature: 0.1500 (0.1500)
2026-04-17 06:06:28 | INFO     | crowdcount.trainer:289 - [ep 594][lr 0.0000933][16.48s]
2026-04-17 06:06:43 | INFO     | crowdcount.trainer:348 - [Eval] mae=100.37  mse=141.16  time=13.1s  best_mae=63.29  best_mse=97.65
2026-04-17 06:06:43 | INFO     | crowdcount.trainer:352 - [Eval] density_mae=61.60  density_mse=101.65  best_density_mae=56.54
2026-04-17 06:07:00 | INFO     | crowdcount.engine:429 - Averaged stats: lr: 0.000093  loss_sum: 0.0325 (0.0355)  losses: 0.0063 (0.0071)  den_loss: 0.0273 (0.0284)  loss_ce: 0.0022 (0.0025)  loss_points: 0.0006 (0.0006)  loss_count: 0.0022 (0.0026)  loss_consistency: 0.0013 (0.0013)  loss_ce_unscaled: 0.0022 (0.0025)  loss_points_unscaled: 2.9790 (3.0508)  loss_count_unscaled: 2.2088 (2.6354)  loss_consistency_unscaled: 1.3500 (1.3429)  den_ssim: 0.0010 (0.0010)  moe_aux_total: 0.0000 (0.0000)  moe_aux_raw: 0.0000 (0.0000)  l_balance: 0.0000 (0.0000)  l_decorr: 0.0000 (0.0000)  moe_temperature: 0.1500 (0.1500)
2026-04-17 06:07:00 | INFO     | crowdcount.trainer:289 - [ep 595][lr 0.0000933][17.09s]
2026-04-17 06:07:15 | INFO     | crowdcount.trainer:348 - [Eval] mae=90.21  mse=127.80  time=13.1s  best_mae=63.29  best_mse=97.65
2026-04-17 06:07:15 | INFO     | crowdcount.trainer:352 - [Eval] density_mae=63.00  density_mse=101.79  best_density_mae=56.54
2026-04-17 06:07:32 | INFO     | crowdcount.engine:429 - Averaged stats: lr: 0.000093  loss_sum: 0.0272 (0.0399)  losses: 0.0066 (0.0074)  den_loss: 0.0214 (0.0325)  loss_ce: 0.0024 (0.0025)  loss_points: 0.0006 (0.0006)  loss_count: 0.0022 (0.0027)  loss_consistency: 0.0013 (0.0015)  loss_ce_unscaled: 0.0024 (0.0025)  loss_points_unscaled: 2.9562 (3.0370)  loss_count_unscaled: 2.1997 (2.7010)  loss_consistency_unscaled: 1.2567 (1.5214)  den_ssim: 0.0010 (0.0010)  moe_aux_total: 0.0000 (0.0000)  moe_aux_raw: 0.0000 (0.0000)  l_balance: 0.0000 (0.0000)  l_decorr: 0.0000 (0.0000)  moe_temperature: 0.1500 (0.1500)
2026-04-17 06:07:32 | INFO     | crowdcount.trainer:289 - [ep 596][lr 0.0000933][16.51s]
2026-04-17 06:07:46 | INFO     | crowdcount.trainer:348 - [Eval] mae=98.43  mse=137.82  time=13.2s  best_mae=63.29  best_mse=97.65
2026-04-17 06:07:46 | INFO     | crowdcount.trainer:352 - [Eval] density_mae=63.31  density_mse=108.63  best_density_mae=56.54
2026-04-17 06:08:03 | INFO     | crowdcount.engine:429 - Averaged stats: lr: 0.000093  loss_sum: 0.0272 (0.0324)  losses: 0.0066 (0.0067)  den_loss: 0.0205 (0.0258)  loss_ce: 0.0022 (0.0023)  loss_points: 0.0006 (0.0006)  loss_count: 0.0022 (0.0023)  loss_consistency: 0.0013 (0.0014)  loss_ce_unscaled: 0.0022 (0.0023)  loss_points_unscaled: 3.0497 (3.0737)  loss_count_unscaled: 2.1571 (2.3137)  loss_consistency_unscaled: 1.3312 (1.4021)  den_ssim: 0.0010 (0.0010)  moe_aux_total: 0.0000 (0.0000)  moe_aux_raw: 0.0000 (0.0000)  l_balance: 0.0000 (0.0000)  l_decorr: 0.0000 (0.0000)  moe_temperature: 0.1500 (0.1500)
2026-04-17 06:08:03 | INFO     | crowdcount.trainer:289 - [ep 597][lr 0.0000932][16.94s]
2026-04-17 06:08:18 | INFO     | crowdcount.trainer:348 - [Eval] mae=86.01  mse=127.48  time=13.0s  best_mae=63.29  best_mse=97.65
2026-04-17 06:08:18 | INFO     | crowdcount.trainer:352 - [Eval] density_mae=65.62  density_mse=106.84  best_density_mae=56.54
2026-04-17 06:08:35 | INFO     | crowdcount.engine:429 - Averaged stats: lr: 0.000093  loss_sum: 0.0326 (0.0404)  losses: 0.0067 (0.0072)  den_loss: 0.0257 (0.0332)  loss_ce: 0.0022 (0.0024)  loss_points: 0.0006 (0.0006)  loss_count: 0.0021 (0.0027)  loss_consistency: 0.0016 (0.0015)  loss_ce_unscaled: 0.0022 (0.0024)  loss_points_unscaled: 3.1005 (3.1228)  loss_count_unscaled: 2.0981 (2.6736)  loss_consistency_unscaled: 1.6090 (1.5396)  den_ssim: 0.0010 (0.0010)  moe_aux_total: 0.0000 (0.0000)  moe_aux_raw: 0.0000 (0.0000)  l_balance: 0.0000 (0.0000)  l_decorr: 0.0000 (0.0000)  moe_temperature: 0.1500 (0.1500)
2026-04-17 06:08:35 | INFO     | crowdcount.trainer:289 - [ep 598][lr 0.0000932][16.79s]
2026-04-17 06:08:50 | INFO     | crowdcount.trainer:348 - [Eval] mae=77.91  mse=118.52  time=12.9s  best_mae=63.29  best_mse=97.65
2026-04-17 06:08:50 | INFO     | crowdcount.trainer:352 - [Eval] density_mae=62.58  density_mse=103.30  best_density_mae=56.54
2026-04-17 06:09:07 | INFO     | crowdcount.engine:429 - Averaged stats: lr: 0.000093  loss_sum: 0.0360 (0.0388)  losses: 0.0071 (0.0072)  den_loss: 0.0288 (0.0315)  loss_ce: 0.0025 (0.0025)  loss_points: 0.0006 (0.0006)  loss_count: 0.0025 (0.0026)  loss_consistency: 0.0013 (0.0015)  loss_ce_unscaled: 0.0025 (0.0025)  loss_points_unscaled: 3.0166 (3.1334)  loss_count_unscaled: 2.5038 (2.6418)  loss_consistency_unscaled: 1.2665 (1.4918)  den_ssim: 0.0011 (0.0010)  moe_aux_total: 0.0000 (0.0000)  moe_aux_raw: 0.0000 (0.0000)  l_balance: 0.0000 (0.0000)  l_decorr: 0.0000 (0.0000)  moe_temperature: 0.1500 (0.1500)
2026-04-17 06:09:07 | INFO     | crowdcount.trainer:289 - [ep 599][lr 0.0000932][17.11s]
2026-04-17 06:09:22 | INFO     | crowdcount.trainer:348 - [Eval] mae=85.59  mse=128.70  time=13.0s  best_mae=63.29  best_mse=97.65
2026-04-17 06:09:22 | INFO     | crowdcount.trainer:352 - [Eval] density_mae=66.91  density_mse=115.59  best_density_mae=56.54
2026-04-17 06:09:39 | INFO     | crowdcount.engine:429 - Averaged stats: lr: 0.000093  loss_sum: 0.0292 (0.0363)  losses: 0.0065 (0.0069)  den_loss: 0.0222 (0.0294)  loss_ce: 0.0023 (0.0024)  loss_points: 0.0006 (0.0006)  loss_count: 0.0022 (0.0025)  loss_consistency: 0.0014 (0.0015)  loss_ce_unscaled: 0.0023 (0.0024)  loss_points_unscaled: 3.0537 (3.0936)  loss_count_unscaled: 2.1967 (2.4774)  loss_consistency_unscaled: 1.3823 (1.4807)  den_ssim: 0.0010 (0.0010)  moe_aux_total: 0.0000 (0.0000)  moe_aux_raw: 0.0000 (0.0000)  l_balance: 0.0000 (0.0000)  l_decorr: 0.0000 (0.0000)  moe_temperature: 0.1500 (0.1500)
2026-04-17 06:09:39 | INFO     | crowdcount.trainer:289 - [ep 600][lr 0.0000932][16.81s]
2026-04-17 06:09:54 | INFO     | crowdcount.trainer:348 - [Eval] mae=91.45  mse=132.29  time=13.0s  best_mae=63.29  best_mse=97.65
2026-04-17 06:09:54 | INFO     | crowdcount.trainer:352 - [Eval] density_mae=64.50  density_mse=107.06  best_density_mae=56.54
2026-04-17 06:10:11 | INFO     | crowdcount.engine:429 - Averaged stats: lr: 0.000093  loss_sum: 0.0250 (0.0368)  losses: 0.0069 (0.0072)  den_loss: 0.0188 (0.0297)  loss_ce: 0.0022 (0.0024)  loss_points: 0.0006 (0.0006)  loss_count: 0.0022 (0.0027)  loss_consistency: 0.0013 (0.0015)  loss_ce_unscaled: 0.0022 (0.0024)  loss_points_unscaled: 3.0847 (3.0799)  loss_count_unscaled: 2.2336 (2.6576)  loss_consistency_unscaled: 1.2914 (1.4642)  den_ssim: 0.0010 (0.0010)  moe_aux_total: 0.0000 (0.0000)  moe_aux_raw: 0.0000 (0.0000)  l_balance: 0.0000 (0.0000)  l_decorr: 0.0000 (0.0000)  moe_temperature: 0.1500 (0.1500)
2026-04-17 06:10:11 | INFO     | crowdcount.trainer:289 - [ep 601][lr 0.0000932][16.98s]
2026-04-17 06:10:26 | INFO     | crowdcount.trainer:348 - [Eval] mae=76.71  mse=118.34  time=13.1s  best_mae=63.29  best_mse=97.65
2026-04-17 06:10:26 | INFO     | crowdcount.trainer:352 - [Eval] density_mae=62.51  density_mse=103.80  best_density_mae=56.54
2026-04-17 06:10:44 | INFO     | crowdcount.engine:429 - Averaged stats: lr: 0.000093  loss_sum: 0.0277 (0.0374)  losses: 0.0065 (0.0073)  den_loss: 0.0220 (0.0301)  loss_ce: 0.0020 (0.0024)  loss_points: 0.0006 (0.0006)  loss_count: 0.0026 (0.0028)  loss_consistency: 0.0013 (0.0014)  loss_ce_unscaled: 0.0020 (0.0024)  loss_points_unscaled: 3.1625 (3.1737)  loss_count_unscaled: 2.6449 (2.7928)  loss_consistency_unscaled: 1.2620 (1.4344)  den_ssim: 0.0010 (0.0010)  moe_aux_total: 0.0000 (0.0000)  moe_aux_raw: 0.0000 (0.0000)  l_balance: 0.0000 (0.0000)  l_decorr: 0.0000 (0.0000)  moe_temperature: 0.1500 (0.1500)
2026-04-17 06:10:44 | INFO     | crowdcount.trainer:289 - [ep 602][lr 0.0000931][18.31s]
2026-04-17 06:10:59 | INFO     | crowdcount.trainer:348 - [Eval] mae=90.21  mse=133.79  time=13.3s  best_mae=63.29  best_mse=97.65
2026-04-17 06:10:59 | INFO     | crowdcount.trainer:352 - [Eval] density_mae=64.49  density_mse=110.36  best_density_mae=56.54
2026-04-17 06:11:16 | INFO     | crowdcount.engine:429 - Averaged stats: lr: 0.000093  loss_sum: 0.0314 (0.0384)  losses: 0.0069 (0.0076)  den_loss: 0.0240 (0.0309)  loss_ce: 0.0024 (0.0025)  loss_points: 0.0006 (0.0006)  loss_count: 0.0025 (0.0028)  loss_consistency: 0.0014 (0.0016)  loss_ce_unscaled: 0.0024 (0.0025)  loss_points_unscaled: 3.0453 (3.1049)  loss_count_unscaled: 2.5105 (2.7921)  loss_consistency_unscaled: 1.4250 (1.6296)  den_ssim: 0.0010 (0.0010)  moe_aux_total: 0.0000 (0.0000)  moe_aux_raw: 0.0000 (0.0000)  l_balance: 0.0000 (0.0000)  l_decorr: 0.0000 (0.0000)  moe_temperature: 0.1500 (0.1500)
2026-04-17 06:11:16 | INFO     | crowdcount.trainer:289 - [ep 603][lr 0.0000931][16.91s]
2026-04-17 06:11:31 | INFO     | crowdcount.trainer:348 - [Eval] mae=80.70  mse=123.21  time=13.0s  best_mae=63.29  best_mse=97.65
2026-04-17 06:11:31 | INFO     | crowdcount.trainer:352 - [Eval] density_mae=65.05  density_mse=111.61  best_density_mae=56.54
2026-04-17 06:11:49 | INFO     | crowdcount.engine:429 - Averaged stats: lr: 0.000093  loss_sum: 0.0393 (0.0394)  losses: 0.0076 (0.0072)  den_loss: 0.0311 (0.0321)  loss_ce: 0.0027 (0.0025)  loss_points: 0.0006 (0.0006)  loss_count: 0.0025 (0.0027)  loss_consistency: 0.0016 (0.0014)  loss_ce_unscaled: 0.0027 (0.0025)  loss_points_unscaled: 3.2058 (3.1340)  loss_count_unscaled: 2.5499 (2.6599)  loss_consistency_unscaled: 1.6257 (1.4470)  den_ssim: 0.0011 (0.0010)  moe_aux_total: 0.0000 (0.0000)  moe_aux_raw: 0.0000 (0.0000)  l_balance: 0.0000 (0.0000)  l_decorr: 0.0000 (0.0000)  moe_temperature: 0.1500 (0.1500)
2026-04-17 06:11:49 | INFO     | crowdcount.trainer:289 - [ep 604][lr 0.0000931][17.86s]
2026-04-17 06:12:04 | INFO     | crowdcount.trainer:348 - [Eval] mae=100.91  mse=139.97  time=12.9s  best_mae=63.29  best_mse=97.65
2026-04-17 06:12:04 | INFO     | crowdcount.trainer:352 - [Eval] density_mae=62.02  density_mse=107.40  best_density_mae=56.54
2026-04-17 06:12:21 | INFO     | crowdcount.engine:429 - Averaged stats: lr: 0.000093  loss_sum: 0.0327 (0.0424)  losses: 0.0069 (0.0072)  den_loss: 0.0255 (0.0352)  loss_ce: 0.0022 (0.0024)  loss_points: 0.0006 (0.0006)  loss_count: 0.0024 (0.0027)  loss_consistency: 0.0014 (0.0015)  loss_ce_unscaled: 0.0022 (0.0024)  loss_points_unscaled: 3.1306 (3.0731)  loss_count_unscaled: 2.4243 (2.7202)  loss_consistency_unscaled: 1.3793 (1.4572)  den_ssim: 0.0009 (0.0010)  moe_aux_total: 0.0000 (0.0000)  moe_aux_raw: 0.0000 (0.0000)  l_balance: 0.0000 (0.0000)  l_decorr: 0.0000 (0.0000)  moe_temperature: 0.1500 (0.1500)
2026-04-17 06:12:21 | INFO     | crowdcount.trainer:289 - [ep 605][lr 0.0000931][16.69s]
2026-04-17 06:12:36 | INFO     | crowdcount.trainer:348 - [Eval] mae=88.48  mse=130.74  time=13.1s  best_mae=63.29  best_mse=97.65
2026-04-17 06:12:36 | INFO     | crowdcount.trainer:352 - [Eval] density_mae=70.45  density_mse=114.99  best_density_mae=56.54
2026-04-17 06:12:53 | INFO     | crowdcount.engine:429 - Averaged stats: lr: 0.000093  loss_sum: 0.0299 (0.0345)  losses: 0.0065 (0.0069)  den_loss: 0.0234 (0.0276)  loss_ce: 0.0024 (0.0024)  loss_points: 0.0006 (0.0006)  loss_count: 0.0021 (0.0024)  loss_consistency: 0.0014 (0.0015)  loss_ce_unscaled: 0.0024 (0.0024)  loss_points_unscaled: 3.1067 (3.1093)  loss_count_unscaled: 2.0931 (2.4116)  loss_consistency_unscaled: 1.4326 (1.4821)  den_ssim: 0.0010 (0.0010)  moe_aux_total: 0.0000 (0.0000)  moe_aux_raw: 0.0000 (0.0000)  l_balance: 0.0000 (0.0000)  l_decorr: 0.0000 (0.0000)  moe_temperature: 0.1500 (0.1500)
2026-04-17 06:12:53 | INFO     | crowdcount.trainer:289 - [ep 606][lr 0.0000930][17.03s]
2026-04-17 06:13:08 | INFO     | crowdcount.trainer:348 - [Eval] mae=109.18  mse=151.19  time=13.0s  best_mae=63.29  best_mse=97.65
2026-04-17 06:13:08 | INFO     | crowdcount.trainer:352 - [Eval] density_mae=65.39  density_mse=103.56  best_density_mae=56.54
2026-04-17 06:13:24 | INFO     | crowdcount.engine:429 - Averaged stats: lr: 0.000093  loss_sum: 0.0319 (0.0343)  losses: 0.0071 (0.0073)  den_loss: 0.0245 (0.0270)  loss_ce: 0.0025 (0.0025)  loss_points: 0.0006 (0.0006)  loss_count: 0.0025 (0.0028)  loss_consistency: 0.0014 (0.0014)  loss_ce_unscaled: 0.0025 (0.0025)  loss_points_unscaled: 3.0780 (3.0561)  loss_count_unscaled: 2.4790 (2.7603)  loss_consistency_unscaled: 1.3593 (1.4342)  den_ssim: 0.0010 (0.0010)  moe_aux_total: 0.0000 (0.0000)  moe_aux_raw: 0.0000 (0.0000)  l_balance: 0.0000 (0.0000)  l_decorr: 0.0000 (0.0000)  moe_temperature: 0.1500 (0.1500)
2026-04-17 06:13:24 | INFO     | crowdcount.trainer:289 - [ep 607][lr 0.0000930][16.54s]
2026-04-17 06:13:39 | INFO     | crowdcount.trainer:348 - [Eval] mae=106.16  mse=144.44  time=13.1s  best_mae=63.29  best_mse=97.65
2026-04-17 06:13:39 | INFO     | crowdcount.trainer:352 - [Eval] density_mae=62.54  density_mse=104.30  best_density_mae=56.54
2026-04-17 06:13:56 | INFO     | crowdcount.engine:429 - Averaged stats: lr: 0.000093  loss_sum: 0.0260 (0.0331)  losses: 0.0065 (0.0066)  den_loss: 0.0182 (0.0265)  loss_ce: 0.0022 (0.0023)  loss_points: 0.0006 (0.0006)  loss_count: 0.0020 (0.0023)  loss_consistency: 0.0013 (0.0014)  loss_ce_unscaled: 0.0022 (0.0023)  loss_points_unscaled: 3.1457 (3.1259)  loss_count_unscaled: 1.9971 (2.2584)  loss_consistency_unscaled: 1.3268 (1.3902)  den_ssim: 0.0010 (0.0010)  moe_aux_total: 0.0000 (0.0000)  moe_aux_raw: 0.0000 (0.0000)  l_balance: 0.0000 (0.0000)  l_decorr: 0.0000 (0.0000)  moe_temperature: 0.1500 (0.1500)
2026-04-17 06:13:56 | INFO     | crowdcount.trainer:289 - [ep 608][lr 0.0000930][16.72s]
2026-04-17 06:14:11 | INFO     | crowdcount.trainer:348 - [Eval] mae=93.97  mse=131.98  time=13.0s  best_mae=63.29  best_mse=97.65
2026-04-17 06:14:11 | INFO     | crowdcount.trainer:352 - [Eval] density_mae=59.81  density_mse=98.84  best_density_mae=56.54
2026-04-17 06:14:28 | INFO     | crowdcount.engine:429 - Averaged stats: lr: 0.000093  loss_sum: 0.0310 (0.0477)  losses: 0.0073 (0.0077)  den_loss: 0.0231 (0.0400)  loss_ce: 0.0024 (0.0026)  loss_points: 0.0006 (0.0006)  loss_count: 0.0025 (0.0029)  loss_consistency: 0.0015 (0.0015)  loss_ce_unscaled: 0.0024 (0.0026)  loss_points_unscaled: 3.0887 (3.0707)  loss_count_unscaled: 2.4775 (2.9123)  loss_consistency_unscaled: 1.5151 (1.5465)  den_ssim: 0.0009 (0.0010)  moe_aux_total: 0.0000 (0.0000)  moe_aux_raw: 0.0000 (0.0000)  l_balance: 0.0000 (0.0000)  l_decorr: 0.0000 (0.0000)  moe_temperature: 0.1500 (0.1500)
2026-04-17 06:14:28 | INFO     | crowdcount.trainer:289 - [ep 609][lr 0.0000930][17.16s]
2026-04-17 06:14:43 | INFO     | crowdcount.trainer:348 - [Eval] mae=96.96  mse=135.24  time=13.0s  best_mae=63.29  best_mse=97.65
2026-04-17 06:14:43 | INFO     | crowdcount.trainer:352 - [Eval] density_mae=60.05  density_mse=100.09  best_density_mae=56.54
2026-04-17 06:15:00 | INFO     | crowdcount.engine:429 - Averaged stats: lr: 0.000093  loss_sum: 0.0281 (0.0436)  losses: 0.0070 (0.0076)  den_loss: 0.0218 (0.0360)  loss_ce: 0.0023 (0.0026)  loss_points: 0.0006 (0.0006)  loss_count: 0.0025 (0.0029)  loss_consistency: 0.0014 (0.0016)  loss_ce_unscaled: 0.0023 (0.0026)  loss_points_unscaled: 3.0222 (3.0802)  loss_count_unscaled: 2.5476 (2.8867)  loss_consistency_unscaled: 1.3544 (1.5711)  den_ssim: 0.0011 (0.0011)  moe_aux_total: 0.0000 (0.0000)  moe_aux_raw: 0.0000 (0.0000)  l_balance: 0.0000 (0.0000)  l_decorr: 0.0000 (0.0000)  moe_temperature: 0.1500 (0.1500)
2026-04-17 06:15:00 | INFO     | crowdcount.trainer:289 - [ep 610][lr 0.0000930][16.74s]
2026-04-17 06:15:14 | INFO     | crowdcount.trainer:348 - [Eval] mae=86.05  mse=126.39  time=12.8s  best_mae=63.29  best_mse=97.65
2026-04-17 06:15:14 | INFO     | crowdcount.trainer:352 - [Eval] density_mae=61.32  density_mse=97.90  best_density_mae=56.54
2026-04-17 06:15:31 | INFO     | crowdcount.engine:429 - Averaged stats: lr: 0.000093  loss_sum: 0.0264 (0.0438)  losses: 0.0062 (0.0073)  den_loss: 0.0183 (0.0365)  loss_ce: 0.0022 (0.0025)  loss_points: 0.0006 (0.0006)  loss_count: 0.0026 (0.0028)  loss_consistency: 0.0012 (0.0014)  loss_ce_unscaled: 0.0022 (0.0025)  loss_points_unscaled: 2.9668 (3.0492)  loss_count_unscaled: 2.5882 (2.8025)  loss_consistency_unscaled: 1.2316 (1.3782)  den_ssim: 0.0009 (0.0010)  moe_aux_total: 0.0000 (0.0000)  moe_aux_raw: 0.0000 (0.0000)  l_balance: 0.0000 (0.0000)  l_decorr: 0.0000 (0.0000)  moe_temperature: 0.1500 (0.1500)
2026-04-17 06:15:31 | INFO     | crowdcount.trainer:289 - [ep 611][lr 0.0000929][17.42s]
2026-04-17 06:15:47 | INFO     | crowdcount.trainer:348 - [Eval] mae=75.37  mse=112.51  time=13.1s  best_mae=63.29  best_mse=97.65
2026-04-17 06:15:47 | INFO     | crowdcount.trainer:352 - [Eval] density_mae=66.13  density_mse=105.77  best_density_mae=56.54
2026-04-17 06:16:03 | INFO     | crowdcount.engine:429 - Averaged stats: lr: 0.000093  loss_sum: 0.0283 (0.0368)  losses: 0.0069 (0.0071)  den_loss: 0.0213 (0.0297)  loss_ce: 0.0024 (0.0023)  loss_points: 0.0006 (0.0006)  loss_count: 0.0024 (0.0026)  loss_consistency: 0.0015 (0.0015)  loss_ce_unscaled: 0.0024 (0.0023)  loss_points_unscaled: 3.2253 (3.1522)  loss_count_unscaled: 2.4478 (2.6123)  loss_consistency_unscaled: 1.4617 (1.4685)  den_ssim: 0.0010 (0.0010)  moe_aux_total: 0.0000 (0.0000)  moe_aux_raw: 0.0000 (0.0000)  l_balance: 0.0000 (0.0000)  l_decorr: 0.0000 (0.0000)  moe_temperature: 0.1500 (0.1500)
2026-04-17 06:16:03 | INFO     | crowdcount.trainer:289 - [ep 612][lr 0.0000929][16.65s]
2026-04-17 06:16:18 | INFO     | crowdcount.trainer:348 - [Eval] mae=82.59  mse=121.90  time=13.0s  best_mae=63.29  best_mse=97.65
2026-04-17 06:16:18 | INFO     | crowdcount.trainer:352 - [Eval] density_mae=62.86  density_mse=109.16  best_density_mae=56.54
2026-04-17 06:16:35 | INFO     | crowdcount.engine:429 - Averaged stats: lr: 0.000093  loss_sum: 0.0264 (0.0356)  losses: 0.0063 (0.0071)  den_loss: 0.0203 (0.0285)  loss_ce: 0.0021 (0.0024)  loss_points: 0.0006 (0.0006)  loss_count: 0.0022 (0.0026)  loss_consistency: 0.0014 (0.0014)  loss_ce_unscaled: 0.0021 (0.0024)  loss_points_unscaled: 3.0670 (3.1037)  loss_count_unscaled: 2.2442 (2.5670)  loss_consistency_unscaled: 1.4385 (1.4363)  den_ssim: 0.0009 (0.0010)  moe_aux_total: 0.0000 (0.0000)  moe_aux_raw: 0.0000 (0.0000)  l_balance: 0.0000 (0.0000)  l_decorr: 0.0000 (0.0000)  moe_temperature: 0.1500 (0.1500)
2026-04-17 06:16:35 | INFO     | crowdcount.trainer:289 - [ep 613][lr 0.0000929][17.09s]
2026-04-17 06:16:50 | INFO     | crowdcount.trainer:348 - [Eval] mae=87.93  mse=126.18  time=12.9s  best_mae=63.29  best_mse=97.65
2026-04-17 06:16:50 | INFO     | crowdcount.trainer:352 - [Eval] density_mae=60.42  density_mse=97.13  best_density_mae=56.54
2026-04-17 06:17:07 | INFO     | crowdcount.engine:429 - Averaged stats: lr: 0.000093  loss_sum: 0.0324 (0.0365)  losses: 0.0068 (0.0070)  den_loss: 0.0260 (0.0295)  loss_ce: 0.0025 (0.0025)  loss_points: 0.0006 (0.0006)  loss_count: 0.0027 (0.0027)  loss_consistency: 0.0012 (0.0013)  loss_ce_unscaled: 0.0025 (0.0025)  loss_points_unscaled: 3.1546 (3.1210)  loss_count_unscaled: 2.7244 (2.6540)  loss_consistency_unscaled: 1.2158 (1.2617)  den_ssim: 0.0010 (0.0010)  moe_aux_total: 0.0000 (0.0000)  moe_aux_raw: 0.0000 (0.0000)  l_balance: 0.0000 (0.0000)  l_decorr: 0.0000 (0.0000)  moe_temperature: 0.1500 (0.1500)
2026-04-17 06:17:07 | INFO     | crowdcount.trainer:289 - [ep 614][lr 0.0000929][16.94s]
2026-04-17 06:17:22 | INFO     | crowdcount.trainer:348 - [Eval] mae=124.65  mse=166.62  time=13.2s  best_mae=63.29  best_mse=97.65
2026-04-17 06:17:22 | INFO     | crowdcount.trainer:352 - [Eval] density_mae=65.70  density_mse=106.29  best_density_mae=56.54
2026-04-17 06:17:39 | INFO     | crowdcount.engine:429 - Averaged stats: lr: 0.000093  loss_sum: 0.0319 (0.0394)  losses: 0.0066 (0.0071)  den_loss: 0.0245 (0.0323)  loss_ce: 0.0024 (0.0025)  loss_points: 0.0006 (0.0006)  loss_count: 0.0025 (0.0025)  loss_consistency: 0.0012 (0.0015)  loss_ce_unscaled: 0.0024 (0.0025)  loss_points_unscaled: 3.1805 (3.0989)  loss_count_unscaled: 2.4828 (2.5364)  loss_consistency_unscaled: 1.1611 (1.4828)  den_ssim: 0.0010 (0.0010)  moe_aux_total: 0.0000 (0.0000)  moe_aux_raw: 0.0000 (0.0000)  l_balance: 0.0000 (0.0000)  l_decorr: 0.0000 (0.0000)  moe_temperature: 0.1500 (0.1500)
2026-04-17 06:17:39 | INFO     | crowdcount.trainer:289 - [ep 615][lr 0.0000928][17.42s]
2026-04-17 06:17:55 | INFO     | crowdcount.trainer:348 - [Eval] mae=104.92  mse=144.33  time=13.3s  best_mae=63.29  best_mse=97.65
2026-04-17 06:17:55 | INFO     | crowdcount.trainer:352 - [Eval] density_mae=63.29  density_mse=107.81  best_density_mae=56.54
2026-04-17 06:18:12 | INFO     | crowdcount.engine:429 - Averaged stats: lr: 0.000093  loss_sum: 0.0281 (0.0366)  losses: 0.0063 (0.0071)  den_loss: 0.0222 (0.0294)  loss_ce: 0.0020 (0.0025)  loss_points: 0.0006 (0.0006)  loss_count: 0.0022 (0.0026)  loss_consistency: 0.0012 (0.0014)  loss_ce_unscaled: 0.0020 (0.0025)  loss_points_unscaled: 3.0994 (3.0677)  loss_count_unscaled: 2.1924 (2.6185)  loss_consistency_unscaled: 1.2152 (1.3964)  den_ssim: 0.0010 (0.0011)  moe_aux_total: 0.0000 (0.0000)  moe_aux_raw: 0.0000 (0.0000)  l_balance: 0.0000 (0.0000)  l_decorr: 0.0000 (0.0000)  moe_temperature: 0.1500 (0.1500)
2026-04-17 06:18:12 | INFO     | crowdcount.trainer:289 - [ep 616][lr 0.0000928][17.33s]
2026-04-17 06:18:27 | INFO     | crowdcount.trainer:348 - [Eval] mae=93.62  mse=135.34  time=13.1s  best_mae=63.29  best_mse=97.65
2026-04-17 06:18:27 | INFO     | crowdcount.trainer:352 - [Eval] density_mae=61.38  density_mse=102.99  best_density_mae=56.54
2026-04-17 06:18:44 | INFO     | crowdcount.engine:429 - Averaged stats: lr: 0.000093  loss_sum: 0.0320 (0.0375)  losses: 0.0066 (0.0073)  den_loss: 0.0258 (0.0302)  loss_ce: 0.0022 (0.0025)  loss_points: 0.0006 (0.0006)  loss_count: 0.0025 (0.0027)  loss_consistency: 0.0014 (0.0015)  loss_ce_unscaled: 0.0022 (0.0025)  loss_points_unscaled: 3.1732 (3.1494)  loss_count_unscaled: 2.4612 (2.6852)  loss_consistency_unscaled: 1.3721 (1.4916)  den_ssim: 0.0010 (0.0010)  moe_aux_total: 0.0000 (0.0000)  moe_aux_raw: 0.0000 (0.0000)  l_balance: 0.0000 (0.0000)  l_decorr: 0.0000 (0.0000)  moe_temperature: 0.1500 (0.1500)
2026-04-17 06:18:44 | INFO     | crowdcount.trainer:289 - [ep 617][lr 0.0000928][16.92s]
2026-04-17 06:19:00 | INFO     | crowdcount.trainer:348 - [Eval] mae=89.03  mse=129.14  time=13.5s  best_mae=63.29  best_mse=97.65
2026-04-17 06:19:00 | INFO     | crowdcount.trainer:352 - [Eval] density_mae=65.49  density_mse=112.34  best_density_mae=56.54
2026-04-17 06:19:17 | INFO     | crowdcount.engine:429 - Averaged stats: lr: 0.000093  loss_sum: 0.0221 (0.0362)  losses: 0.0067 (0.0073)  den_loss: 0.0168 (0.0289)  loss_ce: 0.0023 (0.0025)  loss_points: 0.0006 (0.0006)  loss_count: 0.0023 (0.0027)  loss_consistency: 0.0013 (0.0015)  loss_ce_unscaled: 0.0023 (0.0025)  loss_points_unscaled: 3.1939 (3.1274)  loss_count_unscaled: 2.3202 (2.6998)  loss_consistency_unscaled: 1.2876 (1.5427)  den_ssim: 0.0010 (0.0010)  moe_aux_total: 0.0000 (0.0000)  moe_aux_raw: 0.0000 (0.0000)  l_balance: 0.0000 (0.0000)  l_decorr: 0.0000 (0.0000)  moe_temperature: 0.1500 (0.1500)
2026-04-17 06:19:17 | INFO     | crowdcount.trainer:289 - [ep 618][lr 0.0000928][17.10s]
2026-04-17 06:19:31 | INFO     | crowdcount.trainer:348 - [Eval] mae=69.23  mse=108.99  time=13.0s  best_mae=63.29  best_mse=97.65
2026-04-17 06:19:31 | INFO     | crowdcount.trainer:352 - [Eval] density_mae=66.31  density_mse=110.63  best_density_mae=56.54
2026-04-17 06:19:49 | INFO     | crowdcount.engine:429 - Averaged stats: lr: 0.000093  loss_sum: 0.0308 (0.0408)  losses: 0.0069 (0.0075)  den_loss: 0.0238 (0.0333)  loss_ce: 0.0024 (0.0025)  loss_points: 0.0006 (0.0006)  loss_count: 0.0025 (0.0028)  loss_consistency: 0.0016 (0.0016)  loss_ce_unscaled: 0.0024 (0.0025)  loss_points_unscaled: 2.9857 (3.0596)  loss_count_unscaled: 2.4866 (2.7880)  loss_consistency_unscaled: 1.5678 (1.6041)  den_ssim: 0.0010 (0.0010)  moe_aux_total: 0.0000 (0.0000)  moe_aux_raw: 0.0000 (0.0000)  l_balance: 0.0000 (0.0000)  l_decorr: 0.0000 (0.0000)  moe_temperature: 0.1500 (0.1500)
2026-04-17 06:19:49 | INFO     | crowdcount.trainer:289 - [ep 619][lr 0.0000927][17.65s]
2026-04-17 06:20:05 | INFO     | crowdcount.trainer:348 - [Eval] mae=98.09  mse=136.19  time=13.5s  best_mae=63.29  best_mse=97.65
2026-04-17 06:20:05 | INFO     | crowdcount.trainer:352 - [Eval] density_mae=60.80  density_mse=101.31  best_density_mae=56.54
2026-04-17 06:20:22 | INFO     | crowdcount.engine:429 - Averaged stats: lr: 0.000093  loss_sum: 0.0445 (0.0428)  losses: 0.0072 (0.0073)  den_loss: 0.0388 (0.0354)  loss_ce: 0.0023 (0.0026)  loss_points: 0.0006 (0.0006)  loss_count: 0.0026 (0.0027)  loss_consistency: 0.0012 (0.0014)  loss_ce_unscaled: 0.0023 (0.0026)  loss_points_unscaled: 3.0191 (3.0368)  loss_count_unscaled: 2.6034 (2.6978)  loss_consistency_unscaled: 1.2263 (1.4385)  den_ssim: 0.0010 (0.0010)  moe_aux_total: 0.0000 (0.0000)  moe_aux_raw: 0.0000 (0.0000)  l_balance: 0.0000 (0.0000)  l_decorr: 0.0000 (0.0000)  moe_temperature: 0.1500 (0.1500)
2026-04-17 06:20:22 | INFO     | crowdcount.trainer:289 - [ep 620][lr 0.0000927][17.37s]
2026-04-17 06:20:37 | INFO     | crowdcount.trainer:348 - [Eval] mae=102.62  mse=139.98  time=13.0s  best_mae=63.29  best_mse=97.65
2026-04-17 06:20:37 | INFO     | crowdcount.trainer:352 - [Eval] density_mae=59.47  density_mse=100.06  best_density_mae=56.54
2026-04-17 06:20:54 | INFO     | crowdcount.engine:429 - Averaged stats: lr: 0.000093  loss_sum: 0.0373 (0.0377)  losses: 0.0066 (0.0069)  den_loss: 0.0312 (0.0308)  loss_ce: 0.0026 (0.0024)  loss_points: 0.0006 (0.0006)  loss_count: 0.0024 (0.0025)  loss_consistency: 0.0012 (0.0013)  loss_ce_unscaled: 0.0026 (0.0024)  loss_points_unscaled: 3.0674 (3.1034)  loss_count_unscaled: 2.4154 (2.5255)  loss_consistency_unscaled: 1.1900 (1.3185)  den_ssim: 0.0010 (0.0010)  moe_aux_total: 0.0000 (0.0000)  moe_aux_raw: 0.0000 (0.0000)  l_balance: 0.0000 (0.0000)  l_decorr: 0.0000 (0.0000)  moe_temperature: 0.1500 (0.1500)
2026-04-17 06:20:54 | INFO     | crowdcount.trainer:289 - [ep 621][lr 0.0000927][16.94s]
2026-04-17 06:21:09 | INFO     | crowdcount.trainer:348 - [Eval] mae=104.99  mse=145.64  time=13.3s  best_mae=63.29  best_mse=97.65
2026-04-17 06:21:09 | INFO     | crowdcount.trainer:352 - [Eval] density_mae=59.45  density_mse=99.59  best_density_mae=56.54
2026-04-17 06:21:27 | INFO     | crowdcount.engine:429 - Averaged stats: lr: 0.000093  loss_sum: 0.0297 (0.0389)  losses: 0.0066 (0.0073)  den_loss: 0.0241 (0.0315)  loss_ce: 0.0023 (0.0024)  loss_points: 0.0006 (0.0006)  loss_count: 0.0022 (0.0028)  loss_consistency: 0.0012 (0.0015)  loss_ce_unscaled: 0.0023 (0.0024)  loss_points_unscaled: 3.0521 (3.1280)  loss_count_unscaled: 2.2497 (2.8188)  loss_consistency_unscaled: 1.2300 (1.4601)  den_ssim: 0.0010 (0.0010)  moe_aux_total: 0.0000 (0.0000)  moe_aux_raw: 0.0000 (0.0000)  l_balance: 0.0000 (0.0000)  l_decorr: 0.0000 (0.0000)  moe_temperature: 0.1500 (0.1500)
2026-04-17 06:21:27 | INFO     | crowdcount.trainer:289 - [ep 622][lr 0.0000927][17.76s]
2026-04-17 06:21:42 | INFO     | crowdcount.trainer:348 - [Eval] mae=112.51  mse=155.57  time=13.4s  best_mae=63.29  best_mse=97.65
2026-04-17 06:21:42 | INFO     | crowdcount.trainer:352 - [Eval] density_mae=63.60  density_mse=106.61  best_density_mae=56.54
2026-04-17 06:21:59 | INFO     | crowdcount.engine:429 - Averaged stats: lr: 0.000093  loss_sum: 0.0257 (0.0344)  losses: 0.0066 (0.0072)  den_loss: 0.0199 (0.0272)  loss_ce: 0.0024 (0.0025)  loss_points: 0.0006 (0.0006)  loss_count: 0.0022 (0.0026)  loss_consistency: 0.0013 (0.0014)  loss_ce_unscaled: 0.0024 (0.0025)  loss_points_unscaled: 3.1136 (3.0706)  loss_count_unscaled: 2.2480 (2.6415)  loss_consistency_unscaled: 1.3211 (1.4472)  den_ssim: 0.0010 (0.0010)  moe_aux_total: 0.0000 (0.0000)  moe_aux_raw: 0.0000 (0.0000)  l_balance: 0.0000 (0.0000)  l_decorr: 0.0000 (0.0000)  moe_temperature: 0.1500 (0.1500)
2026-04-17 06:21:59 | INFO     | crowdcount.trainer:289 - [ep 623][lr 0.0000927][17.11s]
2026-04-17 06:22:15 | INFO     | crowdcount.trainer:348 - [Eval] mae=93.22  mse=131.39  time=13.1s  best_mae=63.29  best_mse=97.65
2026-04-17 06:22:15 | INFO     | crowdcount.trainer:352 - [Eval] density_mae=63.08  density_mse=105.23  best_density_mae=56.54
2026-04-17 06:22:32 | INFO     | crowdcount.engine:429 - Averaged stats: lr: 0.000093  loss_sum: 0.0398 (0.0428)  losses: 0.0071 (0.0074)  den_loss: 0.0327 (0.0354)  loss_ce: 0.0024 (0.0026)  loss_points: 0.0006 (0.0006)  loss_count: 0.0027 (0.0027)  loss_consistency: 0.0013 (0.0015)  loss_ce_unscaled: 0.0024 (0.0026)  loss_points_unscaled: 2.9860 (3.0476)  loss_count_unscaled: 2.6880 (2.7368)  loss_consistency_unscaled: 1.3427 (1.5390)  den_ssim: 0.0010 (0.0010)  moe_aux_total: 0.0000 (0.0000)  moe_aux_raw: 0.0000 (0.0000)  l_balance: 0.0000 (0.0000)  l_decorr: 0.0000 (0.0000)  moe_temperature: 0.1500 (0.1500)
2026-04-17 06:22:32 | INFO     | crowdcount.trainer:289 - [ep 624][lr 0.0000926][17.30s]
2026-04-17 06:22:47 | INFO     | crowdcount.trainer:348 - [Eval] mae=80.19  mse=115.43  time=13.4s  best_mae=63.29  best_mse=97.65
2026-04-17 06:22:47 | INFO     | crowdcount.trainer:352 - [Eval] density_mae=82.68  density_mse=137.54  best_density_mae=56.54
2026-04-17 06:23:05 | INFO     | crowdcount.engine:429 - Averaged stats: lr: 0.000093  loss_sum: 0.0367 (0.0401)  losses: 0.0071 (0.0072)  den_loss: 0.0300 (0.0329)  loss_ce: 0.0026 (0.0025)  loss_points: 0.0006 (0.0006)  loss_count: 0.0025 (0.0027)  loss_consistency: 0.0013 (0.0013)  loss_ce_unscaled: 0.0026 (0.0025)  loss_points_unscaled: 3.1001 (3.1347)  loss_count_unscaled: 2.5059 (2.7406)  loss_consistency_unscaled: 1.2612 (1.3381)  den_ssim: 0.0010 (0.0010)  moe_aux_total: 0.0000 (0.0000)  moe_aux_raw: 0.0000 (0.0000)  l_balance: 0.0000 (0.0000)  l_decorr: 0.0000 (0.0000)  moe_temperature: 0.1500 (0.1500)
2026-04-17 06:23:05 | INFO     | crowdcount.trainer:289 - [ep 625][lr 0.0000926][17.44s]
2026-04-17 06:23:21 | INFO     | crowdcount.trainer:348 - [Eval] mae=87.95  mse=127.11  time=13.8s  best_mae=63.29  best_mse=97.65
2026-04-17 06:23:21 | INFO     | crowdcount.trainer:352 - [Eval] density_mae=63.08  density_mse=105.45  best_density_mae=56.54
2026-04-17 06:23:38 | INFO     | crowdcount.engine:429 - Averaged stats: lr: 0.000093  loss_sum: 0.0256 (0.0378)  losses: 0.0069 (0.0072)  den_loss: 0.0184 (0.0306)  loss_ce: 0.0023 (0.0025)  loss_points: 0.0006 (0.0006)  loss_count: 0.0024 (0.0025)  loss_consistency: 0.0013 (0.0015)  loss_ce_unscaled: 0.0023 (0.0025)  loss_points_unscaled: 3.0075 (3.0470)  loss_count_unscaled: 2.4224 (2.5412)  loss_consistency_unscaled: 1.2953 (1.5229)  den_ssim: 0.0010 (0.0010)  moe_aux_total: 0.0000 (0.0000)  moe_aux_raw: 0.0000 (0.0000)  l_balance: 0.0000 (0.0000)  l_decorr: 0.0000 (0.0000)  moe_temperature: 0.1500 (0.1500)
2026-04-17 06:23:38 | INFO     | crowdcount.trainer:289 - [ep 626][lr 0.0000926][17.19s]
2026-04-17 06:23:53 | INFO     | crowdcount.trainer:348 - [Eval] mae=84.67  mse=125.27  time=13.3s  best_mae=63.29  best_mse=97.65
2026-04-17 06:23:53 | INFO     | crowdcount.trainer:352 - [Eval] density_mae=60.20  density_mse=103.55  best_density_mae=56.54
2026-04-17 06:24:11 | INFO     | crowdcount.engine:429 - Averaged stats: lr: 0.000093  loss_sum: 0.0262 (0.0415)  losses: 0.0066 (0.0073)  den_loss: 0.0207 (0.0342)  loss_ce: 0.0023 (0.0024)  loss_points: 0.0006 (0.0006)  loss_count: 0.0022 (0.0026)  loss_consistency: 0.0014 (0.0016)  loss_ce_unscaled: 0.0023 (0.0024)  loss_points_unscaled: 3.1377 (3.0903)  loss_count_unscaled: 2.2240 (2.6300)  loss_consistency_unscaled: 1.4132 (1.5948)  den_ssim: 0.0010 (0.0010)  moe_aux_total: 0.0000 (0.0000)  moe_aux_raw: 0.0000 (0.0000)  l_balance: 0.0000 (0.0000)  l_decorr: 0.0000 (0.0000)  moe_temperature: 0.1500 (0.1500)
2026-04-17 06:24:11 | INFO     | crowdcount.trainer:289 - [ep 627][lr 0.0000926][17.72s]
2026-04-17 06:24:26 | INFO     | crowdcount.trainer:348 - [Eval] mae=100.81  mse=140.70  time=13.0s  best_mae=63.29  best_mse=97.65
2026-04-17 06:24:26 | INFO     | crowdcount.trainer:352 - [Eval] density_mae=58.32  density_mse=94.87  best_density_mae=56.54
2026-04-17 06:24:43 | INFO     | crowdcount.engine:429 - Averaged stats: lr: 0.000093  loss_sum: 0.0207 (0.0388)  losses: 0.0058 (0.0072)  den_loss: 0.0155 (0.0316)  loss_ce: 0.0020 (0.0024)  loss_points: 0.0006 (0.0006)  loss_count: 0.0021 (0.0027)  loss_consistency: 0.0013 (0.0014)  loss_ce_unscaled: 0.0020 (0.0024)  loss_points_unscaled: 3.1323 (3.0897)  loss_count_unscaled: 2.0792 (2.6965)  loss_consistency_unscaled: 1.3064 (1.4257)  den_ssim: 0.0009 (0.0010)  moe_aux_total: 0.0000 (0.0000)  moe_aux_raw: 0.0000 (0.0000)  l_balance: 0.0000 (0.0000)  l_decorr: 0.0000 (0.0000)  moe_temperature: 0.1500 (0.1500)
2026-04-17 06:24:43 | INFO     | crowdcount.trainer:289 - [ep 628][lr 0.0000925][17.01s]
2026-04-17 06:24:58 | INFO     | crowdcount.trainer:348 - [Eval] mae=101.08  mse=140.04  time=13.2s  best_mae=63.29  best_mse=97.65
2026-04-17 06:24:58 | INFO     | crowdcount.trainer:352 - [Eval] density_mae=62.37  density_mse=99.95  best_density_mae=56.54
2026-04-17 06:25:15 | INFO     | crowdcount.engine:429 - Averaged stats: lr: 0.000093  loss_sum: 0.0213 (0.0400)  losses: 0.0063 (0.0074)  den_loss: 0.0150 (0.0326)  loss_ce: 0.0020 (0.0024)  loss_points: 0.0006 (0.0006)  loss_count: 0.0020 (0.0026)  loss_consistency: 0.0017 (0.0018)  loss_ce_unscaled: 0.0020 (0.0024)  loss_points_unscaled: 3.0548 (3.0935)  loss_count_unscaled: 1.9801 (2.5870)  loss_consistency_unscaled: 1.6683 (1.7943)  den_ssim: 0.0009 (0.0010)  moe_aux_total: 0.0000 (0.0000)  moe_aux_raw: 0.0000 (0.0000)  l_balance: 0.0000 (0.0000)  l_decorr: 0.0000 (0.0000)  moe_temperature: 0.1500 (0.1500)
2026-04-17 06:25:15 | INFO     | crowdcount.trainer:289 - [ep 629][lr 0.0000925][17.05s]
2026-04-17 06:25:30 | INFO     | crowdcount.trainer:348 - [Eval] mae=88.62  mse=125.63  time=13.1s  best_mae=63.29  best_mse=97.65
2026-04-17 06:25:30 | INFO     | crowdcount.trainer:352 - [Eval] density_mae=60.00  density_mse=99.81  best_density_mae=56.54
2026-04-17 06:25:48 | INFO     | crowdcount.engine:429 - Averaged stats: lr: 0.000092  loss_sum: 0.0485 (0.0399)  losses: 0.0084 (0.0077)  den_loss: 0.0389 (0.0322)  loss_ce: 0.0027 (0.0026)  loss_points: 0.0006 (0.0006)  loss_count: 0.0036 (0.0030)  loss_consistency: 0.0014 (0.0014)  loss_ce_unscaled: 0.0027 (0.0026)  loss_points_unscaled: 3.0283 (3.1189)  loss_count_unscaled: 3.6065 (3.0291)  loss_consistency_unscaled: 1.4266 (1.4400)  den_ssim: 0.0010 (0.0011)  moe_aux_total: 0.0000 (0.0000)  moe_aux_raw: 0.0000 (0.0000)  l_balance: 0.0000 (0.0000)  l_decorr: 0.0000 (0.0000)  moe_temperature: 0.1500 (0.1500)
2026-04-17 06:25:48 | INFO     | crowdcount.trainer:289 - [ep 630][lr 0.0000925][17.63s]
2026-04-17 06:26:04 | INFO     | crowdcount.trainer:348 - [Eval] mae=68.51  mse=106.27  time=13.4s  best_mae=63.29  best_mse=97.65
2026-04-17 06:26:04 | INFO     | crowdcount.trainer:352 - [Eval] density_mae=62.63  density_mse=102.70  best_density_mae=56.54
2026-04-17 06:26:21 | INFO     | crowdcount.engine:429 - Averaged stats: lr: 0.000092  loss_sum: 0.0332 (0.0359)  losses: 0.0066 (0.0070)  den_loss: 0.0268 (0.0289)  loss_ce: 0.0024 (0.0024)  loss_points: 0.0006 (0.0006)  loss_count: 0.0022 (0.0025)  loss_consistency: 0.0012 (0.0015)  loss_ce_unscaled: 0.0024 (0.0024)  loss_points_unscaled: 3.1387 (3.1090)  loss_count_unscaled: 2.2195 (2.4760)  loss_consistency_unscaled: 1.1811 (1.5238)  den_ssim: 0.0010 (0.0010)  moe_aux_total: 0.0000 (0.0000)  moe_aux_raw: 0.0000 (0.0000)  l_balance: 0.0000 (0.0000)  l_decorr: 0.0000 (0.0000)  moe_temperature: 0.1500 (0.1500)
2026-04-17 06:26:21 | INFO     | crowdcount.trainer:289 - [ep 631][lr 0.0000925][17.26s]
2026-04-17 06:26:36 | INFO     | crowdcount.trainer:348 - [Eval] mae=77.87  mse=115.50  time=13.4s  best_mae=63.29  best_mse=97.65
2026-04-17 06:26:36 | INFO     | crowdcount.trainer:352 - [Eval] density_mae=72.05  density_mse=125.09  best_density_mae=56.54
2026-04-17 06:26:53 | INFO     | crowdcount.engine:429 - Averaged stats: lr: 0.000092  loss_sum: 0.0294 (0.0402)  losses: 0.0065 (0.0070)  den_loss: 0.0206 (0.0332)  loss_ce: 0.0022 (0.0024)  loss_points: 0.0006 (0.0006)  loss_count: 0.0022 (0.0024)  loss_consistency: 0.0016 (0.0016)  loss_ce_unscaled: 0.0022 (0.0024)  loss_points_unscaled: 3.1056 (3.1172)  loss_count_unscaled: 2.1796 (2.3747)  loss_consistency_unscaled: 1.5934 (1.6424)  den_ssim: 0.0010 (0.0010)  moe_aux_total: 0.0000 (0.0000)  moe_aux_raw: 0.0000 (0.0000)  l_balance: 0.0000 (0.0000)  l_decorr: 0.0000 (0.0000)  moe_temperature: 0.1500 (0.1500)
2026-04-17 06:26:53 | INFO     | crowdcount.trainer:289 - [ep 632][lr 0.0000924][17.01s]
2026-04-17 06:27:09 | INFO     | crowdcount.trainer:348 - [Eval] mae=104.66  mse=146.71  time=13.2s  best_mae=63.29  best_mse=97.65
2026-04-17 06:27:09 | INFO     | crowdcount.trainer:352 - [Eval] density_mae=63.87  density_mse=113.89  best_density_mae=56.54
2026-04-17 06:27:26 | INFO     | crowdcount.engine:429 - Averaged stats: lr: 0.000092  loss_sum: 0.0300 (0.0362)  losses: 0.0068 (0.0072)  den_loss: 0.0228 (0.0290)  loss_ce: 0.0023 (0.0025)  loss_points: 0.0006 (0.0006)  loss_count: 0.0025 (0.0027)  loss_consistency: 0.0013 (0.0014)  loss_ce_unscaled: 0.0023 (0.0025)  loss_points_unscaled: 3.1290 (3.0714)  loss_count_unscaled: 2.4602 (2.6841)  loss_consistency_unscaled: 1.2516 (1.4090)  den_ssim: 0.0010 (0.0010)  moe_aux_total: 0.0000 (0.0000)  moe_aux_raw: 0.0000 (0.0000)  l_balance: 0.0000 (0.0000)  l_decorr: 0.0000 (0.0000)  moe_temperature: 0.1500 (0.1500)
2026-04-17 06:27:26 | INFO     | crowdcount.trainer:289 - [ep 633][lr 0.0000924][17.43s]
2026-04-17 06:27:41 | INFO     | crowdcount.trainer:348 - [Eval] mae=83.49  mse=128.79  time=13.1s  best_mae=63.29  best_mse=97.65
2026-04-17 06:27:41 | INFO     | crowdcount.trainer:352 - [Eval] density_mae=68.05  density_mse=112.48  best_density_mae=56.54
2026-04-17 06:27:59 | INFO     | crowdcount.engine:429 - Averaged stats: lr: 0.000092  loss_sum: 0.0302 (0.0385)  losses: 0.0070 (0.0072)  den_loss: 0.0243 (0.0313)  loss_ce: 0.0022 (0.0025)  loss_points: 0.0006 (0.0006)  loss_count: 0.0025 (0.0028)  loss_consistency: 0.0014 (0.0013)  loss_ce_unscaled: 0.0022 (0.0025)  loss_points_unscaled: 3.1119 (3.1072)  loss_count_unscaled: 2.4829 (2.7711)  loss_consistency_unscaled: 1.3589 (1.3333)  den_ssim: 0.0011 (0.0010)  moe_aux_total: 0.0000 (0.0000)  moe_aux_raw: 0.0000 (0.0000)  l_balance: 0.0000 (0.0000)  l_decorr: 0.0000 (0.0000)  moe_temperature: 0.1500 (0.1500)
2026-04-17 06:27:59 | INFO     | crowdcount.trainer:289 - [ep 634][lr 0.0000924][17.44s]
2026-04-17 06:28:15 | INFO     | crowdcount.trainer:348 - [Eval] mae=94.31  mse=133.95  time=13.2s  best_mae=63.29  best_mse=97.65
2026-04-17 06:28:15 | INFO     | crowdcount.trainer:352 - [Eval] density_mae=62.09  density_mse=105.93  best_density_mae=56.54
2026-04-17 06:28:32 | INFO     | crowdcount.engine:429 - Averaged stats: lr: 0.000092  loss_sum: 0.0306 (0.0354)  losses: 0.0070 (0.0070)  den_loss: 0.0238 (0.0285)  loss_ce: 0.0025 (0.0024)  loss_points: 0.0006 (0.0006)  loss_count: 0.0025 (0.0024)  loss_consistency: 0.0016 (0.0015)  loss_ce_unscaled: 0.0025 (0.0024)  loss_points_unscaled: 3.1634 (3.1507)  loss_count_unscaled: 2.4624 (2.3982)  loss_consistency_unscaled: 1.5867 (1.5123)  den_ssim: 0.0010 (0.0010)  moe_aux_total: 0.0000 (0.0000)  moe_aux_raw: 0.0000 (0.0000)  l_balance: 0.0000 (0.0000)  l_decorr: 0.0000 (0.0000)  moe_temperature: 0.1500 (0.1500)
2026-04-17 06:28:32 | INFO     | crowdcount.trainer:289 - [ep 635][lr 0.0000924][17.19s]
2026-04-17 06:28:47 | INFO     | crowdcount.trainer:348 - [Eval] mae=81.85  mse=124.51  time=13.2s  best_mae=63.29  best_mse=97.65
2026-04-17 06:28:47 | INFO     | crowdcount.trainer:352 - [Eval] density_mae=60.82  density_mse=106.88  best_density_mae=56.54
2026-04-17 06:29:04 | INFO     | crowdcount.engine:429 - Averaged stats: lr: 0.000092  loss_sum: 0.0250 (0.0342)  losses: 0.0068 (0.0068)  den_loss: 0.0195 (0.0273)  loss_ce: 0.0024 (0.0023)  loss_points: 0.0006 (0.0006)  loss_count: 0.0024 (0.0024)  loss_consistency: 0.0012 (0.0015)  loss_ce_unscaled: 0.0024 (0.0023)  loss_points_unscaled: 3.0424 (3.0892)  loss_count_unscaled: 2.3675 (2.3831)  loss_consistency_unscaled: 1.2456 (1.4863)  den_ssim: 0.0009 (0.0010)  moe_aux_total: 0.0000 (0.0000)  moe_aux_raw: 0.0000 (0.0000)  l_balance: 0.0000 (0.0000)  l_decorr: 0.0000 (0.0000)  moe_temperature: 0.1500 (0.1500)
2026-04-17 06:29:04 | INFO     | crowdcount.trainer:289 - [ep 636][lr 0.0000923][16.79s]
2026-04-17 06:29:19 | INFO     | crowdcount.trainer:348 - [Eval] mae=88.27  mse=124.75  time=13.5s  best_mae=63.29  best_mse=97.65
2026-04-17 06:29:19 | INFO     | crowdcount.trainer:352 - [Eval] density_mae=59.99  density_mse=99.20  best_density_mae=56.54
2026-04-17 06:29:37 | INFO     | crowdcount.engine:429 - Averaged stats: lr: 0.000092  loss_sum: 0.0289 (0.0357)  losses: 0.0062 (0.0068)  den_loss: 0.0217 (0.0288)  loss_ce: 0.0022 (0.0025)  loss_points: 0.0006 (0.0006)  loss_count: 0.0021 (0.0024)  loss_consistency: 0.0012 (0.0013)  loss_ce_unscaled: 0.0022 (0.0025)  loss_points_unscaled: 2.9622 (3.0239)  loss_count_unscaled: 2.0540 (2.4274)  loss_consistency_unscaled: 1.2216 (1.3465)  den_ssim: 0.0009 (0.0010)  moe_aux_total: 0.0000 (0.0000)  moe_aux_raw: 0.0000 (0.0000)  l_balance: 0.0000 (0.0000)  l_decorr: 0.0000 (0.0000)  moe_temperature: 0.1500 (0.1500)
2026-04-17 06:29:37 | INFO     | crowdcount.trainer:289 - [ep 637][lr 0.0000923][17.29s]
2026-04-17 06:29:52 | INFO     | crowdcount.trainer:348 - [Eval] mae=104.87  mse=152.21  time=13.2s  best_mae=63.29  best_mse=97.65
2026-04-17 06:29:52 | INFO     | crowdcount.trainer:352 - [Eval] density_mae=65.68  density_mse=113.63  best_density_mae=56.54
2026-04-17 06:30:09 | INFO     | crowdcount.engine:429 - Averaged stats: lr: 0.000092  loss_sum: 0.0254 (0.0415)  losses: 0.0065 (0.0072)  den_loss: 0.0189 (0.0343)  loss_ce: 0.0023 (0.0025)  loss_points: 0.0006 (0.0006)  loss_count: 0.0021 (0.0025)  loss_consistency: 0.0014 (0.0015)  loss_ce_unscaled: 0.0023 (0.0025)  loss_points_unscaled: 2.9717 (3.0276)  loss_count_unscaled: 2.0916 (2.5432)  loss_consistency_unscaled: 1.3738 (1.5282)  den_ssim: 0.0010 (0.0010)  moe_aux_total: 0.0000 (0.0000)  moe_aux_raw: 0.0000 (0.0000)  l_balance: 0.0000 (0.0000)  l_decorr: 0.0000 (0.0000)  moe_temperature: 0.1500 (0.1500)
2026-04-17 06:30:09 | INFO     | crowdcount.trainer:289 - [ep 638][lr 0.0000923][17.13s]
2026-04-17 06:30:24 | INFO     | crowdcount.trainer:348 - [Eval] mae=94.87  mse=141.76  time=13.5s  best_mae=63.29  best_mse=97.65
2026-04-17 06:30:24 | INFO     | crowdcount.trainer:352 - [Eval] density_mae=67.32  density_mse=112.55  best_density_mae=56.54
2026-04-17 06:30:41 | INFO     | crowdcount.engine:429 - Averaged stats: lr: 0.000092  loss_sum: 0.0248 (0.0407)  losses: 0.0061 (0.0072)  den_loss: 0.0186 (0.0335)  loss_ce: 0.0022 (0.0025)  loss_points: 0.0006 (0.0006)  loss_count: 0.0022 (0.0028)  loss_consistency: 0.0012 (0.0014)  loss_ce_unscaled: 0.0022 (0.0025)  loss_points_unscaled: 3.0800 (2.9701)  loss_count_unscaled: 2.1559 (2.7601)  loss_consistency_unscaled: 1.1898 (1.3507)  den_ssim: 0.0010 (0.0010)  moe_aux_total: 0.0000 (0.0000)  moe_aux_raw: 0.0000 (0.0000)  l_balance: 0.0000 (0.0000)  l_decorr: 0.0000 (0.0000)  moe_temperature: 0.1500 (0.1500)
2026-04-17 06:30:41 | INFO     | crowdcount.trainer:289 - [ep 639][lr 0.0000923][16.68s]
2026-04-17 06:30:56 | INFO     | crowdcount.trainer:348 - [Eval] mae=107.21  mse=157.12  time=13.1s  best_mae=63.29  best_mse=97.65
2026-04-17 06:30:56 | INFO     | crowdcount.trainer:352 - [Eval] density_mae=68.12  density_mse=113.82  best_density_mae=56.54
2026-04-17 06:31:13 | INFO     | crowdcount.engine:429 - Averaged stats: lr: 0.000092  loss_sum: 0.0321 (0.0363)  losses: 0.0066 (0.0069)  den_loss: 0.0252 (0.0294)  loss_ce: 0.0022 (0.0024)  loss_points: 0.0006 (0.0006)  loss_count: 0.0025 (0.0026)  loss_consistency: 0.0012 (0.0013)  loss_ce_unscaled: 0.0022 (0.0024)  loss_points_unscaled: 3.0353 (3.0664)  loss_count_unscaled: 2.5213 (2.5868)  loss_consistency_unscaled: 1.2280 (1.3073)  den_ssim: 0.0011 (0.0010)  moe_aux_total: 0.0000 (0.0000)  moe_aux_raw: 0.0000 (0.0000)  l_balance: 0.0000 (0.0000)  l_decorr: 0.0000 (0.0000)  moe_temperature: 0.1500 (0.1500)
2026-04-17 06:31:13 | INFO     | crowdcount.trainer:289 - [ep 640][lr 0.0000923][17.48s]
2026-04-17 06:31:29 | INFO     | crowdcount.trainer:348 - [Eval] mae=83.92  mse=128.59  time=13.7s  best_mae=63.29  best_mse=97.65
2026-04-17 06:31:29 | INFO     | crowdcount.trainer:352 - [Eval] density_mae=64.25  density_mse=105.47  best_density_mae=56.54
2026-04-17 06:31:46 | INFO     | crowdcount.engine:429 - Averaged stats: lr: 0.000092  loss_sum: 0.0252 (0.0359)  losses: 0.0064 (0.0073)  den_loss: 0.0190 (0.0286)  loss_ce: 0.0022 (0.0025)  loss_points: 0.0006 (0.0006)  loss_count: 0.0024 (0.0029)  loss_consistency: 0.0013 (0.0014)  loss_ce_unscaled: 0.0022 (0.0025)  loss_points_unscaled: 3.0248 (3.0616)  loss_count_unscaled: 2.4472 (2.8509)  loss_consistency_unscaled: 1.2809 (1.3812)  den_ssim: 0.0009 (0.0010)  moe_aux_total: 0.0000 (0.0000)  moe_aux_raw: 0.0000 (0.0000)  l_balance: 0.0000 (0.0000)  l_decorr: 0.0000 (0.0000)  moe_temperature: 0.1500 (0.1500)
2026-04-17 06:31:46 | INFO     | crowdcount.trainer:289 - [ep 641][lr 0.0000922][17.31s]
2026-04-17 06:32:01 | INFO     | crowdcount.trainer:348 - [Eval] mae=77.23  mse=121.01  time=13.0s  best_mae=63.29  best_mse=97.65
2026-04-17 06:32:01 | INFO     | crowdcount.trainer:352 - [Eval] density_mae=68.35  density_mse=115.27  best_density_mae=56.54
2026-04-17 06:32:17 | INFO     | crowdcount.engine:429 - Averaged stats: lr: 0.000092  loss_sum: 0.0249 (0.0355)  losses: 0.0063 (0.0072)  den_loss: 0.0188 (0.0283)  loss_ce: 0.0022 (0.0025)  loss_points: 0.0006 (0.0006)  loss_count: 0.0022 (0.0028)  loss_consistency: 0.0013 (0.0013)  loss_ce_unscaled: 0.0022 (0.0025)  loss_points_unscaled: 3.0397 (3.0932)  loss_count_unscaled: 2.2416 (2.7661)  loss_consistency_unscaled: 1.2517 (1.3335)  den_ssim: 0.0010 (0.0010)  moe_aux_total: 0.0000 (0.0000)  moe_aux_raw: 0.0000 (0.0000)  l_balance: 0.0000 (0.0000)  l_decorr: 0.0000 (0.0000)  moe_temperature: 0.1500 (0.1500)
2026-04-17 06:32:17 | INFO     | crowdcount.trainer:289 - [ep 642][lr 0.0000922][16.34s]
2026-04-17 06:32:32 | INFO     | crowdcount.trainer:348 - [Eval] mae=107.34  mse=149.39  time=12.9s  best_mae=63.29  best_mse=97.65
2026-04-17 06:32:32 | INFO     | crowdcount.trainer:352 - [Eval] density_mae=64.02  density_mse=109.99  best_density_mae=56.54
2026-04-17 06:32:49 | INFO     | crowdcount.engine:429 - Averaged stats: lr: 0.000092  loss_sum: 0.0247 (0.0361)  losses: 0.0068 (0.0071)  den_loss: 0.0179 (0.0290)  loss_ce: 0.0023 (0.0024)  loss_points: 0.0006 (0.0006)  loss_count: 0.0023 (0.0026)  loss_consistency: 0.0013 (0.0015)  loss_ce_unscaled: 0.0023 (0.0024)  loss_points_unscaled: 3.0656 (3.0375)  loss_count_unscaled: 2.3463 (2.5800)  loss_consistency_unscaled: 1.2921 (1.4866)  den_ssim: 0.0010 (0.0010)  moe_aux_total: 0.0000 (0.0000)  moe_aux_raw: 0.0000 (0.0000)  l_balance: 0.0000 (0.0000)  l_decorr: 0.0000 (0.0000)  moe_temperature: 0.1500 (0.1500)
2026-04-17 06:32:49 | INFO     | crowdcount.trainer:289 - [ep 643][lr 0.0000922][16.96s]
2026-04-17 06:33:04 | INFO     | crowdcount.trainer:348 - [Eval] mae=96.10  mse=140.00  time=13.3s  best_mae=63.29  best_mse=97.65
2026-04-17 06:33:04 | INFO     | crowdcount.trainer:352 - [Eval] density_mae=65.06  density_mse=112.83  best_density_mae=56.54
2026-04-17 06:33:22 | INFO     | crowdcount.engine:429 - Averaged stats: lr: 0.000092  loss_sum: 0.0249 (0.0404)  losses: 0.0065 (0.0076)  den_loss: 0.0195 (0.0328)  loss_ce: 0.0021 (0.0025)  loss_points: 0.0006 (0.0006)  loss_count: 0.0024 (0.0029)  loss_consistency: 0.0012 (0.0016)  loss_ce_unscaled: 0.0021 (0.0025)  loss_points_unscaled: 3.1050 (3.0870)  loss_count_unscaled: 2.3902 (2.8799)  loss_consistency_unscaled: 1.2422 (1.6178)  den_ssim: 0.0010 (0.0010)  moe_aux_total: 0.0000 (0.0000)  moe_aux_raw: 0.0000 (0.0000)  l_balance: 0.0000 (0.0000)  l_decorr: 0.0000 (0.0000)  moe_temperature: 0.1500 (0.1500)
2026-04-17 06:33:22 | INFO     | crowdcount.trainer:289 - [ep 644][lr 0.0000922][17.58s]
2026-04-17 06:33:37 | INFO     | crowdcount.trainer:348 - [Eval] mae=95.31  mse=137.20  time=13.0s  best_mae=63.29  best_mse=97.65
2026-04-17 06:33:37 | INFO     | crowdcount.trainer:352 - [Eval] density_mae=67.07  density_mse=110.93  best_density_mae=56.54
2026-04-17 06:33:54 | INFO     | crowdcount.engine:429 - Averaged stats: lr: 0.000092  loss_sum: 0.0300 (0.0326)  losses: 0.0063 (0.0066)  den_loss: 0.0246 (0.0260)  loss_ce: 0.0021 (0.0023)  loss_points: 0.0006 (0.0006)  loss_count: 0.0020 (0.0024)  loss_consistency: 0.0012 (0.0013)  loss_ce_unscaled: 0.0021 (0.0023)  loss_points_unscaled: 3.1147 (3.0554)  loss_count_unscaled: 1.9710 (2.3528)  loss_consistency_unscaled: 1.1731 (1.2849)  den_ssim: 0.0011 (0.0010)  moe_aux_total: 0.0000 (0.0000)  moe_aux_raw: 0.0000 (0.0000)  l_balance: 0.0000 (0.0000)  l_decorr: 0.0000 (0.0000)  moe_temperature: 0.1500 (0.1500)
2026-04-17 06:33:54 | INFO     | crowdcount.trainer:289 - [ep 645][lr 0.0000921][17.07s]
2026-04-17 06:34:08 | INFO     | crowdcount.trainer:348 - [Eval] mae=83.42  mse=127.62  time=13.1s  best_mae=63.29  best_mse=97.65
2026-04-17 06:34:08 | INFO     | crowdcount.trainer:352 - [Eval] density_mae=65.85  density_mse=112.17  best_density_mae=56.54
2026-04-17 06:34:26 | INFO     | crowdcount.engine:429 - Averaged stats: lr: 0.000092  loss_sum: 0.0241 (0.0338)  losses: 0.0066 (0.0072)  den_loss: 0.0177 (0.0267)  loss_ce: 0.0023 (0.0023)  loss_points: 0.0006 (0.0006)  loss_count: 0.0023 (0.0027)  loss_consistency: 0.0016 (0.0015)  loss_ce_unscaled: 0.0023 (0.0023)  loss_points_unscaled: 3.1659 (3.1612)  loss_count_unscaled: 2.2813 (2.7150)  loss_consistency_unscaled: 1.5947 (1.4869)  den_ssim: 0.0010 (0.0010)  moe_aux_total: 0.0000 (0.0000)  moe_aux_raw: 0.0000 (0.0000)  l_balance: 0.0000 (0.0000)  l_decorr: 0.0000 (0.0000)  moe_temperature: 0.1500 (0.1500)
2026-04-17 06:34:26 | INFO     | crowdcount.trainer:289 - [ep 646][lr 0.0000921][17.18s]
2026-04-17 06:34:41 | INFO     | crowdcount.trainer:348 - [Eval] mae=82.24  mse=128.04  time=13.2s  best_mae=63.29  best_mse=97.65
2026-04-17 06:34:41 | INFO     | crowdcount.trainer:352 - [Eval] density_mae=64.60  density_mse=106.90  best_density_mae=56.54
2026-04-17 06:34:58 | INFO     | crowdcount.engine:429 - Averaged stats: lr: 0.000092  loss_sum: 0.0254 (0.0382)  losses: 0.0064 (0.0071)  den_loss: 0.0182 (0.0311)  loss_ce: 0.0023 (0.0024)  loss_points: 0.0006 (0.0006)  loss_count: 0.0022 (0.0026)  loss_consistency: 0.0013 (0.0015)  loss_ce_unscaled: 0.0023 (0.0024)  loss_points_unscaled: 2.9165 (3.0271)  loss_count_unscaled: 2.1660 (2.5826)  loss_consistency_unscaled: 1.2629 (1.4866)  den_ssim: 0.0010 (0.0010)  moe_aux_total: 0.0000 (0.0000)  moe_aux_raw: 0.0000 (0.0000)  l_balance: 0.0000 (0.0000)  l_decorr: 0.0000 (0.0000)  moe_temperature: 0.1500 (0.1500)
2026-04-17 06:34:58 | INFO     | crowdcount.trainer:289 - [ep 647][lr 0.0000921][17.32s]
2026-04-17 06:35:14 | INFO     | crowdcount.trainer:348 - [Eval] mae=99.76  mse=144.27  time=13.4s  best_mae=63.29  best_mse=97.65
2026-04-17 06:35:14 | INFO     | crowdcount.trainer:352 - [Eval] density_mae=60.55  density_mse=100.26  best_density_mae=56.54
2026-04-17 06:35:31 | INFO     | crowdcount.engine:429 - Averaged stats: lr: 0.000092  loss_sum: 0.0388 (0.0399)  losses: 0.0070 (0.0072)  den_loss: 0.0297 (0.0327)  loss_ce: 0.0022 (0.0025)  loss_points: 0.0006 (0.0006)  loss_count: 0.0025 (0.0025)  loss_consistency: 0.0013 (0.0016)  loss_ce_unscaled: 0.0022 (0.0025)  loss_points_unscaled: 3.0644 (3.0522)  loss_count_unscaled: 2.5302 (2.4837)  loss_consistency_unscaled: 1.2660 (1.6315)  den_ssim: 0.0010 (0.0010)  moe_aux_total: 0.0000 (0.0000)  moe_aux_raw: 0.0000 (0.0000)  l_balance: 0.0000 (0.0000)  l_decorr: 0.0000 (0.0000)  moe_temperature: 0.1500 (0.1500)
2026-04-17 06:35:31 | INFO     | crowdcount.trainer:289 - [ep 648][lr 0.0000921][17.33s]
2026-04-17 06:35:46 | INFO     | crowdcount.trainer:348 - [Eval] mae=95.69  mse=138.14  time=13.0s  best_mae=63.29  best_mse=97.65
2026-04-17 06:35:46 | INFO     | crowdcount.trainer:352 - [Eval] density_mae=61.55  density_mse=102.60  best_density_mae=56.54
2026-04-17 06:36:03 | INFO     | crowdcount.engine:429 - Averaged stats: lr: 0.000092  loss_sum: 0.0444 (0.0418)  losses: 0.0074 (0.0074)  den_loss: 0.0368 (0.0344)  loss_ce: 0.0026 (0.0026)  loss_points: 0.0006 (0.0006)  loss_count: 0.0031 (0.0029)  loss_consistency: 0.0012 (0.0013)  loss_ce_unscaled: 0.0026 (0.0026)  loss_points_unscaled: 2.9390 (3.1034)  loss_count_unscaled: 3.0783 (2.9029)  loss_consistency_unscaled: 1.2259 (1.3473)  den_ssim: 0.0010 (0.0011)  moe_aux_total: 0.0000 (0.0000)  moe_aux_raw: 0.0000 (0.0000)  l_balance: 0.0000 (0.0000)  l_decorr: 0.0000 (0.0000)  moe_temperature: 0.1500 (0.1500)
2026-04-17 06:36:03 | INFO     | crowdcount.trainer:289 - [ep 649][lr 0.0000920][17.49s]
2026-04-17 06:36:18 | INFO     | crowdcount.trainer:348 - [Eval] mae=86.87  mse=123.60  time=13.1s  best_mae=63.29  best_mse=97.65
2026-04-17 06:36:18 | INFO     | crowdcount.trainer:352 - [Eval] density_mae=64.04  density_mse=106.51  best_density_mae=56.54
2026-04-17 06:36:36 | INFO     | crowdcount.engine:429 - Averaged stats: lr: 0.000092  loss_sum: 0.0332 (0.0414)  losses: 0.0068 (0.0074)  den_loss: 0.0273 (0.0340)  loss_ce: 0.0023 (0.0024)  loss_points: 0.0006 (0.0006)  loss_count: 0.0026 (0.0028)  loss_consistency: 0.0013 (0.0015)  loss_ce_unscaled: 0.0023 (0.0024)  loss_points_unscaled: 3.0441 (3.0890)  loss_count_unscaled: 2.5542 (2.8294)  loss_consistency_unscaled: 1.3045 (1.5418)  den_ssim: 0.0011 (0.0010)  moe_aux_total: 0.0000 (0.0000)  moe_aux_raw: 0.0000 (0.0000)  l_balance: 0.0000 (0.0000)  l_decorr: 0.0000 (0.0000)  moe_temperature: 0.1500 (0.1500)
2026-04-17 06:36:36 | INFO     | crowdcount.trainer:289 - [ep 650][lr 0.0000920][17.23s]
2026-04-17 06:36:51 | INFO     | crowdcount.trainer:348 - [Eval] mae=106.47  mse=144.50  time=13.4s  best_mae=63.29  best_mse=97.65
2026-04-17 06:36:51 | INFO     | crowdcount.trainer:352 - [Eval] density_mae=66.45  density_mse=108.09  best_density_mae=56.54
2026-04-17 06:37:08 | INFO     | crowdcount.engine:429 - Averaged stats: lr: 0.000092  loss_sum: 0.0354 (0.0426)  losses: 0.0072 (0.0075)  den_loss: 0.0288 (0.0351)  loss_ce: 0.0025 (0.0025)  loss_points: 0.0006 (0.0006)  loss_count: 0.0027 (0.0029)  loss_consistency: 0.0013 (0.0014)  loss_ce_unscaled: 0.0025 (0.0025)  loss_points_unscaled: 3.1099 (3.1066)  loss_count_unscaled: 2.7141 (2.9256)  loss_consistency_unscaled: 1.3344 (1.3845)  den_ssim: 0.0011 (0.0010)  moe_aux_total: 0.0000 (0.0000)  moe_aux_raw: 0.0000 (0.0000)  l_balance: 0.0000 (0.0000)  l_decorr: 0.0000 (0.0000)  moe_temperature: 0.1500 (0.1500)
2026-04-17 06:37:08 | INFO     | crowdcount.trainer:289 - [ep 651][lr 0.0000920][17.34s]
2026-04-17 06:37:23 | INFO     | crowdcount.trainer:348 - [Eval] mae=93.21  mse=133.30  time=13.4s  best_mae=63.29  best_mse=97.65
2026-04-17 06:37:23 | INFO     | crowdcount.trainer:352 - [Eval] density_mae=62.97  density_mse=104.40  best_density_mae=56.54
2026-04-17 06:37:40 | INFO     | crowdcount.engine:429 - Averaged stats: lr: 0.000092  loss_sum: 0.0303 (0.0368)  losses: 0.0067 (0.0075)  den_loss: 0.0219 (0.0294)  loss_ce: 0.0023 (0.0025)  loss_points: 0.0006 (0.0006)  loss_count: 0.0022 (0.0027)  loss_consistency: 0.0019 (0.0017)  loss_ce_unscaled: 0.0023 (0.0025)  loss_points_unscaled: 3.0760 (3.0290)  loss_count_unscaled: 2.1994 (2.6663)  loss_consistency_unscaled: 1.8777 (1.6940)  den_ssim: 0.0010 (0.0010)  moe_aux_total: 0.0000 (0.0000)  moe_aux_raw: 0.0000 (0.0000)  l_balance: 0.0000 (0.0000)  l_decorr: 0.0000 (0.0000)  moe_temperature: 0.1500 (0.1500)
2026-04-17 06:37:40 | INFO     | crowdcount.trainer:289 - [ep 652][lr 0.0000920][17.10s]
2026-04-17 06:37:56 | INFO     | crowdcount.trainer:348 - [Eval] mae=93.16  mse=134.86  time=13.2s  best_mae=63.29  best_mse=97.65
2026-04-17 06:37:56 | INFO     | crowdcount.trainer:352 - [Eval] density_mae=62.37  density_mse=103.02  best_density_mae=56.54
2026-04-17 06:38:13 | INFO     | crowdcount.engine:429 - Averaged stats: lr: 0.000092  loss_sum: 0.0279 (0.0369)  losses: 0.0066 (0.0069)  den_loss: 0.0203 (0.0301)  loss_ce: 0.0024 (0.0024)  loss_points: 0.0006 (0.0006)  loss_count: 0.0023 (0.0025)  loss_consistency: 0.0013 (0.0013)  loss_ce_unscaled: 0.0024 (0.0024)  loss_points_unscaled: 3.0329 (3.0531)  loss_count_unscaled: 2.2989 (2.5026)  loss_consistency_unscaled: 1.3005 (1.3462)  den_ssim: 0.0010 (0.0010)  moe_aux_total: 0.0000 (0.0000)  moe_aux_raw: 0.0000 (0.0000)  l_balance: 0.0000 (0.0000)  l_decorr: 0.0000 (0.0000)  moe_temperature: 0.1500 (0.1500)
2026-04-17 06:38:13 | INFO     | crowdcount.trainer:289 - [ep 653][lr 0.0000919][17.30s]
2026-04-17 06:38:28 | INFO     | crowdcount.trainer:348 - [Eval] mae=101.63  mse=142.16  time=13.2s  best_mae=63.29  best_mse=97.65
2026-04-17 06:38:28 | INFO     | crowdcount.trainer:352 - [Eval] density_mae=68.63  density_mse=108.88  best_density_mae=56.54
2026-04-17 06:38:45 | INFO     | crowdcount.engine:429 - Averaged stats: lr: 0.000092  loss_sum: 0.0258 (0.0359)  losses: 0.0064 (0.0067)  den_loss: 0.0196 (0.0292)  loss_ce: 0.0023 (0.0023)  loss_points: 0.0006 (0.0006)  loss_count: 0.0019 (0.0023)  loss_consistency: 0.0013 (0.0015)  loss_ce_unscaled: 0.0023 (0.0023)  loss_points_unscaled: 2.8952 (3.0516)  loss_count_unscaled: 1.9246 (2.3348)  loss_consistency_unscaled: 1.3176 (1.4726)  den_ssim: 0.0010 (0.0010)  moe_aux_total: 0.0000 (0.0000)  moe_aux_raw: 0.0000 (0.0000)  l_balance: 0.0000 (0.0000)  l_decorr: 0.0000 (0.0000)  moe_temperature: 0.1500 (0.1500)
2026-04-17 06:38:45 | INFO     | crowdcount.trainer:289 - [ep 654][lr 0.0000919][16.40s]
2026-04-17 06:39:00 | INFO     | crowdcount.trainer:348 - [Eval] mae=97.48  mse=140.18  time=13.3s  best_mae=63.29  best_mse=97.65
2026-04-17 06:39:00 | INFO     | crowdcount.trainer:352 - [Eval] density_mae=65.10  density_mse=106.86  best_density_mae=56.54
2026-04-17 06:39:17 | INFO     | crowdcount.engine:429 - Averaged stats: lr: 0.000092  loss_sum: 0.0291 (0.0339)  losses: 0.0064 (0.0068)  den_loss: 0.0214 (0.0271)  loss_ce: 0.0023 (0.0024)  loss_points: 0.0006 (0.0006)  loss_count: 0.0020 (0.0024)  loss_consistency: 0.0014 (0.0013)  loss_ce_unscaled: 0.0023 (0.0024)  loss_points_unscaled: 3.0954 (3.0721)  loss_count_unscaled: 1.9994 (2.4253)  loss_consistency_unscaled: 1.4384 (1.3472)  den_ssim: 0.0010 (0.0010)  moe_aux_total: 0.0000 (0.0000)  moe_aux_raw: 0.0000 (0.0000)  l_balance: 0.0000 (0.0000)  l_decorr: 0.0000 (0.0000)  moe_temperature: 0.1500 (0.1500)
2026-04-17 06:39:17 | INFO     | crowdcount.trainer:289 - [ep 655][lr 0.0000919][16.91s]
2026-04-17 06:39:32 | INFO     | crowdcount.trainer:348 - [Eval] mae=91.07  mse=133.51  time=13.1s  best_mae=63.29  best_mse=97.65
2026-04-17 06:39:32 | INFO     | crowdcount.trainer:352 - [Eval] density_mae=63.55  density_mse=110.77  best_density_mae=56.54
2026-04-17 06:39:49 | INFO     | crowdcount.engine:429 - Averaged stats: lr: 0.000092  loss_sum: 0.0324 (0.0461)  losses: 0.0067 (0.0074)  den_loss: 0.0252 (0.0387)  loss_ce: 0.0024 (0.0025)  loss_points: 0.0006 (0.0006)  loss_count: 0.0025 (0.0028)  loss_consistency: 0.0015 (0.0015)  loss_ce_unscaled: 0.0024 (0.0025)  loss_points_unscaled: 3.0938 (3.0770)  loss_count_unscaled: 2.4513 (2.8249)  loss_consistency_unscaled: 1.4837 (1.4883)  den_ssim: 0.0010 (0.0010)  moe_aux_total: 0.0000 (0.0000)  moe_aux_raw: 0.0000 (0.0000)  l_balance: 0.0000 (0.0000)  l_decorr: 0.0000 (0.0000)  moe_temperature: 0.1500 (0.1500)
2026-04-17 06:39:49 | INFO     | crowdcount.trainer:289 - [ep 656][lr 0.0000919][16.81s]
2026-04-17 06:40:04 | INFO     | crowdcount.trainer:348 - [Eval] mae=86.57  mse=123.91  time=13.6s  best_mae=63.29  best_mse=97.65
2026-04-17 06:40:04 | INFO     | crowdcount.trainer:352 - [Eval] density_mae=59.62  density_mse=96.43  best_density_mae=56.54
2026-04-17 06:40:21 | INFO     | crowdcount.engine:429 - Averaged stats: lr: 0.000092  loss_sum: 0.0268 (0.0380)  losses: 0.0059 (0.0070)  den_loss: 0.0208 (0.0310)  loss_ce: 0.0021 (0.0024)  loss_points: 0.0006 (0.0006)  loss_count: 0.0022 (0.0025)  loss_consistency: 0.0012 (0.0014)  loss_ce_unscaled: 0.0021 (0.0024)  loss_points_unscaled: 3.1785 (3.1063)  loss_count_unscaled: 2.1788 (2.5178)  loss_consistency_unscaled: 1.1891 (1.4379)  den_ssim: 0.0010 (0.0010)  moe_aux_total: 0.0000 (0.0000)  moe_aux_raw: 0.0000 (0.0000)  l_balance: 0.0000 (0.0000)  l_decorr: 0.0000 (0.0000)  moe_temperature: 0.1500 (0.1500)
2026-04-17 06:40:21 | INFO     | crowdcount.trainer:289 - [ep 657][lr 0.0000918][17.04s]
2026-04-17 06:40:36 | INFO     | crowdcount.trainer:348 - [Eval] mae=82.28  mse=122.90  time=12.9s  best_mae=63.29  best_mse=97.65
2026-04-17 06:40:36 | INFO     | crowdcount.trainer:352 - [Eval] density_mae=61.73  density_mse=104.60  best_density_mae=56.54
2026-04-17 06:40:53 | INFO     | crowdcount.engine:429 - Averaged stats: lr: 0.000092  loss_sum: 0.0326 (0.0417)  losses: 0.0068 (0.0077)  den_loss: 0.0250 (0.0340)  loss_ce: 0.0021 (0.0025)  loss_points: 0.0006 (0.0006)  loss_count: 0.0024 (0.0028)  loss_consistency: 0.0016 (0.0018)  loss_ce_unscaled: 0.0021 (0.0025)  loss_points_unscaled: 3.2243 (3.0921)  loss_count_unscaled: 2.3588 (2.8054)  loss_consistency_unscaled: 1.6459 (1.8178)  den_ssim: 0.0010 (0.0010)  moe_aux_total: 0.0000 (0.0000)  moe_aux_raw: 0.0000 (0.0000)  l_balance: 0.0000 (0.0000)  l_decorr: 0.0000 (0.0000)  moe_temperature: 0.1500 (0.1500)
2026-04-17 06:40:53 | INFO     | crowdcount.trainer:289 - [ep 658][lr 0.0000918][17.43s]
2026-04-17 06:41:09 | INFO     | crowdcount.trainer:348 - [Eval] mae=76.45  mse=121.67  time=13.5s  best_mae=63.29  best_mse=97.65
2026-04-17 06:41:09 | INFO     | crowdcount.trainer:352 - [Eval] density_mae=63.89  density_mse=107.83  best_density_mae=56.54
2026-04-17 06:41:27 | INFO     | crowdcount.engine:429 - Averaged stats: lr: 0.000092  loss_sum: 0.0322 (0.0409)  losses: 0.0068 (0.0074)  den_loss: 0.0253 (0.0334)  loss_ce: 0.0024 (0.0024)  loss_points: 0.0006 (0.0006)  loss_count: 0.0023 (0.0028)  loss_consistency: 0.0015 (0.0016)  loss_ce_unscaled: 0.0024 (0.0024)  loss_points_unscaled: 3.1021 (3.1229)  loss_count_unscaled: 2.3002 (2.7763)  loss_consistency_unscaled: 1.5277 (1.6318)  den_ssim: 0.0011 (0.0010)  moe_aux_total: 0.0000 (0.0000)  moe_aux_raw: 0.0000 (0.0000)  l_balance: 0.0000 (0.0000)  l_decorr: 0.0000 (0.0000)  moe_temperature: 0.1500 (0.1500)
2026-04-17 06:41:27 | INFO     | crowdcount.trainer:289 - [ep 659][lr 0.0000918][17.55s]
2026-04-17 06:41:42 | INFO     | crowdcount.trainer:348 - [Eval] mae=86.41  mse=128.08  time=13.5s  best_mae=63.29  best_mse=97.65
2026-04-17 06:41:42 | INFO     | crowdcount.trainer:352 - [Eval] density_mae=70.98  density_mse=112.90  best_density_mae=56.54
2026-04-17 06:41:58 | INFO     | crowdcount.engine:429 - Averaged stats: lr: 0.000092  loss_sum: 0.0241 (0.0360)  losses: 0.0064 (0.0069)  den_loss: 0.0189 (0.0292)  loss_ce: 0.0021 (0.0024)  loss_points: 0.0006 (0.0006)  loss_count: 0.0020 (0.0025)  loss_consistency: 0.0013 (0.0014)  loss_ce_unscaled: 0.0021 (0.0024)  loss_points_unscaled: 3.0620 (3.0648)  loss_count_unscaled: 2.0172 (2.5182)  loss_consistency_unscaled: 1.3054 (1.3630)  den_ssim: 0.0010 (0.0010)  moe_aux_total: 0.0000 (0.0000)  moe_aux_raw: 0.0000 (0.0000)  l_balance: 0.0000 (0.0000)  l_decorr: 0.0000 (0.0000)  moe_temperature: 0.1500 (0.1500)
2026-04-17 06:41:58 | INFO     | crowdcount.trainer:289 - [ep 660][lr 0.0000918][16.75s]
2026-04-17 06:42:14 | INFO     | crowdcount.trainer:348 - [Eval] mae=76.03  mse=117.12  time=13.2s  best_mae=63.29  best_mse=97.65
2026-04-17 06:42:14 | INFO     | crowdcount.trainer:352 - [Eval] density_mae=67.11  density_mse=111.36  best_density_mae=56.54
2026-04-17 06:42:31 | INFO     | crowdcount.engine:429 - Averaged stats: lr: 0.000092  loss_sum: 0.0276 (0.0363)  losses: 0.0066 (0.0068)  den_loss: 0.0226 (0.0295)  loss_ce: 0.0025 (0.0024)  loss_points: 0.0006 (0.0006)  loss_count: 0.0022 (0.0026)  loss_consistency: 0.0012 (0.0013)  loss_ce_unscaled: 0.0025 (0.0024)  loss_points_unscaled: 3.0394 (3.0673)  loss_count_unscaled: 2.1903 (2.5583)  loss_consistency_unscaled: 1.1711 (1.2625)  den_ssim: 0.0009 (0.0010)  moe_aux_total: 0.0000 (0.0000)  moe_aux_raw: 0.0000 (0.0000)  l_balance: 0.0000 (0.0000)  l_decorr: 0.0000 (0.0000)  moe_temperature: 0.1500 (0.1500)
2026-04-17 06:42:31 | INFO     | crowdcount.trainer:289 - [ep 661][lr 0.0000917][17.66s]
2026-04-17 06:42:46 | INFO     | crowdcount.trainer:348 - [Eval] mae=97.53  mse=141.79  time=13.2s  best_mae=63.29  best_mse=97.65
2026-04-17 06:42:46 | INFO     | crowdcount.trainer:352 - [Eval] density_mae=62.46  density_mse=104.44  best_density_mae=56.54
2026-04-17 06:43:03 | INFO     | crowdcount.engine:429 - Averaged stats: lr: 0.000092  loss_sum: 0.0323 (0.0314)  losses: 0.0070 (0.0067)  den_loss: 0.0255 (0.0247)  loss_ce: 0.0024 (0.0023)  loss_points: 0.0006 (0.0006)  loss_count: 0.0025 (0.0024)  loss_consistency: 0.0013 (0.0014)  loss_ce_unscaled: 0.0024 (0.0023)  loss_points_unscaled: 2.9875 (3.0639)  loss_count_unscaled: 2.5442 (2.3950)  loss_consistency_unscaled: 1.3190 (1.3628)  den_ssim: 0.0010 (0.0010)  moe_aux_total: 0.0000 (0.0000)  moe_aux_raw: 0.0000 (0.0000)  l_balance: 0.0000 (0.0000)  l_decorr: 0.0000 (0.0000)  moe_temperature: 0.1500 (0.1500)
2026-04-17 06:43:03 | INFO     | crowdcount.trainer:289 - [ep 662][lr 0.0000917][17.10s]
2026-04-17 06:43:18 | INFO     | crowdcount.trainer:348 - [Eval] mae=91.26  mse=131.60  time=13.0s  best_mae=63.29  best_mse=97.65
2026-04-17 06:43:18 | INFO     | crowdcount.trainer:352 - [Eval] density_mae=62.73  density_mse=108.35  best_density_mae=56.54
2026-04-17 06:43:36 | INFO     | crowdcount.engine:429 - Averaged stats: lr: 0.000092  loss_sum: 0.0251 (0.0371)  losses: 0.0065 (0.0072)  den_loss: 0.0177 (0.0299)  loss_ce: 0.0023 (0.0025)  loss_points: 0.0006 (0.0006)  loss_count: 0.0027 (0.0026)  loss_consistency: 0.0015 (0.0014)  loss_ce_unscaled: 0.0023 (0.0025)  loss_points_unscaled: 3.0690 (3.0704)  loss_count_unscaled: 2.6754 (2.6415)  loss_consistency_unscaled: 1.5016 (1.4467)  den_ssim: 0.0010 (0.0010)  moe_aux_total: 0.0000 (0.0000)  moe_aux_raw: 0.0000 (0.0000)  l_balance: 0.0000 (0.0000)  l_decorr: 0.0000 (0.0000)  moe_temperature: 0.1500 (0.1500)
2026-04-17 06:43:36 | INFO     | crowdcount.trainer:289 - [ep 663][lr 0.0000917][18.04s]
2026-04-17 06:43:52 | INFO     | crowdcount.trainer:348 - [Eval] mae=78.82  mse=118.66  time=13.1s  best_mae=63.29  best_mse=97.65
2026-04-17 06:43:52 | INFO     | crowdcount.trainer:352 - [Eval] density_mae=65.10  density_mse=109.00  best_density_mae=56.54
2026-04-17 06:44:09 | INFO     | crowdcount.engine:429 - Averaged stats: lr: 0.000092  loss_sum: 0.0256 (0.0366)  losses: 0.0057 (0.0068)  den_loss: 0.0190 (0.0298)  loss_ce: 0.0022 (0.0023)  loss_points: 0.0006 (0.0006)  loss_count: 0.0016 (0.0023)  loss_consistency: 0.0012 (0.0015)  loss_ce_unscaled: 0.0022 (0.0023)  loss_points_unscaled: 2.9035 (3.0790)  loss_count_unscaled: 1.6261 (2.3471)  loss_consistency_unscaled: 1.2489 (1.4552)  den_ssim: 0.0009 (0.0010)  moe_aux_total: 0.0000 (0.0000)  moe_aux_raw: 0.0000 (0.0000)  l_balance: 0.0000 (0.0000)  l_decorr: 0.0000 (0.0000)  moe_temperature: 0.1500 (0.1500)
2026-04-17 06:44:09 | INFO     | crowdcount.trainer:289 - [ep 664][lr 0.0000917][16.91s]
2026-04-17 06:44:24 | INFO     | crowdcount.trainer:348 - [Eval] mae=83.88  mse=122.19  time=13.0s  best_mae=63.29  best_mse=97.65
2026-04-17 06:44:24 | INFO     | crowdcount.trainer:352 - [Eval] density_mae=65.05  density_mse=102.24  best_density_mae=56.54
2026-04-17 06:44:41 | INFO     | crowdcount.engine:429 - Averaged stats: lr: 0.000092  loss_sum: 0.0303 (0.0351)  losses: 0.0066 (0.0068)  den_loss: 0.0233 (0.0283)  loss_ce: 0.0023 (0.0024)  loss_points: 0.0006 (0.0006)  loss_count: 0.0023 (0.0025)  loss_consistency: 0.0012 (0.0013)  loss_ce_unscaled: 0.0023 (0.0024)  loss_points_unscaled: 2.9938 (3.0906)  loss_count_unscaled: 2.3354 (2.4653)  loss_consistency_unscaled: 1.2327 (1.3052)  den_ssim: 0.0009 (0.0010)  moe_aux_total: 0.0000 (0.0000)  moe_aux_raw: 0.0000 (0.0000)  l_balance: 0.0000 (0.0000)  l_decorr: 0.0000 (0.0000)  moe_temperature: 0.1500 (0.1500)
2026-04-17 06:44:41 | INFO     | crowdcount.trainer:289 - [ep 665][lr 0.0000916][17.47s]
2026-04-17 06:44:57 | INFO     | crowdcount.trainer:348 - [Eval] mae=97.96  mse=136.65  time=14.0s  best_mae=63.29  best_mse=97.65
2026-04-17 06:44:57 | INFO     | crowdcount.trainer:352 - [Eval] density_mae=63.94  density_mse=97.85  best_density_mae=56.54
2026-04-17 06:45:14 | INFO     | crowdcount.engine:429 - Averaged stats: lr: 0.000092  loss_sum: 0.0318 (0.0361)  losses: 0.0066 (0.0072)  den_loss: 0.0244 (0.0290)  loss_ce: 0.0022 (0.0025)  loss_points: 0.0006 (0.0006)  loss_count: 0.0020 (0.0025)  loss_consistency: 0.0012 (0.0016)  loss_ce_unscaled: 0.0022 (0.0025)  loss_points_unscaled: 3.0751 (3.0483)  loss_count_unscaled: 2.0401 (2.4631)  loss_consistency_unscaled: 1.2497 (1.6029)  den_ssim: 0.0010 (0.0010)  moe_aux_total: 0.0000 (0.0000)  moe_aux_raw: 0.0000 (0.0000)  l_balance: 0.0000 (0.0000)  l_decorr: 0.0000 (0.0000)  moe_temperature: 0.1500 (0.1500)
2026-04-17 06:45:14 | INFO     | crowdcount.trainer:289 - [ep 666][lr 0.0000916][17.14s]
2026-04-17 06:45:29 | INFO     | crowdcount.trainer:348 - [Eval] mae=88.51  mse=124.33  time=13.2s  best_mae=63.29  best_mse=97.65
2026-04-17 06:45:29 | INFO     | crowdcount.trainer:352 - [Eval] density_mae=62.27  density_mse=103.17  best_density_mae=56.54
2026-04-17 06:45:47 | INFO     | crowdcount.engine:429 - Averaged stats: lr: 0.000092  loss_sum: 0.0327 (0.0364)  losses: 0.0074 (0.0070)  den_loss: 0.0243 (0.0294)  loss_ce: 0.0026 (0.0025)  loss_points: 0.0006 (0.0006)  loss_count: 0.0025 (0.0024)  loss_consistency: 0.0015 (0.0015)  loss_ce_unscaled: 0.0026 (0.0025)  loss_points_unscaled: 3.0212 (3.0914)  loss_count_unscaled: 2.4673 (2.3853)  loss_consistency_unscaled: 1.4908 (1.5045)  den_ssim: 0.0010 (0.0010)  moe_aux_total: 0.0000 (0.0000)  moe_aux_raw: 0.0000 (0.0000)  l_balance: 0.0000 (0.0000)  l_decorr: 0.0000 (0.0000)  moe_temperature: 0.1500 (0.1500)
2026-04-17 06:45:47 | INFO     | crowdcount.trainer:289 - [ep 667][lr 0.0000916][17.71s]
2026-04-17 06:46:02 | INFO     | crowdcount.trainer:348 - [Eval] mae=82.82  mse=124.81  time=13.1s  best_mae=63.29  best_mse=97.65
2026-04-17 06:46:02 | INFO     | crowdcount.trainer:352 - [Eval] density_mae=65.45  density_mse=115.65  best_density_mae=56.54
2026-04-17 06:46:20 | INFO     | crowdcount.engine:429 - Averaged stats: lr: 0.000092  loss_sum: 0.0355 (0.0358)  losses: 0.0071 (0.0069)  den_loss: 0.0265 (0.0290)  loss_ce: 0.0025 (0.0024)  loss_points: 0.0006 (0.0006)  loss_count: 0.0025 (0.0025)  loss_consistency: 0.0013 (0.0013)  loss_ce_unscaled: 0.0025 (0.0024)  loss_points_unscaled: 3.0465 (3.0623)  loss_count_unscaled: 2.4610 (2.4861)  loss_consistency_unscaled: 1.3137 (1.3436)  den_ssim: 0.0010 (0.0010)  moe_aux_total: 0.0000 (0.0000)  moe_aux_raw: 0.0000 (0.0000)  l_balance: 0.0000 (0.0000)  l_decorr: 0.0000 (0.0000)  moe_temperature: 0.1500 (0.1500)
2026-04-17 06:46:20 | INFO     | crowdcount.trainer:289 - [ep 668][lr 0.0000916][17.63s]
2026-04-17 06:46:35 | INFO     | crowdcount.trainer:348 - [Eval] mae=90.43  mse=131.01  time=13.3s  best_mae=63.29  best_mse=97.65
2026-04-17 06:46:35 | INFO     | crowdcount.trainer:352 - [Eval] density_mae=61.77  density_mse=104.79  best_density_mae=56.54
2026-04-17 06:46:53 | INFO     | crowdcount.engine:429 - Averaged stats: lr: 0.000092  loss_sum: 0.0295 (0.0428)  losses: 0.0063 (0.0074)  den_loss: 0.0241 (0.0355)  loss_ce: 0.0021 (0.0025)  loss_points: 0.0006 (0.0006)  loss_count: 0.0022 (0.0028)  loss_consistency: 0.0012 (0.0014)  loss_ce_unscaled: 0.0021 (0.0025)  loss_points_unscaled: 3.0411 (3.0515)  loss_count_unscaled: 2.2031 (2.8128)  loss_consistency_unscaled: 1.2358 (1.4044)  den_ssim: 0.0010 (0.0010)  moe_aux_total: 0.0000 (0.0000)  moe_aux_raw: 0.0000 (0.0000)  l_balance: 0.0000 (0.0000)  l_decorr: 0.0000 (0.0000)  moe_temperature: 0.1500 (0.1500)
2026-04-17 06:46:53 | INFO     | crowdcount.trainer:289 - [ep 669][lr 0.0000915][17.29s]
2026-04-17 06:47:08 | INFO     | crowdcount.trainer:348 - [Eval] mae=86.15  mse=131.39  time=13.7s  best_mae=63.29  best_mse=97.65
2026-04-17 06:47:08 | INFO     | crowdcount.trainer:352 - [Eval] density_mae=61.14  density_mse=101.20  best_density_mae=56.54
2026-04-17 06:47:25 | INFO     | crowdcount.engine:429 - Averaged stats: lr: 0.000092  loss_sum: 0.0303 (0.0330)  losses: 0.0068 (0.0069)  den_loss: 0.0250 (0.0261)  loss_ce: 0.0024 (0.0023)  loss_points: 0.0006 (0.0006)  loss_count: 0.0026 (0.0026)  loss_consistency: 0.0013 (0.0014)  loss_ce_unscaled: 0.0024 (0.0023)  loss_points_unscaled: 3.0482 (3.0406)  loss_count_unscaled: 2.5661 (2.5619)  loss_consistency_unscaled: 1.3381 (1.4157)  den_ssim: 0.0010 (0.0010)  moe_aux_total: 0.0000 (0.0000)  moe_aux_raw: 0.0000 (0.0000)  l_balance: 0.0000 (0.0000)  l_decorr: 0.0000 (0.0000)  moe_temperature: 0.1500 (0.1500)
2026-04-17 06:47:25 | INFO     | crowdcount.trainer:289 - [ep 670][lr 0.0000915][16.63s]
2026-04-17 06:47:40 | INFO     | crowdcount.trainer:348 - [Eval] mae=74.64  mse=118.00  time=13.5s  best_mae=63.29  best_mse=97.65
2026-04-17 06:47:40 | INFO     | crowdcount.trainer:352 - [Eval] density_mae=67.42  density_mse=116.53  best_density_mae=56.54
2026-04-17 06:47:59 | INFO     | crowdcount.engine:429 - Averaged stats: lr: 0.000091  loss_sum: 0.0306 (0.0407)  losses: 0.0077 (0.0072)  den_loss: 0.0246 (0.0335)  loss_ce: 0.0024 (0.0026)  loss_points: 0.0006 (0.0006)  loss_count: 0.0029 (0.0026)  loss_consistency: 0.0013 (0.0014)  loss_ce_unscaled: 0.0024 (0.0026)  loss_points_unscaled: 2.9907 (3.0800)  loss_count_unscaled: 2.8715 (2.6332)  loss_consistency_unscaled: 1.3067 (1.3910)  den_ssim: 0.0010 (0.0010)  moe_aux_total: 0.0000 (0.0000)  moe_aux_raw: 0.0000 (0.0000)  l_balance: 0.0000 (0.0000)  l_decorr: 0.0000 (0.0000)  moe_temperature: 0.1500 (0.1500)
2026-04-17 06:47:59 | INFO     | crowdcount.trainer:289 - [ep 671][lr 0.0000915][18.20s]
2026-04-17 06:48:14 | INFO     | crowdcount.trainer:348 - [Eval] mae=84.79  mse=122.91  time=13.4s  best_mae=63.29  best_mse=97.65
2026-04-17 06:48:14 | INFO     | crowdcount.trainer:352 - [Eval] density_mae=60.94  density_mse=104.90  best_density_mae=56.54
2026-04-17 06:48:31 | INFO     | crowdcount.engine:429 - Averaged stats: lr: 0.000091  loss_sum: 0.0294 (0.0388)  losses: 0.0065 (0.0069)  den_loss: 0.0232 (0.0319)  loss_ce: 0.0023 (0.0024)  loss_points: 0.0006 (0.0006)  loss_count: 0.0023 (0.0025)  loss_consistency: 0.0013 (0.0013)  loss_ce_unscaled: 0.0023 (0.0024)  loss_points_unscaled: 3.0503 (3.0825)  loss_count_unscaled: 2.2568 (2.5467)  loss_consistency_unscaled: 1.2796 (1.3000)  den_ssim: 0.0010 (0.0010)  moe_aux_total: 0.0000 (0.0000)  moe_aux_raw: 0.0000 (0.0000)  l_balance: 0.0000 (0.0000)  l_decorr: 0.0000 (0.0000)  moe_temperature: 0.1500 (0.1500)
2026-04-17 06:48:31 | INFO     | crowdcount.trainer:289 - [ep 672][lr 0.0000915][17.38s]
2026-04-17 06:48:47 | INFO     | crowdcount.trainer:348 - [Eval] mae=73.75  mse=110.55  time=13.1s  best_mae=63.29  best_mse=97.65
2026-04-17 06:48:47 | INFO     | crowdcount.trainer:352 - [Eval] density_mae=61.03  density_mse=103.39  best_density_mae=56.54
2026-04-17 06:49:04 | INFO     | crowdcount.engine:429 - Averaged stats: lr: 0.000091  loss_sum: 0.0210 (0.0356)  losses: 0.0055 (0.0068)  den_loss: 0.0149 (0.0288)  loss_ce: 0.0020 (0.0024)  loss_points: 0.0006 (0.0006)  loss_count: 0.0017 (0.0024)  loss_consistency: 0.0013 (0.0014)  loss_ce_unscaled: 0.0020 (0.0024)  loss_points_unscaled: 3.0840 (3.0970)  loss_count_unscaled: 1.6790 (2.4058)  loss_consistency_unscaled: 1.3209 (1.3741)  den_ssim: 0.0009 (0.0010)  moe_aux_total: 0.0000 (0.0000)  moe_aux_raw: 0.0000 (0.0000)  l_balance: 0.0000 (0.0000)  l_decorr: 0.0000 (0.0000)  moe_temperature: 0.1500 (0.1500)
2026-04-17 06:49:04 | INFO     | crowdcount.trainer:289 - [ep 673][lr 0.0000914][17.16s]
2026-04-17 06:49:18 | INFO     | crowdcount.trainer:348 - [Eval] mae=78.09  mse=116.18  time=13.1s  best_mae=63.29  best_mse=97.65
2026-04-17 06:49:18 | INFO     | crowdcount.trainer:352 - [Eval] density_mae=59.34  density_mse=99.17  best_density_mae=56.54
2026-04-17 06:49:35 | INFO     | crowdcount.engine:429 - Averaged stats: lr: 0.000091  loss_sum: 0.0321 (0.0365)  losses: 0.0065 (0.0070)  den_loss: 0.0242 (0.0295)  loss_ce: 0.0021 (0.0024)  loss_points: 0.0006 (0.0006)  loss_count: 0.0023 (0.0026)  loss_consistency: 0.0012 (0.0014)  loss_ce_unscaled: 0.0021 (0.0024)  loss_points_unscaled: 2.9670 (3.0452)  loss_count_unscaled: 2.3384 (2.6214)  loss_consistency_unscaled: 1.1607 (1.4115)  den_ssim: 0.0010 (0.0010)  moe_aux_total: 0.0000 (0.0000)  moe_aux_raw: 0.0000 (0.0000)  l_balance: 0.0000 (0.0000)  l_decorr: 0.0000 (0.0000)  moe_temperature: 0.1500 (0.1500)
2026-04-17 06:49:35 | INFO     | crowdcount.trainer:289 - [ep 674][lr 0.0000914][16.89s]
2026-04-17 06:49:51 | INFO     | crowdcount.trainer:348 - [Eval] mae=87.52  mse=130.50  time=14.4s  best_mae=63.29  best_mse=97.65
2026-04-17 06:49:51 | INFO     | crowdcount.trainer:352 - [Eval] density_mae=62.30  density_mse=106.89  best_density_mae=56.54
2026-04-17 06:50:10 | INFO     | crowdcount.engine:429 - Averaged stats: lr: 0.000091  loss_sum: 0.0293 (0.0377)  losses: 0.0067 (0.0071)  den_loss: 0.0232 (0.0306)  loss_ce: 0.0025 (0.0025)  loss_points: 0.0006 (0.0006)  loss_count: 0.0022 (0.0025)  loss_consistency: 0.0013 (0.0015)  loss_ce_unscaled: 0.0025 (0.0025)  loss_points_unscaled: 3.1626 (3.1101)  loss_count_unscaled: 2.1950 (2.5339)  loss_consistency_unscaled: 1.3254 (1.4734)  den_ssim: 0.0011 (0.0010)  moe_aux_total: 0.0000 (0.0000)  moe_aux_raw: 0.0000 (0.0000)  l_balance: 0.0000 (0.0000)  l_decorr: 0.0000 (0.0000)  moe_temperature: 0.1500 (0.1500)
2026-04-17 06:50:10 | INFO     | crowdcount.trainer:289 - [ep 675][lr 0.0000914][18.97s]
2026-04-17 06:50:26 | INFO     | crowdcount.trainer:348 - [Eval] mae=91.81  mse=140.25  time=13.6s  best_mae=63.29  best_mse=97.65
2026-04-17 06:50:26 | INFO     | crowdcount.trainer:352 - [Eval] density_mae=64.94  density_mse=110.40  best_density_mae=56.54
2026-04-17 06:50:43 | INFO     | crowdcount.engine:429 - Averaged stats: lr: 0.000091  loss_sum: 0.0216 (0.0331)  losses: 0.0062 (0.0068)  den_loss: 0.0151 (0.0263)  loss_ce: 0.0022 (0.0023)  loss_points: 0.0006 (0.0006)  loss_count: 0.0022 (0.0025)  loss_consistency: 0.0013 (0.0014)  loss_ce_unscaled: 0.0022 (0.0023)  loss_points_unscaled: 2.9725 (3.0799)  loss_count_unscaled: 2.2133 (2.4925)  loss_consistency_unscaled: 1.2719 (1.4317)  den_ssim: 0.0009 (0.0010)  moe_aux_total: 0.0000 (0.0000)  moe_aux_raw: 0.0000 (0.0000)  l_balance: 0.0000 (0.0000)  l_decorr: 0.0000 (0.0000)  moe_temperature: 0.1500 (0.1500)
2026-04-17 06:50:43 | INFO     | crowdcount.trainer:289 - [ep 676][lr 0.0000914][17.35s]
2026-04-17 06:50:58 | INFO     | crowdcount.trainer:348 - [Eval] mae=88.40  mse=130.15  time=13.0s  best_mae=63.29  best_mse=97.65
2026-04-17 06:50:58 | INFO     | crowdcount.trainer:352 - [Eval] density_mae=62.27  density_mse=104.92  best_density_mae=56.54
2026-04-17 06:51:15 | INFO     | crowdcount.engine:429 - Averaged stats: lr: 0.000091  loss_sum: 0.0198 (0.0342)  losses: 0.0057 (0.0068)  den_loss: 0.0139 (0.0274)  loss_ce: 0.0021 (0.0024)  loss_points: 0.0006 (0.0006)  loss_count: 0.0019 (0.0025)  loss_consistency: 0.0013 (0.0014)  loss_ce_unscaled: 0.0021 (0.0024)  loss_points_unscaled: 3.1841 (3.0834)  loss_count_unscaled: 1.8741 (2.4834)  loss_consistency_unscaled: 1.2760 (1.3684)  den_ssim: 0.0009 (0.0010)  moe_aux_total: 0.0000 (0.0000)  moe_aux_raw: 0.0000 (0.0000)  l_balance: 0.0000 (0.0000)  l_decorr: 0.0000 (0.0000)  moe_temperature: 0.1500 (0.1500)
2026-04-17 06:51:15 | INFO     | crowdcount.trainer:289 - [ep 677][lr 0.0000913][17.02s]
2026-04-17 06:51:31 | INFO     | crowdcount.trainer:348 - [Eval] mae=92.25  mse=137.02  time=13.5s  best_mae=63.29  best_mse=97.65
2026-04-17 06:51:31 | INFO     | crowdcount.trainer:352 - [Eval] density_mae=62.68  density_mse=105.94  best_density_mae=56.54
2026-04-17 06:51:48 | INFO     | crowdcount.engine:429 - Averaged stats: lr: 0.000091  loss_sum: 0.0272 (0.0318)  losses: 0.0057 (0.0063)  den_loss: 0.0217 (0.0255)  loss_ce: 0.0020 (0.0022)  loss_points: 0.0006 (0.0006)  loss_count: 0.0020 (0.0021)  loss_consistency: 0.0012 (0.0013)  loss_ce_unscaled: 0.0020 (0.0022)  loss_points_unscaled: 3.0677 (3.0792)  loss_count_unscaled: 1.9823 (2.1394)  loss_consistency_unscaled: 1.1856 (1.3032)  den_ssim: 0.0009 (0.0010)  moe_aux_total: 0.0000 (0.0000)  moe_aux_raw: 0.0000 (0.0000)  l_balance: 0.0000 (0.0000)  l_decorr: 0.0000 (0.0000)  moe_temperature: 0.1500 (0.1500)
2026-04-17 06:51:48 | INFO     | crowdcount.trainer:289 - [ep 678][lr 0.0000913][17.33s]
2026-04-17 06:52:04 | INFO     | crowdcount.trainer:348 - [Eval] mae=77.97  mse=120.37  time=13.7s  best_mae=63.29  best_mse=97.65
2026-04-17 06:52:04 | INFO     | crowdcount.trainer:352 - [Eval] density_mae=64.31  density_mse=108.72  best_density_mae=56.54
2026-04-17 06:52:21 | INFO     | crowdcount.engine:429 - Averaged stats: lr: 0.000091  loss_sum: 0.0429 (0.0390)  losses: 0.0071 (0.0070)  den_loss: 0.0342 (0.0319)  loss_ce: 0.0026 (0.0024)  loss_points: 0.0006 (0.0006)  loss_count: 0.0028 (0.0026)  loss_consistency: 0.0013 (0.0013)  loss_ce_unscaled: 0.0026 (0.0024)  loss_points_unscaled: 3.1144 (3.1248)  loss_count_unscaled: 2.7586 (2.6447)  loss_consistency_unscaled: 1.3202 (1.3367)  den_ssim: 0.0010 (0.0010)  moe_aux_total: 0.0000 (0.0000)  moe_aux_raw: 0.0000 (0.0000)  l_balance: 0.0000 (0.0000)  l_decorr: 0.0000 (0.0000)  moe_temperature: 0.1500 (0.1500)
2026-04-17 06:52:21 | INFO     | crowdcount.trainer:289 - [ep 679][lr 0.0000913][17.42s]
2026-04-17 06:52:35 | INFO     | crowdcount.trainer:348 - [Eval] mae=105.46  mse=150.28  time=12.4s  best_mae=63.29  best_mse=97.65
2026-04-17 06:52:35 | INFO     | crowdcount.trainer:352 - [Eval] density_mae=63.39  density_mse=103.21  best_density_mae=56.54
2026-04-17 06:52:52 | INFO     | crowdcount.engine:429 - Averaged stats: lr: 0.000091  loss_sum: 0.0275 (0.0381)  losses: 0.0065 (0.0070)  den_loss: 0.0196 (0.0311)  loss_ce: 0.0024 (0.0024)  loss_points: 0.0006 (0.0006)  loss_count: 0.0023 (0.0026)  loss_consistency: 0.0013 (0.0014)  loss_ce_unscaled: 0.0024 (0.0024)  loss_points_unscaled: 2.9971 (3.0823)  loss_count_unscaled: 2.3306 (2.6030)  loss_consistency_unscaled: 1.2631 (1.3907)  den_ssim: 0.0010 (0.0010)  moe_aux_total: 0.0000 (0.0000)  moe_aux_raw: 0.0000 (0.0000)  l_balance: 0.0000 (0.0000)  l_decorr: 0.0000 (0.0000)  moe_temperature: 0.1500 (0.1500)
2026-04-17 06:52:52 | INFO     | crowdcount.trainer:289 - [ep 680][lr 0.0000913][16.46s]
2026-04-17 06:53:07 | INFO     | crowdcount.trainer:348 - [Eval] mae=93.62  mse=138.79  time=13.1s  best_mae=63.29  best_mse=97.65
2026-04-17 06:53:07 | INFO     | crowdcount.trainer:352 - [Eval] density_mae=63.44  density_mse=108.01  best_density_mae=56.54
2026-04-17 06:53:24 | INFO     | crowdcount.engine:429 - Averaged stats: lr: 0.000091  loss_sum: 0.0238 (0.0382)  losses: 0.0064 (0.0070)  den_loss: 0.0180 (0.0312)  loss_ce: 0.0023 (0.0023)  loss_points: 0.0006 (0.0006)  loss_count: 0.0026 (0.0026)  loss_consistency: 0.0013 (0.0014)  loss_ce_unscaled: 0.0023 (0.0023)  loss_points_unscaled: 3.1142 (3.0829)  loss_count_unscaled: 2.5830 (2.6294)  loss_consistency_unscaled: 1.3499 (1.4260)  den_ssim: 0.0010 (0.0010)  moe_aux_total: 0.0000 (0.0000)  moe_aux_raw: 0.0000 (0.0000)  l_balance: 0.0000 (0.0000)  l_decorr: 0.0000 (0.0000)  moe_temperature: 0.1500 (0.1500)
2026-04-17 06:53:24 | INFO     | crowdcount.trainer:289 - [ep 681][lr 0.0000912][16.97s]
2026-04-17 06:53:39 | INFO     | crowdcount.trainer:348 - [Eval] mae=81.42  mse=122.83  time=12.9s  best_mae=63.29  best_mse=97.65
2026-04-17 06:53:39 | INFO     | crowdcount.trainer:352 - [Eval] density_mae=60.39  density_mse=101.12  best_density_mae=56.54
2026-04-17 06:53:55 | INFO     | crowdcount.engine:429 - Averaged stats: lr: 0.000091  loss_sum: 0.0311 (0.0336)  losses: 0.0068 (0.0066)  den_loss: 0.0246 (0.0270)  loss_ce: 0.0023 (0.0023)  loss_points: 0.0006 (0.0006)  loss_count: 0.0021 (0.0023)  loss_consistency: 0.0014 (0.0014)  loss_ce_unscaled: 0.0023 (0.0023)  loss_points_unscaled: 2.9960 (3.0804)  loss_count_unscaled: 2.0620 (2.3015)  loss_consistency_unscaled: 1.3869 (1.4317)  den_ssim: 0.0009 (0.0010)  moe_aux_total: 0.0000 (0.0000)  moe_aux_raw: 0.0000 (0.0000)  l_balance: 0.0000 (0.0000)  l_decorr: 0.0000 (0.0000)  moe_temperature: 0.1500 (0.1500)
2026-04-17 06:53:55 | INFO     | crowdcount.trainer:289 - [ep 682][lr 0.0000912][16.57s]
2026-04-17 06:54:10 | INFO     | crowdcount.trainer:348 - [Eval] mae=99.86  mse=143.81  time=12.8s  best_mae=63.29  best_mse=97.65
2026-04-17 06:54:10 | INFO     | crowdcount.trainer:352 - [Eval] density_mae=65.07  density_mse=113.92  best_density_mae=56.54
2026-04-17 06:54:27 | INFO     | crowdcount.engine:429 - Averaged stats: lr: 0.000091  loss_sum: 0.0311 (0.0375)  losses: 0.0063 (0.0067)  den_loss: 0.0243 (0.0308)  loss_ce: 0.0022 (0.0024)  loss_points: 0.0006 (0.0006)  loss_count: 0.0023 (0.0024)  loss_consistency: 0.0011 (0.0013)  loss_ce_unscaled: 0.0022 (0.0024)  loss_points_unscaled: 2.9932 (3.0329)  loss_count_unscaled: 2.2799 (2.4284)  loss_consistency_unscaled: 1.1068 (1.3048)  den_ssim: 0.0010 (0.0010)  moe_aux_total: 0.0000 (0.0000)  moe_aux_raw: 0.0000 (0.0000)  l_balance: 0.0000 (0.0000)  l_decorr: 0.0000 (0.0000)  moe_temperature: 0.1500 (0.1500)
2026-04-17 06:54:27 | INFO     | crowdcount.trainer:289 - [ep 683][lr 0.0000912][16.70s]
2026-04-17 06:54:42 | INFO     | crowdcount.trainer:348 - [Eval] mae=74.71  mse=116.00  time=13.1s  best_mae=63.29  best_mse=97.65
2026-04-17 06:54:42 | INFO     | crowdcount.trainer:352 - [Eval] density_mae=60.45  density_mse=101.15  best_density_mae=56.54
2026-04-17 06:54:59 | INFO     | crowdcount.engine:429 - Averaged stats: lr: 0.000091  loss_sum: 0.0342 (0.0343)  losses: 0.0066 (0.0067)  den_loss: 0.0282 (0.0276)  loss_ce: 0.0025 (0.0024)  loss_points: 0.0006 (0.0006)  loss_count: 0.0023 (0.0024)  loss_consistency: 0.0012 (0.0013)  loss_ce_unscaled: 0.0025 (0.0024)  loss_points_unscaled: 2.9331 (3.0201)  loss_count_unscaled: 2.2708 (2.3883)  loss_consistency_unscaled: 1.2216 (1.3109)  den_ssim: 0.0010 (0.0010)  moe_aux_total: 0.0000 (0.0000)  moe_aux_raw: 0.0000 (0.0000)  l_balance: 0.0000 (0.0000)  l_decorr: 0.0000 (0.0000)  moe_temperature: 0.1500 (0.1500)
2026-04-17 06:54:59 | INFO     | crowdcount.trainer:289 - [ep 684][lr 0.0000912][16.82s]
2026-04-17 06:55:14 | INFO     | crowdcount.trainer:348 - [Eval] mae=94.59  mse=132.37  time=13.2s  best_mae=63.29  best_mse=97.65
2026-04-17 06:55:14 | INFO     | crowdcount.trainer:352 - [Eval] density_mae=63.27  density_mse=106.01  best_density_mae=56.54
2026-04-17 06:55:31 | INFO     | crowdcount.engine:429 - Averaged stats: lr: 0.000091  loss_sum: 0.0261 (0.0392)  losses: 0.0064 (0.0068)  den_loss: 0.0207 (0.0324)  loss_ce: 0.0021 (0.0023)  loss_points: 0.0006 (0.0006)  loss_count: 0.0023 (0.0025)  loss_consistency: 0.0014 (0.0014)  loss_ce_unscaled: 0.0021 (0.0023)  loss_points_unscaled: 3.0277 (3.0810)  loss_count_unscaled: 2.3380 (2.4543)  loss_consistency_unscaled: 1.3789 (1.3879)  den_ssim: 0.0010 (0.0010)  moe_aux_total: 0.0000 (0.0000)  moe_aux_raw: 0.0000 (0.0000)  l_balance: 0.0000 (0.0000)  l_decorr: 0.0000 (0.0000)  moe_temperature: 0.1500 (0.1500)
2026-04-17 06:55:31 | INFO     | crowdcount.trainer:289 - [ep 685][lr 0.0000911][17.52s]
2026-04-17 06:55:46 | INFO     | crowdcount.trainer:348 - [Eval] mae=94.14  mse=131.66  time=13.1s  best_mae=63.29  best_mse=97.65
2026-04-17 06:55:46 | INFO     | crowdcount.trainer:352 - [Eval] density_mae=62.36  density_mse=105.99  best_density_mae=56.54
2026-04-17 06:56:04 | INFO     | crowdcount.engine:429 - Averaged stats: lr: 0.000091  loss_sum: 0.0369 (0.0415)  losses: 0.0065 (0.0068)  den_loss: 0.0311 (0.0346)  loss_ce: 0.0025 (0.0024)  loss_points: 0.0006 (0.0006)  loss_count: 0.0025 (0.0026)  loss_consistency: 0.0012 (0.0013)  loss_ce_unscaled: 0.0025 (0.0024)  loss_points_unscaled: 3.0878 (3.0843)  loss_count_unscaled: 2.4911 (2.5619)  loss_consistency_unscaled: 1.2169 (1.2643)  den_ssim: 0.0010 (0.0010)  moe_aux_total: 0.0000 (0.0000)  moe_aux_raw: 0.0000 (0.0000)  l_balance: 0.0000 (0.0000)  l_decorr: 0.0000 (0.0000)  moe_temperature: 0.1500 (0.1500)
2026-04-17 06:56:04 | INFO     | crowdcount.trainer:289 - [ep 686][lr 0.0000911][17.38s]
2026-04-17 06:56:18 | INFO     | crowdcount.trainer:348 - [Eval] mae=94.87  mse=133.15  time=12.8s  best_mae=63.29  best_mse=97.65
2026-04-17 06:56:18 | INFO     | crowdcount.trainer:352 - [Eval] density_mae=62.25  density_mse=106.58  best_density_mae=56.54
2026-04-17 06:56:36 | INFO     | crowdcount.engine:429 - Averaged stats: lr: 0.000091  loss_sum: 0.0335 (0.0397)  losses: 0.0072 (0.0071)  den_loss: 0.0264 (0.0327)  loss_ce: 0.0026 (0.0024)  loss_points: 0.0006 (0.0006)  loss_count: 0.0024 (0.0028)  loss_consistency: 0.0013 (0.0013)  loss_ce_unscaled: 0.0026 (0.0024)  loss_points_unscaled: 3.0307 (3.0790)  loss_count_unscaled: 2.4430 (2.7593)  loss_consistency_unscaled: 1.3007 (1.2966)  den_ssim: 0.0011 (0.0010)  moe_aux_total: 0.0000 (0.0000)  moe_aux_raw: 0.0000 (0.0000)  l_balance: 0.0000 (0.0000)  l_decorr: 0.0000 (0.0000)  moe_temperature: 0.1500 (0.1500)
2026-04-17 06:56:36 | INFO     | crowdcount.trainer:289 - [ep 687][lr 0.0000911][17.40s]
2026-04-17 06:56:51 | INFO     | crowdcount.trainer:348 - [Eval] mae=83.09  mse=123.15  time=13.2s  best_mae=63.29  best_mse=97.65
2026-04-17 06:56:51 | INFO     | crowdcount.trainer:352 - [Eval] density_mae=62.76  density_mse=105.68  best_density_mae=56.54
2026-04-17 06:57:08 | INFO     | crowdcount.engine:429 - Averaged stats: lr: 0.000091  loss_sum: 0.0250 (0.0350)  losses: 0.0064 (0.0068)  den_loss: 0.0197 (0.0282)  loss_ce: 0.0023 (0.0023)  loss_points: 0.0006 (0.0006)  loss_count: 0.0023 (0.0026)  loss_consistency: 0.0011 (0.0013)  loss_ce_unscaled: 0.0023 (0.0023)  loss_points_unscaled: 3.0474 (3.0770)  loss_count_unscaled: 2.2722 (2.5533)  loss_consistency_unscaled: 1.1227 (1.3281)  den_ssim: 0.0010 (0.0010)  moe_aux_total: 0.0000 (0.0000)  moe_aux_raw: 0.0000 (0.0000)  l_balance: 0.0000 (0.0000)  l_decorr: 0.0000 (0.0000)  moe_temperature: 0.1500 (0.1500)
2026-04-17 06:57:08 | INFO     | crowdcount.trainer:289 - [ep 688][lr 0.0000911][17.22s]
2026-04-17 06:57:23 | INFO     | crowdcount.trainer:348 - [Eval] mae=98.55  mse=140.68  time=13.3s  best_mae=63.29  best_mse=97.65
2026-04-17 06:57:23 | INFO     | crowdcount.trainer:352 - [Eval] density_mae=64.02  density_mse=104.82  best_density_mae=56.54
2026-04-17 06:57:41 | INFO     | crowdcount.engine:429 - Averaged stats: lr: 0.000091  loss_sum: 0.0373 (0.0422)  losses: 0.0072 (0.0073)  den_loss: 0.0296 (0.0349)  loss_ce: 0.0025 (0.0024)  loss_points: 0.0006 (0.0006)  loss_count: 0.0023 (0.0028)  loss_consistency: 0.0014 (0.0015)  loss_ce_unscaled: 0.0025 (0.0024)  loss_points_unscaled: 3.0612 (3.0843)  loss_count_unscaled: 2.2962 (2.7818)  loss_consistency_unscaled: 1.4028 (1.4911)  den_ssim: 0.0010 (0.0010)  moe_aux_total: 0.0000 (0.0000)  moe_aux_raw: 0.0000 (0.0000)  l_balance: 0.0000 (0.0000)  l_decorr: 0.0000 (0.0000)  moe_temperature: 0.1500 (0.1500)
2026-04-17 06:57:41 | INFO     | crowdcount.trainer:289 - [ep 689][lr 0.0000910][17.72s]
2026-04-17 06:57:56 | INFO     | crowdcount.trainer:348 - [Eval] mae=87.54  mse=133.49  time=13.1s  best_mae=63.29  best_mse=97.65
2026-04-17 06:57:56 | INFO     | crowdcount.trainer:352 - [Eval] density_mae=64.24  density_mse=106.20  best_density_mae=56.54
2026-04-17 06:58:13 | INFO     | crowdcount.engine:429 - Averaged stats: lr: 0.000091  loss_sum: 0.0302 (0.0381)  losses: 0.0080 (0.0076)  den_loss: 0.0233 (0.0305)  loss_ce: 0.0024 (0.0023)  loss_points: 0.0006 (0.0006)  loss_count: 0.0026 (0.0026)  loss_consistency: 0.0022 (0.0021)  loss_ce_unscaled: 0.0024 (0.0023)  loss_points_unscaled: 3.0540 (3.1114)  loss_count_unscaled: 2.6030 (2.5557)  loss_consistency_unscaled: 2.2496 (2.1153)  den_ssim: 0.0011 (0.0010)  moe_aux_total: 0.0000 (0.0000)  moe_aux_raw: 0.0000 (0.0000)  l_balance: 0.0000 (0.0000)  l_decorr: 0.0000 (0.0000)  moe_temperature: 0.1500 (0.1500)
2026-04-17 06:58:13 | INFO     | crowdcount.trainer:289 - [ep 690][lr 0.0000910][16.79s]
2026-04-17 06:58:28 | INFO     | crowdcount.trainer:348 - [Eval] mae=81.29  mse=125.76  time=13.2s  best_mae=63.29  best_mse=97.65
2026-04-17 06:58:28 | INFO     | crowdcount.trainer:352 - [Eval] density_mae=60.23  density_mse=102.33  best_density_mae=56.54
2026-04-17 06:58:44 | INFO     | crowdcount.engine:429 - Averaged stats: lr: 0.000091  loss_sum: 0.0259 (0.0321)  losses: 0.0063 (0.0068)  den_loss: 0.0200 (0.0252)  loss_ce: 0.0023 (0.0023)  loss_points: 0.0006 (0.0006)  loss_count: 0.0022 (0.0024)  loss_consistency: 0.0012 (0.0015)  loss_ce_unscaled: 0.0023 (0.0023)  loss_points_unscaled: 3.0502 (3.0920)  loss_count_unscaled: 2.1973 (2.4241)  loss_consistency_unscaled: 1.2373 (1.4667)  den_ssim: 0.0010 (0.0010)  moe_aux_total: 0.0000 (0.0000)  moe_aux_raw: 0.0000 (0.0000)  l_balance: 0.0000 (0.0000)  l_decorr: 0.0000 (0.0000)  moe_temperature: 0.1500 (0.1500)
2026-04-17 06:58:44 | INFO     | crowdcount.trainer:289 - [ep 691][lr 0.0000910][16.66s]
2026-04-17 06:58:59 | INFO     | crowdcount.trainer:348 - [Eval] mae=96.61  mse=137.65  time=13.3s  best_mae=63.29  best_mse=97.65
2026-04-17 06:58:59 | INFO     | crowdcount.trainer:352 - [Eval] density_mae=62.19  density_mse=103.34  best_density_mae=56.54
2026-04-17 06:59:16 | INFO     | crowdcount.engine:429 - Averaged stats: lr: 0.000091  loss_sum: 0.0301 (0.0421)  losses: 0.0063 (0.0073)  den_loss: 0.0241 (0.0348)  loss_ce: 0.0024 (0.0024)  loss_points: 0.0006 (0.0006)  loss_count: 0.0023 (0.0029)  loss_consistency: 0.0012 (0.0013)  loss_ce_unscaled: 0.0024 (0.0024)  loss_points_unscaled: 3.1615 (3.1324)  loss_count_unscaled: 2.3242 (2.9204)  loss_consistency_unscaled: 1.2120 (1.3109)  den_ssim: 0.0010 (0.0010)  moe_aux_total: 0.0000 (0.0000)  moe_aux_raw: 0.0000 (0.0000)  l_balance: 0.0000 (0.0000)  l_decorr: 0.0000 (0.0000)  moe_temperature: 0.1500 (0.1500)
2026-04-17 06:59:16 | INFO     | crowdcount.trainer:289 - [ep 692][lr 0.0000910][16.79s]
2026-04-17 06:59:31 | INFO     | crowdcount.trainer:348 - [Eval] mae=83.04  mse=122.87  time=12.9s  best_mae=63.29  best_mse=97.65
2026-04-17 06:59:31 | INFO     | crowdcount.trainer:352 - [Eval] density_mae=63.80  density_mse=113.47  best_density_mae=56.54
2026-04-17 06:59:49 | INFO     | crowdcount.engine:429 - Averaged stats: lr: 0.000091  loss_sum: 0.0355 (0.0384)  losses: 0.0064 (0.0069)  den_loss: 0.0269 (0.0315)  loss_ce: 0.0024 (0.0024)  loss_points: 0.0006 (0.0006)  loss_count: 0.0022 (0.0026)  loss_consistency: 0.0012 (0.0013)  loss_ce_unscaled: 0.0024 (0.0024)  loss_points_unscaled: 3.1065 (3.0524)  loss_count_unscaled: 2.1954 (2.5558)  loss_consistency_unscaled: 1.1509 (1.3327)  den_ssim: 0.0010 (0.0010)  moe_aux_total: 0.0000 (0.0000)  moe_aux_raw: 0.0000 (0.0000)  l_balance: 0.0000 (0.0000)  l_decorr: 0.0000 (0.0000)  moe_temperature: 0.1500 (0.1500)
2026-04-17 06:59:49 | INFO     | crowdcount.trainer:289 - [ep 693][lr 0.0000909][17.54s]
2026-04-17 07:00:04 | INFO     | crowdcount.trainer:348 - [Eval] mae=104.70  mse=146.86  time=13.0s  best_mae=63.29  best_mse=97.65
2026-04-17 07:00:04 | INFO     | crowdcount.trainer:352 - [Eval] density_mae=58.93  density_mse=100.75  best_density_mae=56.54
2026-04-17 07:00:21 | INFO     | crowdcount.engine:429 - Averaged stats: lr: 0.000091  loss_sum: 0.0295 (0.0395)  losses: 0.0075 (0.0073)  den_loss: 0.0240 (0.0322)  loss_ce: 0.0022 (0.0024)  loss_points: 0.0006 (0.0006)  loss_count: 0.0026 (0.0026)  loss_consistency: 0.0014 (0.0016)  loss_ce_unscaled: 0.0022 (0.0024)  loss_points_unscaled: 3.0595 (2.9945)  loss_count_unscaled: 2.5898 (2.6275)  loss_consistency_unscaled: 1.4433 (1.6238)  den_ssim: 0.0010 (0.0010)  moe_aux_total: 0.0000 (0.0000)  moe_aux_raw: 0.0000 (0.0000)  l_balance: 0.0000 (0.0000)  l_decorr: 0.0000 (0.0000)  moe_temperature: 0.1500 (0.1500)
2026-04-17 07:00:21 | INFO     | crowdcount.trainer:289 - [ep 694][lr 0.0000909][17.18s]
2026-04-17 07:00:36 | INFO     | crowdcount.trainer:348 - [Eval] mae=99.87  mse=142.72  time=13.2s  best_mae=63.29  best_mse=97.65
2026-04-17 07:00:36 | INFO     | crowdcount.trainer:352 - [Eval] density_mae=64.18  density_mse=106.51  best_density_mae=56.54
2026-04-17 07:00:53 | INFO     | crowdcount.engine:429 - Averaged stats: lr: 0.000091  loss_sum: 0.0273 (0.0333)  losses: 0.0069 (0.0069)  den_loss: 0.0200 (0.0264)  loss_ce: 0.0022 (0.0022)  loss_points: 0.0006 (0.0006)  loss_count: 0.0024 (0.0024)  loss_consistency: 0.0014 (0.0016)  loss_ce_unscaled: 0.0022 (0.0022)  loss_points_unscaled: 3.0197 (3.0707)  loss_count_unscaled: 2.4188 (2.4125)  loss_consistency_unscaled: 1.3824 (1.6456)  den_ssim: 0.0009 (0.0010)  moe_aux_total: 0.0000 (0.0000)  moe_aux_raw: 0.0000 (0.0000)  l_balance: 0.0000 (0.0000)  l_decorr: 0.0000 (0.0000)  moe_temperature: 0.1500 (0.1500)
2026-04-17 07:00:53 | INFO     | crowdcount.trainer:289 - [ep 695][lr 0.0000909][16.90s]
2026-04-17 07:01:08 | INFO     | crowdcount.trainer:348 - [Eval] mae=111.30  mse=154.68  time=13.2s  best_mae=63.29  best_mse=97.65
2026-04-17 07:01:08 | INFO     | crowdcount.trainer:352 - [Eval] density_mae=68.11  density_mse=108.39  best_density_mae=56.54
2026-04-17 07:01:25 | INFO     | crowdcount.engine:429 - Averaged stats: lr: 0.000091  loss_sum: 0.0286 (0.0401)  losses: 0.0065 (0.0071)  den_loss: 0.0217 (0.0330)  loss_ce: 0.0023 (0.0024)  loss_points: 0.0006 (0.0006)  loss_count: 0.0022 (0.0027)  loss_consistency: 0.0012 (0.0013)  loss_ce_unscaled: 0.0023 (0.0024)  loss_points_unscaled: 3.0940 (3.0980)  loss_count_unscaled: 2.1509 (2.7430)  loss_consistency_unscaled: 1.1835 (1.2667)  den_ssim: 0.0010 (0.0010)  moe_aux_total: 0.0000 (0.0000)  moe_aux_raw: 0.0000 (0.0000)  l_balance: 0.0000 (0.0000)  l_decorr: 0.0000 (0.0000)  moe_temperature: 0.1500 (0.1500)
2026-04-17 07:01:25 | INFO     | crowdcount.trainer:289 - [ep 696][lr 0.0000909][17.06s]
2026-04-17 07:01:40 | INFO     | crowdcount.trainer:348 - [Eval] mae=89.39  mse=128.60  time=12.9s  best_mae=63.29  best_mse=97.65
2026-04-17 07:01:40 | INFO     | crowdcount.trainer:352 - [Eval] density_mae=64.36  density_mse=105.44  best_density_mae=56.54
2026-04-17 07:01:57 | INFO     | crowdcount.engine:429 - Averaged stats: lr: 0.000091  loss_sum: 0.0264 (0.0409)  losses: 0.0070 (0.0073)  den_loss: 0.0203 (0.0334)  loss_ce: 0.0024 (0.0025)  loss_points: 0.0006 (0.0006)  loss_count: 0.0023 (0.0028)  loss_consistency: 0.0013 (0.0014)  loss_ce_unscaled: 0.0024 (0.0025)  loss_points_unscaled: 3.0670 (3.0321)  loss_count_unscaled: 2.2595 (2.8105)  loss_consistency_unscaled: 1.2510 (1.4172)  den_ssim: 0.0010 (0.0010)  moe_aux_total: 0.0000 (0.0001)  moe_aux_raw: 0.0000 (0.0001)  l_balance: 0.0000 (0.0001)  l_decorr: 0.0000 (0.0001)  moe_temperature: 0.1500 (0.1500)
2026-04-17 07:01:57 | INFO     | crowdcount.trainer:289 - [ep 697][lr 0.0000908][16.96s]
2026-04-17 07:02:12 | INFO     | crowdcount.trainer:348 - [Eval] mae=97.91  mse=140.38  time=13.2s  best_mae=63.29  best_mse=97.65
2026-04-17 07:02:12 | INFO     | crowdcount.trainer:352 - [Eval] density_mae=62.48  density_mse=101.77  best_density_mae=56.54
2026-04-17 07:02:29 | INFO     | crowdcount.engine:429 - Averaged stats: lr: 0.000091  loss_sum: 0.0243 (0.0372)  losses: 0.0067 (0.0070)  den_loss: 0.0193 (0.0301)  loss_ce: 0.0023 (0.0024)  loss_points: 0.0006 (0.0006)  loss_count: 0.0021 (0.0024)  loss_consistency: 0.0015 (0.0016)  loss_ce_unscaled: 0.0023 (0.0024)  loss_points_unscaled: 2.9604 (3.0514)  loss_count_unscaled: 2.0560 (2.4151)  loss_consistency_unscaled: 1.5199 (1.6255)  den_ssim: 0.0010 (0.0010)  moe_aux_total: 0.0000 (0.0001)  moe_aux_raw: 0.0000 (0.0001)  l_balance: 0.0000 (0.0001)  l_decorr: 0.0000 (0.0000)  moe_temperature: 0.1500 (0.1500)
2026-04-17 07:02:29 | INFO     | crowdcount.trainer:289 - [ep 698][lr 0.0000908][16.99s]
2026-04-17 07:02:45 | INFO     | crowdcount.trainer:348 - [Eval] mae=83.33  mse=127.00  time=13.3s  best_mae=63.29  best_mse=97.65
2026-04-17 07:02:45 | INFO     | crowdcount.trainer:352 - [Eval] density_mae=66.65  density_mse=103.99  best_density_mae=56.54
2026-04-17 07:03:02 | INFO     | crowdcount.engine:429 - Averaged stats: lr: 0.000091  loss_sum: 0.0273 (0.0385)  losses: 0.0067 (0.0069)  den_loss: 0.0215 (0.0316)  loss_ce: 0.0022 (0.0024)  loss_points: 0.0006 (0.0006)  loss_count: 0.0022 (0.0024)  loss_consistency: 0.0013 (0.0016)  loss_ce_unscaled: 0.0022 (0.0024)  loss_points_unscaled: 3.0358 (3.0702)  loss_count_unscaled: 2.2348 (2.3776)  loss_consistency_unscaled: 1.2734 (1.5507)  den_ssim: 0.0010 (0.0010)  moe_aux_total: 0.0000 (0.0000)  moe_aux_raw: 0.0000 (0.0000)  l_balance: 0.0000 (0.0000)  l_decorr: 0.0000 (0.0000)  moe_temperature: 0.1500 (0.1500)
2026-04-17 07:03:02 | INFO     | crowdcount.trainer:289 - [ep 699][lr 0.0000908][16.95s]
2026-04-17 07:03:17 | INFO     | crowdcount.trainer:348 - [Eval] mae=100.14  mse=146.21  time=13.2s  best_mae=63.29  best_mse=97.65
2026-04-17 07:03:17 | INFO     | crowdcount.trainer:352 - [Eval] density_mae=64.44  density_mse=108.60  best_density_mae=56.54
2026-04-17 07:03:34 | INFO     | crowdcount.engine:429 - Averaged stats: lr: 0.000091  loss_sum: 0.0323 (0.0356)  losses: 0.0073 (0.0070)  den_loss: 0.0245 (0.0285)  loss_ce: 0.0024 (0.0024)  loss_points: 0.0006 (0.0006)  loss_count: 0.0027 (0.0026)  loss_consistency: 0.0014 (0.0014)  loss_ce_unscaled: 0.0024 (0.0024)  loss_points_unscaled: 3.2093 (3.0842)  loss_count_unscaled: 2.7176 (2.6230)  loss_consistency_unscaled: 1.4070 (1.4467)  den_ssim: 0.0010 (0.0010)  moe_aux_total: 0.0000 (0.0000)  moe_aux_raw: 0.0000 (0.0000)  l_balance: 0.0000 (0.0000)  l_decorr: 0.0000 (0.0000)  moe_temperature: 0.1500 (0.1500)
2026-04-17 07:03:34 | INFO     | crowdcount.trainer:289 - [ep 700][lr 0.0000908][17.13s]
2026-04-17 07:03:49 | INFO     | crowdcount.trainer:348 - [Eval] mae=107.97  mse=161.54  time=13.1s  best_mae=63.29  best_mse=97.65
2026-04-17 07:03:49 | INFO     | crowdcount.trainer:352 - [Eval] density_mae=67.84  density_mse=113.76  best_density_mae=56.54
2026-04-17 07:04:06 | INFO     | crowdcount.engine:429 - Averaged stats: lr: 0.000091  loss_sum: 0.0310 (0.0361)  losses: 0.0069 (0.0073)  den_loss: 0.0240 (0.0287)  loss_ce: 0.0022 (0.0024)  loss_points: 0.0006 (0.0006)  loss_count: 0.0024 (0.0028)  loss_consistency: 0.0014 (0.0015)  loss_ce_unscaled: 0.0022 (0.0024)  loss_points_unscaled: 3.0711 (3.0462)  loss_count_unscaled: 2.3715 (2.8175)  loss_consistency_unscaled: 1.3660 (1.4802)  den_ssim: 0.0010 (0.0010)  moe_aux_total: 0.0000 (0.0000)  moe_aux_raw: 0.0000 (0.0000)  l_balance: 0.0000 (0.0000)  l_decorr: 0.0000 (0.0000)  moe_temperature: 0.1500 (0.1500)
2026-04-17 07:04:06 | INFO     | crowdcount.trainer:289 - [ep 701][lr 0.0000907][16.76s]
2026-04-17 07:04:21 | INFO     | crowdcount.trainer:348 - [Eval] mae=97.57  mse=141.67  time=13.0s  best_mae=63.29  best_mse=97.65
2026-04-17 07:04:21 | INFO     | crowdcount.trainer:352 - [Eval] density_mae=62.39  density_mse=102.26  best_density_mae=56.54
2026-04-17 07:04:38 | INFO     | crowdcount.engine:429 - Averaged stats: lr: 0.000091  loss_sum: 0.0236 (0.0358)  losses: 0.0063 (0.0068)  den_loss: 0.0169 (0.0290)  loss_ce: 0.0022 (0.0023)  loss_points: 0.0006 (0.0006)  loss_count: 0.0023 (0.0025)  loss_consistency: 0.0012 (0.0014)  loss_ce_unscaled: 0.0022 (0.0023)  loss_points_unscaled: 3.0437 (3.0914)  loss_count_unscaled: 2.2905 (2.5489)  loss_consistency_unscaled: 1.2434 (1.3685)  den_ssim: 0.0010 (0.0010)  moe_aux_total: 0.0000 (0.0000)  moe_aux_raw: 0.0000 (0.0000)  l_balance: 0.0000 (0.0000)  l_decorr: 0.0000 (0.0000)  moe_temperature: 0.1500 (0.1500)
2026-04-17 07:04:38 | INFO     | crowdcount.trainer:289 - [ep 702][lr 0.0000907][17.06s]
2026-04-17 07:04:53 | INFO     | crowdcount.trainer:348 - [Eval] mae=83.58  mse=122.61  time=12.9s  best_mae=63.29  best_mse=97.65
2026-04-17 07:04:53 | INFO     | crowdcount.trainer:352 - [Eval] density_mae=63.38  density_mse=104.58  best_density_mae=56.54
2026-04-17 07:05:10 | INFO     | crowdcount.engine:429 - Averaged stats: lr: 0.000091  loss_sum: 0.0243 (0.0356)  losses: 0.0067 (0.0069)  den_loss: 0.0187 (0.0287)  loss_ce: 0.0024 (0.0024)  loss_points: 0.0006 (0.0006)  loss_count: 0.0024 (0.0025)  loss_consistency: 0.0012 (0.0014)  loss_ce_unscaled: 0.0024 (0.0024)  loss_points_unscaled: 2.9772 (3.0075)  loss_count_unscaled: 2.4232 (2.5042)  loss_consistency_unscaled: 1.2138 (1.3790)  den_ssim: 0.0010 (0.0010)  moe_aux_total: 0.0000 (0.0000)  moe_aux_raw: 0.0000 (0.0000)  l_balance: 0.0000 (0.0000)  l_decorr: 0.0000 (0.0000)  moe_temperature: 0.1500 (0.1500)
2026-04-17 07:05:10 | INFO     | crowdcount.trainer:289 - [ep 703][lr 0.0000907][16.87s]
2026-04-17 07:05:25 | INFO     | crowdcount.trainer:348 - [Eval] mae=84.32  mse=128.80  time=13.7s  best_mae=63.29  best_mse=97.65
2026-04-17 07:05:25 | INFO     | crowdcount.trainer:352 - [Eval] density_mae=63.99  density_mse=106.51  best_density_mae=56.54
2026-04-17 07:05:42 | INFO     | crowdcount.engine:429 - Averaged stats: lr: 0.000091  loss_sum: 0.0300 (0.0361)  losses: 0.0065 (0.0069)  den_loss: 0.0235 (0.0292)  loss_ce: 0.0023 (0.0023)  loss_points: 0.0006 (0.0006)  loss_count: 0.0023 (0.0026)  loss_consistency: 0.0013 (0.0013)  loss_ce_unscaled: 0.0023 (0.0023)  loss_points_unscaled: 3.0859 (3.1060)  loss_count_unscaled: 2.2716 (2.5854)  loss_consistency_unscaled: 1.2765 (1.3207)  den_ssim: 0.0010 (0.0010)  moe_aux_total: 0.0000 (0.0000)  moe_aux_raw: 0.0000 (0.0000)  l_balance: 0.0000 (0.0000)  l_decorr: 0.0000 (0.0000)  moe_temperature: 0.1500 (0.1500)
2026-04-17 07:05:42 | INFO     | crowdcount.trainer:289 - [ep 704][lr 0.0000907][16.90s]
2026-04-17 07:05:58 | INFO     | crowdcount.trainer:348 - [Eval] mae=75.04  mse=119.38  time=13.5s  best_mae=63.29  best_mse=97.65
2026-04-17 07:05:58 | INFO     | crowdcount.trainer:352 - [Eval] density_mae=60.98  density_mse=104.31  best_density_mae=56.54
2026-04-17 07:06:15 | INFO     | crowdcount.engine:429 - Averaged stats: lr: 0.000091  loss_sum: 0.0220 (0.0335)  losses: 0.0061 (0.0068)  den_loss: 0.0162 (0.0267)  loss_ce: 0.0024 (0.0024)  loss_points: 0.0006 (0.0006)  loss_count: 0.0021 (0.0025)  loss_consistency: 0.0014 (0.0013)  loss_ce_unscaled: 0.0024 (0.0024)  loss_points_unscaled: 2.9368 (2.9944)  loss_count_unscaled: 2.0817 (2.4661)  loss_consistency_unscaled: 1.3779 (1.3029)  den_ssim: 0.0010 (0.0010)  moe_aux_total: 0.0000 (0.0000)  moe_aux_raw: 0.0000 (0.0000)  l_balance: 0.0000 (0.0000)  l_decorr: 0.0000 (0.0000)  moe_temperature: 0.1500 (0.1500)
2026-04-17 07:06:15 | INFO     | crowdcount.trainer:289 - [ep 705][lr 0.0000906][16.77s]
2026-04-17 07:06:30 | INFO     | crowdcount.trainer:348 - [Eval] mae=96.85  mse=138.24  time=13.1s  best_mae=63.29  best_mse=97.65
2026-04-17 07:06:30 | INFO     | crowdcount.trainer:352 - [Eval] density_mae=62.46  density_mse=109.36  best_density_mae=56.54
2026-04-17 07:06:46 | INFO     | crowdcount.engine:429 - Averaged stats: lr: 0.000091  loss_sum: 0.0235 (0.0330)  losses: 0.0062 (0.0066)  den_loss: 0.0185 (0.0264)  loss_ce: 0.0022 (0.0022)  loss_points: 0.0006 (0.0006)  loss_count: 0.0019 (0.0023)  loss_consistency: 0.0015 (0.0015)  loss_ce_unscaled: 0.0022 (0.0022)  loss_points_unscaled: 2.9887 (3.0114)  loss_count_unscaled: 1.9071 (2.2714)  loss_consistency_unscaled: 1.5032 (1.4845)  den_ssim: 0.0010 (0.0010)  moe_aux_total: 0.0000 (0.0000)  moe_aux_raw: 0.0000 (0.0000)  l_balance: 0.0000 (0.0000)  l_decorr: 0.0000 (0.0000)  moe_temperature: 0.1500 (0.1500)
2026-04-17 07:06:46 | INFO     | crowdcount.trainer:289 - [ep 706][lr 0.0000906][15.87s]
2026-04-17 07:07:01 | INFO     | crowdcount.trainer:348 - [Eval] mae=85.43  mse=124.31  time=13.2s  best_mae=63.29  best_mse=97.65
2026-04-17 07:07:01 | INFO     | crowdcount.trainer:352 - [Eval] density_mae=61.23  density_mse=104.09  best_density_mae=56.54
2026-04-17 07:07:18 | INFO     | crowdcount.engine:429 - Averaged stats: lr: 0.000091  loss_sum: 0.0330 (0.0402)  losses: 0.0065 (0.0069)  den_loss: 0.0265 (0.0333)  loss_ce: 0.0022 (0.0024)  loss_points: 0.0006 (0.0006)  loss_count: 0.0025 (0.0025)  loss_consistency: 0.0012 (0.0014)  loss_ce_unscaled: 0.0022 (0.0024)  loss_points_unscaled: 3.0710 (3.1262)  loss_count_unscaled: 2.4721 (2.4926)  loss_consistency_unscaled: 1.2182 (1.3571)  den_ssim: 0.0010 (0.0010)  moe_aux_total: 0.0000 (0.0000)  moe_aux_raw: 0.0000 (0.0000)  l_balance: 0.0000 (0.0000)  l_decorr: 0.0000 (0.0000)  moe_temperature: 0.1500 (0.1500)
2026-04-17 07:07:19 | INFO     | crowdcount.trainer:289 - [ep 707][lr 0.0000906][17.30s]
2026-04-17 07:07:34 | INFO     | crowdcount.trainer:348 - [Eval] mae=100.63  mse=141.92  time=13.6s  best_mae=63.29  best_mse=97.65
2026-04-17 07:07:34 | INFO     | crowdcount.trainer:352 - [Eval] density_mae=68.02  density_mse=108.41  best_density_mae=56.54
2026-04-17 07:07:52 | INFO     | crowdcount.engine:429 - Averaged stats: lr: 0.000091  loss_sum: 0.0230 (0.0488)  losses: 0.0062 (0.0076)  den_loss: 0.0172 (0.0411)  loss_ce: 0.0021 (0.0025)  loss_points: 0.0006 (0.0006)  loss_count: 0.0018 (0.0028)  loss_consistency: 0.0016 (0.0017)  loss_ce_unscaled: 0.0021 (0.0025)  loss_points_unscaled: 3.1126 (3.0463)  loss_count_unscaled: 1.7664 (2.7865)  loss_consistency_unscaled: 1.5930 (1.6746)  den_ssim: 0.0011 (0.0010)  moe_aux_total: 0.0000 (0.0000)  moe_aux_raw: 0.0000 (0.0000)  l_balance: 0.0000 (0.0000)  l_decorr: 0.0000 (0.0000)  moe_temperature: 0.1500 (0.1500)
2026-04-17 07:07:52 | INFO     | crowdcount.trainer:289 - [ep 708][lr 0.0000905][17.89s]
2026-04-17 07:08:07 | INFO     | crowdcount.trainer:348 - [Eval] mae=78.38  mse=125.02  time=12.9s  best_mae=63.29  best_mse=97.65
2026-04-17 07:08:07 | INFO     | crowdcount.trainer:352 - [Eval] density_mae=63.63  density_mse=108.20  best_density_mae=56.54
2026-04-17 07:08:24 | INFO     | crowdcount.engine:429 - Averaged stats: lr: 0.000091  loss_sum: 0.0325 (0.0351)  losses: 0.0067 (0.0066)  den_loss: 0.0249 (0.0285)  loss_ce: 0.0023 (0.0023)  loss_points: 0.0006 (0.0006)  loss_count: 0.0024 (0.0025)  loss_consistency: 0.0012 (0.0012)  loss_ce_unscaled: 0.0023 (0.0023)  loss_points_unscaled: 3.0804 (3.0578)  loss_count_unscaled: 2.3916 (2.4516)  loss_consistency_unscaled: 1.1534 (1.2449)  den_ssim: 0.0010 (0.0010)  moe_aux_total: 0.0000 (0.0000)  moe_aux_raw: 0.0000 (0.0000)  l_balance: 0.0000 (0.0000)  l_decorr: 0.0000 (0.0000)  moe_temperature: 0.1500 (0.1500)
2026-04-17 07:08:24 | INFO     | crowdcount.trainer:289 - [ep 709][lr 0.0000905][16.75s]
2026-04-17 07:08:39 | INFO     | crowdcount.trainer:348 - [Eval] mae=87.93  mse=127.75  time=13.2s  best_mae=63.29  best_mse=97.65
2026-04-17 07:08:39 | INFO     | crowdcount.trainer:352 - [Eval] density_mae=62.36  density_mse=103.10  best_density_mae=56.54
2026-04-17 07:08:56 | INFO     | crowdcount.engine:429 - Averaged stats: lr: 0.000090  loss_sum: 0.0306 (0.0385)  losses: 0.0065 (0.0070)  den_loss: 0.0255 (0.0315)  loss_ce: 0.0024 (0.0024)  loss_points: 0.0006 (0.0006)  loss_count: 0.0023 (0.0026)  loss_consistency: 0.0013 (0.0014)  loss_ce_unscaled: 0.0024 (0.0024)  loss_points_unscaled: 3.0180 (3.0721)  loss_count_unscaled: 2.3437 (2.6258)  loss_consistency_unscaled: 1.3021 (1.4312)  den_ssim: 0.0010 (0.0010)  moe_aux_total: 0.0000 (0.0000)  moe_aux_raw: 0.0000 (0.0000)  l_balance: 0.0000 (0.0000)  l_decorr: 0.0000 (0.0000)  moe_temperature: 0.1500 (0.1500)
2026-04-17 07:08:56 | INFO     | crowdcount.trainer:289 - [ep 710][lr 0.0000905][16.94s]
2026-04-17 07:09:10 | INFO     | crowdcount.trainer:348 - [Eval] mae=92.82  mse=132.15  time=12.6s  best_mae=63.29  best_mse=97.65
2026-04-17 07:09:10 | INFO     | crowdcount.trainer:352 - [Eval] density_mae=62.54  density_mse=105.19  best_density_mae=56.54
2026-04-17 07:09:27 | INFO     | crowdcount.engine:429 - Averaged stats: lr: 0.000090  loss_sum: 0.0282 (0.0333)  losses: 0.0066 (0.0068)  den_loss: 0.0215 (0.0265)  loss_ce: 0.0022 (0.0024)  loss_points: 0.0006 (0.0006)  loss_count: 0.0023 (0.0024)  loss_consistency: 0.0012 (0.0014)  loss_ce_unscaled: 0.0022 (0.0024)  loss_points_unscaled: 3.0142 (3.0514)  loss_count_unscaled: 2.3034 (2.3753)  loss_consistency_unscaled: 1.2389 (1.4186)  den_ssim: 0.0010 (0.0010)  moe_aux_total: 0.0000 (0.0000)  moe_aux_raw: 0.0000 (0.0000)  l_balance: 0.0000 (0.0000)  l_decorr: 0.0000 (0.0000)  moe_temperature: 0.1500 (0.1500)
2026-04-17 07:09:27 | INFO     | crowdcount.trainer:289 - [ep 711][lr 0.0000905][16.68s]
2026-04-17 07:09:42 | INFO     | crowdcount.trainer:348 - [Eval] mae=84.59  mse=126.70  time=12.7s  best_mae=63.29  best_mse=97.65
2026-04-17 07:09:42 | INFO     | crowdcount.trainer:352 - [Eval] density_mae=62.05  density_mse=106.38  best_density_mae=56.54
2026-04-17 07:09:58 | INFO     | crowdcount.engine:429 - Averaged stats: lr: 0.000090  loss_sum: 0.0282 (0.0331)  losses: 0.0065 (0.0065)  den_loss: 0.0216 (0.0266)  loss_ce: 0.0023 (0.0023)  loss_points: 0.0006 (0.0006)  loss_count: 0.0021 (0.0024)  loss_consistency: 0.0013 (0.0013)  loss_ce_unscaled: 0.0023 (0.0023)  loss_points_unscaled: 3.1550 (3.1005)  loss_count_unscaled: 2.1148 (2.3570)  loss_consistency_unscaled: 1.2606 (1.2549)  den_ssim: 0.0010 (0.0010)  moe_aux_total: 0.0000 (0.0000)  moe_aux_raw: 0.0000 (0.0000)  l_balance: 0.0000 (0.0000)  l_decorr: 0.0000 (0.0000)  moe_temperature: 0.1500 (0.1500)
2026-04-17 07:09:58 | INFO     | crowdcount.trainer:289 - [ep 712][lr 0.0000904][16.49s]
2026-04-17 07:10:13 | INFO     | crowdcount.trainer:348 - [Eval] mae=84.21  mse=124.36  time=12.9s  best_mae=63.29  best_mse=97.65
2026-04-17 07:10:13 | INFO     | crowdcount.trainer:352 - [Eval] density_mae=62.50  density_mse=105.66  best_density_mae=56.54
2026-04-17 07:10:30 | INFO     | crowdcount.engine:429 - Averaged stats: lr: 0.000090  loss_sum: 0.0284 (0.0364)  losses: 0.0065 (0.0070)  den_loss: 0.0218 (0.0294)  loss_ce: 0.0022 (0.0024)  loss_points: 0.0006 (0.0006)  loss_count: 0.0022 (0.0026)  loss_consistency: 0.0015 (0.0014)  loss_ce_unscaled: 0.0022 (0.0024)  loss_points_unscaled: 3.0441 (3.0358)  loss_count_unscaled: 2.2069 (2.5821)  loss_consistency_unscaled: 1.4714 (1.4198)  den_ssim: 0.0010 (0.0010)  moe_aux_total: 0.0000 (0.0000)  moe_aux_raw: 0.0000 (0.0000)  l_balance: 0.0000 (0.0000)  l_decorr: 0.0000 (0.0000)  moe_temperature: 0.1500 (0.1500)
2026-04-17 07:10:30 | INFO     | crowdcount.trainer:289 - [ep 713][lr 0.0000904][16.85s]
2026-04-17 07:10:44 | INFO     | crowdcount.trainer:348 - [Eval] mae=76.45  mse=118.75  time=13.0s  best_mae=63.29  best_mse=97.65
2026-04-17 07:10:44 | INFO     | crowdcount.trainer:352 - [Eval] density_mae=67.77  density_mse=117.20  best_density_mae=56.54
2026-04-17 07:11:02 | INFO     | crowdcount.engine:429 - Averaged stats: lr: 0.000090  loss_sum: 0.0335 (0.0389)  losses: 0.0072 (0.0073)  den_loss: 0.0264 (0.0316)  loss_ce: 0.0025 (0.0024)  loss_points: 0.0006 (0.0006)  loss_count: 0.0027 (0.0026)  loss_consistency: 0.0016 (0.0017)  loss_ce_unscaled: 0.0025 (0.0024)  loss_points_unscaled: 3.0532 (3.0249)  loss_count_unscaled: 2.6515 (2.5952)  loss_consistency_unscaled: 1.5812 (1.6524)  den_ssim: 0.0011 (0.0010)  moe_aux_total: 0.0000 (0.0000)  moe_aux_raw: 0.0000 (0.0000)  l_balance: 0.0000 (0.0000)  l_decorr: 0.0000 (0.0000)  moe_temperature: 0.1500 (0.1500)
2026-04-17 07:11:02 | INFO     | crowdcount.trainer:289 - [ep 714][lr 0.0000904][17.30s]
2026-04-17 07:11:17 | INFO     | crowdcount.trainer:348 - [Eval] mae=79.08  mse=118.29  time=13.0s  best_mae=63.29  best_mse=97.65
2026-04-17 07:11:17 | INFO     | crowdcount.trainer:352 - [Eval] density_mae=60.59  density_mse=101.70  best_density_mae=56.54
2026-04-17 07:11:33 | INFO     | crowdcount.engine:429 - Averaged stats: lr: 0.000090  loss_sum: 0.0292 (0.0364)  losses: 0.0064 (0.0068)  den_loss: 0.0212 (0.0295)  loss_ce: 0.0022 (0.0024)  loss_points: 0.0006 (0.0006)  loss_count: 0.0024 (0.0025)  loss_consistency: 0.0012 (0.0013)  loss_ce_unscaled: 0.0022 (0.0024)  loss_points_unscaled: 3.0181 (3.0313)  loss_count_unscaled: 2.3605 (2.4804)  loss_consistency_unscaled: 1.2328 (1.3251)  den_ssim: 0.0009 (0.0010)  moe_aux_total: 0.0000 (0.0000)  moe_aux_raw: 0.0000 (0.0000)  l_balance: 0.0000 (0.0000)  l_decorr: 0.0000 (0.0000)  moe_temperature: 0.1500 (0.1500)
2026-04-17 07:11:33 | INFO     | crowdcount.trainer:289 - [ep 715][lr 0.0000904][16.49s]
2026-04-17 07:11:48 | INFO     | crowdcount.trainer:348 - [Eval] mae=92.75  mse=134.74  time=13.1s  best_mae=63.29  best_mse=97.65
2026-04-17 07:11:48 | INFO     | crowdcount.trainer:352 - [Eval] density_mae=61.02  density_mse=103.32  best_density_mae=56.54
2026-04-17 07:12:05 | INFO     | crowdcount.engine:429 - Averaged stats: lr: 0.000090  loss_sum: 0.0238 (0.0391)  losses: 0.0058 (0.0070)  den_loss: 0.0180 (0.0321)  loss_ce: 0.0019 (0.0024)  loss_points: 0.0006 (0.0006)  loss_count: 0.0019 (0.0026)  loss_consistency: 0.0013 (0.0015)  loss_ce_unscaled: 0.0019 (0.0024)  loss_points_unscaled: 3.0056 (2.9962)  loss_count_unscaled: 1.9452 (2.5638)  loss_consistency_unscaled: 1.3208 (1.4797)  den_ssim: 0.0009 (0.0010)  moe_aux_total: 0.0000 (0.0000)  moe_aux_raw: 0.0000 (0.0000)  l_balance: 0.0000 (0.0000)  l_decorr: 0.0000 (0.0000)  moe_temperature: 0.1500 (0.1500)
2026-04-17 07:12:05 | INFO     | crowdcount.trainer:289 - [ep 716][lr 0.0000903][16.92s]
2026-04-17 07:12:20 | INFO     | crowdcount.trainer:348 - [Eval] mae=96.87  mse=143.38  time=13.1s  best_mae=63.29  best_mse=97.65
2026-04-17 07:12:20 | INFO     | crowdcount.trainer:352 - [Eval] density_mae=65.91  density_mse=109.84  best_density_mae=56.54
2026-04-17 07:12:37 | INFO     | crowdcount.engine:429 - Averaged stats: lr: 0.000090  loss_sum: 0.0297 (0.0410)  losses: 0.0061 (0.0071)  den_loss: 0.0232 (0.0338)  loss_ce: 0.0021 (0.0024)  loss_points: 0.0006 (0.0006)  loss_count: 0.0022 (0.0026)  loss_consistency: 0.0014 (0.0015)  loss_ce_unscaled: 0.0021 (0.0024)  loss_points_unscaled: 3.0051 (3.0540)  loss_count_unscaled: 2.2333 (2.6027)  loss_consistency_unscaled: 1.4132 (1.5215)  den_ssim: 0.0010 (0.0010)  moe_aux_total: 0.0000 (0.0000)  moe_aux_raw: 0.0000 (0.0000)  l_balance: 0.0000 (0.0000)  l_decorr: 0.0000 (0.0000)  moe_temperature: 0.1500 (0.1500)
2026-04-17 07:12:37 | INFO     | crowdcount.trainer:289 - [ep 717][lr 0.0000903][17.42s]
2026-04-17 07:12:52 | INFO     | crowdcount.trainer:348 - [Eval] mae=89.73  mse=134.87  time=13.0s  best_mae=63.29  best_mse=97.65
2026-04-17 07:12:52 | INFO     | crowdcount.trainer:352 - [Eval] density_mae=59.96  density_mse=101.95  best_density_mae=56.54
2026-04-17 07:13:09 | INFO     | crowdcount.engine:429 - Averaged stats: lr: 0.000090  loss_sum: 0.0307 (0.0332)  losses: 0.0064 (0.0068)  den_loss: 0.0235 (0.0265)  loss_ce: 0.0023 (0.0023)  loss_points: 0.0006 (0.0006)  loss_count: 0.0022 (0.0025)  loss_consistency: 0.0013 (0.0013)  loss_ce_unscaled: 0.0023 (0.0023)  loss_points_unscaled: 3.1035 (3.0482)  loss_count_unscaled: 2.2144 (2.4660)  loss_consistency_unscaled: 1.2696 (1.3486)  den_ssim: 0.0010 (0.0010)  moe_aux_total: 0.0000 (0.0000)  moe_aux_raw: 0.0000 (0.0000)  l_balance: 0.0000 (0.0000)  l_decorr: 0.0000 (0.0000)  moe_temperature: 0.1500 (0.1500)
2026-04-17 07:13:09 | INFO     | crowdcount.trainer:289 - [ep 718][lr 0.0000903][16.60s]
2026-04-17 07:13:23 | INFO     | crowdcount.trainer:348 - [Eval] mae=82.95  mse=121.63  time=12.6s  best_mae=63.29  best_mse=97.65
2026-04-17 07:13:23 | INFO     | crowdcount.trainer:352 - [Eval] density_mae=61.46  density_mse=102.15  best_density_mae=56.54
2026-04-17 07:13:40 | INFO     | crowdcount.engine:429 - Averaged stats: lr: 0.000090  loss_sum: 0.0251 (0.0329)  losses: 0.0064 (0.0066)  den_loss: 0.0192 (0.0264)  loss_ce: 0.0022 (0.0023)  loss_points: 0.0006 (0.0006)  loss_count: 0.0020 (0.0023)  loss_consistency: 0.0014 (0.0014)  loss_ce_unscaled: 0.0022 (0.0023)  loss_points_unscaled: 2.9656 (3.0565)  loss_count_unscaled: 1.9897 (2.2932)  loss_consistency_unscaled: 1.3799 (1.3906)  den_ssim: 0.0010 (0.0010)  moe_aux_total: 0.0000 (0.0000)  moe_aux_raw: 0.0000 (0.0000)  l_balance: 0.0000 (0.0000)  l_decorr: 0.0000 (0.0000)  moe_temperature: 0.1500 (0.1500)
2026-04-17 07:13:40 | INFO     | crowdcount.trainer:289 - [ep 719][lr 0.0000903][16.81s]
2026-04-17 07:13:55 | INFO     | crowdcount.trainer:348 - [Eval] mae=85.11  mse=125.89  time=12.8s  best_mae=63.29  best_mse=97.65
2026-04-17 07:13:55 | INFO     | crowdcount.trainer:352 - [Eval] density_mae=64.06  density_mse=105.57  best_density_mae=56.54
2026-04-17 07:14:12 | INFO     | crowdcount.engine:429 - Averaged stats: lr: 0.000090  loss_sum: 0.0290 (0.0325)  losses: 0.0064 (0.0066)  den_loss: 0.0237 (0.0259)  loss_ce: 0.0022 (0.0022)  loss_points: 0.0006 (0.0006)  loss_count: 0.0021 (0.0024)  loss_consistency: 0.0014 (0.0014)  loss_ce_unscaled: 0.0022 (0.0022)  loss_points_unscaled: 3.0382 (3.0767)  loss_count_unscaled: 2.0879 (2.3602)  loss_consistency_unscaled: 1.3963 (1.3559)  den_ssim: 0.0010 (0.0010)  moe_aux_total: 0.0000 (0.0000)  moe_aux_raw: 0.0000 (0.0000)  l_balance: 0.0000 (0.0000)  l_decorr: 0.0000 (0.0000)  moe_temperature: 0.1500 (0.1500)
2026-04-17 07:14:12 | INFO     | crowdcount.trainer:289 - [ep 720][lr 0.0000902][16.41s]
2026-04-17 07:14:27 | INFO     | crowdcount.trainer:348 - [Eval] mae=94.20  mse=137.41  time=13.3s  best_mae=63.29  best_mse=97.65
2026-04-17 07:14:27 | INFO     | crowdcount.trainer:352 - [Eval] density_mae=61.36  density_mse=106.62  best_density_mae=56.54
2026-04-17 07:14:44 | INFO     | crowdcount.engine:429 - Averaged stats: lr: 0.000090  loss_sum: 0.0242 (0.0393)  losses: 0.0063 (0.0070)  den_loss: 0.0179 (0.0323)  loss_ce: 0.0021 (0.0024)  loss_points: 0.0006 (0.0006)  loss_count: 0.0022 (0.0025)  loss_consistency: 0.0012 (0.0015)  loss_ce_unscaled: 0.0021 (0.0024)  loss_points_unscaled: 3.0944 (3.0520)  loss_count_unscaled: 2.2162 (2.5388)  loss_consistency_unscaled: 1.2301 (1.4543)  den_ssim: 0.0010 (0.0010)  moe_aux_total: 0.0000 (0.0000)  moe_aux_raw: 0.0000 (0.0000)  l_balance: 0.0000 (0.0000)  l_decorr: 0.0000 (0.0000)  moe_temperature: 0.1500 (0.1500)
2026-04-17 07:14:44 | INFO     | crowdcount.trainer:289 - [ep 721][lr 0.0000902][17.25s]
2026-04-17 07:14:59 | INFO     | crowdcount.trainer:348 - [Eval] mae=82.30  mse=125.61  time=13.3s  best_mae=63.29  best_mse=97.65
2026-04-17 07:14:59 | INFO     | crowdcount.trainer:352 - [Eval] density_mae=63.34  density_mse=109.76  best_density_mae=56.54
2026-04-17 07:15:17 | INFO     | crowdcount.engine:429 - Averaged stats: lr: 0.000090  loss_sum: 0.0350 (0.0407)  losses: 0.0067 (0.0073)  den_loss: 0.0274 (0.0335)  loss_ce: 0.0024 (0.0024)  loss_points: 0.0006 (0.0006)  loss_count: 0.0024 (0.0025)  loss_consistency: 0.0015 (0.0017)  loss_ce_unscaled: 0.0024 (0.0024)  loss_points_unscaled: 3.1080 (3.1131)  loss_count_unscaled: 2.4098 (2.5191)  loss_consistency_unscaled: 1.4758 (1.7328)  den_ssim: 0.0010 (0.0010)  moe_aux_total: 0.0000 (0.0000)  moe_aux_raw: 0.0000 (0.0000)  l_balance: 0.0000 (0.0000)  l_decorr: 0.0000 (0.0000)  moe_temperature: 0.1500 (0.1500)
2026-04-17 07:15:17 | INFO     | crowdcount.trainer:289 - [ep 722][lr 0.0000902][17.08s]
2026-04-17 07:15:32 | INFO     | crowdcount.trainer:348 - [Eval] mae=93.25  mse=134.91  time=13.3s  best_mae=63.29  best_mse=97.65
2026-04-17 07:15:32 | INFO     | crowdcount.trainer:352 - [Eval] density_mae=63.13  density_mse=112.49  best_density_mae=56.54
2026-04-17 07:15:49 | INFO     | crowdcount.engine:429 - Averaged stats: lr: 0.000090  loss_sum: 0.0224 (0.0415)  losses: 0.0060 (0.0073)  den_loss: 0.0168 (0.0342)  loss_ce: 0.0023 (0.0025)  loss_points: 0.0006 (0.0006)  loss_count: 0.0022 (0.0027)  loss_consistency: 0.0013 (0.0015)  loss_ce_unscaled: 0.0023 (0.0025)  loss_points_unscaled: 3.0532 (3.0258)  loss_count_unscaled: 2.1733 (2.7110)  loss_consistency_unscaled: 1.3150 (1.4544)  den_ssim: 0.0010 (0.0010)  moe_aux_total: 0.0000 (0.0000)  moe_aux_raw: 0.0000 (0.0000)  l_balance: 0.0000 (0.0000)  l_decorr: 0.0000 (0.0000)  moe_temperature: 0.1500 (0.1500)
2026-04-17 07:15:49 | INFO     | crowdcount.trainer:289 - [ep 723][lr 0.0000901][17.20s]
2026-04-17 07:16:04 | INFO     | crowdcount.trainer:348 - [Eval] mae=87.11  mse=126.02  time=13.3s  best_mae=63.29  best_mse=97.65
2026-04-17 07:16:04 | INFO     | crowdcount.trainer:352 - [Eval] density_mae=60.78  density_mse=105.33  best_density_mae=56.54
2026-04-17 07:16:21 | INFO     | crowdcount.engine:429 - Averaged stats: lr: 0.000090  loss_sum: 0.0237 (0.0311)  losses: 0.0061 (0.0065)  den_loss: 0.0171 (0.0246)  loss_ce: 0.0021 (0.0022)  loss_points: 0.0006 (0.0006)  loss_count: 0.0020 (0.0022)  loss_consistency: 0.0016 (0.0015)  loss_ce_unscaled: 0.0021 (0.0022)  loss_points_unscaled: 2.9569 (3.0381)  loss_count_unscaled: 2.0363 (2.2372)  loss_consistency_unscaled: 1.5862 (1.4941)  den_ssim: 0.0009 (0.0010)  moe_aux_total: 0.0000 (0.0000)  moe_aux_raw: 0.0000 (0.0000)  l_balance: 0.0000 (0.0000)  l_decorr: 0.0000 (0.0000)  moe_temperature: 0.1500 (0.1500)
2026-04-17 07:16:21 | INFO     | crowdcount.trainer:289 - [ep 724][lr 0.0000901][16.15s]
2026-04-17 07:16:35 | INFO     | crowdcount.trainer:348 - [Eval] mae=87.65  mse=124.81  time=13.1s  best_mae=63.29  best_mse=97.65
2026-04-17 07:16:35 | INFO     | crowdcount.trainer:352 - [Eval] density_mae=61.23  density_mse=101.80  best_density_mae=56.54
2026-04-17 07:16:53 | INFO     | crowdcount.engine:429 - Averaged stats: lr: 0.000090  loss_sum: 0.0269 (0.0439)  losses: 0.0061 (0.0072)  den_loss: 0.0211 (0.0367)  loss_ce: 0.0022 (0.0025)  loss_points: 0.0006 (0.0006)  loss_count: 0.0019 (0.0027)  loss_consistency: 0.0012 (0.0014)  loss_ce_unscaled: 0.0022 (0.0025)  loss_points_unscaled: 3.0593 (3.0786)  loss_count_unscaled: 1.9275 (2.7203)  loss_consistency_unscaled: 1.2185 (1.4208)  den_ssim: 0.0010 (0.0010)  moe_aux_total: 0.0000 (0.0000)  moe_aux_raw: 0.0000 (0.0000)  l_balance: 0.0000 (0.0000)  l_decorr: 0.0000 (0.0000)  moe_temperature: 0.1500 (0.1500)
2026-04-17 07:16:53 | INFO     | crowdcount.trainer:289 - [ep 725][lr 0.0000901][17.33s]
2026-04-17 07:17:08 | INFO     | crowdcount.trainer:348 - [Eval] mae=99.21  mse=141.63  time=13.3s  best_mae=63.29  best_mse=97.65
2026-04-17 07:17:08 | INFO     | crowdcount.trainer:352 - [Eval] density_mae=60.56  density_mse=99.62  best_density_mae=56.54
2026-04-17 07:17:25 | INFO     | crowdcount.engine:429 - Averaged stats: lr: 0.000090  loss_sum: 0.0236 (0.0371)  losses: 0.0059 (0.0071)  den_loss: 0.0174 (0.0300)  loss_ce: 0.0020 (0.0024)  loss_points: 0.0006 (0.0006)  loss_count: 0.0019 (0.0026)  loss_consistency: 0.0014 (0.0015)  loss_ce_unscaled: 0.0020 (0.0024)  loss_points_unscaled: 3.0616 (3.0784)  loss_count_unscaled: 1.9218 (2.6030)  loss_consistency_unscaled: 1.3558 (1.5358)  den_ssim: 0.0010 (0.0010)  moe_aux_total: 0.0000 (0.0000)  moe_aux_raw: 0.0000 (0.0000)  l_balance: 0.0000 (0.0000)  l_decorr: 0.0000 (0.0000)  moe_temperature: 0.1500 (0.1500)
2026-04-17 07:17:25 | INFO     | crowdcount.trainer:289 - [ep 726][lr 0.0000901][16.65s]
2026-04-17 07:17:40 | INFO     | crowdcount.trainer:348 - [Eval] mae=81.95  mse=122.69  time=13.5s  best_mae=63.29  best_mse=97.65
2026-04-17 07:17:40 | INFO     | crowdcount.trainer:352 - [Eval] density_mae=61.14  density_mse=102.35  best_density_mae=56.54
2026-04-17 07:17:58 | INFO     | crowdcount.engine:429 - Averaged stats: lr: 0.000090  loss_sum: 0.0343 (0.0396)  losses: 0.0064 (0.0069)  den_loss: 0.0273 (0.0327)  loss_ce: 0.0023 (0.0024)  loss_points: 0.0006 (0.0006)  loss_count: 0.0021 (0.0027)  loss_consistency: 0.0012 (0.0013)  loss_ce_unscaled: 0.0023 (0.0024)  loss_points_unscaled: 3.1111 (3.1146)  loss_count_unscaled: 2.1479 (2.6510)  loss_consistency_unscaled: 1.2236 (1.2533)  den_ssim: 0.0009 (0.0010)  moe_aux_total: 0.0000 (0.0000)  moe_aux_raw: 0.0000 (0.0000)  l_balance: 0.0000 (0.0000)  l_decorr: 0.0000 (0.0000)  moe_temperature: 0.1500 (0.1500)
2026-04-17 07:17:58 | INFO     | crowdcount.trainer:289 - [ep 727][lr 0.0000900][17.36s]
2026-04-17 07:18:13 | INFO     | crowdcount.trainer:348 - [Eval] mae=83.38  mse=119.44  time=13.5s  best_mae=63.29  best_mse=97.65
2026-04-17 07:18:13 | INFO     | crowdcount.trainer:352 - [Eval] density_mae=60.38  density_mse=101.53  best_density_mae=56.54
2026-04-17 07:18:31 | INFO     | crowdcount.engine:429 - Averaged stats: lr: 0.000090  loss_sum: 0.0300 (0.0418)  losses: 0.0063 (0.0069)  den_loss: 0.0246 (0.0349)  loss_ce: 0.0022 (0.0024)  loss_points: 0.0006 (0.0006)  loss_count: 0.0021 (0.0026)  loss_consistency: 0.0012 (0.0013)  loss_ce_unscaled: 0.0022 (0.0024)  loss_points_unscaled: 2.9973 (3.0358)  loss_count_unscaled: 2.1409 (2.5629)  loss_consistency_unscaled: 1.2034 (1.3180)  den_ssim: 0.0009 (0.0010)  moe_aux_total: 0.0000 (0.0000)  moe_aux_raw: 0.0000 (0.0000)  l_balance: 0.0000 (0.0000)  l_decorr: 0.0000 (0.0000)  moe_temperature: 0.1500 (0.1500)
2026-04-17 07:18:31 | INFO     | crowdcount.trainer:289 - [ep 728][lr 0.0000900][17.51s]
2026-04-17 07:18:47 | INFO     | crowdcount.trainer:348 - [Eval] mae=99.80  mse=141.95  time=13.2s  best_mae=63.29  best_mse=97.65
2026-04-17 07:18:47 | INFO     | crowdcount.trainer:352 - [Eval] density_mae=64.41  density_mse=110.74  best_density_mae=56.54
2026-04-17 07:19:04 | INFO     | crowdcount.engine:429 - Averaged stats: lr: 0.000090  loss_sum: 0.0272 (0.0356)  losses: 0.0063 (0.0067)  den_loss: 0.0215 (0.0289)  loss_ce: 0.0021 (0.0022)  loss_points: 0.0006 (0.0006)  loss_count: 0.0021 (0.0025)  loss_consistency: 0.0012 (0.0013)  loss_ce_unscaled: 0.0021 (0.0022)  loss_points_unscaled: 3.1462 (3.1139)  loss_count_unscaled: 2.0750 (2.4982)  loss_consistency_unscaled: 1.2184 (1.3396)  den_ssim: 0.0010 (0.0010)  moe_aux_total: 0.0000 (0.0000)  moe_aux_raw: 0.0000 (0.0000)  l_balance: 0.0000 (0.0000)  l_decorr: 0.0000 (0.0000)  moe_temperature: 0.1500 (0.1500)
2026-04-17 07:19:04 | INFO     | crowdcount.trainer:289 - [ep 729][lr 0.0000900][17.28s]
2026-04-17 07:19:19 | INFO     | crowdcount.trainer:348 - [Eval] mae=103.36  mse=145.09  time=13.1s  best_mae=63.29  best_mse=97.65
2026-04-17 07:19:19 | INFO     | crowdcount.trainer:352 - [Eval] density_mae=69.81  density_mse=112.15  best_density_mae=56.54
2026-04-17 07:19:37 | INFO     | crowdcount.engine:429 - Averaged stats: lr: 0.000090  loss_sum: 0.0347 (0.0390)  losses: 0.0071 (0.0071)  den_loss: 0.0274 (0.0320)  loss_ce: 0.0024 (0.0023)  loss_points: 0.0006 (0.0006)  loss_count: 0.0026 (0.0027)  loss_consistency: 0.0014 (0.0014)  loss_ce_unscaled: 0.0024 (0.0023)  loss_points_unscaled: 3.1173 (3.0441)  loss_count_unscaled: 2.6048 (2.7026)  loss_consistency_unscaled: 1.4300 (1.4103)  den_ssim: 0.0009 (0.0010)  moe_aux_total: 0.0000 (0.0000)  moe_aux_raw: 0.0000 (0.0000)  l_balance: 0.0000 (0.0000)  l_decorr: 0.0000 (0.0000)  moe_temperature: 0.1500 (0.1500)
2026-04-17 07:19:37 | INFO     | crowdcount.trainer:289 - [ep 730][lr 0.0000900][17.40s]
2026-04-17 07:19:52 | INFO     | crowdcount.trainer:348 - [Eval] mae=80.32  mse=124.11  time=13.4s  best_mae=63.29  best_mse=97.65
2026-04-17 07:19:52 | INFO     | crowdcount.trainer:352 - [Eval] density_mae=64.65  density_mse=110.93  best_density_mae=56.54
2026-04-17 07:20:10 | INFO     | crowdcount.engine:429 - Averaged stats: lr: 0.000090  loss_sum: 0.0265 (0.0370)  losses: 0.0059 (0.0065)  den_loss: 0.0206 (0.0305)  loss_ce: 0.0022 (0.0023)  loss_points: 0.0006 (0.0006)  loss_count: 0.0020 (0.0023)  loss_consistency: 0.0011 (0.0013)  loss_ce_unscaled: 0.0022 (0.0023)  loss_points_unscaled: 2.9562 (3.0533)  loss_count_unscaled: 2.0248 (2.2927)  loss_consistency_unscaled: 1.0960 (1.2873)  den_ssim: 0.0009 (0.0010)  moe_aux_total: 0.0000 (0.0000)  moe_aux_raw: 0.0000 (0.0000)  l_balance: 0.0000 (0.0000)  l_decorr: 0.0000 (0.0000)  moe_temperature: 0.1500 (0.1500)
2026-04-17 07:20:10 | INFO     | crowdcount.trainer:289 - [ep 731][lr 0.0000899][17.17s]
2026-04-17 07:20:25 | INFO     | crowdcount.trainer:348 - [Eval] mae=75.86  mse=118.22  time=13.6s  best_mae=63.29  best_mse=97.65
2026-04-17 07:20:25 | INFO     | crowdcount.trainer:352 - [Eval] density_mae=67.02  density_mse=119.55  best_density_mae=56.54
2026-04-17 07:20:42 | INFO     | crowdcount.engine:429 - Averaged stats: lr: 0.000090  loss_sum: 0.0285 (0.0356)  losses: 0.0065 (0.0068)  den_loss: 0.0218 (0.0288)  loss_ce: 0.0023 (0.0023)  loss_points: 0.0006 (0.0006)  loss_count: 0.0021 (0.0024)  loss_consistency: 0.0013 (0.0015)  loss_ce_unscaled: 0.0023 (0.0023)  loss_points_unscaled: 3.0907 (3.1202)  loss_count_unscaled: 2.0990 (2.4483)  loss_consistency_unscaled: 1.2786 (1.4796)  den_ssim: 0.0010 (0.0010)  moe_aux_total: 0.0000 (0.0000)  moe_aux_raw: 0.0000 (0.0000)  l_balance: 0.0000 (0.0000)  l_decorr: 0.0000 (0.0000)  moe_temperature: 0.1500 (0.1500)
2026-04-17 07:20:42 | INFO     | crowdcount.trainer:289 - [ep 732][lr 0.0000899][17.09s]
2026-04-17 07:20:58 | INFO     | crowdcount.trainer:348 - [Eval] mae=97.86  mse=142.38  time=13.3s  best_mae=63.29  best_mse=97.65
2026-04-17 07:20:58 | INFO     | crowdcount.trainer:352 - [Eval] density_mae=66.72  density_mse=112.02  best_density_mae=56.54
2026-04-17 07:21:15 | INFO     | crowdcount.engine:429 - Averaged stats: lr: 0.000090  loss_sum: 0.0368 (0.0371)  losses: 0.0064 (0.0068)  den_loss: 0.0295 (0.0303)  loss_ce: 0.0023 (0.0024)  loss_points: 0.0006 (0.0006)  loss_count: 0.0021 (0.0024)  loss_consistency: 0.0014 (0.0015)  loss_ce_unscaled: 0.0023 (0.0024)  loss_points_unscaled: 3.0257 (3.0221)  loss_count_unscaled: 2.1058 (2.3755)  loss_consistency_unscaled: 1.4370 (1.4591)  den_ssim: 0.0010 (0.0010)  moe_aux_total: 0.0000 (0.0000)  moe_aux_raw: 0.0000 (0.0000)  l_balance: 0.0000 (0.0000)  l_decorr: 0.0000 (0.0000)  moe_temperature: 0.1500 (0.1500)
2026-04-17 07:21:15 | INFO     | crowdcount.trainer:289 - [ep 733][lr 0.0000899][17.41s]
2026-04-17 07:21:31 | INFO     | crowdcount.trainer:348 - [Eval] mae=84.76  mse=126.77  time=13.3s  best_mae=63.29  best_mse=97.65
2026-04-17 07:21:31 | INFO     | crowdcount.trainer:352 - [Eval] density_mae=67.42  density_mse=113.61  best_density_mae=56.54
2026-04-17 07:21:49 | INFO     | crowdcount.engine:429 - Averaged stats: lr: 0.000090  loss_sum: 0.0344 (0.0358)  losses: 0.0067 (0.0071)  den_loss: 0.0253 (0.0286)  loss_ce: 0.0023 (0.0024)  loss_points: 0.0006 (0.0006)  loss_count: 0.0024 (0.0026)  loss_consistency: 0.0015 (0.0016)  loss_ce_unscaled: 0.0023 (0.0024)  loss_points_unscaled: 3.1133 (3.1478)  loss_count_unscaled: 2.3748 (2.5532)  loss_consistency_unscaled: 1.4626 (1.5717)  den_ssim: 0.0010 (0.0010)  moe_aux_total: 0.0000 (0.0000)  moe_aux_raw: 0.0000 (0.0000)  l_balance: 0.0000 (0.0000)  l_decorr: 0.0000 (0.0000)  moe_temperature: 0.1500 (0.1500)
2026-04-17 07:21:49 | INFO     | crowdcount.trainer:289 - [ep 734][lr 0.0000899][17.96s]
2026-04-17 07:22:04 | INFO     | crowdcount.trainer:348 - [Eval] mae=82.84  mse=125.03  time=13.5s  best_mae=63.29  best_mse=97.65
2026-04-17 07:22:04 | INFO     | crowdcount.trainer:352 - [Eval] density_mae=62.01  density_mse=106.96  best_density_mae=56.54
2026-04-17 07:22:22 | INFO     | crowdcount.engine:429 - Averaged stats: lr: 0.000090  loss_sum: 0.0331 (0.0379)  losses: 0.0065 (0.0068)  den_loss: 0.0269 (0.0310)  loss_ce: 0.0023 (0.0023)  loss_points: 0.0006 (0.0006)  loss_count: 0.0024 (0.0026)  loss_consistency: 0.0013 (0.0013)  loss_ce_unscaled: 0.0023 (0.0023)  loss_points_unscaled: 2.9337 (3.0434)  loss_count_unscaled: 2.4269 (2.5525)  loss_consistency_unscaled: 1.3058 (1.3455)  den_ssim: 0.0009 (0.0010)  moe_aux_total: 0.0000 (0.0000)  moe_aux_raw: 0.0000 (0.0000)  l_balance: 0.0000 (0.0000)  l_decorr: 0.0000 (0.0000)  moe_temperature: 0.1500 (0.1500)
2026-04-17 07:22:22 | INFO     | crowdcount.trainer:289 - [ep 735][lr 0.0000898][17.49s]
2026-04-17 07:22:37 | INFO     | crowdcount.trainer:348 - [Eval] mae=83.67  mse=123.71  time=13.3s  best_mae=63.29  best_mse=97.65
2026-04-17 07:22:37 | INFO     | crowdcount.trainer:352 - [Eval] density_mae=63.12  density_mse=111.06  best_density_mae=56.54
2026-04-17 07:22:54 | INFO     | crowdcount.engine:429 - Averaged stats: lr: 0.000090  loss_sum: 0.0343 (0.0351)  losses: 0.0065 (0.0065)  den_loss: 0.0268 (0.0285)  loss_ce: 0.0021 (0.0023)  loss_points: 0.0006 (0.0006)  loss_count: 0.0021 (0.0022)  loss_consistency: 0.0016 (0.0014)  loss_ce_unscaled: 0.0021 (0.0023)  loss_points_unscaled: 2.8741 (3.0215)  loss_count_unscaled: 2.1459 (2.2106)  loss_consistency_unscaled: 1.6135 (1.4029)  den_ssim: 0.0009 (0.0009)  moe_aux_total: 0.0000 (0.0000)  moe_aux_raw: 0.0000 (0.0000)  l_balance: 0.0000 (0.0000)  l_decorr: 0.0000 (0.0000)  moe_temperature: 0.1500 (0.1500)
2026-04-17 07:22:54 | INFO     | crowdcount.trainer:289 - [ep 736][lr 0.0000898][17.20s]
2026-04-17 07:23:11 | INFO     | crowdcount.trainer:348 - [Eval] mae=83.69  mse=125.66  time=14.1s  best_mae=63.29  best_mse=97.65
2026-04-17 07:23:11 | INFO     | crowdcount.trainer:352 - [Eval] density_mae=61.41  density_mse=106.98  best_density_mae=56.54
2026-04-17 07:23:28 | INFO     | crowdcount.engine:429 - Averaged stats: lr: 0.000090  loss_sum: 0.0325 (0.0378)  losses: 0.0059 (0.0065)  den_loss: 0.0240 (0.0313)  loss_ce: 0.0021 (0.0023)  loss_points: 0.0006 (0.0006)  loss_count: 0.0021 (0.0022)  loss_consistency: 0.0012 (0.0013)  loss_ce_unscaled: 0.0021 (0.0023)  loss_points_unscaled: 3.1177 (3.0957)  loss_count_unscaled: 2.1246 (2.2237)  loss_consistency_unscaled: 1.2398 (1.3017)  den_ssim: 0.0009 (0.0010)  moe_aux_total: 0.0000 (0.0000)  moe_aux_raw: 0.0000 (0.0000)  l_balance: 0.0000 (0.0000)  l_decorr: 0.0000 (0.0000)  moe_temperature: 0.1500 (0.1500)
2026-04-17 07:23:28 | INFO     | crowdcount.trainer:289 - [ep 737][lr 0.0000898][17.36s]
2026-04-17 07:23:44 | INFO     | crowdcount.trainer:348 - [Eval] mae=79.04  mse=121.43  time=13.5s  best_mae=63.29  best_mse=97.65
2026-04-17 07:23:44 | INFO     | crowdcount.trainer:352 - [Eval] density_mae=61.87  density_mse=107.30  best_density_mae=56.54
2026-04-17 07:24:01 | INFO     | crowdcount.engine:429 - Averaged stats: lr: 0.000090  loss_sum: 0.0279 (0.0384)  losses: 0.0065 (0.0071)  den_loss: 0.0218 (0.0313)  loss_ce: 0.0023 (0.0024)  loss_points: 0.0006 (0.0006)  loss_count: 0.0020 (0.0026)  loss_consistency: 0.0014 (0.0015)  loss_ce_unscaled: 0.0023 (0.0024)  loss_points_unscaled: 2.8858 (3.0240)  loss_count_unscaled: 2.0415 (2.6337)  loss_consistency_unscaled: 1.3601 (1.4673)  den_ssim: 0.0009 (0.0010)  moe_aux_total: 0.0000 (0.0000)  moe_aux_raw: 0.0000 (0.0000)  l_balance: 0.0000 (0.0000)  l_decorr: 0.0000 (0.0000)  moe_temperature: 0.1500 (0.1500)
2026-04-17 07:24:01 | INFO     | crowdcount.trainer:289 - [ep 738][lr 0.0000897][17.53s]
2026-04-17 07:24:17 | INFO     | crowdcount.trainer:348 - [Eval] mae=85.45  mse=123.87  time=13.3s  best_mae=63.29  best_mse=97.65
2026-04-17 07:24:17 | INFO     | crowdcount.trainer:352 - [Eval] density_mae=62.35  density_mse=109.76  best_density_mae=56.54
2026-04-17 07:24:35 | INFO     | crowdcount.engine:429 - Averaged stats: lr: 0.000090  loss_sum: 0.0309 (0.0418)  losses: 0.0066 (0.0072)  den_loss: 0.0250 (0.0345)  loss_ce: 0.0021 (0.0024)  loss_points: 0.0006 (0.0006)  loss_count: 0.0023 (0.0027)  loss_consistency: 0.0015 (0.0016)  loss_ce_unscaled: 0.0021 (0.0024)  loss_points_unscaled: 3.1518 (3.1529)  loss_count_unscaled: 2.2646 (2.6781)  loss_consistency_unscaled: 1.5494 (1.5750)  den_ssim: 0.0009 (0.0010)  moe_aux_total: 0.0000 (0.0000)  moe_aux_raw: 0.0000 (0.0000)  l_balance: 0.0000 (0.0000)  l_decorr: 0.0000 (0.0000)  moe_temperature: 0.1500 (0.1500)
2026-04-17 07:24:35 | INFO     | crowdcount.trainer:289 - [ep 739][lr 0.0000897][17.82s]
2026-04-17 07:24:50 | INFO     | crowdcount.trainer:348 - [Eval] mae=70.29  mse=113.70  time=13.2s  best_mae=63.29  best_mse=97.65
2026-04-17 07:24:50 | INFO     | crowdcount.trainer:352 - [Eval] density_mae=63.79  density_mse=111.73  best_density_mae=56.54
2026-04-17 07:25:07 | INFO     | crowdcount.engine:429 - Averaged stats: lr: 0.000090  loss_sum: 0.0193 (0.0380)  losses: 0.0063 (0.0069)  den_loss: 0.0128 (0.0311)  loss_ce: 0.0021 (0.0024)  loss_points: 0.0006 (0.0006)  loss_count: 0.0022 (0.0025)  loss_consistency: 0.0013 (0.0014)  loss_ce_unscaled: 0.0021 (0.0024)  loss_points_unscaled: 2.9731 (3.0885)  loss_count_unscaled: 2.2013 (2.4501)  loss_consistency_unscaled: 1.2522 (1.3896)  den_ssim: 0.0010 (0.0010)  moe_aux_total: 0.0000 (0.0000)  moe_aux_raw: 0.0000 (0.0000)  l_balance: 0.0000 (0.0000)  l_decorr: 0.0000 (0.0000)  moe_temperature: 0.1500 (0.1500)
2026-04-17 07:25:07 | INFO     | crowdcount.trainer:289 - [ep 740][lr 0.0000897][17.00s]
2026-04-17 07:25:22 | INFO     | crowdcount.trainer:348 - [Eval] mae=75.82  mse=116.27  time=13.2s  best_mae=63.29  best_mse=97.65
2026-04-17 07:25:22 | INFO     | crowdcount.trainer:352 - [Eval] density_mae=62.21  density_mse=106.73  best_density_mae=56.54
2026-04-17 07:25:39 | INFO     | crowdcount.engine:429 - Averaged stats: lr: 0.000090  loss_sum: 0.0369 (0.0332)  losses: 0.0072 (0.0067)  den_loss: 0.0293 (0.0264)  loss_ce: 0.0024 (0.0023)  loss_points: 0.0006 (0.0006)  loss_count: 0.0025 (0.0024)  loss_consistency: 0.0013 (0.0014)  loss_ce_unscaled: 0.0024 (0.0023)  loss_points_unscaled: 2.9920 (2.9966)  loss_count_unscaled: 2.4861 (2.4453)  loss_consistency_unscaled: 1.3428 (1.3862)  den_ssim: 0.0011 (0.0010)  moe_aux_total: 0.0000 (0.0000)  moe_aux_raw: 0.0000 (0.0000)  l_balance: 0.0000 (0.0000)  l_decorr: 0.0000 (0.0000)  moe_temperature: 0.1500 (0.1500)
2026-04-17 07:25:39 | INFO     | crowdcount.trainer:289 - [ep 741][lr 0.0000897][16.92s]
2026-04-17 07:25:55 | INFO     | crowdcount.trainer:348 - [Eval] mae=83.48  mse=127.53  time=13.4s  best_mae=63.29  best_mse=97.65
2026-04-17 07:25:55 | INFO     | crowdcount.trainer:352 - [Eval] density_mae=68.96  density_mse=123.45  best_density_mae=56.54
2026-04-17 07:26:12 | INFO     | crowdcount.engine:429 - Averaged stats: lr: 0.000090  loss_sum: 0.0317 (0.0361)  losses: 0.0065 (0.0073)  den_loss: 0.0233 (0.0287)  loss_ce: 0.0021 (0.0024)  loss_points: 0.0006 (0.0006)  loss_count: 0.0023 (0.0026)  loss_consistency: 0.0014 (0.0016)  loss_ce_unscaled: 0.0021 (0.0024)  loss_points_unscaled: 3.0742 (3.0175)  loss_count_unscaled: 2.3317 (2.6413)  loss_consistency_unscaled: 1.4237 (1.6457)  den_ssim: 0.0009 (0.0010)  moe_aux_total: 0.0000 (0.0000)  moe_aux_raw: 0.0000 (0.0000)  l_balance: 0.0000 (0.0000)  l_decorr: 0.0000 (0.0000)  moe_temperature: 0.1500 (0.1500)
2026-04-17 07:26:12 | INFO     | crowdcount.trainer:289 - [ep 742][lr 0.0000896][16.78s]
2026-04-17 07:26:27 | INFO     | crowdcount.trainer:348 - [Eval] mae=80.20  mse=123.99  time=13.4s  best_mae=63.29  best_mse=97.65
2026-04-17 07:26:27 | INFO     | crowdcount.trainer:352 - [Eval] density_mae=63.13  density_mse=109.49  best_density_mae=56.54
2026-04-17 07:26:44 | INFO     | crowdcount.engine:429 - Averaged stats: lr: 0.000090  loss_sum: 0.0349 (0.0401)  losses: 0.0063 (0.0070)  den_loss: 0.0277 (0.0331)  loss_ce: 0.0023 (0.0023)  loss_points: 0.0006 (0.0006)  loss_count: 0.0023 (0.0025)  loss_consistency: 0.0012 (0.0015)  loss_ce_unscaled: 0.0023 (0.0023)  loss_points_unscaled: 3.0878 (3.0646)  loss_count_unscaled: 2.3078 (2.5486)  loss_consistency_unscaled: 1.1838 (1.5004)  den_ssim: 0.0010 (0.0010)  moe_aux_total: 0.0000 (0.0000)  moe_aux_raw: 0.0000 (0.0000)  l_balance: 0.0000 (0.0000)  l_decorr: 0.0000 (0.0000)  moe_temperature: 0.1500 (0.1500)
2026-04-17 07:26:44 | INFO     | crowdcount.trainer:289 - [ep 743][lr 0.0000896][17.47s]
2026-04-17 07:27:00 | INFO     | crowdcount.trainer:348 - [Eval] mae=99.63  mse=143.09  time=12.9s  best_mae=63.29  best_mse=97.65
2026-04-17 07:27:00 | INFO     | crowdcount.trainer:352 - [Eval] density_mae=61.99  density_mse=107.49  best_density_mae=56.54
2026-04-17 07:27:16 | INFO     | crowdcount.engine:429 - Averaged stats: lr: 0.000090  loss_sum: 0.0262 (0.0378)  losses: 0.0069 (0.0072)  den_loss: 0.0187 (0.0306)  loss_ce: 0.0022 (0.0024)  loss_points: 0.0006 (0.0006)  loss_count: 0.0023 (0.0027)  loss_consistency: 0.0018 (0.0016)  loss_ce_unscaled: 0.0022 (0.0024)  loss_points_unscaled: 3.1883 (3.0974)  loss_count_unscaled: 2.3481 (2.6819)  loss_consistency_unscaled: 1.7564 (1.5561)  den_ssim: 0.0009 (0.0010)  moe_aux_total: 0.0000 (0.0000)  moe_aux_raw: 0.0000 (0.0000)  l_balance: 0.0000 (0.0000)  l_decorr: 0.0000 (0.0000)  moe_temperature: 0.1500 (0.1500)
2026-04-17 07:27:16 | INFO     | crowdcount.trainer:289 - [ep 744][lr 0.0000896][16.73s]
2026-04-17 07:27:31 | INFO     | crowdcount.trainer:348 - [Eval] mae=70.17  mse=112.64  time=13.2s  best_mae=63.29  best_mse=97.65
2026-04-17 07:27:31 | INFO     | crowdcount.trainer:352 - [Eval] density_mae=62.96  density_mse=109.63  best_density_mae=56.54
2026-04-17 07:27:48 | INFO     | crowdcount.engine:429 - Averaged stats: lr: 0.000090  loss_sum: 0.0293 (0.0333)  losses: 0.0061 (0.0069)  den_loss: 0.0241 (0.0263)  loss_ce: 0.0022 (0.0022)  loss_points: 0.0006 (0.0006)  loss_count: 0.0020 (0.0024)  loss_consistency: 0.0013 (0.0017)  loss_ce_unscaled: 0.0022 (0.0022)  loss_points_unscaled: 3.1141 (3.1084)  loss_count_unscaled: 2.0097 (2.4092)  loss_consistency_unscaled: 1.3150 (1.6615)  den_ssim: 0.0009 (0.0010)  moe_aux_total: 0.0000 (0.0000)  moe_aux_raw: 0.0000 (0.0000)  l_balance: 0.0000 (0.0000)  l_decorr: 0.0000 (0.0000)  moe_temperature: 0.1500 (0.1500)
2026-04-17 07:27:48 | INFO     | crowdcount.trainer:289 - [ep 745][lr 0.0000896][16.72s]
2026-04-17 07:28:03 | INFO     | crowdcount.trainer:348 - [Eval] mae=91.30  mse=134.91  time=13.5s  best_mae=63.29  best_mse=97.65
2026-04-17 07:28:03 | INFO     | crowdcount.trainer:352 - [Eval] density_mae=63.21  density_mse=112.46  best_density_mae=56.54
2026-04-17 07:28:21 | INFO     | crowdcount.engine:429 - Averaged stats: lr: 0.000090  loss_sum: 0.0308 (0.0396)  losses: 0.0067 (0.0070)  den_loss: 0.0233 (0.0325)  loss_ce: 0.0024 (0.0024)  loss_points: 0.0006 (0.0006)  loss_count: 0.0024 (0.0025)  loss_consistency: 0.0015 (0.0015)  loss_ce_unscaled: 0.0024 (0.0024)  loss_points_unscaled: 2.9972 (3.0530)  loss_count_unscaled: 2.3855 (2.5423)  loss_consistency_unscaled: 1.4631 (1.4678)  den_ssim: 0.0011 (0.0010)  moe_aux_total: 0.0000 (0.0000)  moe_aux_raw: 0.0000 (0.0000)  l_balance: 0.0000 (0.0000)  l_decorr: 0.0000 (0.0000)  moe_temperature: 0.1500 (0.1500)
2026-04-17 07:28:21 | INFO     | crowdcount.trainer:289 - [ep 746][lr 0.0000895][17.60s]
2026-04-17 07:28:36 | INFO     | crowdcount.trainer:348 - [Eval] mae=88.70  mse=133.08  time=13.2s  best_mae=63.29  best_mse=97.65
2026-04-17 07:28:36 | INFO     | crowdcount.trainer:352 - [Eval] density_mae=62.80  density_mse=108.46  best_density_mae=56.54
2026-04-17 07:28:54 | INFO     | crowdcount.engine:429 - Averaged stats: lr: 0.000090  loss_sum: 0.0292 (0.0370)  losses: 0.0069 (0.0072)  den_loss: 0.0217 (0.0298)  loss_ce: 0.0024 (0.0024)  loss_points: 0.0006 (0.0006)  loss_count: 0.0023 (0.0026)  loss_consistency: 0.0015 (0.0016)  loss_ce_unscaled: 0.0024 (0.0024)  loss_points_unscaled: 3.0849 (3.0501)  loss_count_unscaled: 2.2825 (2.6063)  loss_consistency_unscaled: 1.4934 (1.5555)  den_ssim: 0.0010 (0.0010)  moe_aux_total: 0.0000 (0.0000)  moe_aux_raw: 0.0000 (0.0000)  l_balance: 0.0000 (0.0000)  l_decorr: 0.0000 (0.0000)  moe_temperature: 0.1500 (0.1500)
2026-04-17 07:28:54 | INFO     | crowdcount.trainer:289 - [ep 747][lr 0.0000895][17.56s]
2026-04-17 07:29:09 | INFO     | crowdcount.trainer:348 - [Eval] mae=82.08  mse=123.93  time=13.1s  best_mae=63.29  best_mse=97.65
2026-04-17 07:29:09 | INFO     | crowdcount.trainer:352 - [Eval] density_mae=63.78  density_mse=110.95  best_density_mae=56.54
2026-04-17 07:29:27 | INFO     | crowdcount.engine:429 - Averaged stats: lr: 0.000089  loss_sum: 0.0251 (0.0375)  losses: 0.0068 (0.0070)  den_loss: 0.0196 (0.0305)  loss_ce: 0.0025 (0.0024)  loss_points: 0.0006 (0.0006)  loss_count: 0.0025 (0.0026)  loss_consistency: 0.0013 (0.0014)  loss_ce_unscaled: 0.0025 (0.0024)  loss_points_unscaled: 2.9607 (3.0062)  loss_count_unscaled: 2.4613 (2.5814)  loss_consistency_unscaled: 1.3201 (1.3795)  den_ssim: 0.0010 (0.0010)  moe_aux_total: 0.0000 (0.0000)  moe_aux_raw: 0.0000 (0.0000)  l_balance: 0.0000 (0.0000)  l_decorr: 0.0000 (0.0000)  moe_temperature: 0.1500 (0.1500)
2026-04-17 07:29:27 | INFO     | crowdcount.trainer:289 - [ep 748][lr 0.0000895][17.70s]
2026-04-17 07:29:42 | INFO     | crowdcount.trainer:348 - [Eval] mae=86.93  mse=131.58  time=13.2s  best_mae=63.29  best_mse=97.65
2026-04-17 07:29:42 | INFO     | crowdcount.trainer:352 - [Eval] density_mae=62.22  density_mse=111.84  best_density_mae=56.54
2026-04-17 07:29:59 | INFO     | crowdcount.engine:429 - Averaged stats: lr: 0.000089  loss_sum: 0.0317 (0.0366)  losses: 0.0064 (0.0068)  den_loss: 0.0244 (0.0299)  loss_ce: 0.0021 (0.0023)  loss_points: 0.0006 (0.0006)  loss_count: 0.0022 (0.0024)  loss_consistency: 0.0014 (0.0014)  loss_ce_unscaled: 0.0021 (0.0023)  loss_points_unscaled: 3.1491 (3.0745)  loss_count_unscaled: 2.1828 (2.4191)  loss_consistency_unscaled: 1.4305 (1.4224)  den_ssim: 0.0010 (0.0010)  moe_aux_total: 0.0000 (0.0000)  moe_aux_raw: 0.0000 (0.0000)  l_balance: 0.0000 (0.0000)  l_decorr: 0.0000 (0.0000)  moe_temperature: 0.1500 (0.1500)
2026-04-17 07:29:59 | INFO     | crowdcount.trainer:289 - [ep 749][lr 0.0000894][17.29s]
2026-04-17 07:30:14 | INFO     | crowdcount.trainer:348 - [Eval] mae=93.23  mse=138.00  time=13.0s  best_mae=63.29  best_mse=97.65
2026-04-17 07:30:14 | INFO     | crowdcount.trainer:352 - [Eval] density_mae=61.59  density_mse=103.31  best_density_mae=56.54
2026-04-17 07:30:31 | INFO     | crowdcount.engine:429 - Averaged stats: lr: 0.000089  loss_sum: 0.0317 (0.0382)  losses: 0.0067 (0.0066)  den_loss: 0.0255 (0.0316)  loss_ce: 0.0024 (0.0023)  loss_points: 0.0006 (0.0006)  loss_count: 0.0024 (0.0024)  loss_consistency: 0.0012 (0.0013)  loss_ce_unscaled: 0.0024 (0.0023)  loss_points_unscaled: 3.1226 (3.1438)  loss_count_unscaled: 2.4224 (2.4121)  loss_consistency_unscaled: 1.2067 (1.3302)  den_ssim: 0.0010 (0.0010)  moe_aux_total: 0.0000 (0.0000)  moe_aux_raw: 0.0000 (0.0000)  l_balance: 0.0000 (0.0000)  l_decorr: 0.0000 (0.0000)  moe_temperature: 0.1500 (0.1500)
2026-04-17 07:30:31 | INFO     | crowdcount.trainer:289 - [ep 750][lr 0.0000894][17.04s]
2026-04-17 07:30:46 | INFO     | crowdcount.trainer:348 - [Eval] mae=82.93  mse=121.66  time=13.3s  best_mae=63.29  best_mse=97.65
2026-04-17 07:30:46 | INFO     | crowdcount.trainer:352 - [Eval] density_mae=62.61  density_mse=105.69  best_density_mae=56.54
2026-04-17 07:31:04 | INFO     | crowdcount.engine:429 - Averaged stats: lr: 0.000089  loss_sum: 0.0285 (0.0386)  losses: 0.0067 (0.0070)  den_loss: 0.0209 (0.0316)  loss_ce: 0.0022 (0.0023)  loss_points: 0.0006 (0.0006)  loss_count: 0.0020 (0.0024)  loss_consistency: 0.0016 (0.0017)  loss_ce_unscaled: 0.0022 (0.0023)  loss_points_unscaled: 2.9351 (3.0806)  loss_count_unscaled: 2.0247 (2.4337)  loss_consistency_unscaled: 1.5585 (1.6911)  den_ssim: 0.0009 (0.0009)  moe_aux_total: 0.0000 (0.0000)  moe_aux_raw: 0.0000 (0.0000)  l_balance: 0.0000 (0.0000)  l_decorr: 0.0000 (0.0000)  moe_temperature: 0.1500 (0.1500)
2026-04-17 07:31:04 | INFO     | crowdcount.trainer:289 - [ep 751][lr 0.0000894][17.45s]
2026-04-17 07:31:19 | INFO     | crowdcount.trainer:348 - [Eval] mae=82.10  mse=128.37  time=13.3s  best_mae=63.29  best_mse=97.65
2026-04-17 07:31:19 | INFO     | crowdcount.trainer:352 - [Eval] density_mae=62.01  density_mse=110.33  best_density_mae=56.54
2026-04-17 07:31:36 | INFO     | crowdcount.engine:429 - Averaged stats: lr: 0.000089  loss_sum: 0.0266 (0.0346)  losses: 0.0060 (0.0067)  den_loss: 0.0206 (0.0279)  loss_ce: 0.0023 (0.0023)  loss_points: 0.0006 (0.0006)  loss_count: 0.0020 (0.0024)  loss_consistency: 0.0012 (0.0014)  loss_ce_unscaled: 0.0023 (0.0023)  loss_points_unscaled: 2.9814 (3.0311)  loss_count_unscaled: 2.0475 (2.4071)  loss_consistency_unscaled: 1.1552 (1.3610)  den_ssim: 0.0010 (0.0010)  moe_aux_total: 0.0000 (0.0000)  moe_aux_raw: 0.0000 (0.0000)  l_balance: 0.0000 (0.0000)  l_decorr: 0.0000 (0.0000)  moe_temperature: 0.1500 (0.1500)
2026-04-17 07:31:36 | INFO     | crowdcount.trainer:289 - [ep 752][lr 0.0000894][16.88s]
2026-04-17 07:31:51 | INFO     | crowdcount.trainer:348 - [Eval] mae=79.45  mse=121.64  time=13.2s  best_mae=63.29  best_mse=97.65
2026-04-17 07:31:51 | INFO     | crowdcount.trainer:352 - [Eval] density_mae=64.71  density_mse=110.74  best_density_mae=56.54
2026-04-17 07:32:08 | INFO     | crowdcount.engine:429 - Averaged stats: lr: 0.000089  loss_sum: 0.0301 (0.0334)  losses: 0.0065 (0.0066)  den_loss: 0.0227 (0.0268)  loss_ce: 0.0023 (0.0023)  loss_points: 0.0006 (0.0006)  loss_count: 0.0022 (0.0023)  loss_consistency: 0.0015 (0.0014)  loss_ce_unscaled: 0.0023 (0.0023)  loss_points_unscaled: 2.9566 (3.0583)  loss_count_unscaled: 2.1886 (2.3045)  loss_consistency_unscaled: 1.4545 (1.3815)  den_ssim: 0.0009 (0.0010)  moe_aux_total: 0.0000 (0.0000)  moe_aux_raw: 0.0000 (0.0000)  l_balance: 0.0000 (0.0000)  l_decorr: 0.0000 (0.0000)  moe_temperature: 0.1500 (0.1500)
2026-04-17 07:32:08 | INFO     | crowdcount.trainer:289 - [ep 753][lr 0.0000893][16.69s]
2026-04-17 07:32:23 | INFO     | crowdcount.trainer:348 - [Eval] mae=90.79  mse=137.76  time=13.5s  best_mae=63.29  best_mse=97.65
2026-04-17 07:32:23 | INFO     | crowdcount.trainer:352 - [Eval] density_mae=64.26  density_mse=118.05  best_density_mae=56.54
2026-04-17 07:32:40 | INFO     | crowdcount.engine:429 - Averaged stats: lr: 0.000089  loss_sum: 0.0300 (0.0336)  losses: 0.0064 (0.0066)  den_loss: 0.0240 (0.0271)  loss_ce: 0.0020 (0.0023)  loss_points: 0.0006 (0.0006)  loss_count: 0.0025 (0.0024)  loss_consistency: 0.0012 (0.0013)  loss_ce_unscaled: 0.0020 (0.0023)  loss_points_unscaled: 3.1112 (3.0256)  loss_count_unscaled: 2.4734 (2.3643)  loss_consistency_unscaled: 1.2402 (1.3268)  den_ssim: 0.0009 (0.0010)  moe_aux_total: 0.0000 (0.0000)  moe_aux_raw: 0.0000 (0.0000)  l_balance: 0.0000 (0.0000)  l_decorr: 0.0000 (0.0000)  moe_temperature: 0.1500 (0.1500)
2026-04-17 07:32:40 | INFO     | crowdcount.trainer:289 - [ep 754][lr 0.0000893][17.08s]
2026-04-17 07:32:55 | INFO     | crowdcount.trainer:348 - [Eval] mae=87.92  mse=129.19  time=13.2s  best_mae=63.29  best_mse=97.65
2026-04-17 07:32:55 | INFO     | crowdcount.trainer:352 - [Eval] density_mae=61.97  density_mse=109.59  best_density_mae=56.54
2026-04-17 07:33:12 | INFO     | crowdcount.engine:429 - Averaged stats: lr: 0.000089  loss_sum: 0.0264 (0.0367)  losses: 0.0062 (0.0069)  den_loss: 0.0203 (0.0298)  loss_ce: 0.0021 (0.0023)  loss_points: 0.0006 (0.0006)  loss_count: 0.0019 (0.0024)  loss_consistency: 0.0014 (0.0016)  loss_ce_unscaled: 0.0021 (0.0023)  loss_points_unscaled: 3.1306 (3.0444)  loss_count_unscaled: 1.9463 (2.3641)  loss_consistency_unscaled: 1.4030 (1.5715)  den_ssim: 0.0009 (0.0009)  moe_aux_total: 0.0000 (0.0000)  moe_aux_raw: 0.0000 (0.0000)  l_balance: 0.0000 (0.0000)  l_decorr: 0.0000 (0.0000)  moe_temperature: 0.1500 (0.1500)
2026-04-17 07:33:12 | INFO     | crowdcount.trainer:289 - [ep 755][lr 0.0000893][16.98s]
2026-04-17 07:33:27 | INFO     | crowdcount.trainer:348 - [Eval] mae=85.81  mse=132.92  time=12.9s  best_mae=63.29  best_mse=97.65
2026-04-17 07:33:27 | INFO     | crowdcount.trainer:352 - [Eval] density_mae=63.08  density_mse=109.30  best_density_mae=56.54
2026-04-17 07:33:44 | INFO     | crowdcount.engine:429 - Averaged stats: lr: 0.000089  loss_sum: 0.0235 (0.0361)  losses: 0.0058 (0.0067)  den_loss: 0.0179 (0.0294)  loss_ce: 0.0021 (0.0023)  loss_points: 0.0006 (0.0006)  loss_count: 0.0022 (0.0024)  loss_consistency: 0.0012 (0.0014)  loss_ce_unscaled: 0.0021 (0.0023)  loss_points_unscaled: 3.0622 (3.0418)  loss_count_unscaled: 2.2133 (2.3528)  loss_consistency_unscaled: 1.1884 (1.4144)  den_ssim: 0.0009 (0.0010)  moe_aux_total: 0.0000 (0.0000)  moe_aux_raw: 0.0000 (0.0000)  l_balance: 0.0000 (0.0000)  l_decorr: 0.0000 (0.0000)  moe_temperature: 0.1500 (0.1500)
2026-04-17 07:33:44 | INFO     | crowdcount.trainer:289 - [ep 756][lr 0.0000893][17.14s]
2026-04-17 07:33:59 | INFO     | crowdcount.trainer:348 - [Eval] mae=77.53  mse=118.63  time=13.2s  best_mae=63.29  best_mse=97.65
2026-04-17 07:33:59 | INFO     | crowdcount.trainer:352 - [Eval] density_mae=66.02  density_mse=115.54  best_density_mae=56.54
2026-04-17 07:34:17 | INFO     | crowdcount.engine:429 - Averaged stats: lr: 0.000089  loss_sum: 0.0286 (0.0380)  losses: 0.0065 (0.0067)  den_loss: 0.0217 (0.0313)  loss_ce: 0.0024 (0.0024)  loss_points: 0.0006 (0.0006)  loss_count: 0.0021 (0.0024)  loss_consistency: 0.0013 (0.0013)  loss_ce_unscaled: 0.0024 (0.0024)  loss_points_unscaled: 3.0438 (3.0403)  loss_count_unscaled: 2.1166 (2.4128)  loss_consistency_unscaled: 1.2861 (1.2871)  den_ssim: 0.0010 (0.0010)  moe_aux_total: 0.0000 (0.0000)  moe_aux_raw: 0.0000 (0.0000)  l_balance: 0.0000 (0.0000)  l_decorr: 0.0000 (0.0000)  moe_temperature: 0.1500 (0.1500)
2026-04-17 07:34:17 | INFO     | crowdcount.trainer:289 - [ep 757][lr 0.0000892][17.64s]
2026-04-17 07:34:32 | INFO     | crowdcount.trainer:348 - [Eval] mae=88.20  mse=128.61  time=13.0s  best_mae=63.29  best_mse=97.65
2026-04-17 07:34:32 | INFO     | crowdcount.trainer:352 - [Eval] density_mae=65.25  density_mse=112.55  best_density_mae=56.54
2026-04-17 07:34:49 | INFO     | crowdcount.engine:429 - Averaged stats: lr: 0.000089  loss_sum: 0.0218 (0.0331)  losses: 0.0057 (0.0064)  den_loss: 0.0161 (0.0266)  loss_ce: 0.0020 (0.0022)  loss_points: 0.0006 (0.0006)  loss_count: 0.0019 (0.0023)  loss_consistency: 0.0012 (0.0013)  loss_ce_unscaled: 0.0020 (0.0022)  loss_points_unscaled: 3.0650 (2.9975)  loss_count_unscaled: 1.8868 (2.2528)  loss_consistency_unscaled: 1.1898 (1.3116)  den_ssim: 0.0009 (0.0010)  moe_aux_total: 0.0000 (0.0000)  moe_aux_raw: 0.0000 (0.0000)  l_balance: 0.0000 (0.0000)  l_decorr: 0.0000 (0.0000)  moe_temperature: 0.1500 (0.1500)
2026-04-17 07:34:49 | INFO     | crowdcount.trainer:289 - [ep 758][lr 0.0000892][17.11s]
2026-04-17 07:35:04 | INFO     | crowdcount.trainer:348 - [Eval] mae=74.71  mse=117.18  time=13.3s  best_mae=63.29  best_mse=97.65
2026-04-17 07:35:04 | INFO     | crowdcount.trainer:352 - [Eval] density_mae=64.97  density_mse=111.74  best_density_mae=56.54
2026-04-17 07:35:21 | INFO     | crowdcount.engine:429 - Averaged stats: lr: 0.000089  loss_sum: 0.0304 (0.0355)  losses: 0.0064 (0.0066)  den_loss: 0.0249 (0.0290)  loss_ce: 0.0023 (0.0024)  loss_points: 0.0006 (0.0006)  loss_count: 0.0022 (0.0023)  loss_consistency: 0.0012 (0.0012)  loss_ce_unscaled: 0.0023 (0.0024)  loss_points_unscaled: 2.9783 (3.0241)  loss_count_unscaled: 2.2367 (2.2986)  loss_consistency_unscaled: 1.2007 (1.2360)  den_ssim: 0.0010 (0.0010)  moe_aux_total: 0.0000 (0.0000)  moe_aux_raw: 0.0000 (0.0000)  l_balance: 0.0000 (0.0000)  l_decorr: 0.0000 (0.0000)  moe_temperature: 0.1500 (0.1500)
2026-04-17 07:35:21 | INFO     | crowdcount.trainer:289 - [ep 759][lr 0.0000892][17.06s]
2026-04-17 07:35:37 | INFO     | crowdcount.trainer:348 - [Eval] mae=87.52  mse=127.66  time=13.2s  best_mae=63.29  best_mse=97.65
2026-04-17 07:35:37 | INFO     | crowdcount.trainer:352 - [Eval] density_mae=61.88  density_mse=104.86  best_density_mae=56.54
2026-04-17 07:35:54 | INFO     | crowdcount.engine:429 - Averaged stats: lr: 0.000089  loss_sum: 0.0236 (0.0350)  losses: 0.0061 (0.0065)  den_loss: 0.0179 (0.0285)  loss_ce: 0.0023 (0.0023)  loss_points: 0.0006 (0.0006)  loss_count: 0.0020 (0.0023)  loss_consistency: 0.0012 (0.0013)  loss_ce_unscaled: 0.0023 (0.0023)  loss_points_unscaled: 3.1047 (3.0038)  loss_count_unscaled: 2.0129 (2.3238)  loss_consistency_unscaled: 1.1943 (1.2532)  den_ssim: 0.0010 (0.0010)  moe_aux_total: 0.0000 (0.0000)  moe_aux_raw: 0.0000 (0.0000)  l_balance: 0.0000 (0.0000)  l_decorr: 0.0000 (0.0000)  moe_temperature: 0.1500 (0.1500)
2026-04-17 07:35:54 | INFO     | crowdcount.trainer:289 - [ep 760][lr 0.0000891][17.67s]
2026-04-17 07:36:09 | INFO     | crowdcount.trainer:348 - [Eval] mae=98.24  mse=142.42  time=13.1s  best_mae=63.29  best_mse=97.65
2026-04-17 07:36:09 | INFO     | crowdcount.trainer:352 - [Eval] density_mae=62.20  density_mse=106.47  best_density_mae=56.54
2026-04-17 07:36:26 | INFO     | crowdcount.engine:429 - Averaged stats: lr: 0.000089  loss_sum: 0.0365 (0.0350)  losses: 0.0074 (0.0068)  den_loss: 0.0291 (0.0281)  loss_ce: 0.0024 (0.0023)  loss_points: 0.0006 (0.0006)  loss_count: 0.0027 (0.0024)  loss_consistency: 0.0014 (0.0015)  loss_ce_unscaled: 0.0024 (0.0023)  loss_points_unscaled: 3.1304 (3.0241)  loss_count_unscaled: 2.6672 (2.3814)  loss_consistency_unscaled: 1.4068 (1.5193)  den_ssim: 0.0010 (0.0010)  moe_aux_total: 0.0000 (0.0000)  moe_aux_raw: 0.0000 (0.0000)  l_balance: 0.0000 (0.0000)  l_decorr: 0.0000 (0.0000)  moe_temperature: 0.1500 (0.1500)
2026-04-17 07:36:26 | INFO     | crowdcount.trainer:289 - [ep 761][lr 0.0000891][17.05s]
2026-04-17 07:36:42 | INFO     | crowdcount.trainer:348 - [Eval] mae=84.29  mse=124.41  time=13.4s  best_mae=63.29  best_mse=97.65
2026-04-17 07:36:42 | INFO     | crowdcount.trainer:352 - [Eval] density_mae=62.68  density_mse=106.98  best_density_mae=56.54
2026-04-17 07:36:58 | INFO     | crowdcount.engine:429 - Averaged stats: lr: 0.000089  loss_sum: 0.0252 (0.0373)  losses: 0.0068 (0.0072)  den_loss: 0.0186 (0.0301)  loss_ce: 0.0024 (0.0023)  loss_points: 0.0006 (0.0006)  loss_count: 0.0024 (0.0026)  loss_consistency: 0.0014 (0.0017)  loss_ce_unscaled: 0.0024 (0.0023)  loss_points_unscaled: 3.0928 (3.0977)  loss_count_unscaled: 2.4286 (2.5537)  loss_consistency_unscaled: 1.4210 (1.6881)  den_ssim: 0.0011 (0.0010)  moe_aux_total: 0.0000 (0.0000)  moe_aux_raw: 0.0000 (0.0000)  l_balance: 0.0000 (0.0000)  l_decorr: 0.0000 (0.0000)  moe_temperature: 0.1500 (0.1500)
2026-04-17 07:36:58 | INFO     | crowdcount.trainer:289 - [ep 762][lr 0.0000891][16.95s]
2026-04-17 07:37:13 | INFO     | crowdcount.trainer:348 - [Eval] mae=84.77  mse=126.39  time=13.1s  best_mae=63.29  best_mse=97.65
2026-04-17 07:37:13 | INFO     | crowdcount.trainer:352 - [Eval] density_mae=62.36  density_mse=110.12  best_density_mae=56.54
2026-04-17 07:37:31 | INFO     | crowdcount.engine:429 - Averaged stats: lr: 0.000089  loss_sum: 0.0329 (0.0385)  losses: 0.0066 (0.0070)  den_loss: 0.0267 (0.0315)  loss_ce: 0.0022 (0.0024)  loss_points: 0.0006 (0.0006)  loss_count: 0.0020 (0.0025)  loss_consistency: 0.0015 (0.0015)  loss_ce_unscaled: 0.0022 (0.0024)  loss_points_unscaled: 3.0918 (3.0482)  loss_count_unscaled: 1.9910 (2.5024)  loss_consistency_unscaled: 1.4893 (1.5142)  den_ssim: 0.0009 (0.0010)  moe_aux_total: 0.0000 (0.0000)  moe_aux_raw: 0.0000 (0.0000)  l_balance: 0.0000 (0.0000)  l_decorr: 0.0000 (0.0000)  moe_temperature: 0.1500 (0.1500)
2026-04-17 07:37:31 | INFO     | crowdcount.trainer:289 - [ep 763][lr 0.0000891][17.83s]
2026-04-17 07:37:47 | INFO     | crowdcount.trainer:348 - [Eval] mae=100.27  mse=146.41  time=13.5s  best_mae=63.29  best_mse=97.65
2026-04-17 07:37:47 | INFO     | crowdcount.trainer:352 - [Eval] density_mae=71.25  density_mse=116.34  best_density_mae=56.54
2026-04-17 07:38:04 | INFO     | crowdcount.engine:429 - Averaged stats: lr: 0.000089  loss_sum: 0.0337 (0.0412)  losses: 0.0065 (0.0070)  den_loss: 0.0271 (0.0342)  loss_ce: 0.0021 (0.0024)  loss_points: 0.0006 (0.0006)  loss_count: 0.0025 (0.0027)  loss_consistency: 0.0013 (0.0014)  loss_ce_unscaled: 0.0021 (0.0024)  loss_points_unscaled: 2.9318 (3.0031)  loss_count_unscaled: 2.4540 (2.6731)  loss_consistency_unscaled: 1.2625 (1.3946)  den_ssim: 0.0009 (0.0010)  moe_aux_total: 0.0000 (0.0000)  moe_aux_raw: 0.0000 (0.0000)  l_balance: 0.0000 (0.0000)  l_decorr: 0.0000 (0.0000)  moe_temperature: 0.1500 (0.1500)
2026-04-17 07:38:04 | INFO     | crowdcount.trainer:289 - [ep 764][lr 0.0000890][17.63s]
2026-04-17 07:38:19 | INFO     | crowdcount.trainer:348 - [Eval] mae=90.33  mse=135.76  time=12.9s  best_mae=63.29  best_mse=97.65
2026-04-17 07:38:19 | INFO     | crowdcount.trainer:352 - [Eval] density_mae=63.84  density_mse=113.97  best_density_mae=56.54
2026-04-17 07:38:37 | INFO     | crowdcount.engine:429 - Averaged stats: lr: 0.000089  loss_sum: 0.0287 (0.0388)  losses: 0.0065 (0.0067)  den_loss: 0.0223 (0.0321)  loss_ce: 0.0022 (0.0023)  loss_points: 0.0006 (0.0006)  loss_count: 0.0022 (0.0024)  loss_consistency: 0.0013 (0.0015)  loss_ce_unscaled: 0.0022 (0.0023)  loss_points_unscaled: 3.0939 (3.1316)  loss_count_unscaled: 2.1775 (2.3607)  loss_consistency_unscaled: 1.3298 (1.4545)  den_ssim: 0.0009 (0.0010)  moe_aux_total: 0.0000 (0.0000)  moe_aux_raw: 0.0000 (0.0000)  l_balance: 0.0000 (0.0000)  l_decorr: 0.0000 (0.0000)  moe_temperature: 0.1500 (0.1500)
2026-04-17 07:38:37 | INFO     | crowdcount.trainer:289 - [ep 765][lr 0.0000890][17.42s]
2026-04-17 07:38:52 | INFO     | crowdcount.trainer:348 - [Eval] mae=91.43  mse=130.48  time=13.0s  best_mae=63.29  best_mse=97.65
2026-04-17 07:38:52 | INFO     | crowdcount.trainer:352 - [Eval] density_mae=63.18  density_mse=106.37  best_density_mae=56.54
2026-04-17 07:39:09 | INFO     | crowdcount.engine:429 - Averaged stats: lr: 0.000089  loss_sum: 0.0249 (0.0348)  losses: 0.0070 (0.0068)  den_loss: 0.0190 (0.0280)  loss_ce: 0.0023 (0.0024)  loss_points: 0.0006 (0.0006)  loss_count: 0.0023 (0.0024)  loss_consistency: 0.0013 (0.0014)  loss_ce_unscaled: 0.0023 (0.0024)  loss_points_unscaled: 3.0113 (3.0318)  loss_count_unscaled: 2.2557 (2.4116)  loss_consistency_unscaled: 1.3068 (1.4294)  den_ssim: 0.0010 (0.0010)  moe_aux_total: 0.0000 (0.0000)  moe_aux_raw: 0.0000 (0.0000)  l_balance: 0.0000 (0.0000)  l_decorr: 0.0000 (0.0000)  moe_temperature: 0.1500 (0.1500)
2026-04-17 07:39:09 | INFO     | crowdcount.trainer:289 - [ep 766][lr 0.0000890][16.93s]
2026-04-17 07:39:24 | INFO     | crowdcount.trainer:348 - [Eval] mae=96.21  mse=140.90  time=13.3s  best_mae=63.29  best_mse=97.65
2026-04-17 07:39:24 | INFO     | crowdcount.trainer:352 - [Eval] density_mae=62.46  density_mse=107.14  best_density_mae=56.54
2026-04-17 07:39:42 | INFO     | crowdcount.engine:429 - Averaged stats: lr: 0.000089  loss_sum: 0.0353 (0.0378)  losses: 0.0076 (0.0070)  den_loss: 0.0284 (0.0309)  loss_ce: 0.0022 (0.0023)  loss_points: 0.0006 (0.0006)  loss_count: 0.0026 (0.0026)  loss_consistency: 0.0015 (0.0015)  loss_ce_unscaled: 0.0022 (0.0023)  loss_points_unscaled: 2.9990 (3.1102)  loss_count_unscaled: 2.5768 (2.5847)  loss_consistency_unscaled: 1.5473 (1.5237)  den_ssim: 0.0010 (0.0010)  moe_aux_total: 0.0000 (0.0000)  moe_aux_raw: 0.0000 (0.0000)  l_balance: 0.0000 (0.0000)  l_decorr: 0.0000 (0.0000)  moe_temperature: 0.1500 (0.1500)
2026-04-17 07:39:42 | INFO     | crowdcount.trainer:289 - [ep 767][lr 0.0000889][17.71s]
2026-04-17 07:39:57 | INFO     | crowdcount.trainer:348 - [Eval] mae=80.94  mse=125.53  time=13.3s  best_mae=63.29  best_mse=97.65
2026-04-17 07:39:57 | INFO     | crowdcount.trainer:352 - [Eval] density_mae=61.43  density_mse=108.33  best_density_mae=56.54
2026-04-17 07:40:14 | INFO     | crowdcount.engine:429 - Averaged stats: lr: 0.000089  loss_sum: 0.0295 (0.0335)  losses: 0.0063 (0.0064)  den_loss: 0.0232 (0.0271)  loss_ce: 0.0023 (0.0022)  loss_points: 0.0006 (0.0006)  loss_count: 0.0022 (0.0021)  loss_consistency: 0.0013 (0.0015)  loss_ce_unscaled: 0.0023 (0.0022)  loss_points_unscaled: 3.0656 (3.0780)  loss_count_unscaled: 2.2148 (2.0759)  loss_consistency_unscaled: 1.3262 (1.4826)  den_ssim: 0.0010 (0.0009)  moe_aux_total: 0.0000 (0.0000)  moe_aux_raw: 0.0000 (0.0000)  l_balance: 0.0000 (0.0000)  l_decorr: 0.0000 (0.0000)  moe_temperature: 0.1500 (0.1500)
2026-04-17 07:40:14 | INFO     | crowdcount.trainer:289 - [ep 768][lr 0.0000889][17.35s]
2026-04-17 07:40:29 | INFO     | crowdcount.trainer:348 - [Eval] mae=94.32  mse=141.91  time=12.9s  best_mae=63.29  best_mse=97.65
2026-04-17 07:40:29 | INFO     | crowdcount.trainer:352 - [Eval] density_mae=63.27  density_mse=109.01  best_density_mae=56.54
2026-04-17 07:40:46 | INFO     | crowdcount.engine:429 - Averaged stats: lr: 0.000089  loss_sum: 0.0342 (0.0363)  losses: 0.0065 (0.0066)  den_loss: 0.0277 (0.0297)  loss_ce: 0.0022 (0.0022)  loss_points: 0.0006 (0.0006)  loss_count: 0.0021 (0.0023)  loss_consistency: 0.0014 (0.0014)  loss_ce_unscaled: 0.0022 (0.0022)  loss_points_unscaled: 2.9701 (3.0404)  loss_count_unscaled: 2.0652 (2.3114)  loss_consistency_unscaled: 1.4431 (1.4363)  den_ssim: 0.0009 (0.0009)  moe_aux_total: 0.0000 (0.0000)  moe_aux_raw: 0.0000 (0.0000)  l_balance: 0.0000 (0.0000)  l_decorr: 0.0000 (0.0000)  moe_temperature: 0.1500 (0.1500)
2026-04-17 07:40:46 | INFO     | crowdcount.trainer:289 - [ep 769][lr 0.0000889][16.67s]
2026-04-17 07:41:01 | INFO     | crowdcount.trainer:348 - [Eval] mae=92.66  mse=134.60  time=12.5s  best_mae=63.29  best_mse=97.65
2026-04-17 07:41:01 | INFO     | crowdcount.trainer:352 - [Eval] density_mae=61.61  density_mse=106.20  best_density_mae=56.54
2026-04-17 07:41:17 | INFO     | crowdcount.engine:429 - Averaged stats: lr: 0.000089  loss_sum: 0.0292 (0.0338)  losses: 0.0062 (0.0069)  den_loss: 0.0230 (0.0270)  loss_ce: 0.0022 (0.0024)  loss_points: 0.0006 (0.0006)  loss_count: 0.0024 (0.0024)  loss_consistency: 0.0011 (0.0015)  loss_ce_unscaled: 0.0022 (0.0024)  loss_points_unscaled: 3.0458 (3.0186)  loss_count_unscaled: 2.3970 (2.4207)  loss_consistency_unscaled: 1.1052 (1.4738)  den_ssim: 0.0009 (0.0010)  moe_aux_total: 0.0000 (0.0000)  moe_aux_raw: 0.0000 (0.0000)  l_balance: 0.0000 (0.0000)  l_decorr: 0.0000 (0.0000)  moe_temperature: 0.1500 (0.1500)
2026-04-17 07:41:17 | INFO     | crowdcount.trainer:289 - [ep 770][lr 0.0000889][16.41s]
2026-04-17 07:41:33 | INFO     | crowdcount.trainer:348 - [Eval] mae=80.89  mse=118.29  time=13.6s  best_mae=63.29  best_mse=97.65
2026-04-17 07:41:33 | INFO     | crowdcount.trainer:352 - [Eval] density_mae=61.51  density_mse=104.75  best_density_mae=56.54
2026-04-17 07:41:49 | INFO     | crowdcount.engine:429 - Averaged stats: lr: 0.000089  loss_sum: 0.0229 (0.0321)  losses: 0.0063 (0.0065)  den_loss: 0.0172 (0.0256)  loss_ce: 0.0021 (0.0023)  loss_points: 0.0006 (0.0006)  loss_count: 0.0021 (0.0024)  loss_consistency: 0.0012 (0.0013)  loss_ce_unscaled: 0.0021 (0.0023)  loss_points_unscaled: 2.9787 (3.0127)  loss_count_unscaled: 2.1277 (2.4123)  loss_consistency_unscaled: 1.2086 (1.2556)  den_ssim: 0.0009 (0.0010)  moe_aux_total: 0.0000 (0.0000)  moe_aux_raw: 0.0000 (0.0000)  l_balance: 0.0000 (0.0000)  l_decorr: 0.0000 (0.0000)  moe_temperature: 0.1500 (0.1500)
2026-04-17 07:41:49 | INFO     | crowdcount.trainer:289 - [ep 771][lr 0.0000888][16.78s]
2026-04-17 07:42:04 | INFO     | crowdcount.trainer:348 - [Eval] mae=79.26  mse=116.19  time=13.0s  best_mae=63.29  best_mse=97.65
2026-04-17 07:42:04 | INFO     | crowdcount.trainer:352 - [Eval] density_mae=61.70  density_mse=102.99  best_density_mae=56.54
2026-04-17 07:42:22 | INFO     | crowdcount.engine:429 - Averaged stats: lr: 0.000089  loss_sum: 0.0285 (0.0365)  losses: 0.0060 (0.0067)  den_loss: 0.0230 (0.0298)  loss_ce: 0.0021 (0.0023)  loss_points: 0.0006 (0.0006)  loss_count: 0.0019 (0.0025)  loss_consistency: 0.0013 (0.0013)  loss_ce_unscaled: 0.0021 (0.0023)  loss_points_unscaled: 3.0991 (3.0443)  loss_count_unscaled: 1.8763 (2.4558)  loss_consistency_unscaled: 1.2527 (1.3459)  den_ssim: 0.0009 (0.0010)  moe_aux_total: 0.0000 (0.0000)  moe_aux_raw: 0.0000 (0.0000)  l_balance: 0.0000 (0.0000)  l_decorr: 0.0000 (0.0000)  moe_temperature: 0.1500 (0.1500)
2026-04-17 07:42:22 | INFO     | crowdcount.trainer:289 - [ep 772][lr 0.0000888][17.27s]
2026-04-17 07:42:37 | INFO     | crowdcount.trainer:348 - [Eval] mae=86.86  mse=125.28  time=13.3s  best_mae=63.29  best_mse=97.65
2026-04-17 07:42:37 | INFO     | crowdcount.trainer:352 - [Eval] density_mae=61.53  density_mse=101.63  best_density_mae=56.54
2026-04-17 07:42:54 | INFO     | crowdcount.engine:429 - Averaged stats: lr: 0.000089  loss_sum: 0.0276 (0.0354)  losses: 0.0066 (0.0069)  den_loss: 0.0209 (0.0285)  loss_ce: 0.0022 (0.0024)  loss_points: 0.0006 (0.0006)  loss_count: 0.0023 (0.0025)  loss_consistency: 0.0014 (0.0014)  loss_ce_unscaled: 0.0022 (0.0024)  loss_points_unscaled: 2.9989 (3.0316)  loss_count_unscaled: 2.2857 (2.5321)  loss_consistency_unscaled: 1.3554 (1.3566)  den_ssim: 0.0010 (0.0010)  moe_aux_total: 0.0000 (0.0000)  moe_aux_raw: 0.0000 (0.0000)  l_balance: 0.0000 (0.0000)  l_decorr: 0.0000 (0.0000)  moe_temperature: 0.1500 (0.1500)
2026-04-17 07:42:54 | INFO     | crowdcount.trainer:289 - [ep 773][lr 0.0000888][17.25s]
2026-04-17 07:43:09 | INFO     | crowdcount.trainer:348 - [Eval] mae=86.07  mse=127.48  time=13.2s  best_mae=63.29  best_mse=97.65
2026-04-17 07:43:09 | INFO     | crowdcount.trainer:352 - [Eval] density_mae=62.21  density_mse=105.08  best_density_mae=56.54
2026-04-17 07:43:26 | INFO     | crowdcount.engine:429 - Averaged stats: lr: 0.000089  loss_sum: 0.0259 (0.0342)  losses: 0.0064 (0.0068)  den_loss: 0.0199 (0.0273)  loss_ce: 0.0021 (0.0024)  loss_points: 0.0006 (0.0006)  loss_count: 0.0021 (0.0025)  loss_consistency: 0.0015 (0.0014)  loss_ce_unscaled: 0.0021 (0.0024)  loss_points_unscaled: 2.8217 (3.0149)  loss_count_unscaled: 2.1247 (2.4515)  loss_consistency_unscaled: 1.4571 (1.4085)  den_ssim: 0.0010 (0.0010)  moe_aux_total: 0.0000 (0.0000)  moe_aux_raw: 0.0000 (0.0000)  l_balance: 0.0000 (0.0000)  l_decorr: 0.0000 (0.0000)  moe_temperature: 0.1500 (0.1500)
2026-04-17 07:43:26 | INFO     | crowdcount.trainer:289 - [ep 774][lr 0.0000887][16.91s]
2026-04-17 07:43:42 | INFO     | crowdcount.trainer:348 - [Eval] mae=75.63  mse=116.08  time=13.4s  best_mae=63.29  best_mse=97.65
2026-04-17 07:43:42 | INFO     | crowdcount.trainer:352 - [Eval] density_mae=61.15  density_mse=105.87  best_density_mae=56.54
2026-04-17 07:43:59 | INFO     | crowdcount.engine:429 - Averaged stats: lr: 0.000089  loss_sum: 0.0255 (0.0340)  losses: 0.0058 (0.0067)  den_loss: 0.0201 (0.0273)  loss_ce: 0.0021 (0.0023)  loss_points: 0.0006 (0.0006)  loss_count: 0.0020 (0.0023)  loss_consistency: 0.0013 (0.0015)  loss_ce_unscaled: 0.0021 (0.0023)  loss_points_unscaled: 3.1290 (3.0827)  loss_count_unscaled: 1.9729 (2.3360)  loss_consistency_unscaled: 1.2700 (1.4683)  den_ssim: 0.0009 (0.0010)  moe_aux_total: 0.0000 (0.0000)  moe_aux_raw: 0.0000 (0.0000)  l_balance: 0.0000 (0.0000)  l_decorr: 0.0000 (0.0000)  moe_temperature: 0.1500 (0.1500)
2026-04-17 07:43:59 | INFO     | crowdcount.trainer:289 - [ep 775][lr 0.0000887][17.32s]
2026-04-17 07:44:14 | INFO     | crowdcount.trainer:348 - [Eval] mae=88.37  mse=133.19  time=12.7s  best_mae=63.29  best_mse=97.65
2026-04-17 07:44:14 | INFO     | crowdcount.trainer:352 - [Eval] density_mae=61.01  density_mse=103.67  best_density_mae=56.54
2026-04-17 07:44:30 | INFO     | crowdcount.engine:429 - Averaged stats: lr: 0.000089  loss_sum: 0.0234 (0.0335)  losses: 0.0055 (0.0064)  den_loss: 0.0174 (0.0271)  loss_ce: 0.0019 (0.0023)  loss_points: 0.0006 (0.0006)  loss_count: 0.0020 (0.0023)  loss_consistency: 0.0011 (0.0012)  loss_ce_unscaled: 0.0019 (0.0023)  loss_points_unscaled: 3.0802 (3.0482)  loss_count_unscaled: 1.9632 (2.2963)  loss_consistency_unscaled: 1.1137 (1.2196)  den_ssim: 0.0009 (0.0010)  moe_aux_total: 0.0000 (0.0000)  moe_aux_raw: 0.0000 (0.0000)  l_balance: 0.0000 (0.0000)  l_decorr: 0.0000 (0.0000)  moe_temperature: 0.1500 (0.1500)
2026-04-17 07:44:30 | INFO     | crowdcount.trainer:289 - [ep 776][lr 0.0000887][16.36s]
2026-04-17 07:44:45 | INFO     | crowdcount.trainer:348 - [Eval] mae=85.10  mse=127.91  time=13.0s  best_mae=63.29  best_mse=97.65
2026-04-17 07:44:45 | INFO     | crowdcount.trainer:352 - [Eval] density_mae=63.31  density_mse=113.70  best_density_mae=56.54
2026-04-17 07:45:02 | INFO     | crowdcount.engine:429 - Averaged stats: lr: 0.000089  loss_sum: 0.0238 (0.0366)  losses: 0.0062 (0.0066)  den_loss: 0.0178 (0.0300)  loss_ce: 0.0023 (0.0023)  loss_points: 0.0006 (0.0006)  loss_count: 0.0021 (0.0025)  loss_consistency: 0.0011 (0.0013)  loss_ce_unscaled: 0.0023 (0.0023)  loss_points_unscaled: 3.0529 (2.9863)  loss_count_unscaled: 2.0830 (2.4615)  loss_consistency_unscaled: 1.1273 (1.2545)  den_ssim: 0.0009 (0.0010)  moe_aux_total: 0.0000 (0.0000)  moe_aux_raw: 0.0000 (0.0000)  l_balance: 0.0000 (0.0000)  l_decorr: 0.0000 (0.0000)  moe_temperature: 0.1500 (0.1500)
2026-04-17 07:45:02 | INFO     | crowdcount.trainer:289 - [ep 777][lr 0.0000887][16.81s]
2026-04-17 07:45:16 | INFO     | crowdcount.trainer:348 - [Eval] mae=75.89  mse=118.98  time=13.2s  best_mae=63.29  best_mse=97.65
2026-04-17 07:45:16 | INFO     | crowdcount.trainer:352 - [Eval] density_mae=66.25  density_mse=115.60  best_density_mae=56.54
2026-04-17 07:45:33 | INFO     | crowdcount.engine:429 - Averaged stats: lr: 0.000089  loss_sum: 0.0330 (0.0337)  losses: 0.0064 (0.0066)  den_loss: 0.0282 (0.0271)  loss_ce: 0.0023 (0.0023)  loss_points: 0.0006 (0.0006)  loss_count: 0.0023 (0.0024)  loss_consistency: 0.0012 (0.0013)  loss_ce_unscaled: 0.0023 (0.0023)  loss_points_unscaled: 3.0748 (3.0653)  loss_count_unscaled: 2.2594 (2.3983)  loss_consistency_unscaled: 1.2176 (1.3229)  den_ssim: 0.0010 (0.0010)  moe_aux_total: 0.0000 (0.0000)  moe_aux_raw: 0.0000 (0.0000)  l_balance: 0.0000 (0.0000)  l_decorr: 0.0000 (0.0000)  moe_temperature: 0.1500 (0.1500)
2026-04-17 07:45:33 | INFO     | crowdcount.trainer:289 - [ep 778][lr 0.0000886][17.08s]
2026-04-17 07:45:48 | INFO     | crowdcount.trainer:348 - [Eval] mae=83.03  mse=131.90  time=13.1s  best_mae=63.29  best_mse=97.65
2026-04-17 07:45:48 | INFO     | crowdcount.trainer:352 - [Eval] density_mae=65.35  density_mse=111.50  best_density_mae=56.54
2026-04-17 07:46:06 | INFO     | crowdcount.engine:429 - Averaged stats: lr: 0.000089  loss_sum: 0.0269 (0.0335)  losses: 0.0058 (0.0068)  den_loss: 0.0213 (0.0267)  loss_ce: 0.0022 (0.0023)  loss_points: 0.0006 (0.0006)  loss_count: 0.0020 (0.0025)  loss_consistency: 0.0012 (0.0014)  loss_ce_unscaled: 0.0022 (0.0023)  loss_points_unscaled: 3.1594 (3.0366)  loss_count_unscaled: 2.0391 (2.5174)  loss_consistency_unscaled: 1.2276 (1.3846)  den_ssim: 0.0009 (0.0010)  moe_aux_total: 0.0000 (0.0000)  moe_aux_raw: 0.0000 (0.0000)  l_balance: 0.0000 (0.0000)  l_decorr: 0.0000 (0.0000)  moe_temperature: 0.1500 (0.1500)
2026-04-17 07:46:06 | INFO     | crowdcount.trainer:289 - [ep 779][lr 0.0000886][17.62s]
2026-04-17 07:46:21 | INFO     | crowdcount.trainer:348 - [Eval] mae=87.48  mse=132.32  time=13.3s  best_mae=63.29  best_mse=97.65
2026-04-17 07:46:21 | INFO     | crowdcount.trainer:352 - [Eval] density_mae=65.44  density_mse=109.56  best_density_mae=56.54
2026-04-17 07:46:39 | INFO     | crowdcount.engine:429 - Averaged stats: lr: 0.000089  loss_sum: 0.0344 (0.0428)  losses: 0.0072 (0.0075)  den_loss: 0.0261 (0.0353)  loss_ce: 0.0022 (0.0025)  loss_points: 0.0006 (0.0006)  loss_count: 0.0028 (0.0029)  loss_consistency: 0.0018 (0.0016)  loss_ce_unscaled: 0.0022 (0.0025)  loss_points_unscaled: 2.9179 (3.0202)  loss_count_unscaled: 2.7754 (2.8786)  loss_consistency_unscaled: 1.7666 (1.5927)  den_ssim: 0.0010 (0.0010)  moe_aux_total: 0.0000 (0.0000)  moe_aux_raw: 0.0000 (0.0000)  l_balance: 0.0000 (0.0000)  l_decorr: 0.0000 (0.0000)  moe_temperature: 0.1500 (0.1500)
2026-04-17 07:46:39 | INFO     | crowdcount.trainer:289 - [ep 780][lr 0.0000886][17.89s]
2026-04-17 07:46:54 | INFO     | crowdcount.trainer:348 - [Eval] mae=86.99  mse=127.57  time=13.2s  best_mae=63.29  best_mse=97.65
2026-04-17 07:46:54 | INFO     | crowdcount.trainer:352 - [Eval] density_mae=67.68  density_mse=110.09  best_density_mae=56.54
2026-04-17 07:47:11 | INFO     | crowdcount.engine:429 - Averaged stats: lr: 0.000089  loss_sum: 0.0299 (0.0364)  losses: 0.0068 (0.0068)  den_loss: 0.0242 (0.0296)  loss_ce: 0.0022 (0.0022)  loss_points: 0.0006 (0.0006)  loss_count: 0.0024 (0.0025)  loss_consistency: 0.0014 (0.0015)  loss_ce_unscaled: 0.0022 (0.0022)  loss_points_unscaled: 3.0253 (3.0712)  loss_count_unscaled: 2.3891 (2.4676)  loss_consistency_unscaled: 1.3724 (1.4770)  den_ssim: 0.0010 (0.0010)  moe_aux_total: 0.0000 (0.0000)  moe_aux_raw: 0.0000 (0.0000)  l_balance: 0.0000 (0.0000)  l_decorr: 0.0000 (0.0000)  moe_temperature: 0.1500 (0.1500)
2026-04-17 07:47:11 | INFO     | crowdcount.trainer:289 - [ep 781][lr 0.0000885][16.83s]
2026-04-17 07:47:26 | INFO     | crowdcount.trainer:348 - [Eval] mae=81.88  mse=126.42  time=13.4s  best_mae=63.29  best_mse=97.65
2026-04-17 07:47:26 | INFO     | crowdcount.trainer:352 - [Eval] density_mae=63.62  density_mse=108.84  best_density_mae=56.54
2026-04-17 07:47:44 | INFO     | crowdcount.engine:429 - Averaged stats: lr: 0.000089  loss_sum: 0.0251 (0.0391)  losses: 0.0059 (0.0065)  den_loss: 0.0186 (0.0326)  loss_ce: 0.0021 (0.0023)  loss_points: 0.0006 (0.0006)  loss_count: 0.0019 (0.0023)  loss_consistency: 0.0012 (0.0013)  loss_ce_unscaled: 0.0021 (0.0023)  loss_points_unscaled: 3.0449 (3.0819)  loss_count_unscaled: 1.9425 (2.3001)  loss_consistency_unscaled: 1.1966 (1.3336)  den_ssim: 0.0010 (0.0010)  moe_aux_total: 0.0000 (0.0000)  moe_aux_raw: 0.0000 (0.0000)  l_balance: 0.0000 (0.0000)  l_decorr: 0.0000 (0.0000)  moe_temperature: 0.1500 (0.1500)
2026-04-17 07:47:44 | INFO     | crowdcount.trainer:289 - [ep 782][lr 0.0000885][18.01s]
2026-04-17 07:47:59 | INFO     | crowdcount.trainer:348 - [Eval] mae=82.13  mse=121.86  time=13.0s  best_mae=63.29  best_mse=97.65
2026-04-17 07:47:59 | INFO     | crowdcount.trainer:352 - [Eval] density_mae=60.63  density_mse=99.15  best_density_mae=56.54
2026-04-17 07:48:17 | INFO     | crowdcount.engine:429 - Averaged stats: lr: 0.000088  loss_sum: 0.0350 (0.0373)  losses: 0.0059 (0.0066)  den_loss: 0.0293 (0.0306)  loss_ce: 0.0020 (0.0023)  loss_points: 0.0006 (0.0006)  loss_count: 0.0020 (0.0023)  loss_consistency: 0.0013 (0.0014)  loss_ce_unscaled: 0.0020 (0.0023)  loss_points_unscaled: 3.0651 (3.0484)  loss_count_unscaled: 1.9751 (2.2983)  loss_consistency_unscaled: 1.2562 (1.4106)  den_ssim: 0.0009 (0.0010)  moe_aux_total: 0.0000 (0.0000)  moe_aux_raw: 0.0000 (0.0000)  l_balance: 0.0000 (0.0000)  l_decorr: 0.0000 (0.0000)  moe_temperature: 0.1500 (0.1500)
2026-04-17 07:48:17 | INFO     | crowdcount.trainer:289 - [ep 783][lr 0.0000885][17.70s]
2026-04-17 07:48:32 | INFO     | crowdcount.trainer:348 - [Eval] mae=86.53  mse=125.60  time=13.5s  best_mae=63.29  best_mse=97.65
2026-04-17 07:48:32 | INFO     | crowdcount.trainer:352 - [Eval] density_mae=63.05  density_mse=107.00  best_density_mae=56.54
2026-04-17 07:48:49 | INFO     | crowdcount.engine:429 - Averaged stats: lr: 0.000088  loss_sum: 0.0275 (0.0366)  losses: 0.0059 (0.0065)  den_loss: 0.0211 (0.0301)  loss_ce: 0.0019 (0.0023)  loss_points: 0.0006 (0.0006)  loss_count: 0.0020 (0.0024)  loss_consistency: 0.0012 (0.0013)  loss_ce_unscaled: 0.0019 (0.0023)  loss_points_unscaled: 3.0688 (3.0221)  loss_count_unscaled: 2.0253 (2.3611)  loss_consistency_unscaled: 1.1774 (1.2522)  den_ssim: 0.0009 (0.0010)  moe_aux_total: 0.0000 (0.0000)  moe_aux_raw: 0.0000 (0.0000)  l_balance: 0.0000 (0.0000)  l_decorr: 0.0000 (0.0000)  moe_temperature: 0.1500 (0.1500)
2026-04-17 07:48:49 | INFO     | crowdcount.trainer:289 - [ep 784][lr 0.0000885][17.09s]
2026-04-17 07:49:05 | INFO     | crowdcount.trainer:348 - [Eval] mae=88.66  mse=129.29  time=13.2s  best_mae=63.29  best_mse=97.65
2026-04-17 07:49:05 | INFO     | crowdcount.trainer:352 - [Eval] density_mae=62.45  density_mse=101.88  best_density_mae=56.54
2026-04-17 07:49:22 | INFO     | crowdcount.engine:429 - Averaged stats: lr: 0.000088  loss_sum: 0.0362 (0.0358)  losses: 0.0067 (0.0066)  den_loss: 0.0289 (0.0293)  loss_ce: 0.0023 (0.0023)  loss_points: 0.0006 (0.0006)  loss_count: 0.0022 (0.0022)  loss_consistency: 0.0014 (0.0014)  loss_ce_unscaled: 0.0023 (0.0023)  loss_points_unscaled: 2.9953 (3.0448)  loss_count_unscaled: 2.2147 (2.2097)  loss_consistency_unscaled: 1.3727 (1.4445)  den_ssim: 0.0009 (0.0010)  moe_aux_total: 0.0000 (0.0000)  moe_aux_raw: 0.0000 (0.0000)  l_balance: 0.0000 (0.0000)  l_decorr: 0.0000 (0.0000)  moe_temperature: 0.1500 (0.1500)
2026-04-17 07:49:22 | INFO     | crowdcount.trainer:289 - [ep 785][lr 0.0000884][17.20s]
2026-04-17 07:49:37 | INFO     | crowdcount.trainer:348 - [Eval] mae=95.96  mse=143.90  time=13.4s  best_mae=63.29  best_mse=97.65
2026-04-17 07:49:37 | INFO     | crowdcount.trainer:352 - [Eval] density_mae=63.45  density_mse=104.79  best_density_mae=56.54
2026-04-17 07:49:54 | INFO     | crowdcount.engine:429 - Averaged stats: lr: 0.000088  loss_sum: 0.0250 (0.0368)  losses: 0.0063 (0.0070)  den_loss: 0.0181 (0.0298)  loss_ce: 0.0022 (0.0023)  loss_points: 0.0006 (0.0006)  loss_count: 0.0021 (0.0027)  loss_consistency: 0.0013 (0.0014)  loss_ce_unscaled: 0.0022 (0.0023)  loss_points_unscaled: 3.0770 (3.0520)  loss_count_unscaled: 2.0637 (2.6605)  loss_consistency_unscaled: 1.2540 (1.3742)  den_ssim: 0.0010 (0.0010)  moe_aux_total: 0.0000 (0.0000)  moe_aux_raw: 0.0000 (0.0000)  l_balance: 0.0000 (0.0000)  l_decorr: 0.0000 (0.0000)  moe_temperature: 0.1500 (0.1500)
2026-04-17 07:49:54 | INFO     | crowdcount.trainer:289 - [ep 786][lr 0.0000884][16.73s]
2026-04-17 07:50:09 | INFO     | crowdcount.trainer:348 - [Eval] mae=78.33  mse=121.72  time=13.3s  best_mae=63.29  best_mse=97.65
2026-04-17 07:50:09 | INFO     | crowdcount.trainer:352 - [Eval] density_mae=63.20  density_mse=106.45  best_density_mae=56.54
2026-04-17 07:50:26 | INFO     | crowdcount.engine:429 - Averaged stats: lr: 0.000088  loss_sum: 0.0222 (0.0382)  losses: 0.0054 (0.0066)  den_loss: 0.0171 (0.0316)  loss_ce: 0.0019 (0.0023)  loss_points: 0.0006 (0.0006)  loss_count: 0.0019 (0.0024)  loss_consistency: 0.0012 (0.0014)  loss_ce_unscaled: 0.0019 (0.0023)  loss_points_unscaled: 2.9689 (3.0827)  loss_count_unscaled: 1.8964 (2.3688)  loss_consistency_unscaled: 1.1593 (1.3522)  den_ssim: 0.0009 (0.0010)  moe_aux_total: 0.0000 (0.0000)  moe_aux_raw: 0.0000 (0.0000)  l_balance: 0.0000 (0.0000)  l_decorr: 0.0000 (0.0000)  moe_temperature: 0.1500 (0.1500)
2026-04-17 07:50:26 | INFO     | crowdcount.trainer:289 - [ep 787][lr 0.0000884][16.95s]
2026-04-17 07:50:41 | INFO     | crowdcount.trainer:348 - [Eval] mae=82.81  mse=123.39  time=13.5s  best_mae=63.29  best_mse=97.65
2026-04-17 07:50:41 | INFO     | crowdcount.trainer:352 - [Eval] density_mae=60.90  density_mse=106.81  best_density_mae=56.54
2026-04-17 07:50:59 | INFO     | crowdcount.engine:429 - Averaged stats: lr: 0.000088  loss_sum: 0.0312 (0.0378)  losses: 0.0063 (0.0068)  den_loss: 0.0254 (0.0311)  loss_ce: 0.0021 (0.0023)  loss_points: 0.0006 (0.0006)  loss_count: 0.0025 (0.0025)  loss_consistency: 0.0012 (0.0013)  loss_ce_unscaled: 0.0021 (0.0023)  loss_points_unscaled: 3.1067 (3.1034)  loss_count_unscaled: 2.4582 (2.5449)  loss_consistency_unscaled: 1.1960 (1.2985)  den_ssim: 0.0009 (0.0010)  moe_aux_total: 0.0000 (0.0000)  moe_aux_raw: 0.0000 (0.0000)  l_balance: 0.0000 (0.0000)  l_decorr: 0.0000 (0.0000)  moe_temperature: 0.1500 (0.1500)
2026-04-17 07:50:59 | INFO     | crowdcount.trainer:289 - [ep 788][lr 0.0000883][17.39s]
2026-04-17 07:51:13 | INFO     | crowdcount.trainer:348 - [Eval] mae=91.86  mse=129.82  time=12.8s  best_mae=63.29  best_mse=97.65
2026-04-17 07:51:13 | INFO     | crowdcount.trainer:352 - [Eval] density_mae=63.06  density_mse=102.77  best_density_mae=56.54
2026-04-17 07:51:30 | INFO     | crowdcount.engine:429 - Averaged stats: lr: 0.000088  loss_sum: 0.0284 (0.0369)  losses: 0.0069 (0.0069)  den_loss: 0.0219 (0.0299)  loss_ce: 0.0023 (0.0024)  loss_points: 0.0006 (0.0006)  loss_count: 0.0022 (0.0025)  loss_consistency: 0.0013 (0.0015)  loss_ce_unscaled: 0.0023 (0.0024)  loss_points_unscaled: 3.0699 (3.0631)  loss_count_unscaled: 2.2048 (2.5329)  loss_consistency_unscaled: 1.2934 (1.4530)  den_ssim: 0.0010 (0.0010)  moe_aux_total: 0.0000 (0.0000)  moe_aux_raw: 0.0000 (0.0000)  l_balance: 0.0000 (0.0000)  l_decorr: 0.0000 (0.0000)  moe_temperature: 0.1500 (0.1500)
2026-04-17 07:51:31 | INFO     | crowdcount.trainer:289 - [ep 789][lr 0.0000883][17.15s]
2026-04-17 07:51:46 | INFO     | crowdcount.trainer:348 - [Eval] mae=85.58  mse=127.74  time=13.3s  best_mae=63.29  best_mse=97.65
2026-04-17 07:51:46 | INFO     | crowdcount.trainer:352 - [Eval] density_mae=64.34  density_mse=112.01  best_density_mae=56.54
2026-04-17 07:52:04 | INFO     | crowdcount.engine:429 - Averaged stats: lr: 0.000088  loss_sum: 0.0324 (0.0384)  losses: 0.0066 (0.0069)  den_loss: 0.0247 (0.0314)  loss_ce: 0.0024 (0.0024)  loss_points: 0.0006 (0.0006)  loss_count: 0.0022 (0.0026)  loss_consistency: 0.0013 (0.0014)  loss_ce_unscaled: 0.0024 (0.0024)  loss_points_unscaled: 2.8948 (2.9858)  loss_count_unscaled: 2.2451 (2.5585)  loss_consistency_unscaled: 1.2938 (1.3689)  den_ssim: 0.0010 (0.0010)  moe_aux_total: 0.0000 (0.0000)  moe_aux_raw: 0.0000 (0.0000)  l_balance: 0.0000 (0.0000)  l_decorr: 0.0000 (0.0000)  moe_temperature: 0.1500 (0.1500)
2026-04-17 07:52:04 | INFO     | crowdcount.trainer:289 - [ep 790][lr 0.0000883][17.59s]
2026-04-17 07:52:19 | INFO     | crowdcount.trainer:348 - [Eval] mae=97.14  mse=146.95  time=13.2s  best_mae=63.29  best_mse=97.65
2026-04-17 07:52:19 | INFO     | crowdcount.trainer:352 - [Eval] density_mae=61.37  density_mse=103.70  best_density_mae=56.54
2026-04-17 07:52:36 | INFO     | crowdcount.engine:429 - Averaged stats: lr: 0.000088  loss_sum: 0.0267 (0.0314)  losses: 0.0060 (0.0066)  den_loss: 0.0214 (0.0248)  loss_ce: 0.0020 (0.0022)  loss_points: 0.0006 (0.0006)  loss_count: 0.0020 (0.0024)  loss_consistency: 0.0012 (0.0014)  loss_ce_unscaled: 0.0020 (0.0022)  loss_points_unscaled: 3.0782 (3.0863)  loss_count_unscaled: 1.9641 (2.3813)  loss_consistency_unscaled: 1.1622 (1.3550)  den_ssim: 0.0009 (0.0009)  moe_aux_total: 0.0000 (0.0000)  moe_aux_raw: 0.0000 (0.0000)  l_balance: 0.0000 (0.0000)  l_decorr: 0.0000 (0.0000)  moe_temperature: 0.1500 (0.1500)
2026-04-17 07:52:36 | INFO     | crowdcount.trainer:289 - [ep 791][lr 0.0000883][16.78s]
2026-04-17 07:52:51 | INFO     | crowdcount.trainer:348 - [Eval] mae=90.80  mse=133.35  time=13.1s  best_mae=63.29  best_mse=97.65
2026-04-17 07:52:51 | INFO     | crowdcount.trainer:352 - [Eval] density_mae=61.97  density_mse=107.41  best_density_mae=56.54
2026-04-17 07:53:09 | INFO     | crowdcount.engine:429 - Averaged stats: lr: 0.000088  loss_sum: 0.0325 (0.0324)  losses: 0.0063 (0.0066)  den_loss: 0.0257 (0.0258)  loss_ce: 0.0023 (0.0023)  loss_points: 0.0006 (0.0006)  loss_count: 0.0021 (0.0023)  loss_consistency: 0.0012 (0.0013)  loss_ce_unscaled: 0.0023 (0.0023)  loss_points_unscaled: 2.9710 (3.0051)  loss_count_unscaled: 2.0778 (2.3489)  loss_consistency_unscaled: 1.2179 (1.3433)  den_ssim: 0.0010 (0.0010)  moe_aux_total: 0.0000 (0.0000)  moe_aux_raw: 0.0000 (0.0000)  l_balance: 0.0000 (0.0000)  l_decorr: 0.0000 (0.0000)  moe_temperature: 0.1500 (0.1500)
2026-04-17 07:53:09 | INFO     | crowdcount.trainer:289 - [ep 792][lr 0.0000882][18.70s]
2026-04-17 07:53:25 | INFO     | crowdcount.trainer:348 - [Eval] mae=72.96  mse=114.86  time=13.6s  best_mae=63.29  best_mse=97.65
2026-04-17 07:53:25 | INFO     | crowdcount.trainer:352 - [Eval] density_mae=63.60  density_mse=109.33  best_density_mae=56.54
2026-04-17 07:53:42 | INFO     | crowdcount.engine:429 - Averaged stats: lr: 0.000088  loss_sum: 0.0341 (0.0387)  losses: 0.0065 (0.0068)  den_loss: 0.0265 (0.0319)  loss_ce: 0.0020 (0.0023)  loss_points: 0.0006 (0.0006)  loss_count: 0.0022 (0.0025)  loss_consistency: 0.0012 (0.0015)  loss_ce_unscaled: 0.0020 (0.0023)  loss_points_unscaled: 2.9700 (3.0320)  loss_count_unscaled: 2.1794 (2.4908)  loss_consistency_unscaled: 1.2363 (1.4551)  den_ssim: 0.0010 (0.0010)  moe_aux_total: 0.0000 (0.0000)  moe_aux_raw: 0.0000 (0.0000)  l_balance: 0.0000 (0.0000)  l_decorr: 0.0000 (0.0000)  moe_temperature: 0.1500 (0.1500)
2026-04-17 07:53:42 | INFO     | crowdcount.trainer:289 - [ep 793][lr 0.0000882][17.10s]
2026-04-17 07:53:57 | INFO     | crowdcount.trainer:348 - [Eval] mae=85.21  mse=127.72  time=13.2s  best_mae=63.29  best_mse=97.65
2026-04-17 07:53:57 | INFO     | crowdcount.trainer:352 - [Eval] density_mae=64.76  density_mse=115.23  best_density_mae=56.54
2026-04-17 07:54:15 | INFO     | crowdcount.engine:429 - Averaged stats: lr: 0.000088  loss_sum: 0.0340 (0.0463)  losses: 0.0063 (0.0072)  den_loss: 0.0293 (0.0391)  loss_ce: 0.0022 (0.0024)  loss_points: 0.0006 (0.0006)  loss_count: 0.0021 (0.0027)  loss_consistency: 0.0015 (0.0014)  loss_ce_unscaled: 0.0022 (0.0024)  loss_points_unscaled: 3.0375 (3.0259)  loss_count_unscaled: 2.1459 (2.6817)  loss_consistency_unscaled: 1.4856 (1.4491)  den_ssim: 0.0010 (0.0010)  moe_aux_total: 0.0000 (0.0000)  moe_aux_raw: 0.0000 (0.0000)  l_balance: 0.0000 (0.0000)  l_decorr: 0.0000 (0.0000)  moe_temperature: 0.1500 (0.1500)
2026-04-17 07:54:15 | INFO     | crowdcount.trainer:289 - [ep 794][lr 0.0000882][17.88s]
2026-04-17 07:54:30 | INFO     | crowdcount.trainer:348 - [Eval] mae=82.52  mse=125.09  time=13.1s  best_mae=63.29  best_mse=97.65
2026-04-17 07:54:30 | INFO     | crowdcount.trainer:352 - [Eval] density_mae=66.37  density_mse=114.52  best_density_mae=56.54
2026-04-17 07:54:48 | INFO     | crowdcount.engine:429 - Averaged stats: lr: 0.000088  loss_sum: 0.0392 (0.0395)  losses: 0.0070 (0.0073)  den_loss: 0.0305 (0.0323)  loss_ce: 0.0025 (0.0024)  loss_points: 0.0006 (0.0006)  loss_count: 0.0025 (0.0028)  loss_consistency: 0.0013 (0.0015)  loss_ce_unscaled: 0.0025 (0.0024)  loss_points_unscaled: 2.8918 (3.0048)  loss_count_unscaled: 2.5130 (2.7527)  loss_consistency_unscaled: 1.2780 (1.4752)  den_ssim: 0.0010 (0.0010)  moe_aux_total: 0.0000 (0.0000)  moe_aux_raw: 0.0000 (0.0000)  l_balance: 0.0000 (0.0000)  l_decorr: 0.0000 (0.0000)  moe_temperature: 0.1500 (0.1500)
2026-04-17 07:54:48 | INFO     | crowdcount.trainer:289 - [ep 795][lr 0.0000881][17.52s]
2026-04-17 07:55:02 | INFO     | crowdcount.trainer:348 - [Eval] mae=82.26  mse=122.00  time=12.9s  best_mae=63.29  best_mse=97.65
2026-04-17 07:55:02 | INFO     | crowdcount.trainer:352 - [Eval] density_mae=61.54  density_mse=107.29  best_density_mae=56.54
2026-04-17 07:55:20 | INFO     | crowdcount.engine:429 - Averaged stats: lr: 0.000088  loss_sum: 0.0305 (0.0428)  losses: 0.0069 (0.0072)  den_loss: 0.0247 (0.0356)  loss_ce: 0.0023 (0.0025)  loss_points: 0.0006 (0.0006)  loss_count: 0.0024 (0.0026)  loss_consistency: 0.0015 (0.0015)  loss_ce_unscaled: 0.0023 (0.0025)  loss_points_unscaled: 3.0336 (3.0244)  loss_count_unscaled: 2.4351 (2.6397)  loss_consistency_unscaled: 1.4886 (1.4792)  den_ssim: 0.0010 (0.0010)  moe_aux_total: 0.0000 (0.0000)  moe_aux_raw: 0.0000 (0.0000)  l_balance: 0.0000 (0.0000)  l_decorr: 0.0000 (0.0000)  moe_temperature: 0.1500 (0.1500)
2026-04-17 07:55:20 | INFO     | crowdcount.trainer:289 - [ep 796][lr 0.0000881][17.81s]
2026-04-17 07:55:35 | INFO     | crowdcount.trainer:348 - [Eval] mae=104.03  mse=149.94  time=13.3s  best_mae=63.29  best_mse=97.65
2026-04-17 07:55:35 | INFO     | crowdcount.trainer:352 - [Eval] density_mae=66.89  density_mse=114.53  best_density_mae=56.54
2026-04-17 07:55:52 | INFO     | crowdcount.engine:429 - Averaged stats: lr: 0.000088  loss_sum: 0.0240 (0.0367)  losses: 0.0062 (0.0068)  den_loss: 0.0178 (0.0299)  loss_ce: 0.0023 (0.0023)  loss_points: 0.0006 (0.0006)  loss_count: 0.0021 (0.0025)  loss_consistency: 0.0012 (0.0014)  loss_ce_unscaled: 0.0023 (0.0023)  loss_points_unscaled: 2.9621 (2.9643)  loss_count_unscaled: 2.1437 (2.5367)  loss_consistency_unscaled: 1.2358 (1.3713)  den_ssim: 0.0010 (0.0010)  moe_aux_total: 0.0000 (0.0000)  moe_aux_raw: 0.0000 (0.0000)  l_balance: 0.0000 (0.0000)  l_decorr: 0.0000 (0.0000)  moe_temperature: 0.1500 (0.1500)
2026-04-17 07:55:52 | INFO     | crowdcount.trainer:289 - [ep 797][lr 0.0000881][16.84s]
2026-04-17 07:56:07 | INFO     | crowdcount.trainer:348 - [Eval] mae=120.06  mse=172.88  time=13.1s  best_mae=63.29  best_mse=97.65
2026-04-17 07:56:07 | INFO     | crowdcount.trainer:352 - [Eval] density_mae=78.11  density_mse=126.65  best_density_mae=56.54
2026-04-17 07:56:24 | INFO     | crowdcount.engine:429 - Averaged stats: lr: 0.000088  loss_sum: 0.0260 (0.0328)  losses: 0.0061 (0.0068)  den_loss: 0.0203 (0.0261)  loss_ce: 0.0022 (0.0023)  loss_points: 0.0006 (0.0006)  loss_count: 0.0022 (0.0024)  loss_consistency: 0.0014 (0.0014)  loss_ce_unscaled: 0.0022 (0.0023)  loss_points_unscaled: 2.9419 (3.0510)  loss_count_unscaled: 2.1740 (2.4401)  loss_consistency_unscaled: 1.3694 (1.4197)  den_ssim: 0.0009 (0.0010)  moe_aux_total: 0.0000 (0.0000)  moe_aux_raw: 0.0000 (0.0000)  l_balance: 0.0000 (0.0000)  l_decorr: 0.0000 (0.0000)  moe_temperature: 0.1500 (0.1500)
2026-04-17 07:56:24 | INFO     | crowdcount.trainer:289 - [ep 798][lr 0.0000881][17.31s]
2026-04-17 07:56:40 | INFO     | crowdcount.trainer:348 - [Eval] mae=80.73  mse=124.87  time=13.3s  best_mae=63.29  best_mse=97.65
2026-04-17 07:56:40 | INFO     | crowdcount.trainer:352 - [Eval] density_mae=67.30  density_mse=116.49  best_density_mae=56.54
2026-04-17 07:56:57 | INFO     | crowdcount.engine:429 - Averaged stats: lr: 0.000088  loss_sum: 0.0379 (0.0351)  losses: 0.0065 (0.0067)  den_loss: 0.0301 (0.0284)  loss_ce: 0.0025 (0.0024)  loss_points: 0.0006 (0.0006)  loss_count: 0.0021 (0.0024)  loss_consistency: 0.0013 (0.0013)  loss_ce_unscaled: 0.0025 (0.0024)  loss_points_unscaled: 3.0859 (3.0871)  loss_count_unscaled: 2.0553 (2.3866)  loss_consistency_unscaled: 1.2845 (1.3048)  den_ssim: 0.0010 (0.0010)  moe_aux_total: 0.0000 (0.0000)  moe_aux_raw: 0.0000 (0.0000)  l_balance: 0.0000 (0.0000)  l_decorr: 0.0000 (0.0000)  moe_temperature: 0.1500 (0.1500)
2026-04-17 07:56:57 | INFO     | crowdcount.trainer:289 - [ep 799][lr 0.0000880][17.41s]
2026-04-17 07:57:12 | INFO     | crowdcount.trainer:348 - [Eval] mae=91.30  mse=132.28  time=12.6s  best_mae=63.29  best_mse=97.65
2026-04-17 07:57:12 | INFO     | crowdcount.trainer:352 - [Eval] density_mae=64.58  density_mse=112.63  best_density_mae=56.54
2026-04-17 07:57:29 | INFO     | crowdcount.engine:429 - Averaged stats: lr: 0.000088  loss_sum: 0.0270 (0.0375)  losses: 0.0067 (0.0070)  den_loss: 0.0210 (0.0305)  loss_ce: 0.0023 (0.0024)  loss_points: 0.0006 (0.0006)  loss_count: 0.0023 (0.0025)  loss_consistency: 0.0015 (0.0015)  loss_ce_unscaled: 0.0023 (0.0024)  loss_points_unscaled: 2.9747 (3.0319)  loss_count_unscaled: 2.2811 (2.4904)  loss_consistency_unscaled: 1.4888 (1.5158)  den_ssim: 0.0009 (0.0010)  moe_aux_total: 0.0000 (0.0000)  moe_aux_raw: 0.0000 (0.0000)  l_balance: 0.0000 (0.0000)  l_decorr: 0.0000 (0.0000)  moe_temperature: 0.1500 (0.1500)
2026-04-17 07:57:29 | INFO     | crowdcount.trainer:289 - [ep 800][lr 0.0000880][17.47s]
2026-04-17 07:57:44 | INFO     | crowdcount.trainer:348 - [Eval] mae=67.39  mse=108.96  time=13.2s  best_mae=63.29  best_mse=97.65
2026-04-17 07:57:44 | INFO     | crowdcount.trainer:352 - [Eval] density_mae=66.69  density_mse=116.13  best_density_mae=56.54
2026-04-17 07:58:01 | INFO     | crowdcount.engine:429 - Averaged stats: lr: 0.000088  loss_sum: 0.0253 (0.0338)  losses: 0.0063 (0.0066)  den_loss: 0.0187 (0.0272)  loss_ce: 0.0022 (0.0022)  loss_points: 0.0006 (0.0006)  loss_count: 0.0023 (0.0025)  loss_consistency: 0.0012 (0.0013)  loss_ce_unscaled: 0.0022 (0.0022)  loss_points_unscaled: 3.1566 (3.0701)  loss_count_unscaled: 2.3223 (2.4824)  loss_consistency_unscaled: 1.2445 (1.3017)  den_ssim: 0.0010 (0.0010)  moe_aux_total: 0.0000 (0.0000)  moe_aux_raw: 0.0000 (0.0000)  l_balance: 0.0000 (0.0000)  l_decorr: 0.0000 (0.0000)  moe_temperature: 0.1500 (0.1500)
2026-04-17 07:58:01 | INFO     | crowdcount.trainer:289 - [ep 801][lr 0.0000880][16.81s]
2026-04-17 07:58:16 | INFO     | crowdcount.trainer:348 - [Eval] mae=96.98  mse=137.44  time=12.7s  best_mae=63.29  best_mse=97.65
2026-04-17 07:58:16 | INFO     | crowdcount.trainer:352 - [Eval] density_mae=65.38  density_mse=107.45  best_density_mae=56.54
2026-04-17 07:58:32 | INFO     | crowdcount.engine:429 - Averaged stats: lr: 0.000088  loss_sum: 0.0336 (0.0377)  losses: 0.0072 (0.0069)  den_loss: 0.0290 (0.0307)  loss_ce: 0.0023 (0.0024)  loss_points: 0.0006 (0.0006)  loss_count: 0.0027 (0.0026)  loss_consistency: 0.0011 (0.0013)  loss_ce_unscaled: 0.0023 (0.0024)  loss_points_unscaled: 2.9868 (2.9740)  loss_count_unscaled: 2.7251 (2.6474)  loss_consistency_unscaled: 1.1437 (1.3007)  den_ssim: 0.0009 (0.0010)  moe_aux_total: 0.0000 (0.0000)  moe_aux_raw: 0.0000 (0.0000)  l_balance: 0.0000 (0.0000)  l_decorr: 0.0000 (0.0000)  moe_temperature: 0.1500 (0.1500)
2026-04-17 07:58:32 | INFO     | crowdcount.trainer:289 - [ep 802][lr 0.0000879][16.41s]
2026-04-17 07:58:47 | INFO     | crowdcount.trainer:348 - [Eval] mae=85.57  mse=127.39  time=12.8s  best_mae=63.29  best_mse=97.65
2026-04-17 07:58:47 | INFO     | crowdcount.trainer:352 - [Eval] density_mae=72.53  density_mse=128.85  best_density_mae=56.54
2026-04-17 07:59:03 | INFO     | crowdcount.engine:429 - Averaged stats: lr: 0.000088  loss_sum: 0.0346 (0.0355)  losses: 0.0066 (0.0067)  den_loss: 0.0270 (0.0288)  loss_ce: 0.0020 (0.0023)  loss_points: 0.0006 (0.0006)  loss_count: 0.0027 (0.0025)  loss_consistency: 0.0013 (0.0013)  loss_ce_unscaled: 0.0020 (0.0023)  loss_points_unscaled: 3.0570 (3.0199)  loss_count_unscaled: 2.6650 (2.4947)  loss_consistency_unscaled: 1.2908 (1.3418)  den_ssim: 0.0009 (0.0010)  moe_aux_total: 0.0000 (0.0000)  moe_aux_raw: 0.0000 (0.0000)  l_balance: 0.0000 (0.0000)  l_decorr: 0.0000 (0.0000)  moe_temperature: 0.1500 (0.1500)
2026-04-17 07:59:03 | INFO     | crowdcount.trainer:289 - [ep 803][lr 0.0000879][16.77s]
2026-04-17 07:59:19 | INFO     | crowdcount.trainer:348 - [Eval] mae=98.13  mse=142.79  time=13.4s  best_mae=63.29  best_mse=97.65
2026-04-17 07:59:19 | INFO     | crowdcount.trainer:352 - [Eval] density_mae=65.82  density_mse=114.73  best_density_mae=56.54
2026-04-17 07:59:36 | INFO     | crowdcount.engine:429 - Averaged stats: lr: 0.000088  loss_sum: 0.0375 (0.0351)  losses: 0.0068 (0.0068)  den_loss: 0.0293 (0.0283)  loss_ce: 0.0023 (0.0023)  loss_points: 0.0006 (0.0006)  loss_count: 0.0024 (0.0024)  loss_consistency: 0.0013 (0.0014)  loss_ce_unscaled: 0.0023 (0.0023)  loss_points_unscaled: 2.9657 (3.0166)  loss_count_unscaled: 2.4435 (2.4488)  loss_consistency_unscaled: 1.3319 (1.4114)  den_ssim: 0.0009 (0.0010)  moe_aux_total: 0.0000 (0.0000)  moe_aux_raw: 0.0000 (0.0000)  l_balance: 0.0000 (0.0000)  l_decorr: 0.0000 (0.0000)  moe_temperature: 0.1500 (0.1500)
2026-04-17 07:59:36 | INFO     | crowdcount.trainer:289 - [ep 804][lr 0.0000879][17.39s]
2026-04-17 07:59:51 | INFO     | crowdcount.trainer:348 - [Eval] mae=94.61  mse=135.08  time=13.1s  best_mae=63.29  best_mse=97.65
2026-04-17 07:59:51 | INFO     | crowdcount.trainer:352 - [Eval] density_mae=61.30  density_mse=106.38  best_density_mae=56.54
2026-04-17 08:00:09 | INFO     | crowdcount.engine:429 - Averaged stats: lr: 0.000088  loss_sum: 0.0292 (0.0342)  losses: 0.0062 (0.0065)  den_loss: 0.0229 (0.0277)  loss_ce: 0.0022 (0.0023)  loss_points: 0.0006 (0.0006)  loss_count: 0.0019 (0.0023)  loss_consistency: 0.0013 (0.0014)  loss_ce_unscaled: 0.0022 (0.0023)  loss_points_unscaled: 3.0792 (3.0811)  loss_count_unscaled: 1.8861 (2.2942)  loss_consistency_unscaled: 1.2819 (1.3593)  den_ssim: 0.0010 (0.0010)  moe_aux_total: 0.0000 (0.0000)  moe_aux_raw: 0.0000 (0.0000)  l_balance: 0.0000 (0.0000)  l_decorr: 0.0000 (0.0000)  moe_temperature: 0.1500 (0.1500)
2026-04-17 08:00:09 | INFO     | crowdcount.trainer:289 - [ep 805][lr 0.0000879][17.16s]
2026-04-17 08:00:24 | INFO     | crowdcount.trainer:348 - [Eval] mae=90.07  mse=133.21  time=13.0s  best_mae=63.29  best_mse=97.65
2026-04-17 08:00:24 | INFO     | crowdcount.trainer:352 - [Eval] density_mae=68.86  density_mse=110.69  best_density_mae=56.54
2026-04-17 08:00:41 | INFO     | crowdcount.engine:429 - Averaged stats: lr: 0.000088  loss_sum: 0.0325 (0.0417)  losses: 0.0068 (0.0072)  den_loss: 0.0243 (0.0344)  loss_ce: 0.0026 (0.0025)  loss_points: 0.0006 (0.0006)  loss_count: 0.0023 (0.0025)  loss_consistency: 0.0013 (0.0016)  loss_ce_unscaled: 0.0026 (0.0025)  loss_points_unscaled: 2.8498 (2.9793)  loss_count_unscaled: 2.3124 (2.5398)  loss_consistency_unscaled: 1.2815 (1.6022)  den_ssim: 0.0010 (0.0010)  moe_aux_total: 0.0000 (0.0000)  moe_aux_raw: 0.0000 (0.0000)  l_balance: 0.0000 (0.0000)  l_decorr: 0.0000 (0.0000)  moe_temperature: 0.1500 (0.1500)
2026-04-17 08:00:41 | INFO     | crowdcount.trainer:289 - [ep 806][lr 0.0000878][17.23s]
2026-04-17 08:00:56 | INFO     | crowdcount.trainer:348 - [Eval] mae=82.99  mse=121.36  time=13.4s  best_mae=63.29  best_mse=97.65
2026-04-17 08:00:56 | INFO     | crowdcount.trainer:352 - [Eval] density_mae=64.37  density_mse=110.33  best_density_mae=56.54
2026-04-17 08:01:13 | INFO     | crowdcount.engine:429 - Averaged stats: lr: 0.000088  loss_sum: 0.0297 (0.0358)  losses: 0.0067 (0.0069)  den_loss: 0.0248 (0.0289)  loss_ce: 0.0021 (0.0023)  loss_points: 0.0006 (0.0006)  loss_count: 0.0025 (0.0025)  loss_consistency: 0.0013 (0.0014)  loss_ce_unscaled: 0.0021 (0.0023)  loss_points_unscaled: 3.0449 (3.0208)  loss_count_unscaled: 2.4880 (2.5148)  loss_consistency_unscaled: 1.3366 (1.4437)  den_ssim: 0.0010 (0.0010)  moe_aux_total: 0.0000 (0.0000)  moe_aux_raw: 0.0000 (0.0000)  l_balance: 0.0000 (0.0000)  l_decorr: 0.0000 (0.0000)  moe_temperature: 0.1500 (0.1500)
2026-04-17 08:01:13 | INFO     | crowdcount.trainer:289 - [ep 807][lr 0.0000878][16.89s]
2026-04-17 08:01:28 | INFO     | crowdcount.trainer:348 - [Eval] mae=82.72  mse=123.43  time=13.2s  best_mae=63.29  best_mse=97.65
2026-04-17 08:01:28 | INFO     | crowdcount.trainer:352 - [Eval] density_mae=66.31  density_mse=116.13  best_density_mae=56.54
2026-04-17 08:01:45 | INFO     | crowdcount.engine:429 - Averaged stats: lr: 0.000088  loss_sum: 0.0277 (0.0352)  losses: 0.0064 (0.0066)  den_loss: 0.0208 (0.0285)  loss_ce: 0.0023 (0.0024)  loss_points: 0.0006 (0.0006)  loss_count: 0.0021 (0.0024)  loss_consistency: 0.0012 (0.0013)  loss_ce_unscaled: 0.0023 (0.0024)  loss_points_unscaled: 3.0430 (2.9754)  loss_count_unscaled: 2.1330 (2.3859)  loss_consistency_unscaled: 1.1971 (1.2990)  den_ssim: 0.0009 (0.0010)  moe_aux_total: 0.0000 (0.0000)  moe_aux_raw: 0.0000 (0.0000)  l_balance: 0.0000 (0.0000)  l_decorr: 0.0000 (0.0000)  moe_temperature: 0.1500 (0.1500)
2026-04-17 08:01:45 | INFO     | crowdcount.trainer:289 - [ep 808][lr 0.0000878][17.27s]
2026-04-17 08:02:01 | INFO     | crowdcount.trainer:348 - [Eval] mae=81.83  mse=120.28  time=13.3s  best_mae=63.29  best_mse=97.65
2026-04-17 08:02:01 | INFO     | crowdcount.trainer:352 - [Eval] density_mae=67.40  density_mse=116.36  best_density_mae=56.54
2026-04-17 08:02:18 | INFO     | crowdcount.engine:429 - Averaged stats: lr: 0.000088  loss_sum: 0.0306 (0.0347)  losses: 0.0068 (0.0067)  den_loss: 0.0243 (0.0280)  loss_ce: 0.0022 (0.0022)  loss_points: 0.0006 (0.0006)  loss_count: 0.0023 (0.0024)  loss_consistency: 0.0013 (0.0014)  loss_ce_unscaled: 0.0022 (0.0022)  loss_points_unscaled: 3.0319 (3.0646)  loss_count_unscaled: 2.2782 (2.4393)  loss_consistency_unscaled: 1.2800 (1.4115)  den_ssim: 0.0009 (0.0009)  moe_aux_total: 0.0000 (0.0001)  moe_aux_raw: 0.0000 (0.0001)  l_balance: 0.0000 (0.0001)  l_decorr: 0.0000 (0.0000)  moe_temperature: 0.1500 (0.1500)
2026-04-17 08:02:18 | INFO     | crowdcount.trainer:289 - [ep 809][lr 0.0000877][16.94s]
2026-04-17 08:02:32 | INFO     | crowdcount.trainer:348 - [Eval] mae=77.81  mse=120.57  time=12.9s  best_mae=63.29  best_mse=97.65
2026-04-17 08:02:32 | INFO     | crowdcount.trainer:352 - [Eval] density_mae=63.68  density_mse=108.99  best_density_mae=56.54
2026-04-17 08:02:50 | INFO     | crowdcount.engine:429 - Averaged stats: lr: 0.000088  loss_sum: 0.0262 (0.0338)  losses: 0.0063 (0.0068)  den_loss: 0.0194 (0.0270)  loss_ce: 0.0022 (0.0023)  loss_points: 0.0006 (0.0006)  loss_count: 0.0020 (0.0023)  loss_consistency: 0.0014 (0.0016)  loss_ce_unscaled: 0.0022 (0.0023)  loss_points_unscaled: 3.0143 (3.0204)  loss_count_unscaled: 2.0260 (2.3475)  loss_consistency_unscaled: 1.4377 (1.5670)  den_ssim: 0.0010 (0.0010)  moe_aux_total: 0.0000 (0.0000)  moe_aux_raw: 0.0000 (0.0000)  l_balance: 0.0000 (0.0000)  l_decorr: 0.0000 (0.0000)  moe_temperature: 0.1500 (0.1500)
2026-04-17 08:02:50 | INFO     | crowdcount.trainer:289 - [ep 810][lr 0.0000877][17.18s]
2026-04-17 08:03:05 | INFO     | crowdcount.trainer:348 - [Eval] mae=81.92  mse=122.87  time=13.2s  best_mae=63.29  best_mse=97.65
2026-04-17 08:03:05 | INFO     | crowdcount.trainer:352 - [Eval] density_mae=63.74  density_mse=107.87  best_density_mae=56.54
2026-04-17 08:03:22 | INFO     | crowdcount.engine:429 - Averaged stats: lr: 0.000088  loss_sum: 0.0255 (0.0357)  losses: 0.0065 (0.0069)  den_loss: 0.0190 (0.0288)  loss_ce: 0.0022 (0.0024)  loss_points: 0.0006 (0.0006)  loss_count: 0.0021 (0.0025)  loss_consistency: 0.0012 (0.0014)  loss_ce_unscaled: 0.0022 (0.0024)  loss_points_unscaled: 2.8812 (3.0117)  loss_count_unscaled: 2.1451 (2.4921)  loss_consistency_unscaled: 1.2157 (1.3951)  den_ssim: 0.0010 (0.0010)  moe_aux_total: 0.0000 (0.0000)  moe_aux_raw: 0.0000 (0.0000)  l_balance: 0.0000 (0.0000)  l_decorr: 0.0000 (0.0000)  moe_temperature: 0.1500 (0.1500)
2026-04-17 08:03:22 | INFO     | crowdcount.trainer:289 - [ep 811][lr 0.0000877][16.98s]
2026-04-17 08:03:37 | INFO     | crowdcount.trainer:348 - [Eval] mae=103.75  mse=149.90  time=13.2s  best_mae=63.29  best_mse=97.65
2026-04-17 08:03:37 | INFO     | crowdcount.trainer:352 - [Eval] density_mae=67.69  density_mse=115.55  best_density_mae=56.54
2026-04-17 08:03:54 | INFO     | crowdcount.engine:429 - Averaged stats: lr: 0.000088  loss_sum: 0.0310 (0.0368)  losses: 0.0067 (0.0069)  den_loss: 0.0251 (0.0299)  loss_ce: 0.0024 (0.0024)  loss_points: 0.0006 (0.0006)  loss_count: 0.0022 (0.0025)  loss_consistency: 0.0013 (0.0014)  loss_ce_unscaled: 0.0024 (0.0024)  loss_points_unscaled: 3.0077 (2.9949)  loss_count_unscaled: 2.2283 (2.4934)  loss_consistency_unscaled: 1.2999 (1.3986)  den_ssim: 0.0010 (0.0010)  moe_aux_total: 0.0000 (0.0000)  moe_aux_raw: 0.0000 (0.0000)  l_balance: 0.0000 (0.0000)  l_decorr: 0.0000 (0.0000)  moe_temperature: 0.1500 (0.1500)
2026-04-17 08:03:54 | INFO     | crowdcount.trainer:289 - [ep 812][lr 0.0000877][16.93s]
2026-04-17 08:04:10 | INFO     | crowdcount.trainer:348 - [Eval] mae=101.18  mse=146.93  time=13.5s  best_mae=63.29  best_mse=97.65
2026-04-17 08:04:10 | INFO     | crowdcount.trainer:352 - [Eval] density_mae=67.57  density_mse=114.18  best_density_mae=56.54
2026-04-17 08:04:27 | INFO     | crowdcount.engine:429 - Averaged stats: lr: 0.000088  loss_sum: 0.0281 (0.0405)  losses: 0.0069 (0.0070)  den_loss: 0.0218 (0.0335)  loss_ce: 0.0025 (0.0024)  loss_points: 0.0006 (0.0006)  loss_count: 0.0023 (0.0026)  loss_consistency: 0.0012 (0.0013)  loss_ce_unscaled: 0.0025 (0.0024)  loss_points_unscaled: 2.8917 (3.0001)  loss_count_unscaled: 2.2935 (2.6351)  loss_consistency_unscaled: 1.2093 (1.3048)  den_ssim: 0.0010 (0.0010)  moe_aux_total: 0.0000 (0.0000)  moe_aux_raw: 0.0000 (0.0000)  l_balance: 0.0000 (0.0000)  l_decorr: 0.0000 (0.0000)  moe_temperature: 0.1500 (0.1500)
2026-04-17 08:04:27 | INFO     | crowdcount.trainer:289 - [ep 813][lr 0.0000876][17.36s]
2026-04-17 08:04:42 | INFO     | crowdcount.trainer:348 - [Eval] mae=83.85  mse=129.68  time=13.0s  best_mae=63.29  best_mse=97.65
2026-04-17 08:04:42 | INFO     | crowdcount.trainer:352 - [Eval] density_mae=69.74  density_mse=121.73  best_density_mae=56.54
2026-04-17 08:04:59 | INFO     | crowdcount.engine:429 - Averaged stats: lr: 0.000088  loss_sum: 0.0325 (0.0370)  losses: 0.0076 (0.0070)  den_loss: 0.0245 (0.0300)  loss_ce: 0.0022 (0.0022)  loss_points: 0.0006 (0.0006)  loss_count: 0.0028 (0.0025)  loss_consistency: 0.0018 (0.0017)  loss_ce_unscaled: 0.0022 (0.0022)  loss_points_unscaled: 2.9960 (3.0286)  loss_count_unscaled: 2.7939 (2.5013)  loss_consistency_unscaled: 1.7606 (1.6685)  den_ssim: 0.0010 (0.0010)  moe_aux_total: 0.0000 (0.0000)  moe_aux_raw: 0.0000 (0.0000)  l_balance: 0.0000 (0.0000)  l_decorr: 0.0000 (0.0000)  moe_temperature: 0.1500 (0.1500)
2026-04-17 08:04:59 | INFO     | crowdcount.trainer:289 - [ep 814][lr 0.0000876][16.93s]
2026-04-17 08:05:14 | INFO     | crowdcount.trainer:348 - [Eval] mae=94.32  mse=135.88  time=13.0s  best_mae=63.29  best_mse=97.65
2026-04-17 08:05:14 | INFO     | crowdcount.trainer:352 - [Eval] density_mae=62.40  density_mse=106.08  best_density_mae=56.54
2026-04-17 08:05:31 | INFO     | crowdcount.engine:429 - Averaged stats: lr: 0.000088  loss_sum: 0.0252 (0.0347)  losses: 0.0062 (0.0066)  den_loss: 0.0198 (0.0280)  loss_ce: 0.0023 (0.0023)  loss_points: 0.0006 (0.0006)  loss_count: 0.0022 (0.0024)  loss_consistency: 0.0012 (0.0013)  loss_ce_unscaled: 0.0023 (0.0023)  loss_points_unscaled: 2.9459 (3.0353)  loss_count_unscaled: 2.1574 (2.3779)  loss_consistency_unscaled: 1.2051 (1.3172)  den_ssim: 0.0010 (0.0010)  moe_aux_total: 0.0000 (0.0000)  moe_aux_raw: 0.0000 (0.0000)  l_balance: 0.0000 (0.0000)  l_decorr: 0.0000 (0.0000)  moe_temperature: 0.1500 (0.1500)
2026-04-17 08:05:31 | INFO     | crowdcount.trainer:289 - [ep 815][lr 0.0000876][17.12s]
2026-04-17 08:05:46 | INFO     | crowdcount.trainer:348 - [Eval] mae=84.63  mse=127.17  time=13.1s  best_mae=63.29  best_mse=97.65
2026-04-17 08:05:46 | INFO     | crowdcount.trainer:352 - [Eval] density_mae=62.66  density_mse=110.49  best_density_mae=56.54
2026-04-17 08:06:03 | INFO     | crowdcount.engine:429 - Averaged stats: lr: 0.000088  loss_sum: 0.0245 (0.0365)  losses: 0.0059 (0.0067)  den_loss: 0.0180 (0.0299)  loss_ce: 0.0019 (0.0023)  loss_points: 0.0006 (0.0006)  loss_count: 0.0019 (0.0024)  loss_consistency: 0.0012 (0.0013)  loss_ce_unscaled: 0.0019 (0.0023)  loss_points_unscaled: 3.0770 (3.0493)  loss_count_unscaled: 1.9455 (2.3850)  loss_consistency_unscaled: 1.2155 (1.3469)  den_ssim: 0.0010 (0.0010)  moe_aux_total: 0.0000 (0.0000)  moe_aux_raw: 0.0000 (0.0000)  l_balance: 0.0000 (0.0000)  l_decorr: 0.0000 (0.0000)  moe_temperature: 0.1500 (0.1500)
2026-04-17 08:06:03 | INFO     | crowdcount.trainer:289 - [ep 816][lr 0.0000875][17.03s]
2026-04-17 08:06:18 | INFO     | crowdcount.trainer:348 - [Eval] mae=85.21  mse=122.28  time=13.3s  best_mae=63.29  best_mse=97.65
2026-04-17 08:06:18 | INFO     | crowdcount.trainer:352 - [Eval] density_mae=64.69  density_mse=111.34  best_density_mae=56.54
2026-04-17 08:06:35 | INFO     | crowdcount.engine:429 - Averaged stats: lr: 0.000088  loss_sum: 0.0262 (0.0366)  losses: 0.0065 (0.0067)  den_loss: 0.0196 (0.0299)  loss_ce: 0.0022 (0.0023)  loss_points: 0.0006 (0.0006)  loss_count: 0.0022 (0.0024)  loss_consistency: 0.0014 (0.0013)  loss_ce_unscaled: 0.0022 (0.0023)  loss_points_unscaled: 3.0566 (3.0595)  loss_count_unscaled: 2.1609 (2.4026)  loss_consistency_unscaled: 1.3724 (1.3493)  den_ssim: 0.0009 (0.0010)  moe_aux_total: 0.0000 (0.0000)  moe_aux_raw: 0.0000 (0.0000)  l_balance: 0.0000 (0.0000)  l_decorr: 0.0000 (0.0000)  moe_temperature: 0.1500 (0.1500)
2026-04-17 08:06:35 | INFO     | crowdcount.trainer:289 - [ep 817][lr 0.0000875][17.03s]
2026-04-17 08:06:50 | INFO     | crowdcount.trainer:348 - [Eval] mae=84.93  mse=127.29  time=12.8s  best_mae=63.29  best_mse=97.65
2026-04-17 08:06:50 | INFO     | crowdcount.trainer:352 - [Eval] density_mae=64.01  density_mse=108.32  best_density_mae=56.54
2026-04-17 08:07:07 | INFO     | crowdcount.engine:429 - Averaged stats: lr: 0.000087  loss_sum: 0.0328 (0.0327)  losses: 0.0061 (0.0067)  den_loss: 0.0249 (0.0261)  loss_ce: 0.0021 (0.0022)  loss_points: 0.0006 (0.0006)  loss_count: 0.0022 (0.0024)  loss_consistency: 0.0013 (0.0014)  loss_ce_unscaled: 0.0021 (0.0022)  loss_points_unscaled: 3.0227 (3.0254)  loss_count_unscaled: 2.1705 (2.3813)  loss_consistency_unscaled: 1.2599 (1.4412)  den_ssim: 0.0009 (0.0010)  moe_aux_total: 0.0000 (0.0000)  moe_aux_raw: 0.0000 (0.0000)  l_balance: 0.0000 (0.0000)  l_decorr: 0.0000 (0.0000)  moe_temperature: 0.1500 (0.1500)
2026-04-17 08:07:07 | INFO     | crowdcount.trainer:289 - [ep 818][lr 0.0000875][16.60s]
2026-04-17 08:07:22 | INFO     | crowdcount.trainer:348 - [Eval] mae=85.31  mse=124.26  time=12.8s  best_mae=63.29  best_mse=97.65
2026-04-17 08:07:22 | INFO     | crowdcount.trainer:352 - [Eval] density_mae=63.45  density_mse=103.93  best_density_mae=56.54
2026-04-17 08:07:39 | INFO     | crowdcount.engine:429 - Averaged stats: lr: 0.000087  loss_sum: 0.0258 (0.0424)  losses: 0.0063 (0.0068)  den_loss: 0.0205 (0.0356)  loss_ce: 0.0023 (0.0024)  loss_points: 0.0006 (0.0006)  loss_count: 0.0022 (0.0025)  loss_consistency: 0.0012 (0.0014)  loss_ce_unscaled: 0.0023 (0.0024)  loss_points_unscaled: 2.9651 (2.9794)  loss_count_unscaled: 2.2049 (2.5099)  loss_consistency_unscaled: 1.2137 (1.3614)  den_ssim: 0.0009 (0.0010)  moe_aux_total: 0.0000 (0.0000)  moe_aux_raw: 0.0000 (0.0000)  l_balance: 0.0000 (0.0000)  l_decorr: 0.0000 (0.0000)  moe_temperature: 0.1500 (0.1500)
2026-04-17 08:07:39 | INFO     | crowdcount.trainer:289 - [ep 819][lr 0.0000874][17.69s]
2026-04-17 08:07:54 | INFO     | crowdcount.trainer:348 - [Eval] mae=86.58  mse=125.80  time=13.0s  best_mae=63.29  best_mse=97.65
2026-04-17 08:07:54 | INFO     | crowdcount.trainer:352 - [Eval] density_mae=63.89  density_mse=108.63  best_density_mae=56.54
2026-04-17 08:08:11 | INFO     | crowdcount.engine:429 - Averaged stats: lr: 0.000087  loss_sum: 0.0254 (0.0321)  losses: 0.0058 (0.0061)  den_loss: 0.0203 (0.0261)  loss_ce: 0.0020 (0.0021)  loss_points: 0.0006 (0.0006)  loss_count: 0.0020 (0.0022)  loss_consistency: 0.0011 (0.0011)  loss_ce_unscaled: 0.0020 (0.0021)  loss_points_unscaled: 3.0486 (3.0675)  loss_count_unscaled: 2.0330 (2.1961)  loss_consistency_unscaled: 1.0609 (1.1062)  den_ssim: 0.0009 (0.0009)  moe_aux_total: 0.0000 (0.0000)  moe_aux_raw: 0.0000 (0.0000)  l_balance: 0.0000 (0.0000)  l_decorr: 0.0000 (0.0000)  moe_temperature: 0.1500 (0.1500)
2026-04-17 08:08:11 | INFO     | crowdcount.trainer:289 - [ep 820][lr 0.0000874][16.71s]
2026-04-17 08:08:26 | INFO     | crowdcount.trainer:348 - [Eval] mae=106.91  mse=152.25  time=13.0s  best_mae=63.29  best_mse=97.65
2026-04-17 08:08:26 | INFO     | crowdcount.trainer:352 - [Eval] density_mae=64.33  density_mse=111.22  best_density_mae=56.54
2026-04-17 08:08:44 | INFO     | crowdcount.engine:429 - Averaged stats: lr: 0.000087  loss_sum: 0.0297 (0.0392)  losses: 0.0065 (0.0069)  den_loss: 0.0224 (0.0323)  loss_ce: 0.0023 (0.0023)  loss_points: 0.0006 (0.0006)  loss_count: 0.0021 (0.0025)  loss_consistency: 0.0015 (0.0014)  loss_ce_unscaled: 0.0023 (0.0023)  loss_points_unscaled: 3.0244 (2.9923)  loss_count_unscaled: 2.0817 (2.5452)  loss_consistency_unscaled: 1.4512 (1.4096)  den_ssim: 0.0010 (0.0010)  moe_aux_total: 0.0000 (0.0000)  moe_aux_raw: 0.0000 (0.0000)  l_balance: 0.0000 (0.0000)  l_decorr: 0.0000 (0.0000)  moe_temperature: 0.1500 (0.1500)
2026-04-17 08:08:44 | INFO     | crowdcount.trainer:289 - [ep 821][lr 0.0000874][17.58s]
2026-04-17 08:08:59 | INFO     | crowdcount.trainer:348 - [Eval] mae=88.04  mse=132.27  time=13.1s  best_mae=63.29  best_mse=97.65
2026-04-17 08:08:59 | INFO     | crowdcount.trainer:352 - [Eval] density_mae=62.48  density_mse=110.62  best_density_mae=56.54
2026-04-17 08:09:16 | INFO     | crowdcount.engine:429 - Averaged stats: lr: 0.000087  loss_sum: 0.0303 (0.0352)  losses: 0.0063 (0.0066)  den_loss: 0.0230 (0.0285)  loss_ce: 0.0024 (0.0024)  loss_points: 0.0006 (0.0006)  loss_count: 0.0018 (0.0023)  loss_consistency: 0.0014 (0.0014)  loss_ce_unscaled: 0.0024 (0.0024)  loss_points_unscaled: 3.0392 (2.9948)  loss_count_unscaled: 1.8254 (2.2801)  loss_consistency_unscaled: 1.3625 (1.3654)  den_ssim: 0.0010 (0.0010)  moe_aux_total: 0.0000 (0.0000)  moe_aux_raw: 0.0000 (0.0000)  l_balance: 0.0000 (0.0000)  l_decorr: 0.0000 (0.0000)  moe_temperature: 0.1500 (0.1500)
2026-04-17 08:09:16 | INFO     | crowdcount.trainer:289 - [ep 822][lr 0.0000874][16.91s]
2026-04-17 08:09:31 | INFO     | crowdcount.trainer:348 - [Eval] mae=85.95  mse=125.83  time=13.2s  best_mae=63.29  best_mse=97.65
2026-04-17 08:09:31 | INFO     | crowdcount.trainer:352 - [Eval] density_mae=64.05  density_mse=107.67  best_density_mae=56.54
2026-04-17 08:09:48 | INFO     | crowdcount.engine:429 - Averaged stats: lr: 0.000087  loss_sum: 0.0266 (0.0345)  losses: 0.0062 (0.0066)  den_loss: 0.0197 (0.0279)  loss_ce: 0.0022 (0.0023)  loss_points: 0.0006 (0.0006)  loss_count: 0.0022 (0.0025)  loss_consistency: 0.0012 (0.0012)  loss_ce_unscaled: 0.0022 (0.0023)  loss_points_unscaled: 3.0970 (3.0106)  loss_count_unscaled: 2.2057 (2.4798)  loss_consistency_unscaled: 1.1677 (1.2472)  den_ssim: 0.0010 (0.0010)  moe_aux_total: 0.0000 (0.0000)  moe_aux_raw: 0.0000 (0.0000)  l_balance: 0.0000 (0.0000)  l_decorr: 0.0000 (0.0000)  moe_temperature: 0.1500 (0.1500)
2026-04-17 08:09:48 | INFO     | crowdcount.trainer:289 - [ep 823][lr 0.0000873][17.30s]
2026-04-17 08:10:03 | INFO     | crowdcount.trainer:348 - [Eval] mae=81.21  mse=122.67  time=13.4s  best_mae=63.29  best_mse=97.65
2026-04-17 08:10:03 | INFO     | crowdcount.trainer:352 - [Eval] density_mae=64.21  density_mse=114.09  best_density_mae=56.54
2026-04-17 08:10:20 | INFO     | crowdcount.engine:429 - Averaged stats: lr: 0.000087  loss_sum: 0.0236 (0.0360)  losses: 0.0066 (0.0068)  den_loss: 0.0181 (0.0293)  loss_ce: 0.0023 (0.0023)  loss_points: 0.0006 (0.0006)  loss_count: 0.0025 (0.0024)  loss_consistency: 0.0015 (0.0015)  loss_ce_unscaled: 0.0023 (0.0023)  loss_points_unscaled: 3.1017 (3.1194)  loss_count_unscaled: 2.4841 (2.4116)  loss_consistency_unscaled: 1.4941 (1.4703)  den_ssim: 0.0010 (0.0010)  moe_aux_total: 0.0000 (0.0000)  moe_aux_raw: 0.0000 (0.0000)  l_balance: 0.0000 (0.0000)  l_decorr: 0.0000 (0.0000)  moe_temperature: 0.1500 (0.1500)
2026-04-17 08:10:20 | INFO     | crowdcount.trainer:289 - [ep 824][lr 0.0000873][16.70s]
2026-04-17 08:10:35 | INFO     | crowdcount.trainer:348 - [Eval] mae=70.21  mse=110.76  time=13.1s  best_mae=63.29  best_mse=97.65
2026-04-17 08:10:35 | INFO     | crowdcount.trainer:352 - [Eval] density_mae=64.38  density_mse=113.59  best_density_mae=56.54
2026-04-17 08:10:53 | INFO     | crowdcount.engine:429 - Averaged stats: lr: 0.000087  loss_sum: 0.0299 (0.0380)  losses: 0.0070 (0.0067)  den_loss: 0.0227 (0.0313)  loss_ce: 0.0025 (0.0023)  loss_points: 0.0006 (0.0006)  loss_count: 0.0024 (0.0025)  loss_consistency: 0.0012 (0.0013)  loss_ce_unscaled: 0.0025 (0.0023)  loss_points_unscaled: 2.9483 (3.0213)  loss_count_unscaled: 2.4449 (2.4780)  loss_consistency_unscaled: 1.2432 (1.3042)  den_ssim: 0.0010 (0.0010)  moe_aux_total: 0.0000 (0.0000)  moe_aux_raw: 0.0000 (0.0000)  l_balance: 0.0000 (0.0000)  l_decorr: 0.0000 (0.0000)  moe_temperature: 0.1500 (0.1500)
2026-04-17 08:10:53 | INFO     | crowdcount.trainer:289 - [ep 825][lr 0.0000873][17.72s]
2026-04-17 08:11:08 | INFO     | crowdcount.trainer:348 - [Eval] mae=73.43  mse=113.23  time=13.4s  best_mae=63.29  best_mse=97.65
2026-04-17 08:11:08 | INFO     | crowdcount.trainer:352 - [Eval] density_mae=69.04  density_mse=117.69  best_density_mae=56.54
2026-04-17 08:11:25 | INFO     | crowdcount.engine:429 - Averaged stats: lr: 0.000087  loss_sum: 0.0239 (0.0345)  losses: 0.0061 (0.0066)  den_loss: 0.0183 (0.0279)  loss_ce: 0.0022 (0.0023)  loss_points: 0.0006 (0.0006)  loss_count: 0.0020 (0.0024)  loss_consistency: 0.0013 (0.0013)  loss_ce_unscaled: 0.0022 (0.0023)  loss_points_unscaled: 3.0823 (3.0661)  loss_count_unscaled: 2.0305 (2.4475)  loss_consistency_unscaled: 1.3118 (1.3032)  den_ssim: 0.0010 (0.0010)  moe_aux_total: 0.0000 (0.0000)  moe_aux_raw: 0.0000 (0.0000)  l_balance: 0.0000 (0.0000)  l_decorr: 0.0000 (0.0000)  moe_temperature: 0.1500 (0.1500)
2026-04-17 08:11:25 | INFO     | crowdcount.trainer:289 - [ep 826][lr 0.0000872][17.20s]
2026-04-17 08:11:41 | INFO     | crowdcount.trainer:348 - [Eval] mae=83.58  mse=125.38  time=13.1s  best_mae=63.29  best_mse=97.65
2026-04-17 08:11:41 | INFO     | crowdcount.trainer:352 - [Eval] density_mae=65.19  density_mse=113.29  best_density_mae=56.54
2026-04-17 08:11:58 | INFO     | crowdcount.engine:429 - Averaged stats: lr: 0.000087  loss_sum: 0.0236 (0.0403)  losses: 0.0062 (0.0069)  den_loss: 0.0185 (0.0335)  loss_ce: 0.0020 (0.0023)  loss_points: 0.0006 (0.0006)  loss_count: 0.0022 (0.0025)  loss_consistency: 0.0014 (0.0015)  loss_ce_unscaled: 0.0020 (0.0023)  loss_points_unscaled: 3.1341 (3.0200)  loss_count_unscaled: 2.1732 (2.4890)  loss_consistency_unscaled: 1.4340 (1.5083)  den_ssim: 0.0009 (0.0010)  moe_aux_total: 0.0000 (0.0000)  moe_aux_raw: 0.0000 (0.0000)  l_balance: 0.0000 (0.0000)  l_decorr: 0.0000 (0.0000)  moe_temperature: 0.1500 (0.1500)
2026-04-17 08:11:58 | INFO     | crowdcount.trainer:289 - [ep 827][lr 0.0000872][17.77s]
2026-04-17 08:12:14 | INFO     | crowdcount.trainer:348 - [Eval] mae=74.63  mse=114.30  time=13.3s  best_mae=63.29  best_mse=97.65
2026-04-17 08:12:14 | INFO     | crowdcount.trainer:352 - [Eval] density_mae=70.94  density_mse=124.76  best_density_mae=56.54
2026-04-17 08:12:31 | INFO     | crowdcount.engine:429 - Averaged stats: lr: 0.000087  loss_sum: 0.0367 (0.0372)  losses: 0.0072 (0.0068)  den_loss: 0.0293 (0.0304)  loss_ce: 0.0025 (0.0023)  loss_points: 0.0006 (0.0006)  loss_count: 0.0027 (0.0026)  loss_consistency: 0.0012 (0.0013)  loss_ce_unscaled: 0.0025 (0.0023)  loss_points_unscaled: 3.0770 (2.9867)  loss_count_unscaled: 2.6548 (2.6172)  loss_consistency_unscaled: 1.2052 (1.2563)  den_ssim: 0.0010 (0.0010)  moe_aux_total: 0.0000 (0.0000)  moe_aux_raw: 0.0000 (0.0000)  l_balance: 0.0000 (0.0000)  l_decorr: 0.0000 (0.0000)  moe_temperature: 0.1500 (0.1500)
2026-04-17 08:12:31 | INFO     | crowdcount.trainer:289 - [ep 828][lr 0.0000872][17.63s]
2026-04-17 08:12:46 | INFO     | crowdcount.trainer:348 - [Eval] mae=83.53  mse=126.72  time=12.9s  best_mae=63.29  best_mse=97.65
2026-04-17 08:12:46 | INFO     | crowdcount.trainer:352 - [Eval] density_mae=65.37  density_mse=114.05  best_density_mae=56.54
2026-04-17 08:13:03 | INFO     | crowdcount.engine:429 - Averaged stats: lr: 0.000087  loss_sum: 0.0256 (0.0378)  losses: 0.0056 (0.0065)  den_loss: 0.0200 (0.0314)  loss_ce: 0.0019 (0.0022)  loss_points: 0.0006 (0.0006)  loss_count: 0.0018 (0.0023)  loss_consistency: 0.0012 (0.0013)  loss_ce_unscaled: 0.0019 (0.0022)  loss_points_unscaled: 3.1621 (3.0720)  loss_count_unscaled: 1.7637 (2.3424)  loss_consistency_unscaled: 1.1979 (1.2729)  den_ssim: 0.0008 (0.0010)  moe_aux_total: 0.0000 (0.0000)  moe_aux_raw: 0.0000 (0.0000)  l_balance: 0.0000 (0.0000)  l_decorr: 0.0000 (0.0000)  moe_temperature: 0.1500 (0.1500)
2026-04-17 08:13:03 | INFO     | crowdcount.trainer:289 - [ep 829][lr 0.0000871][17.21s]
2026-04-17 08:13:19 | INFO     | crowdcount.trainer:348 - [Eval] mae=86.90  mse=128.73  time=13.0s  best_mae=63.29  best_mse=97.65
2026-04-17 08:13:19 | INFO     | crowdcount.trainer:352 - [Eval] density_mae=62.81  density_mse=110.43  best_density_mae=56.54
2026-04-17 08:13:36 | INFO     | crowdcount.engine:429 - Averaged stats: lr: 0.000087  loss_sum: 0.0313 (0.0370)  losses: 0.0063 (0.0065)  den_loss: 0.0255 (0.0305)  loss_ce: 0.0023 (0.0023)  loss_points: 0.0006 (0.0006)  loss_count: 0.0023 (0.0023)  loss_consistency: 0.0012 (0.0013)  loss_ce_unscaled: 0.0023 (0.0023)  loss_points_unscaled: 2.9339 (3.0245)  loss_count_unscaled: 2.2566 (2.3022)  loss_consistency_unscaled: 1.2087 (1.2762)  den_ssim: 0.0010 (0.0010)  moe_aux_total: 0.0000 (0.0000)  moe_aux_raw: 0.0000 (0.0000)  l_balance: 0.0000 (0.0000)  l_decorr: 0.0000 (0.0000)  moe_temperature: 0.1500 (0.1500)
2026-04-17 08:13:36 | INFO     | crowdcount.trainer:289 - [ep 830][lr 0.0000871][17.42s]
2026-04-17 08:13:51 | INFO     | crowdcount.trainer:348 - [Eval] mae=78.42  mse=120.74  time=13.1s  best_mae=63.29  best_mse=97.65
2026-04-17 08:13:51 | INFO     | crowdcount.trainer:352 - [Eval] density_mae=64.96  density_mse=112.20  best_density_mae=56.54
2026-04-17 08:14:07 | INFO     | crowdcount.engine:429 - Averaged stats: lr: 0.000087  loss_sum: 0.0254 (0.0344)  losses: 0.0059 (0.0065)  den_loss: 0.0195 (0.0279)  loss_ce: 0.0021 (0.0023)  loss_points: 0.0006 (0.0006)  loss_count: 0.0021 (0.0024)  loss_consistency: 0.0011 (0.0012)  loss_ce_unscaled: 0.0021 (0.0023)  loss_points_unscaled: 3.0035 (3.0324)  loss_count_unscaled: 2.1500 (2.3826)  loss_consistency_unscaled: 1.1278 (1.2056)  den_ssim: 0.0009 (0.0010)  moe_aux_total: 0.0000 (0.0000)  moe_aux_raw: 0.0000 (0.0000)  l_balance: 0.0000 (0.0000)  l_decorr: 0.0000 (0.0000)  moe_temperature: 0.1500 (0.1500)
2026-04-17 08:14:07 | INFO     | crowdcount.trainer:289 - [ep 831][lr 0.0000871][16.70s]
2026-04-17 08:14:23 | INFO     | crowdcount.trainer:348 - [Eval] mae=85.80  mse=129.66  time=13.2s  best_mae=63.29  best_mse=97.65
2026-04-17 08:14:23 | INFO     | crowdcount.trainer:352 - [Eval] density_mae=64.98  density_mse=115.13  best_density_mae=56.54
2026-04-17 08:14:40 | INFO     | crowdcount.engine:429 - Averaged stats: lr: 0.000087  loss_sum: 0.0217 (0.0359)  losses: 0.0063 (0.0068)  den_loss: 0.0160 (0.0291)  loss_ce: 0.0021 (0.0023)  loss_points: 0.0006 (0.0006)  loss_count: 0.0022 (0.0024)  loss_consistency: 0.0014 (0.0015)  loss_ce_unscaled: 0.0021 (0.0023)  loss_points_unscaled: 3.0599 (3.0138)  loss_count_unscaled: 2.1694 (2.3886)  loss_consistency_unscaled: 1.3692 (1.5163)  den_ssim: 0.0010 (0.0010)  moe_aux_total: 0.0000 (0.0000)  moe_aux_raw: 0.0000 (0.0000)  l_balance: 0.0000 (0.0000)  l_decorr: 0.0000 (0.0000)  moe_temperature: 0.1500 (0.1500)
2026-04-17 08:14:40 | INFO     | crowdcount.trainer:289 - [ep 832][lr 0.0000871][17.03s]
2026-04-17 08:14:55 | INFO     | crowdcount.trainer:348 - [Eval] mae=93.08  mse=137.49  time=13.3s  best_mae=63.29  best_mse=97.65
2026-04-17 08:14:55 | INFO     | crowdcount.trainer:352 - [Eval] density_mae=61.58  density_mse=108.37  best_density_mae=56.54
2026-04-17 08:15:12 | INFO     | crowdcount.engine:429 - Averaged stats: lr: 0.000087  loss_sum: 0.0328 (0.0361)  losses: 0.0059 (0.0067)  den_loss: 0.0264 (0.0294)  loss_ce: 0.0024 (0.0024)  loss_points: 0.0006 (0.0006)  loss_count: 0.0019 (0.0022)  loss_consistency: 0.0014 (0.0014)  loss_ce_unscaled: 0.0024 (0.0024)  loss_points_unscaled: 3.0784 (3.0471)  loss_count_unscaled: 1.9076 (2.2310)  loss_consistency_unscaled: 1.3529 (1.4435)  den_ssim: 0.0010 (0.0010)  moe_aux_total: 0.0000 (0.0000)  moe_aux_raw: 0.0000 (0.0000)  l_balance: 0.0000 (0.0000)  l_decorr: 0.0000 (0.0000)  moe_temperature: 0.1500 (0.1500)
2026-04-17 08:15:12 | INFO     | crowdcount.trainer:289 - [ep 833][lr 0.0000870][16.99s]
2026-04-17 08:15:27 | INFO     | crowdcount.trainer:348 - [Eval] mae=87.86  mse=132.00  time=13.3s  best_mae=63.29  best_mse=97.65
2026-04-17 08:15:27 | INFO     | crowdcount.trainer:352 - [Eval] density_mae=67.04  density_mse=115.15  best_density_mae=56.54
2026-04-17 08:15:44 | INFO     | crowdcount.engine:429 - Averaged stats: lr: 0.000087  loss_sum: 0.0372 (0.0339)  losses: 0.0068 (0.0066)  den_loss: 0.0293 (0.0273)  loss_ce: 0.0023 (0.0022)  loss_points: 0.0006 (0.0006)  loss_count: 0.0025 (0.0023)  loss_consistency: 0.0014 (0.0015)  loss_ce_unscaled: 0.0023 (0.0022)  loss_points_unscaled: 3.0374 (3.0444)  loss_count_unscaled: 2.4634 (2.3124)  loss_consistency_unscaled: 1.3520 (1.5068)  den_ssim: 0.0009 (0.0009)  moe_aux_total: 0.0000 (0.0000)  moe_aux_raw: 0.0000 (0.0000)  l_balance: 0.0000 (0.0000)  l_decorr: 0.0000 (0.0000)  moe_temperature: 0.1500 (0.1500)
2026-04-17 08:15:44 | INFO     | crowdcount.trainer:289 - [ep 834][lr 0.0000870][16.74s]
2026-04-17 08:15:59 | INFO     | crowdcount.trainer:348 - [Eval] mae=83.87  mse=126.31  time=13.4s  best_mae=63.29  best_mse=97.65
2026-04-17 08:15:59 | INFO     | crowdcount.trainer:352 - [Eval] density_mae=64.02  density_mse=109.81  best_density_mae=56.54
2026-04-17 08:16:17 | INFO     | crowdcount.engine:429 - Averaged stats: lr: 0.000087  loss_sum: 0.0258 (0.0339)  losses: 0.0061 (0.0065)  den_loss: 0.0187 (0.0274)  loss_ce: 0.0022 (0.0023)  loss_points: 0.0006 (0.0006)  loss_count: 0.0021 (0.0023)  loss_consistency: 0.0014 (0.0013)  loss_ce_unscaled: 0.0022 (0.0023)  loss_points_unscaled: 2.9712 (3.0132)  loss_count_unscaled: 2.0587 (2.2838)  loss_consistency_unscaled: 1.3779 (1.3186)  den_ssim: 0.0009 (0.0010)  moe_aux_total: 0.0000 (0.0000)  moe_aux_raw: 0.0000 (0.0000)  l_balance: 0.0000 (0.0000)  l_decorr: 0.0000 (0.0000)  moe_temperature: 0.1500 (0.1500)
2026-04-17 08:16:17 | INFO     | crowdcount.trainer:289 - [ep 835][lr 0.0000870][17.62s]
2026-04-17 08:16:32 | INFO     | crowdcount.trainer:348 - [Eval] mae=80.12  mse=125.88  time=13.4s  best_mae=63.29  best_mse=97.65
2026-04-17 08:16:32 | INFO     | crowdcount.trainer:352 - [Eval] density_mae=65.37  density_mse=115.94  best_density_mae=56.54
2026-04-17 08:16:50 | INFO     | crowdcount.engine:429 - Averaged stats: lr: 0.000087  loss_sum: 0.0362 (0.0378)  losses: 0.0066 (0.0064)  den_loss: 0.0291 (0.0314)  loss_ce: 0.0024 (0.0022)  loss_points: 0.0006 (0.0006)  loss_count: 0.0024 (0.0023)  loss_consistency: 0.0012 (0.0012)  loss_ce_unscaled: 0.0024 (0.0022)  loss_points_unscaled: 3.0239 (3.0357)  loss_count_unscaled: 2.3555 (2.2927)  loss_consistency_unscaled: 1.1834 (1.2453)  den_ssim: 0.0009 (0.0010)  moe_aux_total: 0.0000 (0.0000)  moe_aux_raw: 0.0000 (0.0000)  l_balance: 0.0000 (0.0000)  l_decorr: 0.0000 (0.0000)  moe_temperature: 0.1500 (0.1500)
2026-04-17 08:16:50 | INFO     | crowdcount.trainer:289 - [ep 836][lr 0.0000869][17.60s]
2026-04-17 08:17:05 | INFO     | crowdcount.trainer:348 - [Eval] mae=97.22  mse=143.66  time=13.0s  best_mae=63.29  best_mse=97.65
2026-04-17 08:17:05 | INFO     | crowdcount.trainer:352 - [Eval] density_mae=64.48  density_mse=114.88  best_density_mae=56.54
2026-04-17 08:17:22 | INFO     | crowdcount.engine:429 - Averaged stats: lr: 0.000087  loss_sum: 0.0233 (0.0289)  losses: 0.0062 (0.0063)  den_loss: 0.0175 (0.0227)  loss_ce: 0.0020 (0.0022)  loss_points: 0.0006 (0.0006)  loss_count: 0.0018 (0.0022)  loss_consistency: 0.0013 (0.0013)  loss_ce_unscaled: 0.0020 (0.0022)  loss_points_unscaled: 3.0552 (2.9986)  loss_count_unscaled: 1.7641 (2.1713)  loss_consistency_unscaled: 1.2687 (1.3234)  den_ssim: 0.0009 (0.0009)  moe_aux_total: 0.0000 (0.0000)  moe_aux_raw: 0.0000 (0.0000)  l_balance: 0.0000 (0.0000)  l_decorr: 0.0000 (0.0000)  moe_temperature: 0.1500 (0.1500)
2026-04-17 08:17:22 | INFO     | crowdcount.trainer:289 - [ep 837][lr 0.0000869][16.59s]
2026-04-17 08:17:38 | INFO     | crowdcount.trainer:348 - [Eval] mae=84.42  mse=127.71  time=13.7s  best_mae=63.29  best_mse=97.65
2026-04-17 08:17:38 | INFO     | crowdcount.trainer:352 - [Eval] density_mae=61.12  density_mse=105.74  best_density_mae=56.54
2026-04-17 08:17:56 | INFO     | crowdcount.engine:429 - Averaged stats: lr: 0.000087  loss_sum: 0.0304 (0.0426)  losses: 0.0069 (0.0072)  den_loss: 0.0234 (0.0354)  loss_ce: 0.0022 (0.0024)  loss_points: 0.0006 (0.0006)  loss_count: 0.0022 (0.0027)  loss_consistency: 0.0013 (0.0015)  loss_ce_unscaled: 0.0022 (0.0024)  loss_points_unscaled: 2.9574 (3.0181)  loss_count_unscaled: 2.1793 (2.7259)  loss_consistency_unscaled: 1.3089 (1.4890)  den_ssim: 0.0009 (0.0010)  moe_aux_total: 0.0000 (0.0000)  moe_aux_raw: 0.0000 (0.0000)  l_balance: 0.0000 (0.0000)  l_decorr: 0.0000 (0.0000)  moe_temperature: 0.1500 (0.1500)
2026-04-17 08:17:56 | INFO     | crowdcount.trainer:289 - [ep 838][lr 0.0000869][18.47s]
2026-04-17 08:18:11 | INFO     | crowdcount.trainer:348 - [Eval] mae=77.43  mse=121.87  time=13.0s  best_mae=63.29  best_mse=97.65
2026-04-17 08:18:11 | INFO     | crowdcount.trainer:352 - [Eval] density_mae=63.98  density_mse=110.12  best_density_mae=56.54
2026-04-17 08:18:28 | INFO     | crowdcount.engine:429 - Averaged stats: lr: 0.000087  loss_sum: 0.0206 (0.0338)  losses: 0.0054 (0.0064)  den_loss: 0.0156 (0.0274)  loss_ce: 0.0019 (0.0023)  loss_points: 0.0006 (0.0006)  loss_count: 0.0019 (0.0023)  loss_consistency: 0.0011 (0.0012)  loss_ce_unscaled: 0.0019 (0.0023)  loss_points_unscaled: 2.9186 (3.0022)  loss_count_unscaled: 1.8508 (2.2935)  loss_consistency_unscaled: 1.1120 (1.2030)  den_ssim: 0.0009 (0.0009)  moe_aux_total: 0.0000 (0.0000)  moe_aux_raw: 0.0000 (0.0000)  l_balance: 0.0000 (0.0000)  l_decorr: 0.0000 (0.0000)  moe_temperature: 0.1500 (0.1500)
2026-04-17 08:18:28 | INFO     | crowdcount.trainer:289 - [ep 839][lr 0.0000868][16.70s]
2026-04-17 08:18:43 | INFO     | crowdcount.trainer:348 - [Eval] mae=86.57  mse=129.84  time=13.3s  best_mae=63.29  best_mse=97.65
2026-04-17 08:18:43 | INFO     | crowdcount.trainer:352 - [Eval] density_mae=60.71  density_mse=103.70  best_density_mae=56.54
2026-04-17 08:19:00 | INFO     | crowdcount.engine:429 - Averaged stats: lr: 0.000087  loss_sum: 0.0281 (0.0340)  losses: 0.0062 (0.0064)  den_loss: 0.0219 (0.0276)  loss_ce: 0.0022 (0.0023)  loss_points: 0.0006 (0.0006)  loss_count: 0.0020 (0.0022)  loss_consistency: 0.0011 (0.0013)  loss_ce_unscaled: 0.0022 (0.0023)  loss_points_unscaled: 3.0410 (3.0389)  loss_count_unscaled: 2.0281 (2.2260)  loss_consistency_unscaled: 1.1295 (1.2863)  den_ssim: 0.0010 (0.0010)  moe_aux_total: 0.0000 (0.0000)  moe_aux_raw: 0.0000 (0.0000)  l_balance: 0.0000 (0.0000)  l_decorr: 0.0000 (0.0000)  moe_temperature: 0.1500 (0.1500)
2026-04-17 08:19:00 | INFO     | crowdcount.trainer:289 - [ep 840][lr 0.0000868][17.06s]
2026-04-17 08:19:15 | INFO     | crowdcount.trainer:348 - [Eval] mae=85.06  mse=126.05  time=13.0s  best_mae=63.29  best_mse=97.65
2026-04-17 08:19:15 | INFO     | crowdcount.trainer:352 - [Eval] density_mae=62.87  density_mse=107.24  best_density_mae=56.54
2026-04-17 08:19:32 | INFO     | crowdcount.engine:429 - Averaged stats: lr: 0.000087  loss_sum: 0.0256 (0.0347)  losses: 0.0064 (0.0066)  den_loss: 0.0201 (0.0281)  loss_ce: 0.0022 (0.0023)  loss_points: 0.0006 (0.0006)  loss_count: 0.0021 (0.0024)  loss_consistency: 0.0012 (0.0013)  loss_ce_unscaled: 0.0022 (0.0023)  loss_points_unscaled: 3.0021 (3.0177)  loss_count_unscaled: 2.0930 (2.4136)  loss_consistency_unscaled: 1.1736 (1.3209)  den_ssim: 0.0009 (0.0010)  moe_aux_total: 0.0000 (0.0000)  moe_aux_raw: 0.0000 (0.0000)  l_balance: 0.0000 (0.0000)  l_decorr: 0.0000 (0.0000)  moe_temperature: 0.1500 (0.1500)
2026-04-17 08:19:32 | INFO     | crowdcount.trainer:289 - [ep 841][lr 0.0000868][16.53s]
2026-04-17 08:19:47 | INFO     | crowdcount.trainer:348 - [Eval] mae=86.04  mse=128.90  time=13.4s  best_mae=63.29  best_mse=97.65
2026-04-17 08:19:47 | INFO     | crowdcount.trainer:352 - [Eval] density_mae=61.66  density_mse=103.77  best_density_mae=56.54
2026-04-17 08:20:04 | INFO     | crowdcount.engine:429 - Averaged stats: lr: 0.000087  loss_sum: 0.0242 (0.0403)  losses: 0.0060 (0.0067)  den_loss: 0.0183 (0.0337)  loss_ce: 0.0021 (0.0023)  loss_points: 0.0006 (0.0006)  loss_count: 0.0022 (0.0025)  loss_consistency: 0.0012 (0.0012)  loss_ce_unscaled: 0.0021 (0.0023)  loss_points_unscaled: 3.0523 (3.0276)  loss_count_unscaled: 2.2083 (2.5204)  loss_consistency_unscaled: 1.1554 (1.2405)  den_ssim: 0.0009 (0.0010)  moe_aux_total: 0.0000 (0.0000)  moe_aux_raw: 0.0000 (0.0000)  l_balance: 0.0000 (0.0000)  l_decorr: 0.0000 (0.0000)  moe_temperature: 0.1500 (0.1500)
2026-04-17 08:20:04 | INFO     | crowdcount.trainer:289 - [ep 842][lr 0.0000868][17.54s]
2026-04-17 08:20:19 | INFO     | crowdcount.trainer:348 - [Eval] mae=98.72  mse=145.28  time=12.8s  best_mae=63.29  best_mse=97.65
2026-04-17 08:20:19 | INFO     | crowdcount.trainer:352 - [Eval] density_mae=66.21  density_mse=123.44  best_density_mae=56.54
2026-04-17 08:20:36 | INFO     | crowdcount.engine:429 - Averaged stats: lr: 0.000087  loss_sum: 0.0244 (0.0313)  losses: 0.0064 (0.0064)  den_loss: 0.0181 (0.0249)  loss_ce: 0.0023 (0.0023)  loss_points: 0.0006 (0.0006)  loss_count: 0.0022 (0.0023)  loss_consistency: 0.0012 (0.0013)  loss_ce_unscaled: 0.0023 (0.0023)  loss_points_unscaled: 2.9841 (2.9733)  loss_count_unscaled: 2.2278 (2.3157)  loss_consistency_unscaled: 1.2393 (1.2830)  den_ssim: 0.0010 (0.0010)  moe_aux_total: 0.0000 (0.0000)  moe_aux_raw: 0.0000 (0.0000)  l_balance: 0.0000 (0.0000)  l_decorr: 0.0000 (0.0000)  moe_temperature: 0.1500 (0.1500)
2026-04-17 08:20:36 | INFO     | crowdcount.trainer:289 - [ep 843][lr 0.0000867][16.57s]
2026-04-17 08:20:51 | INFO     | crowdcount.trainer:348 - [Eval] mae=83.92  mse=125.18  time=13.2s  best_mae=63.29  best_mse=97.65
2026-04-17 08:20:51 | INFO     | crowdcount.trainer:352 - [Eval] density_mae=58.03  density_mse=102.28  best_density_mae=56.54
2026-04-17 08:21:08 | INFO     | crowdcount.engine:429 - Averaged stats: lr: 0.000087  loss_sum: 0.0275 (0.0336)  losses: 0.0064 (0.0062)  den_loss: 0.0215 (0.0274)  loss_ce: 0.0023 (0.0021)  loss_points: 0.0006 (0.0006)  loss_count: 0.0020 (0.0022)  loss_consistency: 0.0011 (0.0013)  loss_ce_unscaled: 0.0023 (0.0021)  loss_points_unscaled: 3.1097 (3.1272)  loss_count_unscaled: 2.0230 (2.1998)  loss_consistency_unscaled: 1.1292 (1.2576)  den_ssim: 0.0010 (0.0009)  moe_aux_total: 0.0000 (0.0000)  moe_aux_raw: 0.0000 (0.0000)  l_balance: 0.0000 (0.0000)  l_decorr: 0.0000 (0.0000)  moe_temperature: 0.1500 (0.1500)
2026-04-17 08:21:08 | INFO     | crowdcount.trainer:289 - [ep 844][lr 0.0000867][16.91s]
2026-04-17 08:21:23 | INFO     | crowdcount.trainer:348 - [Eval] mae=85.48  mse=127.05  time=12.9s  best_mae=63.29  best_mse=97.65
2026-04-17 08:21:23 | INFO     | crowdcount.trainer:352 - [Eval] density_mae=62.77  density_mse=109.17  best_density_mae=56.54
2026-04-17 08:21:40 | INFO     | crowdcount.engine:429 - Averaged stats: lr: 0.000087  loss_sum: 0.0309 (0.0349)  losses: 0.0064 (0.0065)  den_loss: 0.0242 (0.0283)  loss_ce: 0.0022 (0.0023)  loss_points: 0.0006 (0.0006)  loss_count: 0.0022 (0.0024)  loss_consistency: 0.0014 (0.0013)  loss_ce_unscaled: 0.0022 (0.0023)  loss_points_unscaled: 3.0145 (2.9984)  loss_count_unscaled: 2.1518 (2.3743)  loss_consistency_unscaled: 1.3518 (1.2921)  den_ssim: 0.0009 (0.0010)  moe_aux_total: 0.0000 (0.0000)  moe_aux_raw: 0.0000 (0.0000)  l_balance: 0.0000 (0.0000)  l_decorr: 0.0000 (0.0000)  moe_temperature: 0.1500 (0.1500)
2026-04-17 08:21:40 | INFO     | crowdcount.trainer:289 - [ep 845][lr 0.0000867][16.90s]
2026-04-17 08:21:55 | INFO     | crowdcount.trainer:348 - [Eval] mae=88.73  mse=131.47  time=13.4s  best_mae=63.29  best_mse=97.65
2026-04-17 08:21:55 | INFO     | crowdcount.trainer:352 - [Eval] density_mae=62.36  density_mse=103.97  best_density_mae=56.54
2026-04-17 08:22:12 | INFO     | crowdcount.engine:429 - Averaged stats: lr: 0.000087  loss_sum: 0.0391 (0.0381)  losses: 0.0068 (0.0068)  den_loss: 0.0323 (0.0313)  loss_ce: 0.0024 (0.0023)  loss_points: 0.0006 (0.0006)  loss_count: 0.0025 (0.0025)  loss_consistency: 0.0013 (0.0013)  loss_ce_unscaled: 0.0024 (0.0023)  loss_points_unscaled: 2.9547 (3.0062)  loss_count_unscaled: 2.5112 (2.4980)  loss_consistency_unscaled: 1.2520 (1.3201)  den_ssim: 0.0009 (0.0010)  moe_aux_total: 0.0000 (0.0000)  moe_aux_raw: 0.0000 (0.0000)  l_balance: 0.0000 (0.0000)  l_decorr: 0.0000 (0.0000)  moe_temperature: 0.1500 (0.1500)
2026-04-17 08:22:12 | INFO     | crowdcount.trainer:289 - [ep 846][lr 0.0000866][17.34s]
2026-04-17 08:22:27 | INFO     | crowdcount.trainer:348 - [Eval] mae=95.26  mse=142.33  time=13.0s  best_mae=63.29  best_mse=97.65
2026-04-17 08:22:27 | INFO     | crowdcount.trainer:352 - [Eval] density_mae=63.84  density_mse=110.66  best_density_mae=56.54
2026-04-17 08:22:44 | INFO     | crowdcount.engine:429 - Averaged stats: lr: 0.000087  loss_sum: 0.0327 (0.0348)  losses: 0.0067 (0.0067)  den_loss: 0.0256 (0.0281)  loss_ce: 0.0024 (0.0023)  loss_points: 0.0006 (0.0006)  loss_count: 0.0023 (0.0024)  loss_consistency: 0.0014 (0.0014)  loss_ce_unscaled: 0.0024 (0.0023)  loss_points_unscaled: 3.0291 (2.9780)  loss_count_unscaled: 2.3437 (2.4104)  loss_consistency_unscaled: 1.4300 (1.3585)  den_ssim: 0.0010 (0.0010)  moe_aux_total: 0.0000 (0.0000)  moe_aux_raw: 0.0000 (0.0000)  l_balance: 0.0000 (0.0000)  l_decorr: 0.0000 (0.0000)  moe_temperature: 0.1500 (0.1500)
2026-04-17 08:22:44 | INFO     | crowdcount.trainer:289 - [ep 847][lr 0.0000866][17.00s]
2026-04-17 08:22:59 | INFO     | crowdcount.trainer:348 - [Eval] mae=82.19  mse=127.41  time=13.4s  best_mae=63.29  best_mse=97.65
2026-04-17 08:22:59 | INFO     | crowdcount.trainer:352 - [Eval] density_mae=61.66  density_mse=105.29  best_density_mae=56.54
2026-04-17 08:23:17 | INFO     | crowdcount.engine:429 - Averaged stats: lr: 0.000087  loss_sum: 0.0304 (0.0355)  losses: 0.0061 (0.0064)  den_loss: 0.0236 (0.0291)  loss_ce: 0.0021 (0.0022)  loss_points: 0.0006 (0.0006)  loss_count: 0.0018 (0.0023)  loss_consistency: 0.0011 (0.0013)  loss_ce_unscaled: 0.0021 (0.0022)  loss_points_unscaled: 3.0485 (3.0270)  loss_count_unscaled: 1.7920 (2.3399)  loss_consistency_unscaled: 1.1227 (1.2679)  den_ssim: 0.0009 (0.0009)  moe_aux_total: 0.0000 (0.0000)  moe_aux_raw: 0.0000 (0.0000)  l_balance: 0.0000 (0.0000)  l_decorr: 0.0000 (0.0000)  moe_temperature: 0.1500 (0.1500)
2026-04-17 08:23:17 | INFO     | crowdcount.trainer:289 - [ep 848][lr 0.0000866][17.62s]
2026-04-17 08:23:32 | INFO     | crowdcount.trainer:348 - [Eval] mae=86.88  mse=135.43  time=13.3s  best_mae=63.29  best_mse=97.65
2026-04-17 08:23:32 | INFO     | crowdcount.trainer:352 - [Eval] density_mae=66.96  density_mse=116.46  best_density_mae=56.54
2026-04-17 08:23:49 | INFO     | crowdcount.engine:429 - Averaged stats: lr: 0.000087  loss_sum: 0.0247 (0.0377)  losses: 0.0060 (0.0070)  den_loss: 0.0190 (0.0307)  loss_ce: 0.0021 (0.0023)  loss_points: 0.0006 (0.0006)  loss_count: 0.0020 (0.0026)  loss_consistency: 0.0013 (0.0014)  loss_ce_unscaled: 0.0021 (0.0023)  loss_points_unscaled: 3.0631 (3.0086)  loss_count_unscaled: 1.9995 (2.5877)  loss_consistency_unscaled: 1.2561 (1.4270)  den_ssim: 0.0010 (0.0010)  moe_aux_total: 0.0000 (0.0000)  moe_aux_raw: 0.0000 (0.0000)  l_balance: 0.0000 (0.0000)  l_decorr: 0.0000 (0.0000)  moe_temperature: 0.1500 (0.1500)
2026-04-17 08:23:49 | INFO     | crowdcount.trainer:289 - [ep 849][lr 0.0000865][16.81s]
2026-04-17 08:24:05 | INFO     | crowdcount.trainer:348 - [Eval] mae=89.13  mse=131.06  time=13.4s  best_mae=63.29  best_mse=97.65
2026-04-17 08:24:05 | INFO     | crowdcount.trainer:352 - [Eval] density_mae=66.36  density_mse=119.33  best_density_mae=56.54
2026-04-17 08:24:22 | INFO     | crowdcount.engine:429 - Averaged stats: lr: 0.000087  loss_sum: 0.0307 (0.0350)  losses: 0.0067 (0.0065)  den_loss: 0.0237 (0.0285)  loss_ce: 0.0021 (0.0023)  loss_points: 0.0006 (0.0006)  loss_count: 0.0023 (0.0022)  loss_consistency: 0.0014 (0.0014)  loss_ce_unscaled: 0.0021 (0.0023)  loss_points_unscaled: 3.0712 (3.0834)  loss_count_unscaled: 2.3364 (2.2411)  loss_consistency_unscaled: 1.3621 (1.3728)  den_ssim: 0.0009 (0.0010)  moe_aux_total: 0.0000 (0.0000)  moe_aux_raw: 0.0000 (0.0000)  l_balance: 0.0000 (0.0000)  l_decorr: 0.0000 (0.0000)  moe_temperature: 0.1500 (0.1500)
2026-04-17 08:24:22 | INFO     | crowdcount.trainer:289 - [ep 850][lr 0.0000865][17.45s]
2026-04-17 08:24:37 | INFO     | crowdcount.trainer:348 - [Eval] mae=92.51  mse=134.96  time=13.5s  best_mae=63.29  best_mse=97.65
2026-04-17 08:24:37 | INFO     | crowdcount.trainer:352 - [Eval] density_mae=63.51  density_mse=107.57  best_density_mae=56.54
2026-04-17 08:24:55 | INFO     | crowdcount.engine:429 - Averaged stats: lr: 0.000086  loss_sum: 0.0242 (0.0337)  losses: 0.0060 (0.0064)  den_loss: 0.0184 (0.0273)  loss_ce: 0.0022 (0.0022)  loss_points: 0.0006 (0.0006)  loss_count: 0.0021 (0.0023)  loss_consistency: 0.0012 (0.0013)  loss_ce_unscaled: 0.0022 (0.0022)  loss_points_unscaled: 2.9612 (2.9928)  loss_count_unscaled: 2.0501 (2.2729)  loss_consistency_unscaled: 1.2138 (1.2981)  den_ssim: 0.0010 (0.0010)  moe_aux_total: 0.0000 (0.0000)  moe_aux_raw: 0.0000 (0.0000)  l_balance: 0.0000 (0.0000)  l_decorr: 0.0000 (0.0000)  moe_temperature: 0.1500 (0.1500)
2026-04-17 08:24:55 | INFO     | crowdcount.trainer:289 - [ep 851][lr 0.0000865][17.18s]
2026-04-17 08:25:10 | INFO     | crowdcount.trainer:348 - [Eval] mae=83.99  mse=128.00  time=13.5s  best_mae=63.29  best_mse=97.65
2026-04-17 08:25:10 | INFO     | crowdcount.trainer:352 - [Eval] density_mae=64.13  density_mse=112.08  best_density_mae=56.54
2026-04-17 08:25:27 | INFO     | crowdcount.engine:429 - Averaged stats: lr: 0.000086  loss_sum: 0.0258 (0.0462)  losses: 0.0061 (0.0074)  den_loss: 0.0197 (0.0388)  loss_ce: 0.0022 (0.0024)  loss_points: 0.0006 (0.0006)  loss_count: 0.0019 (0.0027)  loss_consistency: 0.0014 (0.0016)  loss_ce_unscaled: 0.0022 (0.0024)  loss_points_unscaled: 3.0542 (3.0749)  loss_count_unscaled: 1.8662 (2.7064)  loss_consistency_unscaled: 1.3732 (1.6247)  den_ssim: 0.0010 (0.0010)  moe_aux_total: 0.0000 (0.0000)  moe_aux_raw: 0.0000 (0.0000)  l_balance: 0.0000 (0.0000)  l_decorr: 0.0000 (0.0000)  moe_temperature: 0.1500 (0.1500)
2026-04-17 08:25:27 | INFO     | crowdcount.trainer:289 - [ep 852][lr 0.0000864][17.29s]
2026-04-17 08:25:42 | INFO     | crowdcount.trainer:348 - [Eval] mae=86.75  mse=130.44  time=13.0s  best_mae=63.29  best_mse=97.65
2026-04-17 08:25:42 | INFO     | crowdcount.trainer:352 - [Eval] density_mae=62.84  density_mse=107.41  best_density_mae=56.54
2026-04-17 08:25:59 | INFO     | crowdcount.engine:429 - Averaged stats: lr: 0.000086  loss_sum: 0.0399 (0.0398)  losses: 0.0068 (0.0069)  den_loss: 0.0340 (0.0329)  loss_ce: 0.0023 (0.0023)  loss_points: 0.0006 (0.0006)  loss_count: 0.0024 (0.0025)  loss_consistency: 0.0013 (0.0016)  loss_ce_unscaled: 0.0023 (0.0023)  loss_points_unscaled: 3.0324 (3.0369)  loss_count_unscaled: 2.4364 (2.4503)  loss_consistency_unscaled: 1.3455 (1.5618)  den_ssim: 0.0009 (0.0009)  moe_aux_total: 0.0000 (0.0000)  moe_aux_raw: 0.0000 (0.0000)  l_balance: 0.0000 (0.0000)  l_decorr: 0.0000 (0.0000)  moe_temperature: 0.1500 (0.1500)
2026-04-17 08:25:59 | INFO     | crowdcount.trainer:289 - [ep 853][lr 0.0000864][16.92s]
2026-04-17 08:26:14 | INFO     | crowdcount.trainer:348 - [Eval] mae=86.25  mse=130.07  time=13.1s  best_mae=63.29  best_mse=97.65
2026-04-17 08:26:14 | INFO     | crowdcount.trainer:352 - [Eval] density_mae=64.41  density_mse=111.43  best_density_mae=56.54
2026-04-17 08:26:30 | INFO     | crowdcount.engine:429 - Averaged stats: lr: 0.000086  loss_sum: 0.0250 (0.0334)  losses: 0.0062 (0.0065)  den_loss: 0.0196 (0.0269)  loss_ce: 0.0022 (0.0023)  loss_points: 0.0006 (0.0006)  loss_count: 0.0020 (0.0023)  loss_consistency: 0.0014 (0.0014)  loss_ce_unscaled: 0.0022 (0.0023)  loss_points_unscaled: 2.8162 (2.9830)  loss_count_unscaled: 2.0193 (2.2716)  loss_consistency_unscaled: 1.3719 (1.3821)  den_ssim: 0.0009 (0.0009)  moe_aux_total: 0.0000 (0.0000)  moe_aux_raw: 0.0000 (0.0000)  l_balance: 0.0000 (0.0000)  l_decorr: 0.0000 (0.0000)  moe_temperature: 0.1500 (0.1500)
2026-04-17 08:26:30 | INFO     | crowdcount.trainer:289 - [ep 854][lr 0.0000864][16.35s]
2026-04-17 08:26:45 | INFO     | crowdcount.trainer:348 - [Eval] mae=88.49  mse=132.09  time=12.6s  best_mae=63.29  best_mse=97.65
2026-04-17 08:26:45 | INFO     | crowdcount.trainer:352 - [Eval] density_mae=61.56  density_mse=105.41  best_density_mae=56.54
2026-04-17 08:27:02 | INFO     | crowdcount.engine:429 - Averaged stats: lr: 0.000086  loss_sum: 0.0336 (0.0363)  losses: 0.0067 (0.0065)  den_loss: 0.0270 (0.0298)  loss_ce: 0.0024 (0.0023)  loss_points: 0.0006 (0.0006)  loss_count: 0.0024 (0.0024)  loss_consistency: 0.0013 (0.0013)  loss_ce_unscaled: 0.0024 (0.0023)  loss_points_unscaled: 2.9326 (2.9918)  loss_count_unscaled: 2.4008 (2.3742)  loss_consistency_unscaled: 1.2536 (1.3037)  den_ssim: 0.0009 (0.0010)  moe_aux_total: 0.0000 (0.0000)  moe_aux_raw: 0.0000 (0.0000)  l_balance: 0.0000 (0.0000)  l_decorr: 0.0000 (0.0000)  moe_temperature: 0.1500 (0.1500)
2026-04-17 08:27:02 | INFO     | crowdcount.trainer:289 - [ep 855][lr 0.0000864][16.75s]
2026-04-17 08:27:17 | INFO     | crowdcount.trainer:348 - [Eval] mae=89.16  mse=134.12  time=12.9s  best_mae=63.29  best_mse=97.65
2026-04-17 08:27:17 | INFO     | crowdcount.trainer:352 - [Eval] density_mae=61.57  density_mse=106.33  best_density_mae=56.54
2026-04-17 08:27:34 | INFO     | crowdcount.engine:429 - Averaged stats: lr: 0.000086  loss_sum: 0.0286 (0.0405)  losses: 0.0060 (0.0068)  den_loss: 0.0239 (0.0337)  loss_ce: 0.0020 (0.0024)  loss_points: 0.0006 (0.0006)  loss_count: 0.0022 (0.0025)  loss_consistency: 0.0013 (0.0014)  loss_ce_unscaled: 0.0020 (0.0024)  loss_points_unscaled: 3.0123 (2.9886)  loss_count_unscaled: 2.2307 (2.4743)  loss_consistency_unscaled: 1.2714 (1.3561)  den_ssim: 0.0009 (0.0010)  moe_aux_total: 0.0000 (0.0000)  moe_aux_raw: 0.0000 (0.0000)  l_balance: 0.0000 (0.0000)  l_decorr: 0.0000 (0.0000)  moe_temperature: 0.1500 (0.1500)
2026-04-17 08:27:34 | INFO     | crowdcount.trainer:289 - [ep 856][lr 0.0000863][17.29s]
2026-04-17 08:27:49 | INFO     | crowdcount.trainer:348 - [Eval] mae=81.08  mse=122.58  time=13.0s  best_mae=63.29  best_mse=97.65
2026-04-17 08:27:49 | INFO     | crowdcount.trainer:352 - [Eval] density_mae=64.53  density_mse=109.49  best_density_mae=56.54
2026-04-17 08:28:05 | INFO     | crowdcount.engine:429 - Averaged stats: lr: 0.000086  loss_sum: 0.0334 (0.0313)  losses: 0.0063 (0.0065)  den_loss: 0.0281 (0.0248)  loss_ce: 0.0022 (0.0023)  loss_points: 0.0006 (0.0006)  loss_count: 0.0021 (0.0023)  loss_consistency: 0.0012 (0.0013)  loss_ce_unscaled: 0.0022 (0.0023)  loss_points_unscaled: 3.0569 (3.0274)  loss_count_unscaled: 2.0578 (2.2839)  loss_consistency_unscaled: 1.1979 (1.2809)  den_ssim: 0.0010 (0.0010)  moe_aux_total: 0.0000 (0.0000)  moe_aux_raw: 0.0000 (0.0000)  l_balance: 0.0000 (0.0000)  l_decorr: 0.0000 (0.0000)  moe_temperature: 0.1500 (0.1500)
2026-04-17 08:28:05 | INFO     | crowdcount.trainer:289 - [ep 857][lr 0.0000863][16.30s]
2026-04-17 08:28:20 | INFO     | crowdcount.trainer:348 - [Eval] mae=80.63  mse=122.93  time=12.8s  best_mae=63.29  best_mse=97.65
2026-04-17 08:28:20 | INFO     | crowdcount.trainer:352 - [Eval] density_mae=63.13  density_mse=106.24  best_density_mae=56.54
2026-04-17 08:28:36 | INFO     | crowdcount.engine:429 - Averaged stats: lr: 0.000086  loss_sum: 0.0273 (0.0336)  losses: 0.0057 (0.0063)  den_loss: 0.0203 (0.0272)  loss_ce: 0.0019 (0.0022)  loss_points: 0.0006 (0.0006)  loss_count: 0.0018 (0.0022)  loss_consistency: 0.0012 (0.0013)  loss_ce_unscaled: 0.0019 (0.0022)  loss_points_unscaled: 3.0776 (3.0365)  loss_count_unscaled: 1.8428 (2.2420)  loss_consistency_unscaled: 1.2462 (1.3046)  den_ssim: 0.0009 (0.0009)  moe_aux_total: 0.0000 (0.0000)  moe_aux_raw: 0.0000 (0.0000)  l_balance: 0.0000 (0.0000)  l_decorr: 0.0000 (0.0000)  moe_temperature: 0.1500 (0.1500)
2026-04-17 08:28:36 | INFO     | crowdcount.trainer:289 - [ep 858][lr 0.0000863][16.41s]
2026-04-17 08:28:51 | INFO     | crowdcount.trainer:348 - [Eval] mae=84.91  mse=128.95  time=12.7s  best_mae=63.29  best_mse=97.65
2026-04-17 08:28:51 | INFO     | crowdcount.trainer:352 - [Eval] density_mae=65.20  density_mse=112.11  best_density_mae=56.54
2026-04-17 08:29:07 | INFO     | crowdcount.engine:429 - Averaged stats: lr: 0.000086  loss_sum: 0.0295 (0.0333)  losses: 0.0063 (0.0065)  den_loss: 0.0234 (0.0268)  loss_ce: 0.0022 (0.0023)  loss_points: 0.0006 (0.0006)  loss_count: 0.0019 (0.0023)  loss_consistency: 0.0012 (0.0013)  loss_ce_unscaled: 0.0022 (0.0023)  loss_points_unscaled: 3.0131 (2.9979)  loss_count_unscaled: 1.8983 (2.3412)  loss_consistency_unscaled: 1.2350 (1.2928)  den_ssim: 0.0009 (0.0010)  moe_aux_total: 0.0000 (0.0000)  moe_aux_raw: 0.0000 (0.0000)  l_balance: 0.0000 (0.0000)  l_decorr: 0.0000 (0.0000)  moe_temperature: 0.1500 (0.1500)
2026-04-17 08:29:07 | INFO     | crowdcount.trainer:289 - [ep 859][lr 0.0000862][16.16s]
2026-04-17 08:29:22 | INFO     | crowdcount.trainer:348 - [Eval] mae=99.99  mse=146.42  time=12.8s  best_mae=63.29  best_mse=97.65
2026-04-17 08:29:22 | INFO     | crowdcount.trainer:352 - [Eval] density_mae=62.95  density_mse=108.24  best_density_mae=56.54
2026-04-17 08:29:38 | INFO     | crowdcount.engine:429 - Averaged stats: lr: 0.000086  loss_sum: 0.0329 (0.0399)  losses: 0.0065 (0.0067)  den_loss: 0.0280 (0.0332)  loss_ce: 0.0023 (0.0023)  loss_points: 0.0006 (0.0006)  loss_count: 0.0024 (0.0025)  loss_consistency: 0.0011 (0.0013)  loss_ce_unscaled: 0.0023 (0.0023)  loss_points_unscaled: 3.0625 (3.0113)  loss_count_unscaled: 2.4472 (2.5172)  loss_consistency_unscaled: 1.1170 (1.2780)  den_ssim: 0.0009 (0.0010)  moe_aux_total: 0.0000 (0.0000)  moe_aux_raw: 0.0000 (0.0000)  l_balance: 0.0000 (0.0000)  l_decorr: 0.0000 (0.0000)  moe_temperature: 0.1500 (0.1500)
2026-04-17 08:29:38 | INFO     | crowdcount.trainer:289 - [ep 860][lr 0.0000862][16.63s]
2026-04-17 08:29:53 | INFO     | crowdcount.trainer:348 - [Eval] mae=80.10  mse=123.59  time=13.1s  best_mae=63.29  best_mse=97.65
2026-04-17 08:29:53 | INFO     | crowdcount.trainer:352 - [Eval] density_mae=69.71  density_mse=118.02  best_density_mae=56.54
2026-04-17 08:30:10 | INFO     | crowdcount.engine:429 - Averaged stats: lr: 0.000086  loss_sum: 0.0260 (0.0336)  losses: 0.0062 (0.0069)  den_loss: 0.0199 (0.0267)  loss_ce: 0.0019 (0.0022)  loss_points: 0.0006 (0.0006)  loss_count: 0.0023 (0.0025)  loss_consistency: 0.0016 (0.0015)  loss_ce_unscaled: 0.0019 (0.0022)  loss_points_unscaled: 3.0417 (3.0462)  loss_count_unscaled: 2.3332 (2.5274)  loss_consistency_unscaled: 1.5569 (1.5381)  den_ssim: 0.0009 (0.0010)  moe_aux_total: 0.0000 (0.0000)  moe_aux_raw: 0.0000 (0.0000)  l_balance: 0.0000 (0.0000)  l_decorr: 0.0000 (0.0000)  moe_temperature: 0.1500 (0.1500)
2026-04-17 08:30:10 | INFO     | crowdcount.trainer:289 - [ep 861][lr 0.0000862][16.55s]
2026-04-17 08:30:25 | INFO     | crowdcount.trainer:348 - [Eval] mae=73.98  mse=114.71  time=13.0s  best_mae=63.29  best_mse=97.65
2026-04-17 08:30:25 | INFO     | crowdcount.trainer:352 - [Eval] density_mae=68.59  density_mse=115.34  best_density_mae=56.54
2026-04-17 08:30:42 | INFO     | crowdcount.engine:429 - Averaged stats: lr: 0.000086  loss_sum: 0.0320 (0.0359)  losses: 0.0062 (0.0064)  den_loss: 0.0258 (0.0296)  loss_ce: 0.0021 (0.0023)  loss_points: 0.0006 (0.0006)  loss_count: 0.0022 (0.0022)  loss_consistency: 0.0012 (0.0013)  loss_ce_unscaled: 0.0021 (0.0023)  loss_points_unscaled: 3.1445 (3.0159)  loss_count_unscaled: 2.1866 (2.1975)  loss_consistency_unscaled: 1.1772 (1.2964)  den_ssim: 0.0009 (0.0010)  moe_aux_total: 0.0000 (0.0000)  moe_aux_raw: 0.0000 (0.0000)  l_balance: 0.0000 (0.0000)  l_decorr: 0.0000 (0.0000)  moe_temperature: 0.1500 (0.1500)
2026-04-17 08:30:42 | INFO     | crowdcount.trainer:289 - [ep 862][lr 0.0000861][17.23s]
2026-04-17 08:30:57 | INFO     | crowdcount.trainer:348 - [Eval] mae=70.47  mse=115.25  time=12.7s  best_mae=63.29  best_mse=97.65
2026-04-17 08:30:57 | INFO     | crowdcount.trainer:352 - [Eval] density_mae=63.12  density_mse=109.72  best_density_mae=56.54
2026-04-17 08:31:13 | INFO     | crowdcount.engine:429 - Averaged stats: lr: 0.000086  loss_sum: 0.0253 (0.0360)  losses: 0.0066 (0.0069)  den_loss: 0.0186 (0.0291)  loss_ce: 0.0022 (0.0023)  loss_points: 0.0006 (0.0006)  loss_count: 0.0022 (0.0025)  loss_consistency: 0.0014 (0.0015)  loss_ce_unscaled: 0.0022 (0.0023)  loss_points_unscaled: 2.9912 (3.0352)  loss_count_unscaled: 2.2335 (2.4847)  loss_consistency_unscaled: 1.4299 (1.5468)  den_ssim: 0.0009 (0.0010)  moe_aux_total: 0.0000 (0.0000)  moe_aux_raw: 0.0000 (0.0000)  l_balance: 0.0000 (0.0000)  l_decorr: 0.0000 (0.0000)  moe_temperature: 0.1500 (0.1500)
2026-04-17 08:31:13 | INFO     | crowdcount.trainer:289 - [ep 863][lr 0.0000861][16.56s]
2026-04-17 08:31:29 | INFO     | crowdcount.trainer:348 - [Eval] mae=73.24  mse=115.02  time=13.4s  best_mae=63.29  best_mse=97.65
2026-04-17 08:31:29 | INFO     | crowdcount.trainer:352 - [Eval] density_mae=63.44  density_mse=107.20  best_density_mae=56.54
2026-04-17 08:31:45 | INFO     | crowdcount.engine:429 - Averaged stats: lr: 0.000086  loss_sum: 0.0276 (0.0358)  losses: 0.0060 (0.0067)  den_loss: 0.0205 (0.0291)  loss_ce: 0.0020 (0.0023)  loss_points: 0.0006 (0.0006)  loss_count: 0.0021 (0.0024)  loss_consistency: 0.0013 (0.0015)  loss_ce_unscaled: 0.0020 (0.0023)  loss_points_unscaled: 3.0202 (3.0172)  loss_count_unscaled: 2.1154 (2.3616)  loss_consistency_unscaled: 1.3296 (1.4768)  den_ssim: 0.0009 (0.0010)  moe_aux_total: 0.0000 (0.0000)  moe_aux_raw: 0.0000 (0.0000)  l_balance: 0.0000 (0.0000)  l_decorr: 0.0000 (0.0000)  moe_temperature: 0.1500 (0.1500)
2026-04-17 08:31:45 | INFO     | crowdcount.trainer:289 - [ep 864][lr 0.0000861][16.55s]
2026-04-17 08:32:00 | INFO     | crowdcount.trainer:348 - [Eval] mae=74.80  mse=114.85  time=13.1s  best_mae=63.29  best_mse=97.65
2026-04-17 08:32:00 | INFO     | crowdcount.trainer:352 - [Eval] density_mae=64.29  density_mse=109.94  best_density_mae=56.54
2026-04-17 08:32:17 | INFO     | crowdcount.engine:429 - Averaged stats: lr: 0.000086  loss_sum: 0.0256 (0.0371)  losses: 0.0060 (0.0064)  den_loss: 0.0207 (0.0307)  loss_ce: 0.0020 (0.0022)  loss_points: 0.0006 (0.0006)  loss_count: 0.0020 (0.0023)  loss_consistency: 0.0011 (0.0012)  loss_ce_unscaled: 0.0020 (0.0022)  loss_points_unscaled: 3.1187 (2.9859)  loss_count_unscaled: 1.9990 (2.3015)  loss_consistency_unscaled: 1.0965 (1.2264)  den_ssim: 0.0009 (0.0009)  moe_aux_total: 0.0000 (0.0000)  moe_aux_raw: 0.0000 (0.0000)  l_balance: 0.0000 (0.0000)  l_decorr: 0.0000 (0.0000)  moe_temperature: 0.1500 (0.1500)
2026-04-17 08:32:17 | INFO     | crowdcount.trainer:289 - [ep 865][lr 0.0000860][16.73s]
2026-04-17 08:32:32 | INFO     | crowdcount.trainer:348 - [Eval] mae=89.75  mse=129.69  time=13.2s  best_mae=63.29  best_mse=97.65
2026-04-17 08:32:32 | INFO     | crowdcount.trainer:352 - [Eval] density_mae=66.89  density_mse=115.09  best_density_mae=56.54
2026-04-17 08:32:49 | INFO     | crowdcount.engine:429 - Averaged stats: lr: 0.000086  loss_sum: 0.0331 (0.0385)  losses: 0.0061 (0.0066)  den_loss: 0.0272 (0.0319)  loss_ce: 0.0021 (0.0023)  loss_points: 0.0006 (0.0006)  loss_count: 0.0023 (0.0024)  loss_consistency: 0.0014 (0.0014)  loss_ce_unscaled: 0.0021 (0.0023)  loss_points_unscaled: 3.1239 (3.0520)  loss_count_unscaled: 2.2630 (2.3713)  loss_consistency_unscaled: 1.3617 (1.3621)  den_ssim: 0.0009 (0.0010)  moe_aux_total: 0.0000 (0.0000)  moe_aux_raw: 0.0000 (0.0000)  l_balance: 0.0000 (0.0000)  l_decorr: 0.0000 (0.0000)  moe_temperature: 0.1500 (0.1500)
2026-04-17 08:32:49 | INFO     | crowdcount.trainer:289 - [ep 866][lr 0.0000860][17.18s]
2026-04-17 08:33:04 | INFO     | crowdcount.trainer:348 - [Eval] mae=89.57  mse=135.06  time=13.2s  best_mae=63.29  best_mse=97.65
2026-04-17 08:33:04 | INFO     | crowdcount.trainer:352 - [Eval] density_mae=61.67  density_mse=104.36  best_density_mae=56.54
2026-04-17 08:33:22 | INFO     | crowdcount.engine:429 - Averaged stats: lr: 0.000086  loss_sum: 0.0283 (0.0375)  losses: 0.0064 (0.0067)  den_loss: 0.0218 (0.0308)  loss_ce: 0.0023 (0.0023)  loss_points: 0.0006 (0.0006)  loss_count: 0.0022 (0.0024)  loss_consistency: 0.0012 (0.0013)  loss_ce_unscaled: 0.0023 (0.0023)  loss_points_unscaled: 2.9368 (3.0269)  loss_count_unscaled: 2.2336 (2.4285)  loss_consistency_unscaled: 1.2134 (1.3020)  den_ssim: 0.0010 (0.0010)  moe_aux_total: 0.0000 (0.0000)  moe_aux_raw: 0.0000 (0.0000)  l_balance: 0.0000 (0.0000)  l_decorr: 0.0000 (0.0000)  moe_temperature: 0.1500 (0.1500)
2026-04-17 08:33:22 | INFO     | crowdcount.trainer:289 - [ep 867][lr 0.0000860][17.31s]
2026-04-17 08:33:37 | INFO     | crowdcount.trainer:348 - [Eval] mae=69.22  mse=110.11  time=13.3s  best_mae=63.29  best_mse=97.65
2026-04-17 08:33:37 | INFO     | crowdcount.trainer:352 - [Eval] density_mae=61.85  density_mse=101.72  best_density_mae=56.54
2026-04-17 08:33:54 | INFO     | crowdcount.engine:429 - Averaged stats: lr: 0.000086  loss_sum: 0.0261 (0.0343)  losses: 0.0060 (0.0063)  den_loss: 0.0201 (0.0280)  loss_ce: 0.0019 (0.0022)  loss_points: 0.0006 (0.0006)  loss_count: 0.0019 (0.0023)  loss_consistency: 0.0012 (0.0012)  loss_ce_unscaled: 0.0019 (0.0022)  loss_points_unscaled: 2.8848 (2.9414)  loss_count_unscaled: 1.8961 (2.2687)  loss_consistency_unscaled: 1.1689 (1.2303)  den_ssim: 0.0009 (0.0009)  moe_aux_total: 0.0000 (0.0000)  moe_aux_raw: 0.0000 (0.0000)  l_balance: 0.0000 (0.0000)  l_decorr: 0.0000 (0.0000)  moe_temperature: 0.1500 (0.1500)
2026-04-17 08:33:54 | INFO     | crowdcount.trainer:289 - [ep 868][lr 0.0000860][17.25s]
2026-04-17 08:34:09 | INFO     | crowdcount.trainer:348 - [Eval] mae=77.25  mse=123.06  time=13.2s  best_mae=63.29  best_mse=97.65
2026-04-17 08:34:09 | INFO     | crowdcount.trainer:352 - [Eval] density_mae=61.93  density_mse=104.32  best_density_mae=56.54
2026-04-17 08:34:26 | INFO     | crowdcount.engine:429 - Averaged stats: lr: 0.000086  loss_sum: 0.0283 (0.0348)  losses: 0.0056 (0.0065)  den_loss: 0.0234 (0.0282)  loss_ce: 0.0019 (0.0022)  loss_points: 0.0006 (0.0006)  loss_count: 0.0020 (0.0024)  loss_consistency: 0.0012 (0.0012)  loss_ce_unscaled: 0.0019 (0.0022)  loss_points_unscaled: 3.0422 (3.0762)  loss_count_unscaled: 1.9708 (2.4492)  loss_consistency_unscaled: 1.1610 (1.2015)  den_ssim: 0.0009 (0.0010)  moe_aux_total: 0.0000 (0.0000)  moe_aux_raw: 0.0000 (0.0000)  l_balance: 0.0000 (0.0000)  l_decorr: 0.0000 (0.0000)  moe_temperature: 0.1500 (0.1500)
2026-04-17 08:34:26 | INFO     | crowdcount.trainer:289 - [ep 869][lr 0.0000859][17.03s]
2026-04-17 08:34:41 | INFO     | crowdcount.trainer:348 - [Eval] mae=89.92  mse=133.84  time=13.7s  best_mae=63.29  best_mse=97.65
2026-04-17 08:34:41 | INFO     | crowdcount.trainer:352 - [Eval] density_mae=62.12  density_mse=103.55  best_density_mae=56.54
2026-04-17 08:34:59 | INFO     | crowdcount.engine:429 - Averaged stats: lr: 0.000086  loss_sum: 0.0220 (0.0340)  losses: 0.0058 (0.0063)  den_loss: 0.0162 (0.0276)  loss_ce: 0.0019 (0.0021)  loss_points: 0.0006 (0.0006)  loss_count: 0.0020 (0.0023)  loss_consistency: 0.0012 (0.0013)  loss_ce_unscaled: 0.0019 (0.0021)  loss_points_unscaled: 2.9437 (3.0027)  loss_count_unscaled: 1.9877 (2.2561)  loss_consistency_unscaled: 1.1756 (1.3383)  den_ssim: 0.0009 (0.0009)  moe_aux_total: 0.0000 (0.0000)  moe_aux_raw: 0.0000 (0.0000)  l_balance: 0.0000 (0.0000)  l_decorr: 0.0000 (0.0000)  moe_temperature: 0.1500 (0.1500)
2026-04-17 08:34:59 | INFO     | crowdcount.trainer:289 - [ep 870][lr 0.0000859][17.96s]
2026-04-17 08:35:14 | INFO     | crowdcount.trainer:348 - [Eval] mae=95.87  mse=135.77  time=12.9s  best_mae=63.29  best_mse=97.65
2026-04-17 08:35:14 | INFO     | crowdcount.trainer:352 - [Eval] density_mae=63.25  density_mse=101.40  best_density_mae=56.54
2026-04-17 08:35:31 | INFO     | crowdcount.engine:429 - Averaged stats: lr: 0.000086  loss_sum: 0.0257 (0.0334)  losses: 0.0061 (0.0063)  den_loss: 0.0200 (0.0271)  loss_ce: 0.0022 (0.0022)  loss_points: 0.0006 (0.0006)  loss_count: 0.0020 (0.0022)  loss_consistency: 0.0012 (0.0013)  loss_ce_unscaled: 0.0022 (0.0022)  loss_points_unscaled: 2.9759 (2.9829)  loss_count_unscaled: 2.0246 (2.2456)  loss_consistency_unscaled: 1.2011 (1.2561)  den_ssim: 0.0009 (0.0009)  moe_aux_total: 0.0000 (0.0000)  moe_aux_raw: 0.0000 (0.0000)  l_balance: 0.0000 (0.0000)  l_decorr: 0.0000 (0.0000)  moe_temperature: 0.1500 (0.1500)
2026-04-17 08:35:31 | INFO     | crowdcount.trainer:289 - [ep 871][lr 0.0000859][16.97s]
2026-04-17 08:35:46 | INFO     | crowdcount.trainer:348 - [Eval] mae=95.86  mse=137.68  time=13.0s  best_mae=63.29  best_mse=97.65
2026-04-17 08:35:46 | INFO     | crowdcount.trainer:352 - [Eval] density_mae=60.35  density_mse=99.01  best_density_mae=56.54
2026-04-17 08:36:03 | INFO     | crowdcount.engine:429 - Averaged stats: lr: 0.000086  loss_sum: 0.0271 (0.0322)  losses: 0.0060 (0.0068)  den_loss: 0.0215 (0.0255)  loss_ce: 0.0020 (0.0023)  loss_points: 0.0006 (0.0006)  loss_count: 0.0022 (0.0024)  loss_consistency: 0.0016 (0.0015)  loss_ce_unscaled: 0.0020 (0.0023)  loss_points_unscaled: 3.0373 (2.9997)  loss_count_unscaled: 2.1537 (2.4000)  loss_consistency_unscaled: 1.5532 (1.4637)  den_ssim: 0.0010 (0.0010)  moe_aux_total: 0.0000 (0.0000)  moe_aux_raw: 0.0000 (0.0000)  l_balance: 0.0000 (0.0000)  l_decorr: 0.0000 (0.0000)  moe_temperature: 0.1500 (0.1500)
2026-04-17 08:36:03 | INFO     | crowdcount.trainer:289 - [ep 872][lr 0.0000858][17.21s]
2026-04-17 08:36:18 | INFO     | crowdcount.trainer:348 - [Eval] mae=80.30  mse=120.76  time=12.6s  best_mae=63.29  best_mse=97.65
2026-04-17 08:36:18 | INFO     | crowdcount.trainer:352 - [Eval] density_mae=62.08  density_mse=102.85  best_density_mae=56.54
2026-04-17 08:36:35 | INFO     | crowdcount.engine:429 - Averaged stats: lr: 0.000086  loss_sum: 0.0266 (0.0389)  losses: 0.0061 (0.0071)  den_loss: 0.0200 (0.0318)  loss_ce: 0.0020 (0.0024)  loss_points: 0.0006 (0.0006)  loss_count: 0.0020 (0.0026)  loss_consistency: 0.0014 (0.0014)  loss_ce_unscaled: 0.0020 (0.0024)  loss_points_unscaled: 2.9570 (3.0258)  loss_count_unscaled: 2.0084 (2.5976)  loss_consistency_unscaled: 1.3573 (1.4324)  den_ssim: 0.0009 (0.0010)  moe_aux_total: 0.0000 (0.0000)  moe_aux_raw: 0.0000 (0.0000)  l_balance: 0.0000 (0.0000)  l_decorr: 0.0000 (0.0000)  moe_temperature: 0.1500 (0.1500)
2026-04-17 08:36:35 | INFO     | crowdcount.trainer:289 - [ep 873][lr 0.0000858][16.74s]
2026-04-17 08:36:50 | INFO     | crowdcount.trainer:348 - [Eval] mae=88.65  mse=133.21  time=12.8s  best_mae=63.29  best_mse=97.65
2026-04-17 08:36:50 | INFO     | crowdcount.trainer:352 - [Eval] density_mae=64.27  density_mse=107.02  best_density_mae=56.54
2026-04-17 08:37:07 | INFO     | crowdcount.engine:429 - Averaged stats: lr: 0.000086  loss_sum: 0.0313 (0.0340)  losses: 0.0058 (0.0062)  den_loss: 0.0239 (0.0278)  loss_ce: 0.0020 (0.0022)  loss_points: 0.0006 (0.0006)  loss_count: 0.0020 (0.0021)  loss_consistency: 0.0012 (0.0012)  loss_ce_unscaled: 0.0020 (0.0022)  loss_points_unscaled: 3.0214 (3.0754)  loss_count_unscaled: 2.0138 (2.1369)  loss_consistency_unscaled: 1.1988 (1.2095)  den_ssim: 0.0009 (0.0009)  moe_aux_total: 0.0000 (0.0000)  moe_aux_raw: 0.0000 (0.0000)  l_balance: 0.0000 (0.0000)  l_decorr: 0.0000 (0.0000)  moe_temperature: 0.1500 (0.1500)
2026-04-17 08:37:07 | INFO     | crowdcount.trainer:289 - [ep 874][lr 0.0000858][17.00s]
2026-04-17 08:37:22 | INFO     | crowdcount.trainer:348 - [Eval] mae=85.48  mse=131.76  time=13.2s  best_mae=63.29  best_mse=97.65
2026-04-17 08:37:22 | INFO     | crowdcount.trainer:352 - [Eval] density_mae=67.58  density_mse=112.50  best_density_mae=56.54
2026-04-17 08:37:39 | INFO     | crowdcount.engine:429 - Averaged stats: lr: 0.000086  loss_sum: 0.0319 (0.0375)  losses: 0.0064 (0.0068)  den_loss: 0.0252 (0.0308)  loss_ce: 0.0022 (0.0023)  loss_points: 0.0006 (0.0006)  loss_count: 0.0023 (0.0026)  loss_consistency: 0.0013 (0.0013)  loss_ce_unscaled: 0.0022 (0.0023)  loss_points_unscaled: 2.9124 (2.9802)  loss_count_unscaled: 2.3468 (2.5574)  loss_consistency_unscaled: 1.2571 (1.2802)  den_ssim: 0.0010 (0.0010)  moe_aux_total: 0.0000 (0.0000)  moe_aux_raw: 0.0000 (0.0000)  l_balance: 0.0000 (0.0000)  l_decorr: 0.0000 (0.0000)  moe_temperature: 0.1500 (0.1500)
2026-04-17 08:37:39 | INFO     | crowdcount.trainer:289 - [ep 875][lr 0.0000857][16.64s]
2026-04-17 08:37:54 | INFO     | crowdcount.trainer:348 - [Eval] mae=77.14  mse=118.21  time=13.0s  best_mae=63.29  best_mse=97.65
2026-04-17 08:37:54 | INFO     | crowdcount.trainer:352 - [Eval] density_mae=64.38  density_mse=103.85  best_density_mae=56.54
2026-04-17 08:38:11 | INFO     | crowdcount.engine:429 - Averaged stats: lr: 0.000086  loss_sum: 0.0301 (0.0395)  losses: 0.0059 (0.0066)  den_loss: 0.0251 (0.0329)  loss_ce: 0.0018 (0.0022)  loss_points: 0.0006 (0.0006)  loss_count: 0.0020 (0.0023)  loss_consistency: 0.0012 (0.0015)  loss_ce_unscaled: 0.0018 (0.0022)  loss_points_unscaled: 3.0906 (3.0392)  loss_count_unscaled: 1.9593 (2.2882)  loss_consistency_unscaled: 1.2024 (1.5034)  den_ssim: 0.0008 (0.0009)  moe_aux_total: 0.0000 (0.0000)  moe_aux_raw: 0.0000 (0.0000)  l_balance: 0.0000 (0.0000)  l_decorr: 0.0000 (0.0000)  moe_temperature: 0.1500 (0.1500)
2026-04-17 08:38:11 | INFO     | crowdcount.trainer:289 - [ep 876][lr 0.0000857][17.02s]
2026-04-17 08:38:26 | INFO     | crowdcount.trainer:348 - [Eval] mae=82.56  mse=121.94  time=13.0s  best_mae=63.29  best_mse=97.65
2026-04-17 08:38:26 | INFO     | crowdcount.trainer:352 - [Eval] density_mae=65.22  density_mse=113.18  best_density_mae=56.54
2026-04-17 08:38:43 | INFO     | crowdcount.engine:429 - Averaged stats: lr: 0.000086  loss_sum: 0.0361 (0.0384)  losses: 0.0062 (0.0069)  den_loss: 0.0303 (0.0315)  loss_ce: 0.0020 (0.0023)  loss_points: 0.0006 (0.0006)  loss_count: 0.0022 (0.0025)  loss_consistency: 0.0012 (0.0014)  loss_ce_unscaled: 0.0020 (0.0023)  loss_points_unscaled: 3.0740 (3.0130)  loss_count_unscaled: 2.2463 (2.5323)  loss_consistency_unscaled: 1.2226 (1.4473)  den_ssim: 0.0010 (0.0010)  moe_aux_total: 0.0000 (0.0000)  moe_aux_raw: 0.0000 (0.0000)  l_balance: 0.0000 (0.0000)  l_decorr: 0.0000 (0.0000)  moe_temperature: 0.1500 (0.1500)
2026-04-17 08:38:43 | INFO     | crowdcount.trainer:289 - [ep 877][lr 0.0000857][17.09s]
2026-04-17 08:38:58 | INFO     | crowdcount.trainer:348 - [Eval] mae=82.18  mse=126.66  time=13.2s  best_mae=63.29  best_mse=97.65
2026-04-17 08:38:58 | INFO     | crowdcount.trainer:352 - [Eval] density_mae=64.15  density_mse=111.29  best_density_mae=56.54
2026-04-17 08:39:15 | INFO     | crowdcount.engine:429 - Averaged stats: lr: 0.000086  loss_sum: 0.0308 (0.0356)  losses: 0.0065 (0.0067)  den_loss: 0.0243 (0.0289)  loss_ce: 0.0023 (0.0023)  loss_points: 0.0006 (0.0006)  loss_count: 0.0020 (0.0022)  loss_consistency: 0.0016 (0.0016)  loss_ce_unscaled: 0.0023 (0.0023)  loss_points_unscaled: 3.0583 (3.0181)  loss_count_unscaled: 2.0320 (2.2268)  loss_consistency_unscaled: 1.6037 (1.5540)  den_ssim: 0.0010 (0.0010)  moe_aux_total: 0.0000 (0.0000)  moe_aux_raw: 0.0000 (0.0000)  l_balance: 0.0000 (0.0000)  l_decorr: 0.0000 (0.0000)  moe_temperature: 0.1500 (0.1500)
2026-04-17 08:39:15 | INFO     | crowdcount.trainer:289 - [ep 878][lr 0.0000856][16.81s]
2026-04-17 08:39:29 | INFO     | crowdcount.trainer:348 - [Eval] mae=87.66  mse=131.18  time=12.7s  best_mae=63.29  best_mse=97.65
2026-04-17 08:39:29 | INFO     | crowdcount.trainer:352 - [Eval] density_mae=61.55  density_mse=108.06  best_density_mae=56.54
2026-04-17 08:39:46 | INFO     | crowdcount.engine:429 - Averaged stats: lr: 0.000086  loss_sum: 0.0287 (0.0367)  losses: 0.0058 (0.0063)  den_loss: 0.0239 (0.0304)  loss_ce: 0.0019 (0.0022)  loss_points: 0.0006 (0.0006)  loss_count: 0.0019 (0.0022)  loss_consistency: 0.0012 (0.0013)  loss_ce_unscaled: 0.0019 (0.0022)  loss_points_unscaled: 3.0722 (3.0599)  loss_count_unscaled: 1.8644 (2.2141)  loss_consistency_unscaled: 1.1511 (1.2675)  den_ssim: 0.0009 (0.0010)  moe_aux_total: 0.0000 (0.0000)  moe_aux_raw: 0.0000 (0.0000)  l_balance: 0.0000 (0.0000)  l_decorr: 0.0000 (0.0000)  moe_temperature: 0.1500 (0.1500)
2026-04-17 08:39:46 | INFO     | crowdcount.trainer:289 - [ep 879][lr 0.0000856][16.66s]
2026-04-17 08:40:01 | INFO     | crowdcount.trainer:348 - [Eval] mae=90.43  mse=131.41  time=13.0s  best_mae=63.29  best_mse=97.65
2026-04-17 08:40:01 | INFO     | crowdcount.trainer:352 - [Eval] density_mae=59.63  density_mse=106.72  best_density_mae=56.54
2026-04-17 08:40:17 | INFO     | crowdcount.engine:429 - Averaged stats: lr: 0.000086  loss_sum: 0.0202 (0.0309)  losses: 0.0055 (0.0065)  den_loss: 0.0149 (0.0243)  loss_ce: 0.0022 (0.0022)  loss_points: 0.0006 (0.0006)  loss_count: 0.0019 (0.0023)  loss_consistency: 0.0012 (0.0014)  loss_ce_unscaled: 0.0022 (0.0022)  loss_points_unscaled: 2.9944 (3.0163)  loss_count_unscaled: 1.9244 (2.2721)  loss_consistency_unscaled: 1.2456 (1.4381)  den_ssim: 0.0010 (0.0009)  moe_aux_total: 0.0000 (0.0000)  moe_aux_raw: 0.0000 (0.0000)  l_balance: 0.0000 (0.0000)  l_decorr: 0.0000 (0.0000)  moe_temperature: 0.1500 (0.1500)
2026-04-17 08:40:17 | INFO     | crowdcount.trainer:289 - [ep 880][lr 0.0000856][16.48s]
2026-04-17 08:40:32 | INFO     | crowdcount.trainer:348 - [Eval] mae=106.46  mse=147.49  time=12.9s  best_mae=63.29  best_mse=97.65
2026-04-17 08:40:32 | INFO     | crowdcount.trainer:352 - [Eval] density_mae=67.92  density_mse=109.86  best_density_mae=56.54
2026-04-17 08:40:49 | INFO     | crowdcount.engine:429 - Averaged stats: lr: 0.000086  loss_sum: 0.0279 (0.0385)  losses: 0.0063 (0.0068)  den_loss: 0.0226 (0.0316)  loss_ce: 0.0023 (0.0024)  loss_points: 0.0006 (0.0006)  loss_count: 0.0021 (0.0025)  loss_consistency: 0.0013 (0.0013)  loss_ce_unscaled: 0.0023 (0.0024)  loss_points_unscaled: 3.0370 (2.9708)  loss_count_unscaled: 2.1493 (2.5204)  loss_consistency_unscaled: 1.2972 (1.3246)  den_ssim: 0.0010 (0.0010)  moe_aux_total: 0.0000 (0.0000)  moe_aux_raw: 0.0000 (0.0000)  l_balance: 0.0000 (0.0000)  l_decorr: 0.0000 (0.0000)  moe_temperature: 0.1500 (0.1500)
2026-04-17 08:40:49 | INFO     | crowdcount.trainer:289 - [ep 881][lr 0.0000855][16.69s]
2026-04-17 08:41:04 | INFO     | crowdcount.trainer:348 - [Eval] mae=77.74  mse=120.71  time=13.0s  best_mae=63.29  best_mse=97.65
2026-04-17 08:41:04 | INFO     | crowdcount.trainer:352 - [Eval] density_mae=61.23  density_mse=107.01  best_density_mae=56.54
2026-04-17 08:41:21 | INFO     | crowdcount.engine:429 - Averaged stats: lr: 0.000086  loss_sum: 0.0296 (0.0391)  losses: 0.0058 (0.0063)  den_loss: 0.0242 (0.0328)  loss_ce: 0.0021 (0.0023)  loss_points: 0.0006 (0.0006)  loss_count: 0.0020 (0.0022)  loss_consistency: 0.0012 (0.0012)  loss_ce_unscaled: 0.0021 (0.0023)  loss_points_unscaled: 2.9619 (2.9787)  loss_count_unscaled: 1.9633 (2.1715)  loss_consistency_unscaled: 1.2122 (1.2285)  den_ssim: 0.0010 (0.0010)  moe_aux_total: 0.0000 (0.0000)  moe_aux_raw: 0.0000 (0.0000)  l_balance: 0.0000 (0.0000)  l_decorr: 0.0000 (0.0000)  moe_temperature: 0.1500 (0.1500)
2026-04-17 08:41:21 | INFO     | crowdcount.trainer:289 - [ep 882][lr 0.0000855][16.89s]
2026-04-17 08:41:36 | INFO     | crowdcount.trainer:348 - [Eval] mae=90.76  mse=132.91  time=13.2s  best_mae=63.29  best_mse=97.65
2026-04-17 08:41:36 | INFO     | crowdcount.trainer:352 - [Eval] density_mae=63.27  density_mse=105.29  best_density_mae=56.54
2026-04-17 08:41:53 | INFO     | crowdcount.engine:429 - Averaged stats: lr: 0.000085  loss_sum: 0.0327 (0.0380)  losses: 0.0064 (0.0065)  den_loss: 0.0264 (0.0314)  loss_ce: 0.0025 (0.0023)  loss_points: 0.0006 (0.0006)  loss_count: 0.0023 (0.0024)  loss_consistency: 0.0012 (0.0012)  loss_ce_unscaled: 0.0025 (0.0023)  loss_points_unscaled: 2.9432 (3.0122)  loss_count_unscaled: 2.2653 (2.4237)  loss_consistency_unscaled: 1.1655 (1.1778)  den_ssim: 0.0010 (0.0010)  moe_aux_total: 0.0000 (0.0000)  moe_aux_raw: 0.0000 (0.0000)  l_balance: 0.0000 (0.0000)  l_decorr: 0.0000 (0.0000)  moe_temperature: 0.1500 (0.1500)
2026-04-17 08:41:53 | INFO     | crowdcount.trainer:289 - [ep 883][lr 0.0000855][17.25s]
2026-04-17 08:42:08 | INFO     | crowdcount.trainer:348 - [Eval] mae=93.75  mse=136.58  time=12.9s  best_mae=63.29  best_mse=97.65
2026-04-17 08:42:08 | INFO     | crowdcount.trainer:352 - [Eval] density_mae=61.82  density_mse=106.97  best_density_mae=56.54
2026-04-17 08:42:25 | INFO     | crowdcount.engine:429 - Averaged stats: lr: 0.000085  loss_sum: 0.0260 (0.0378)  losses: 0.0055 (0.0066)  den_loss: 0.0210 (0.0312)  loss_ce: 0.0020 (0.0023)  loss_points: 0.0006 (0.0006)  loss_count: 0.0022 (0.0024)  loss_consistency: 0.0012 (0.0013)  loss_ce_unscaled: 0.0020 (0.0023)  loss_points_unscaled: 2.9791 (3.0060)  loss_count_unscaled: 2.1526 (2.4383)  loss_consistency_unscaled: 1.1535 (1.3024)  den_ssim: 0.0009 (0.0010)  moe_aux_total: 0.0000 (0.0000)  moe_aux_raw: 0.0000 (0.0000)  l_balance: 0.0000 (0.0000)  l_decorr: 0.0000 (0.0000)  moe_temperature: 0.1500 (0.1500)
2026-04-17 08:42:25 | INFO     | crowdcount.trainer:289 - [ep 884][lr 0.0000855][16.75s]
2026-04-17 08:42:40 | INFO     | crowdcount.trainer:348 - [Eval] mae=99.51  mse=146.10  time=12.9s  best_mae=63.29  best_mse=97.65
2026-04-17 08:42:40 | INFO     | crowdcount.trainer:352 - [Eval] density_mae=62.96  density_mse=111.38  best_density_mae=56.54
2026-04-17 08:42:56 | INFO     | crowdcount.engine:429 - Averaged stats: lr: 0.000085  loss_sum: 0.0279 (0.0310)  losses: 0.0059 (0.0062)  den_loss: 0.0219 (0.0248)  loss_ce: 0.0022 (0.0022)  loss_points: 0.0006 (0.0006)  loss_count: 0.0021 (0.0022)  loss_consistency: 0.0011 (0.0012)  loss_ce_unscaled: 0.0022 (0.0022)  loss_points_unscaled: 3.0402 (3.0070)  loss_count_unscaled: 2.0614 (2.1611)  loss_consistency_unscaled: 1.1286 (1.2120)  den_ssim: 0.0010 (0.0010)  moe_aux_total: 0.0000 (0.0000)  moe_aux_raw: 0.0000 (0.0000)  l_balance: 0.0000 (0.0000)  l_decorr: 0.0000 (0.0000)  moe_temperature: 0.1500 (0.1500)
2026-04-17 08:42:56 | INFO     | crowdcount.trainer:289 - [ep 885][lr 0.0000854][16.52s]
2026-04-17 08:43:11 | INFO     | crowdcount.trainer:348 - [Eval] mae=86.55  mse=131.38  time=13.1s  best_mae=63.29  best_mse=97.65
2026-04-17 08:43:11 | INFO     | crowdcount.trainer:352 - [Eval] density_mae=61.69  density_mse=103.33  best_density_mae=56.54
2026-04-17 08:43:29 | INFO     | crowdcount.engine:429 - Averaged stats: lr: 0.000085  loss_sum: 0.0275 (0.0407)  losses: 0.0064 (0.0066)  den_loss: 0.0217 (0.0341)  loss_ce: 0.0023 (0.0023)  loss_points: 0.0006 (0.0006)  loss_count: 0.0020 (0.0024)  loss_consistency: 0.0012 (0.0013)  loss_ce_unscaled: 0.0023 (0.0023)  loss_points_unscaled: 2.9727 (2.9956)  loss_count_unscaled: 2.0007 (2.3534)  loss_consistency_unscaled: 1.1662 (1.2784)  den_ssim: 0.0010 (0.0009)  moe_aux_total: 0.0000 (0.0000)  moe_aux_raw: 0.0000 (0.0000)  l_balance: 0.0000 (0.0000)  l_decorr: 0.0000 (0.0000)  moe_temperature: 0.1500 (0.1500)
2026-04-17 08:43:29 | INFO     | crowdcount.trainer:289 - [ep 886][lr 0.0000854][17.70s]
2026-04-17 08:43:44 | INFO     | crowdcount.trainer:348 - [Eval] mae=91.84  mse=137.54  time=13.3s  best_mae=63.29  best_mse=97.65
2026-04-17 08:43:44 | INFO     | crowdcount.trainer:352 - [Eval] density_mae=61.14  density_mse=103.00  best_density_mae=56.54
2026-04-17 08:44:01 | INFO     | crowdcount.engine:429 - Averaged stats: lr: 0.000085  loss_sum: 0.0278 (0.0404)  losses: 0.0064 (0.0068)  den_loss: 0.0209 (0.0336)  loss_ce: 0.0024 (0.0023)  loss_points: 0.0006 (0.0006)  loss_count: 0.0021 (0.0025)  loss_consistency: 0.0014 (0.0013)  loss_ce_unscaled: 0.0024 (0.0023)  loss_points_unscaled: 3.1480 (3.0720)  loss_count_unscaled: 2.1208 (2.5193)  loss_consistency_unscaled: 1.4103 (1.3339)  den_ssim: 0.0010 (0.0010)  moe_aux_total: 0.0000 (0.0000)  moe_aux_raw: 0.0000 (0.0000)  l_balance: 0.0000 (0.0000)  l_decorr: 0.0000 (0.0000)  moe_temperature: 0.1500 (0.1500)
2026-04-17 08:44:01 | INFO     | crowdcount.trainer:289 - [ep 887][lr 0.0000854][16.72s]
2026-04-17 08:44:16 | INFO     | crowdcount.trainer:348 - [Eval] mae=92.71  mse=138.65  time=13.0s  best_mae=63.29  best_mse=97.65
2026-04-17 08:44:16 | INFO     | crowdcount.trainer:352 - [Eval] density_mae=62.38  density_mse=102.62  best_density_mae=56.54
2026-04-17 08:44:32 | INFO     | crowdcount.engine:429 - Averaged stats: lr: 0.000085  loss_sum: 0.0261 (0.0326)  losses: 0.0059 (0.0063)  den_loss: 0.0207 (0.0263)  loss_ce: 0.0021 (0.0022)  loss_points: 0.0006 (0.0006)  loss_count: 0.0019 (0.0022)  loss_consistency: 0.0012 (0.0013)  loss_ce_unscaled: 0.0021 (0.0022)  loss_points_unscaled: 2.8616 (3.0011)  loss_count_unscaled: 1.9479 (2.2059)  loss_consistency_unscaled: 1.1780 (1.2703)  den_ssim: 0.0009 (0.0009)  moe_aux_total: 0.0000 (0.0000)  moe_aux_raw: 0.0000 (0.0000)  l_balance: 0.0000 (0.0000)  l_decorr: 0.0000 (0.0000)  moe_temperature: 0.1500 (0.1500)
2026-04-17 08:44:32 | INFO     | crowdcount.trainer:289 - [ep 888][lr 0.0000853][16.23s]
2026-04-17 08:44:47 | INFO     | crowdcount.trainer:348 - [Eval] mae=93.24  mse=138.58  time=12.6s  best_mae=63.29  best_mse=97.65
2026-04-17 08:44:47 | INFO     | crowdcount.trainer:352 - [Eval] density_mae=62.37  density_mse=105.78  best_density_mae=56.54
2026-04-17 08:45:04 | INFO     | crowdcount.engine:429 - Averaged stats: lr: 0.000085  loss_sum: 0.0349 (0.0396)  losses: 0.0067 (0.0067)  den_loss: 0.0274 (0.0329)  loss_ce: 0.0023 (0.0023)  loss_points: 0.0006 (0.0006)  loss_count: 0.0024 (0.0024)  loss_consistency: 0.0012 (0.0013)  loss_ce_unscaled: 0.0023 (0.0023)  loss_points_unscaled: 3.0724 (3.0219)  loss_count_unscaled: 2.4286 (2.4431)  loss_consistency_unscaled: 1.2165 (1.3129)  den_ssim: 0.0010 (0.0010)  moe_aux_total: 0.0000 (0.0000)  moe_aux_raw: 0.0000 (0.0000)  l_balance: 0.0000 (0.0000)  l_decorr: 0.0000 (0.0000)  moe_temperature: 0.1500 (0.1500)
2026-04-17 08:45:04 | INFO     | crowdcount.trainer:289 - [ep 889][lr 0.0000853][16.90s]
2026-04-17 08:45:19 | INFO     | crowdcount.trainer:348 - [Eval] mae=83.20  mse=127.45  time=13.2s  best_mae=63.29  best_mse=97.65
2026-04-17 08:45:19 | INFO     | crowdcount.trainer:352 - [Eval] density_mae=63.98  density_mse=107.71  best_density_mae=56.54
2026-04-17 08:45:35 | INFO     | crowdcount.engine:429 - Averaged stats: lr: 0.000085  loss_sum: 0.0225 (0.0324)  losses: 0.0061 (0.0066)  den_loss: 0.0169 (0.0258)  loss_ce: 0.0020 (0.0023)  loss_points: 0.0006 (0.0006)  loss_count: 0.0019 (0.0023)  loss_consistency: 0.0014 (0.0014)  loss_ce_unscaled: 0.0020 (0.0023)  loss_points_unscaled: 2.8274 (2.9780)  loss_count_unscaled: 1.9240 (2.3282)  loss_consistency_unscaled: 1.3947 (1.3769)  den_ssim: 0.0009 (0.0010)  moe_aux_total: 0.0000 (0.0000)  moe_aux_raw: 0.0000 (0.0000)  l_balance: 0.0000 (0.0000)  l_decorr: 0.0000 (0.0000)  moe_temperature: 0.1500 (0.1500)
2026-04-17 08:45:35 | INFO     | crowdcount.trainer:289 - [ep 890][lr 0.0000853][16.46s]
2026-04-17 08:45:50 | INFO     | crowdcount.trainer:348 - [Eval] mae=90.54  mse=132.52  time=13.1s  best_mae=63.29  best_mse=97.65
2026-04-17 08:45:50 | INFO     | crowdcount.trainer:352 - [Eval] density_mae=62.63  density_mse=105.43  best_density_mae=56.54
2026-04-17 08:46:07 | INFO     | crowdcount.engine:429 - Averaged stats: lr: 0.000085  loss_sum: 0.0285 (0.0369)  losses: 0.0067 (0.0066)  den_loss: 0.0240 (0.0303)  loss_ce: 0.0023 (0.0023)  loss_points: 0.0006 (0.0006)  loss_count: 0.0022 (0.0024)  loss_consistency: 0.0013 (0.0013)  loss_ce_unscaled: 0.0023 (0.0023)  loss_points_unscaled: 3.0546 (3.0099)  loss_count_unscaled: 2.2045 (2.4132)  loss_consistency_unscaled: 1.2827 (1.2658)  den_ssim: 0.0009 (0.0010)  moe_aux_total: 0.0000 (0.0000)  moe_aux_raw: 0.0000 (0.0000)  l_balance: 0.0000 (0.0000)  l_decorr: 0.0000 (0.0000)  moe_temperature: 0.1500 (0.1500)
2026-04-17 08:46:07 | INFO     | crowdcount.trainer:289 - [ep 891][lr 0.0000852][16.96s]
2026-04-17 08:46:22 | INFO     | crowdcount.trainer:348 - [Eval] mae=78.60  mse=122.56  time=13.0s  best_mae=63.29  best_mse=97.65
2026-04-17 08:46:22 | INFO     | crowdcount.trainer:352 - [Eval] density_mae=61.47  density_mse=106.96  best_density_mae=56.54
2026-04-17 08:46:38 | INFO     | crowdcount.engine:429 - Averaged stats: lr: 0.000085  loss_sum: 0.0229 (0.0351)  losses: 0.0054 (0.0061)  den_loss: 0.0182 (0.0290)  loss_ce: 0.0020 (0.0021)  loss_points: 0.0006 (0.0006)  loss_count: 0.0017 (0.0021)  loss_consistency: 0.0012 (0.0013)  loss_ce_unscaled: 0.0020 (0.0021)  loss_points_unscaled: 2.9818 (3.0011)  loss_count_unscaled: 1.6764 (2.1003)  loss_consistency_unscaled: 1.1726 (1.3069)  den_ssim: 0.0008 (0.0009)  moe_aux_total: 0.0000 (0.0000)  moe_aux_raw: 0.0000 (0.0000)  l_balance: 0.0000 (0.0000)  l_decorr: 0.0000 (0.0000)  moe_temperature: 0.1500 (0.1500)
2026-04-17 08:46:38 | INFO     | crowdcount.trainer:289 - [ep 892][lr 0.0000852][16.63s]
2026-04-17 08:46:53 | INFO     | crowdcount.trainer:348 - [Eval] mae=97.21  mse=141.93  time=12.9s  best_mae=63.29  best_mse=97.65
2026-04-17 08:46:53 | INFO     | crowdcount.trainer:352 - [Eval] density_mae=60.73  density_mse=105.18  best_density_mae=56.54
2026-04-17 08:47:09 | INFO     | crowdcount.engine:429 - Averaged stats: lr: 0.000085  loss_sum: 0.0233 (0.0337)  losses: 0.0062 (0.0065)  den_loss: 0.0185 (0.0271)  loss_ce: 0.0019 (0.0022)  loss_points: 0.0006 (0.0006)  loss_count: 0.0022 (0.0023)  loss_consistency: 0.0012 (0.0014)  loss_ce_unscaled: 0.0019 (0.0022)  loss_points_unscaled: 3.0332 (3.0237)  loss_count_unscaled: 2.1921 (2.3094)  loss_consistency_unscaled: 1.2154 (1.3985)  den_ssim: 0.0009 (0.0010)  moe_aux_total: 0.0000 (0.0000)  moe_aux_raw: 0.0000 (0.0000)  l_balance: 0.0000 (0.0000)  l_decorr: 0.0000 (0.0000)  moe_temperature: 0.1500 (0.1500)
2026-04-17 08:47:09 | INFO     | crowdcount.trainer:289 - [ep 893][lr 0.0000852][16.32s]
2026-04-17 08:47:24 | INFO     | crowdcount.trainer:348 - [Eval] mae=87.19  mse=129.12  time=12.8s  best_mae=63.29  best_mse=97.65
2026-04-17 08:47:24 | INFO     | crowdcount.trainer:352 - [Eval] density_mae=61.36  density_mse=104.63  best_density_mae=56.54
2026-04-17 08:47:41 | INFO     | crowdcount.engine:429 - Averaged stats: lr: 0.000085  loss_sum: 0.0306 (0.0318)  losses: 0.0069 (0.0063)  den_loss: 0.0247 (0.0254)  loss_ce: 0.0021 (0.0022)  loss_points: 0.0006 (0.0006)  loss_count: 0.0027 (0.0023)  loss_consistency: 0.0013 (0.0013)  loss_ce_unscaled: 0.0021 (0.0022)  loss_points_unscaled: 3.0136 (3.0214)  loss_count_unscaled: 2.6515 (2.2967)  loss_consistency_unscaled: 1.2693 (1.2516)  den_ssim: 0.0009 (0.0009)  moe_aux_total: 0.0000 (0.0000)  moe_aux_raw: 0.0000 (0.0000)  l_balance: 0.0000 (0.0000)  l_decorr: 0.0000 (0.0000)  moe_temperature: 0.1500 (0.1500)
2026-04-17 08:47:41 | INFO     | crowdcount.trainer:289 - [ep 894][lr 0.0000851][16.70s]
2026-04-17 08:47:55 | INFO     | crowdcount.trainer:348 - [Eval] mae=73.27  mse=109.83  time=13.0s  best_mae=63.29  best_mse=97.65
2026-04-17 08:47:55 | INFO     | crowdcount.trainer:352 - [Eval] density_mae=61.29  density_mse=103.48  best_density_mae=56.54
2026-04-17 08:48:12 | INFO     | crowdcount.engine:429 - Averaged stats: lr: 0.000085  loss_sum: 0.0250 (0.0311)  losses: 0.0059 (0.0063)  den_loss: 0.0182 (0.0248)  loss_ce: 0.0021 (0.0021)  loss_points: 0.0006 (0.0006)  loss_count: 0.0021 (0.0022)  loss_consistency: 0.0012 (0.0014)  loss_ce_unscaled: 0.0021 (0.0021)  loss_points_unscaled: 2.9397 (3.0406)  loss_count_unscaled: 2.1274 (2.2034)  loss_consistency_unscaled: 1.2260 (1.3516)  den_ssim: 0.0009 (0.0009)  moe_aux_total: 0.0000 (0.0000)  moe_aux_raw: 0.0000 (0.0000)  l_balance: 0.0000 (0.0000)  l_decorr: 0.0000 (0.0000)  moe_temperature: 0.1500 (0.1500)
2026-04-17 08:48:12 | INFO     | crowdcount.trainer:289 - [ep 895][lr 0.0000851][16.32s]
2026-04-17 08:48:27 | INFO     | crowdcount.trainer:348 - [Eval] mae=96.04  mse=136.15  time=13.0s  best_mae=63.29  best_mse=97.65
2026-04-17 08:48:27 | INFO     | crowdcount.trainer:352 - [Eval] density_mae=63.54  density_mse=105.22  best_density_mae=56.54
2026-04-17 08:48:44 | INFO     | crowdcount.engine:429 - Averaged stats: lr: 0.000085  loss_sum: 0.0329 (0.0379)  losses: 0.0066 (0.0070)  den_loss: 0.0254 (0.0308)  loss_ce: 0.0022 (0.0024)  loss_points: 0.0006 (0.0006)  loss_count: 0.0022 (0.0026)  loss_consistency: 0.0012 (0.0014)  loss_ce_unscaled: 0.0022 (0.0024)  loss_points_unscaled: 2.9973 (3.0080)  loss_count_unscaled: 2.2299 (2.6446)  loss_consistency_unscaled: 1.2221 (1.3556)  den_ssim: 0.0009 (0.0010)  moe_aux_total: 0.0000 (0.0000)  moe_aux_raw: 0.0000 (0.0000)  l_balance: 0.0000 (0.0000)  l_decorr: 0.0000 (0.0000)  moe_temperature: 0.1500 (0.1500)
2026-04-17 08:48:44 | INFO     | crowdcount.trainer:289 - [ep 896][lr 0.0000851][17.15s]
2026-04-17 08:48:59 | INFO     | crowdcount.trainer:348 - [Eval] mae=72.76  mse=108.36  time=13.1s  best_mae=63.29  best_mse=97.65
2026-04-17 08:48:59 | INFO     | crowdcount.trainer:352 - [Eval] density_mae=63.20  density_mse=109.37  best_density_mae=56.54
2026-04-17 08:49:16 | INFO     | crowdcount.engine:429 - Averaged stats: lr: 0.000085  loss_sum: 0.0341 (0.0359)  losses: 0.0066 (0.0066)  den_loss: 0.0268 (0.0292)  loss_ce: 0.0021 (0.0023)  loss_points: 0.0006 (0.0006)  loss_count: 0.0022 (0.0023)  loss_consistency: 0.0014 (0.0014)  loss_ce_unscaled: 0.0021 (0.0023)  loss_points_unscaled: 2.9140 (2.9646)  loss_count_unscaled: 2.1530 (2.3206)  loss_consistency_unscaled: 1.3556 (1.4096)  den_ssim: 0.0009 (0.0010)  moe_aux_total: 0.0000 (0.0000)  moe_aux_raw: 0.0000 (0.0000)  l_balance: 0.0000 (0.0000)  l_decorr: 0.0000 (0.0000)  moe_temperature: 0.1500 (0.1500)
2026-04-17 08:49:16 | INFO     | crowdcount.trainer:289 - [ep 897][lr 0.0000850][17.19s]
2026-04-17 08:49:31 | INFO     | crowdcount.trainer:348 - [Eval] mae=84.69  mse=127.58  time=13.1s  best_mae=63.29  best_mse=97.65
2026-04-17 08:49:31 | INFO     | crowdcount.trainer:352 - [Eval] density_mae=65.96  density_mse=110.92  best_density_mae=56.54
2026-04-17 08:49:48 | INFO     | crowdcount.engine:429 - Averaged stats: lr: 0.000085  loss_sum: 0.0306 (0.0321)  losses: 0.0066 (0.0064)  den_loss: 0.0233 (0.0258)  loss_ce: 0.0023 (0.0022)  loss_points: 0.0006 (0.0006)  loss_count: 0.0022 (0.0023)  loss_consistency: 0.0012 (0.0013)  loss_ce_unscaled: 0.0023 (0.0022)  loss_points_unscaled: 3.0335 (2.9781)  loss_count_unscaled: 2.1606 (2.2771)  loss_consistency_unscaled: 1.2467 (1.2821)  den_ssim: 0.0010 (0.0009)  moe_aux_total: 0.0000 (0.0000)  moe_aux_raw: 0.0000 (0.0000)  l_balance: 0.0000 (0.0000)  l_decorr: 0.0000 (0.0000)  moe_temperature: 0.1500 (0.1500)
2026-04-17 08:49:48 | INFO     | crowdcount.trainer:289 - [ep 898][lr 0.0000850][16.82s]
2026-04-17 08:50:02 | INFO     | crowdcount.trainer:348 - [Eval] mae=102.99  mse=146.88  time=13.1s  best_mae=63.29  best_mse=97.65
2026-04-17 08:50:02 | INFO     | crowdcount.trainer:352 - [Eval] density_mae=62.29  density_mse=107.62  best_density_mae=56.54
2026-04-17 08:50:20 | INFO     | crowdcount.engine:429 - Averaged stats: lr: 0.000085  loss_sum: 0.0199 (0.0354)  losses: 0.0059 (0.0065)  den_loss: 0.0155 (0.0289)  loss_ce: 0.0019 (0.0023)  loss_points: 0.0006 (0.0006)  loss_count: 0.0018 (0.0023)  loss_consistency: 0.0013 (0.0014)  loss_ce_unscaled: 0.0019 (0.0023)  loss_points_unscaled: 3.0992 (3.0810)  loss_count_unscaled: 1.7911 (2.2823)  loss_consistency_unscaled: 1.3051 (1.3561)  den_ssim: 0.0009 (0.0010)  moe_aux_total: 0.0000 (0.0000)  moe_aux_raw: 0.0000 (0.0000)  l_balance: 0.0000 (0.0000)  l_decorr: 0.0000 (0.0000)  moe_temperature: 0.1500 (0.1500)
2026-04-17 08:50:20 | INFO     | crowdcount.trainer:289 - [ep 899][lr 0.0000850][17.16s]
2026-04-17 08:50:35 | INFO     | crowdcount.trainer:348 - [Eval] mae=92.83  mse=134.47  time=13.4s  best_mae=63.29  best_mse=97.65
2026-04-17 08:50:35 | INFO     | crowdcount.trainer:352 - [Eval] density_mae=65.62  density_mse=105.97  best_density_mae=56.54
2026-04-17 08:50:52 | INFO     | crowdcount.engine:429 - Averaged stats: lr: 0.000085  loss_sum: 0.0251 (0.0320)  losses: 0.0058 (0.0064)  den_loss: 0.0183 (0.0256)  loss_ce: 0.0020 (0.0022)  loss_points: 0.0006 (0.0006)  loss_count: 0.0018 (0.0022)  loss_consistency: 0.0012 (0.0013)  loss_ce_unscaled: 0.0020 (0.0022)  loss_points_unscaled: 3.1479 (2.9663)  loss_count_unscaled: 1.8252 (2.2476)  loss_consistency_unscaled: 1.2093 (1.3178)  den_ssim: 0.0009 (0.0010)  moe_aux_total: 0.0000 (0.0000)  moe_aux_raw: 0.0000 (0.0000)  l_balance: 0.0000 (0.0000)  l_decorr: 0.0000 (0.0000)  moe_temperature: 0.1500 (0.1500)
2026-04-17 08:50:52 | INFO     | crowdcount.trainer:289 - [ep 900][lr 0.0000849][17.42s]
2026-04-17 08:51:08 | INFO     | crowdcount.trainer:348 - [Eval] mae=82.92  mse=125.80  time=13.0s  best_mae=63.29  best_mse=97.65
2026-04-17 08:51:08 | INFO     | crowdcount.trainer:352 - [Eval] density_mae=61.77  density_mse=105.90  best_density_mae=56.54
2026-04-17 08:51:25 | INFO     | crowdcount.engine:429 - Averaged stats: lr: 0.000085  loss_sum: 0.0377 (0.0410)  losses: 0.0067 (0.0069)  den_loss: 0.0321 (0.0341)  loss_ce: 0.0022 (0.0023)  loss_points: 0.0006 (0.0006)  loss_count: 0.0025 (0.0027)  loss_consistency: 0.0013 (0.0013)  loss_ce_unscaled: 0.0022 (0.0023)  loss_points_unscaled: 3.0193 (3.0269)  loss_count_unscaled: 2.4533 (2.6887)  loss_consistency_unscaled: 1.2585 (1.2963)  den_ssim: 0.0009 (0.0010)  moe_aux_total: 0.0000 (0.0000)  moe_aux_raw: 0.0000 (0.0000)  l_balance: 0.0000 (0.0000)  l_decorr: 0.0000 (0.0000)  moe_temperature: 0.1500 (0.1500)
2026-04-17 08:51:25 | INFO     | crowdcount.trainer:289 - [ep 901][lr 0.0000849][17.61s]
2026-04-17 08:51:41 | INFO     | crowdcount.trainer:348 - [Eval] mae=90.28  mse=131.85  time=13.2s  best_mae=63.29  best_mse=97.65
2026-04-17 08:51:41 | INFO     | crowdcount.trainer:352 - [Eval] density_mae=62.66  density_mse=107.14  best_density_mae=56.54
2026-04-17 08:51:57 | INFO     | crowdcount.engine:429 - Averaged stats: lr: 0.000085  loss_sum: 0.0274 (0.0317)  losses: 0.0065 (0.0064)  den_loss: 0.0210 (0.0253)  loss_ce: 0.0023 (0.0022)  loss_points: 0.0006 (0.0006)  loss_count: 0.0024 (0.0023)  loss_consistency: 0.0013 (0.0013)  loss_ce_unscaled: 0.0023 (0.0022)  loss_points_unscaled: 2.9659 (2.9993)  loss_count_unscaled: 2.3712 (2.2625)  loss_consistency_unscaled: 1.2628 (1.2915)  den_ssim: 0.0009 (0.0010)  moe_aux_total: 0.0000 (0.0000)  moe_aux_raw: 0.0000 (0.0000)  l_balance: 0.0000 (0.0000)  l_decorr: 0.0000 (0.0000)  moe_temperature: 0.1500 (0.1500)
2026-04-17 08:51:57 | INFO     | crowdcount.trainer:289 - [ep 902][lr 0.0000849][16.28s]
2026-04-17 08:52:12 | INFO     | crowdcount.trainer:348 - [Eval] mae=86.75  mse=131.63  time=12.9s  best_mae=63.29  best_mse=97.65
2026-04-17 08:52:12 | INFO     | crowdcount.trainer:352 - [Eval] density_mae=67.01  density_mse=113.71  best_density_mae=56.54
2026-04-17 08:52:28 | INFO     | crowdcount.engine:429 - Averaged stats: lr: 0.000085  loss_sum: 0.0231 (0.0307)  losses: 0.0053 (0.0061)  den_loss: 0.0171 (0.0246)  loss_ce: 0.0017 (0.0021)  loss_points: 0.0006 (0.0006)  loss_count: 0.0018 (0.0021)  loss_consistency: 0.0013 (0.0013)  loss_ce_unscaled: 0.0017 (0.0021)  loss_points_unscaled: 2.8644 (3.0068)  loss_count_unscaled: 1.8371 (2.0866)  loss_consistency_unscaled: 1.2521 (1.3057)  den_ssim: 0.0009 (0.0009)  moe_aux_total: 0.0000 (0.0000)  moe_aux_raw: 0.0000 (0.0000)  l_balance: 0.0000 (0.0000)  l_decorr: 0.0000 (0.0000)  moe_temperature: 0.1500 (0.1500)
2026-04-17 08:52:28 | INFO     | crowdcount.trainer:289 - [ep 903][lr 0.0000848][16.51s]
2026-04-17 08:52:43 | INFO     | crowdcount.trainer:348 - [Eval] mae=82.11  mse=125.39  time=13.1s  best_mae=63.29  best_mse=97.65
2026-04-17 08:52:43 | INFO     | crowdcount.trainer:352 - [Eval] density_mae=64.24  density_mse=114.05  best_density_mae=56.54
2026-04-17 08:53:00 | INFO     | crowdcount.engine:429 - Averaged stats: lr: 0.000085  loss_sum: 0.0385 (0.0369)  losses: 0.0066 (0.0067)  den_loss: 0.0320 (0.0302)  loss_ce: 0.0024 (0.0023)  loss_points: 0.0006 (0.0006)  loss_count: 0.0027 (0.0025)  loss_consistency: 0.0012 (0.0013)  loss_ce_unscaled: 0.0024 (0.0023)  loss_points_unscaled: 3.0414 (2.9870)  loss_count_unscaled: 2.7062 (2.4955)  loss_consistency_unscaled: 1.1811 (1.2562)  den_ssim: 0.0010 (0.0010)  moe_aux_total: 0.0000 (0.0000)  moe_aux_raw: 0.0000 (0.0000)  l_balance: 0.0000 (0.0000)  l_decorr: 0.0000 (0.0000)  moe_temperature: 0.1500 (0.1500)
2026-04-17 08:53:00 | INFO     | crowdcount.trainer:289 - [ep 904][lr 0.0000848][16.70s]
2026-04-17 08:53:15 | INFO     | crowdcount.trainer:348 - [Eval] mae=86.92  mse=129.60  time=13.4s  best_mae=63.29  best_mse=97.65
2026-04-17 08:53:15 | INFO     | crowdcount.trainer:352 - [Eval] density_mae=65.19  density_mse=117.18  best_density_mae=56.54
2026-04-17 08:53:32 | INFO     | crowdcount.engine:429 - Averaged stats: lr: 0.000085  loss_sum: 0.0221 (0.0330)  losses: 0.0060 (0.0067)  den_loss: 0.0165 (0.0263)  loss_ce: 0.0021 (0.0023)  loss_points: 0.0006 (0.0006)  loss_count: 0.0021 (0.0025)  loss_consistency: 0.0012 (0.0013)  loss_ce_unscaled: 0.0021 (0.0023)  loss_points_unscaled: 3.0289 (2.9869)  loss_count_unscaled: 2.0564 (2.4692)  loss_consistency_unscaled: 1.1661 (1.3040)  den_ssim: 0.0010 (0.0010)  moe_aux_total: 0.0000 (0.0000)  moe_aux_raw: 0.0000 (0.0000)  l_balance: 0.0000 (0.0000)  l_decorr: 0.0000 (0.0000)  moe_temperature: 0.1500 (0.1500)
2026-04-17 08:53:32 | INFO     | crowdcount.trainer:289 - [ep 905][lr 0.0000848][16.68s]
2026-04-17 08:53:47 | INFO     | crowdcount.trainer:348 - [Eval] mae=79.40  mse=121.00  time=13.4s  best_mae=63.29  best_mse=97.65
2026-04-17 08:53:47 | INFO     | crowdcount.trainer:352 - [Eval] density_mae=64.74  density_mse=111.50  best_density_mae=56.54
2026-04-17 08:54:04 | INFO     | crowdcount.engine:429 - Averaged stats: lr: 0.000085  loss_sum: 0.0230 (0.0346)  losses: 0.0058 (0.0065)  den_loss: 0.0175 (0.0281)  loss_ce: 0.0019 (0.0022)  loss_points: 0.0006 (0.0006)  loss_count: 0.0019 (0.0023)  loss_consistency: 0.0013 (0.0014)  loss_ce_unscaled: 0.0019 (0.0022)  loss_points_unscaled: 2.9677 (3.0313)  loss_count_unscaled: 1.9353 (2.3150)  loss_consistency_unscaled: 1.3043 (1.3695)  den_ssim: 0.0009 (0.0010)  moe_aux_total: 0.0000 (0.0000)  moe_aux_raw: 0.0000 (0.0000)  l_balance: 0.0000 (0.0000)  l_decorr: 0.0000 (0.0000)  moe_temperature: 0.1500 (0.1500)
2026-04-17 08:54:04 | INFO     | crowdcount.trainer:289 - [ep 906][lr 0.0000848][16.77s]
2026-04-17 08:54:19 | INFO     | crowdcount.trainer:348 - [Eval] mae=73.95  mse=118.00  time=12.9s  best_mae=63.29  best_mse=97.65
2026-04-17 08:54:19 | INFO     | crowdcount.trainer:352 - [Eval] density_mae=61.31  density_mse=103.78  best_density_mae=56.54
2026-04-17 08:54:36 | INFO     | crowdcount.engine:429 - Averaged stats: lr: 0.000085  loss_sum: 0.0266 (0.0380)  losses: 0.0061 (0.0066)  den_loss: 0.0204 (0.0314)  loss_ce: 0.0020 (0.0022)  loss_points: 0.0006 (0.0006)  loss_count: 0.0022 (0.0025)  loss_consistency: 0.0012 (0.0013)  loss_ce_unscaled: 0.0020 (0.0022)  loss_points_unscaled: 2.9458 (2.9868)  loss_count_unscaled: 2.1594 (2.4528)  loss_consistency_unscaled: 1.2177 (1.3241)  den_ssim: 0.0009 (0.0010)  moe_aux_total: 0.0000 (0.0000)  moe_aux_raw: 0.0000 (0.0000)  l_balance: 0.0000 (0.0000)  l_decorr: 0.0000 (0.0000)  moe_temperature: 0.1500 (0.1500)
2026-04-17 08:54:36 | INFO     | crowdcount.trainer:289 - [ep 907][lr 0.0000847][16.77s]
2026-04-17 08:54:50 | INFO     | crowdcount.trainer:348 - [Eval] mae=81.41  mse=125.29  time=12.7s  best_mae=63.29  best_mse=97.65
2026-04-17 08:54:50 | INFO     | crowdcount.trainer:352 - [Eval] density_mae=63.38  density_mse=111.25  best_density_mae=56.54
2026-04-17 08:55:07 | INFO     | crowdcount.engine:429 - Averaged stats: lr: 0.000085  loss_sum: 0.0279 (0.0359)  losses: 0.0060 (0.0066)  den_loss: 0.0215 (0.0293)  loss_ce: 0.0020 (0.0023)  loss_points: 0.0006 (0.0006)  loss_count: 0.0021 (0.0023)  loss_consistency: 0.0012 (0.0014)  loss_ce_unscaled: 0.0020 (0.0023)  loss_points_unscaled: 2.9283 (2.9312)  loss_count_unscaled: 2.0751 (2.3411)  loss_consistency_unscaled: 1.2072 (1.4221)  den_ssim: 0.0009 (0.0010)  moe_aux_total: 0.0000 (0.0000)  moe_aux_raw: 0.0000 (0.0000)  l_balance: 0.0000 (0.0000)  l_decorr: 0.0000 (0.0000)  moe_temperature: 0.1500 (0.1500)
2026-04-17 08:55:07 | INFO     | crowdcount.trainer:289 - [ep 908][lr 0.0000847][16.79s]
2026-04-17 08:55:21 | INFO     | crowdcount.trainer:348 - [Eval] mae=78.94  mse=121.36  time=12.5s  best_mae=63.29  best_mse=97.65
2026-04-17 08:55:21 | INFO     | crowdcount.trainer:352 - [Eval] density_mae=61.84  density_mse=107.46  best_density_mae=56.54
2026-04-17 08:55:38 | INFO     | crowdcount.engine:429 - Averaged stats: lr: 0.000085  loss_sum: 0.0304 (0.0367)  losses: 0.0060 (0.0066)  den_loss: 0.0237 (0.0302)  loss_ce: 0.0023 (0.0023)  loss_points: 0.0006 (0.0006)  loss_count: 0.0022 (0.0024)  loss_consistency: 0.0012 (0.0013)  loss_ce_unscaled: 0.0023 (0.0023)  loss_points_unscaled: 2.9952 (3.0077)  loss_count_unscaled: 2.1645 (2.3743)  loss_consistency_unscaled: 1.2178 (1.2971)  den_ssim: 0.0009 (0.0009)  moe_aux_total: 0.0000 (0.0000)  moe_aux_raw: 0.0000 (0.0000)  l_balance: 0.0000 (0.0000)  l_decorr: 0.0000 (0.0000)  moe_temperature: 0.1500 (0.1500)
2026-04-17 08:55:38 | INFO     | crowdcount.trainer:289 - [ep 909][lr 0.0000847][16.43s]
2026-04-17 08:55:52 | INFO     | crowdcount.trainer:348 - [Eval] mae=78.98  mse=124.27  time=12.9s  best_mae=63.29  best_mse=97.65
2026-04-17 08:55:53 | INFO     | crowdcount.trainer:352 - [Eval] density_mae=63.00  density_mse=113.81  best_density_mae=56.54
2026-04-17 08:56:10 | INFO     | crowdcount.engine:429 - Averaged stats: lr: 0.000085  loss_sum: 0.0309 (0.0350)  losses: 0.0059 (0.0063)  den_loss: 0.0250 (0.0286)  loss_ce: 0.0023 (0.0023)  loss_points: 0.0006 (0.0006)  loss_count: 0.0020 (0.0022)  loss_consistency: 0.0012 (0.0013)  loss_ce_unscaled: 0.0023 (0.0023)  loss_points_unscaled: 3.0226 (2.9595)  loss_count_unscaled: 1.9629 (2.2011)  loss_consistency_unscaled: 1.1519 (1.2572)  den_ssim: 0.0010 (0.0010)  moe_aux_total: 0.0000 (0.0000)  moe_aux_raw: 0.0000 (0.0000)  l_balance: 0.0000 (0.0000)  l_decorr: 0.0000 (0.0000)  moe_temperature: 0.1500 (0.1500)
2026-04-17 08:56:10 | INFO     | crowdcount.trainer:289 - [ep 910][lr 0.0000846][17.04s]
2026-04-17 08:56:24 | INFO     | crowdcount.trainer:348 - [Eval] mae=96.60  mse=139.58  time=12.9s  best_mae=63.29  best_mse=97.65
2026-04-17 08:56:24 | INFO     | crowdcount.trainer:352 - [Eval] density_mae=63.12  density_mse=103.21  best_density_mae=56.54
2026-04-17 08:56:41 | INFO     | crowdcount.engine:429 - Averaged stats: lr: 0.000085  loss_sum: 0.0314 (0.0381)  losses: 0.0062 (0.0068)  den_loss: 0.0249 (0.0313)  loss_ce: 0.0022 (0.0023)  loss_points: 0.0006 (0.0006)  loss_count: 0.0022 (0.0025)  loss_consistency: 0.0012 (0.0014)  loss_ce_unscaled: 0.0022 (0.0023)  loss_points_unscaled: 3.0707 (3.0105)  loss_count_unscaled: 2.1802 (2.5026)  loss_consistency_unscaled: 1.1772 (1.3695)  den_ssim: 0.0009 (0.0010)  moe_aux_total: 0.0000 (0.0000)  moe_aux_raw: 0.0000 (0.0000)  l_balance: 0.0000 (0.0000)  l_decorr: 0.0000 (0.0000)  moe_temperature: 0.1500 (0.1500)
2026-04-17 08:56:41 | INFO     | crowdcount.trainer:289 - [ep 911][lr 0.0000846][16.89s]
2026-04-17 08:56:56 | INFO     | crowdcount.trainer:348 - [Eval] mae=82.16  mse=123.91  time=12.8s  best_mae=63.29  best_mse=97.65
2026-04-17 08:56:56 | INFO     | crowdcount.trainer:352 - [Eval] density_mae=61.04  density_mse=103.20  best_density_mae=56.54
2026-04-17 08:57:13 | INFO     | crowdcount.engine:429 - Averaged stats: lr: 0.000085  loss_sum: 0.0314 (0.0338)  losses: 0.0062 (0.0067)  den_loss: 0.0243 (0.0271)  loss_ce: 0.0023 (0.0023)  loss_points: 0.0006 (0.0006)  loss_count: 0.0022 (0.0024)  loss_consistency: 0.0012 (0.0013)  loss_ce_unscaled: 0.0023 (0.0023)  loss_points_unscaled: 3.0921 (3.0099)  loss_count_unscaled: 2.2333 (2.4497)  loss_consistency_unscaled: 1.1700 (1.2989)  den_ssim: 0.0010 (0.0010)  moe_aux_total: 0.0000 (0.0000)  moe_aux_raw: 0.0000 (0.0000)  l_balance: 0.0000 (0.0000)  l_decorr: 0.0000 (0.0000)  moe_temperature: 0.1500 (0.1500)
2026-04-17 08:57:13 | INFO     | crowdcount.trainer:289 - [ep 912][lr 0.0000846][17.27s]
2026-04-17 08:57:28 | INFO     | crowdcount.trainer:348 - [Eval] mae=83.59  mse=126.90  time=12.5s  best_mae=63.29  best_mse=97.65
2026-04-17 08:57:28 | INFO     | crowdcount.trainer:352 - [Eval] density_mae=60.14  density_mse=102.53  best_density_mae=56.54
2026-04-17 08:57:44 | INFO     | crowdcount.engine:429 - Averaged stats: lr: 0.000085  loss_sum: 0.0303 (0.0385)  losses: 0.0060 (0.0066)  den_loss: 0.0251 (0.0319)  loss_ce: 0.0021 (0.0022)  loss_points: 0.0006 (0.0006)  loss_count: 0.0021 (0.0024)  loss_consistency: 0.0013 (0.0014)  loss_ce_unscaled: 0.0021 (0.0022)  loss_points_unscaled: 2.9959 (3.0007)  loss_count_unscaled: 2.1379 (2.4000)  loss_consistency_unscaled: 1.3023 (1.4368)  den_ssim: 0.0009 (0.0009)  moe_aux_total: 0.0000 (0.0000)  moe_aux_raw: 0.0000 (0.0000)  l_balance: 0.0000 (0.0000)  l_decorr: 0.0000 (0.0000)  moe_temperature: 0.1500 (0.1500)
2026-04-17 08:57:44 | INFO     | crowdcount.trainer:289 - [ep 913][lr 0.0000845][16.18s]
2026-04-17 08:57:59 | INFO     | crowdcount.trainer:348 - [Eval] mae=85.60  mse=127.55  time=12.7s  best_mae=63.29  best_mse=97.65
2026-04-17 08:57:59 | INFO     | crowdcount.trainer:352 - [Eval] density_mae=60.72  density_mse=103.41  best_density_mae=56.54
2026-04-17 08:58:15 | INFO     | crowdcount.engine:429 - Averaged stats: lr: 0.000084  loss_sum: 0.0256 (0.0366)  losses: 0.0059 (0.0064)  den_loss: 0.0188 (0.0301)  loss_ce: 0.0021 (0.0023)  loss_points: 0.0006 (0.0006)  loss_count: 0.0020 (0.0022)  loss_consistency: 0.0012 (0.0013)  loss_ce_unscaled: 0.0021 (0.0023)  loss_points_unscaled: 3.0859 (3.0222)  loss_count_unscaled: 2.0163 (2.2467)  loss_consistency_unscaled: 1.1852 (1.3058)  den_ssim: 0.0009 (0.0010)  moe_aux_total: 0.0000 (0.0000)  moe_aux_raw: 0.0000 (0.0000)  l_balance: 0.0000 (0.0000)  l_decorr: 0.0000 (0.0000)  moe_temperature: 0.1500 (0.1500)
2026-04-17 08:58:15 | INFO     | crowdcount.trainer:289 - [ep 914][lr 0.0000845][16.70s]
2026-04-17 08:58:30 | INFO     | crowdcount.trainer:348 - [Eval] mae=81.45  mse=121.50  time=12.8s  best_mae=63.29  best_mse=97.65
2026-04-17 08:58:30 | INFO     | crowdcount.trainer:352 - [Eval] density_mae=62.02  density_mse=107.57  best_density_mae=56.54
2026-04-17 08:58:46 | INFO     | crowdcount.engine:429 - Averaged stats: lr: 0.000084  loss_sum: 0.0262 (0.0329)  losses: 0.0063 (0.0063)  den_loss: 0.0199 (0.0266)  loss_ce: 0.0020 (0.0022)  loss_points: 0.0006 (0.0006)  loss_count: 0.0022 (0.0021)  loss_consistency: 0.0014 (0.0015)  loss_ce_unscaled: 0.0020 (0.0022)  loss_points_unscaled: 3.0002 (2.9567)  loss_count_unscaled: 2.1746 (2.1063)  loss_consistency_unscaled: 1.3844 (1.4849)  den_ssim: 0.0009 (0.0009)  moe_aux_total: 0.0000 (0.0000)  moe_aux_raw: 0.0000 (0.0000)  l_balance: 0.0000 (0.0000)  l_decorr: 0.0000 (0.0000)  moe_temperature: 0.1500 (0.1500)
2026-04-17 08:58:46 | INFO     | crowdcount.trainer:289 - [ep 915][lr 0.0000845][16.47s]
2026-04-17 08:59:01 | INFO     | crowdcount.trainer:348 - [Eval] mae=74.27  mse=118.41  time=12.6s  best_mae=63.29  best_mse=97.65
2026-04-17 08:59:01 | INFO     | crowdcount.trainer:352 - [Eval] density_mae=64.21  density_mse=108.33  best_density_mae=56.54
2026-04-17 08:59:17 | INFO     | crowdcount.engine:429 - Averaged stats: lr: 0.000084  loss_sum: 0.0384 (0.0375)  losses: 0.0067 (0.0069)  den_loss: 0.0316 (0.0306)  loss_ce: 0.0022 (0.0023)  loss_points: 0.0006 (0.0006)  loss_count: 0.0024 (0.0024)  loss_consistency: 0.0013 (0.0016)  loss_ce_unscaled: 0.0022 (0.0023)  loss_points_unscaled: 3.0300 (3.0670)  loss_count_unscaled: 2.3867 (2.3859)  loss_consistency_unscaled: 1.3453 (1.6304)  den_ssim: 0.0009 (0.0010)  moe_aux_total: 0.0000 (0.0000)  moe_aux_raw: 0.0000 (0.0000)  l_balance: 0.0000 (0.0000)  l_decorr: 0.0000 (0.0000)  moe_temperature: 0.1500 (0.1500)
2026-04-17 08:59:17 | INFO     | crowdcount.trainer:289 - [ep 916][lr 0.0000844][16.20s]
2026-04-17 08:59:32 | INFO     | crowdcount.trainer:348 - [Eval] mae=91.34  mse=134.37  time=12.5s  best_mae=63.29  best_mse=97.65
2026-04-17 08:59:32 | INFO     | crowdcount.trainer:352 - [Eval] density_mae=65.84  density_mse=109.14  best_density_mae=56.54
2026-04-17 08:59:48 | INFO     | crowdcount.engine:429 - Averaged stats: lr: 0.000084  loss_sum: 0.0265 (0.0368)  losses: 0.0065 (0.0067)  den_loss: 0.0205 (0.0301)  loss_ce: 0.0022 (0.0023)  loss_points: 0.0006 (0.0006)  loss_count: 0.0022 (0.0024)  loss_consistency: 0.0014 (0.0014)  loss_ce_unscaled: 0.0022 (0.0023)  loss_points_unscaled: 3.0018 (3.0124)  loss_count_unscaled: 2.2399 (2.3707)  loss_consistency_unscaled: 1.3571 (1.4483)  den_ssim: 0.0009 (0.0010)  moe_aux_total: 0.0000 (0.0000)  moe_aux_raw: 0.0000 (0.0000)  l_balance: 0.0000 (0.0000)  l_decorr: 0.0000 (0.0000)  moe_temperature: 0.1500 (0.1500)
2026-04-17 08:59:48 | INFO     | crowdcount.trainer:289 - [ep 917][lr 0.0000844][16.42s]
2026-04-17 09:00:02 | INFO     | crowdcount.trainer:348 - [Eval] mae=76.71  mse=117.92  time=12.7s  best_mae=63.29  best_mse=97.65
2026-04-17 09:00:02 | INFO     | crowdcount.trainer:352 - [Eval] density_mae=62.05  density_mse=102.80  best_density_mae=56.54
2026-04-17 09:00:19 | INFO     | crowdcount.engine:429 - Averaged stats: lr: 0.000084  loss_sum: 0.0286 (0.0369)  losses: 0.0063 (0.0066)  den_loss: 0.0227 (0.0303)  loss_ce: 0.0022 (0.0022)  loss_points: 0.0006 (0.0006)  loss_count: 0.0023 (0.0023)  loss_consistency: 0.0012 (0.0014)  loss_ce_unscaled: 0.0022 (0.0022)  loss_points_unscaled: 3.0684 (3.0930)  loss_count_unscaled: 2.3141 (2.3108)  loss_consistency_unscaled: 1.2202 (1.4252)  den_ssim: 0.0009 (0.0010)  moe_aux_total: 0.0000 (0.0000)  moe_aux_raw: 0.0000 (0.0000)  l_balance: 0.0000 (0.0000)  l_decorr: 0.0000 (0.0000)  moe_temperature: 0.1500 (0.1500)
2026-04-17 09:00:19 | INFO     | crowdcount.trainer:289 - [ep 918][lr 0.0000844][16.77s]
2026-04-17 09:00:34 | INFO     | crowdcount.trainer:348 - [Eval] mae=85.10  mse=128.71  time=13.1s  best_mae=63.29  best_mse=97.65
2026-04-17 09:00:34 | INFO     | crowdcount.trainer:352 - [Eval] density_mae=62.10  density_mse=107.45  best_density_mae=56.54
2026-04-17 09:00:51 | INFO     | crowdcount.engine:429 - Averaged stats: lr: 0.000084  loss_sum: 0.0330 (0.0376)  losses: 0.0068 (0.0067)  den_loss: 0.0269 (0.0310)  loss_ce: 0.0022 (0.0023)  loss_points: 0.0006 (0.0006)  loss_count: 0.0023 (0.0025)  loss_consistency: 0.0012 (0.0013)  loss_ce_unscaled: 0.0022 (0.0023)  loss_points_unscaled: 3.0919 (3.0237)  loss_count_unscaled: 2.2651 (2.4598)  loss_consistency_unscaled: 1.2140 (1.2668)  den_ssim: 0.0009 (0.0009)  moe_aux_total: 0.0000 (0.0000)  moe_aux_raw: 0.0000 (0.0000)  l_balance: 0.0000 (0.0000)  l_decorr: 0.0000 (0.0000)  moe_temperature: 0.1500 (0.1500)
2026-04-17 09:00:51 | INFO     | crowdcount.trainer:289 - [ep 919][lr 0.0000843][17.04s]
2026-04-17 09:01:05 | INFO     | crowdcount.trainer:348 - [Eval] mae=79.84  mse=121.98  time=13.0s  best_mae=63.29  best_mse=97.65
2026-04-17 09:01:05 | INFO     | crowdcount.trainer:352 - [Eval] density_mae=63.33  density_mse=105.68  best_density_mae=56.54
2026-04-17 09:01:22 | INFO     | crowdcount.engine:429 - Averaged stats: lr: 0.000084  loss_sum: 0.0248 (0.0349)  losses: 0.0061 (0.0064)  den_loss: 0.0187 (0.0286)  loss_ce: 0.0022 (0.0022)  loss_points: 0.0006 (0.0006)  loss_count: 0.0019 (0.0022)  loss_consistency: 0.0012 (0.0013)  loss_ce_unscaled: 0.0022 (0.0022)  loss_points_unscaled: 2.9221 (3.0265)  loss_count_unscaled: 1.8584 (2.2367)  loss_consistency_unscaled: 1.1801 (1.2775)  den_ssim: 0.0010 (0.0009)  moe_aux_total: 0.0000 (0.0000)  moe_aux_raw: 0.0000 (0.0000)  l_balance: 0.0000 (0.0000)  l_decorr: 0.0000 (0.0000)  moe_temperature: 0.1500 (0.1500)
2026-04-17 09:01:22 | INFO     | crowdcount.trainer:289 - [ep 920][lr 0.0000843][16.24s]
2026-04-17 09:01:36 | INFO     | crowdcount.trainer:348 - [Eval] mae=82.58  mse=123.60  time=12.8s  best_mae=63.29  best_mse=97.65
2026-04-17 09:01:36 | INFO     | crowdcount.trainer:352 - [Eval] density_mae=63.58  density_mse=105.87  best_density_mae=56.54
2026-04-17 09:01:53 | INFO     | crowdcount.engine:429 - Averaged stats: lr: 0.000084  loss_sum: 0.0296 (0.0324)  losses: 0.0058 (0.0061)  den_loss: 0.0247 (0.0263)  loss_ce: 0.0020 (0.0021)  loss_points: 0.0006 (0.0006)  loss_count: 0.0021 (0.0022)  loss_consistency: 0.0012 (0.0012)  loss_ce_unscaled: 0.0020 (0.0021)  loss_points_unscaled: 3.0622 (3.0213)  loss_count_unscaled: 2.0821 (2.1722)  loss_consistency_unscaled: 1.1648 (1.2077)  den_ssim: 0.0009 (0.0009)  moe_aux_total: 0.0000 (0.0000)  moe_aux_raw: 0.0000 (0.0000)  l_balance: 0.0000 (0.0000)  l_decorr: 0.0000 (0.0000)  moe_temperature: 0.1500 (0.1500)
2026-04-17 09:01:53 | INFO     | crowdcount.trainer:289 - [ep 921][lr 0.0000843][16.25s]
2026-04-17 09:02:08 | INFO     | crowdcount.trainer:348 - [Eval] mae=88.07  mse=127.19  time=13.1s  best_mae=63.29  best_mse=97.65
2026-04-17 09:02:08 | INFO     | crowdcount.trainer:352 - [Eval] density_mae=60.90  density_mse=103.62  best_density_mae=56.54
2026-04-17 09:02:24 | INFO     | crowdcount.engine:429 - Averaged stats: lr: 0.000084  loss_sum: 0.0343 (0.0366)  losses: 0.0061 (0.0064)  den_loss: 0.0283 (0.0302)  loss_ce: 0.0022 (0.0022)  loss_points: 0.0006 (0.0006)  loss_count: 0.0023 (0.0023)  loss_consistency: 0.0011 (0.0013)  loss_ce_unscaled: 0.0022 (0.0022)  loss_points_unscaled: 3.0118 (3.0195)  loss_count_unscaled: 2.2784 (2.3354)  loss_consistency_unscaled: 1.0975 (1.2795)  den_ssim: 0.0009 (0.0009)  moe_aux_total: 0.0000 (0.0000)  moe_aux_raw: 0.0000 (0.0000)  l_balance: 0.0000 (0.0000)  l_decorr: 0.0000 (0.0000)  moe_temperature: 0.1500 (0.1500)
2026-04-17 09:02:24 | INFO     | crowdcount.trainer:289 - [ep 922][lr 0.0000842][16.13s]
2026-04-17 09:02:39 | INFO     | crowdcount.trainer:348 - [Eval] mae=93.73  mse=134.89  time=13.2s  best_mae=63.29  best_mse=97.65
2026-04-17 09:02:39 | INFO     | crowdcount.trainer:352 - [Eval] density_mae=64.04  density_mse=106.20  best_density_mae=56.54
2026-04-17 09:02:56 | INFO     | crowdcount.engine:429 - Averaged stats: lr: 0.000084  loss_sum: 0.0287 (0.0375)  losses: 0.0062 (0.0066)  den_loss: 0.0213 (0.0309)  loss_ce: 0.0022 (0.0023)  loss_points: 0.0006 (0.0006)  loss_count: 0.0023 (0.0024)  loss_consistency: 0.0012 (0.0014)  loss_ce_unscaled: 0.0022 (0.0023)  loss_points_unscaled: 2.8612 (2.9518)  loss_count_unscaled: 2.2541 (2.3637)  loss_consistency_unscaled: 1.2253 (1.3659)  den_ssim: 0.0009 (0.0009)  moe_aux_total: 0.0000 (0.0000)  moe_aux_raw: 0.0000 (0.0000)  l_balance: 0.0000 (0.0000)  l_decorr: 0.0000 (0.0000)  moe_temperature: 0.1500 (0.1500)
2026-04-17 09:02:56 | INFO     | crowdcount.trainer:289 - [ep 923][lr 0.0000842][16.96s]
2026-04-17 09:03:11 | INFO     | crowdcount.trainer:348 - [Eval] mae=80.68  mse=126.31  time=12.9s  best_mae=63.29  best_mse=97.65
2026-04-17 09:03:11 | INFO     | crowdcount.trainer:352 - [Eval] density_mae=63.60  density_mse=106.40  best_density_mae=56.54
2026-04-17 09:03:26 | INFO     | crowdcount.engine:429 - Averaged stats: lr: 0.000084  loss_sum: 0.0256 (0.0283)  losses: 0.0060 (0.0059)  den_loss: 0.0201 (0.0224)  loss_ce: 0.0022 (0.0021)  loss_points: 0.0006 (0.0006)  loss_count: 0.0019 (0.0020)  loss_consistency: 0.0011 (0.0012)  loss_ce_unscaled: 0.0022 (0.0021)  loss_points_unscaled: 2.9803 (2.9917)  loss_count_unscaled: 1.9390 (2.0388)  loss_consistency_unscaled: 1.1320 (1.1972)  den_ssim: 0.0009 (0.0009)  moe_aux_total: 0.0000 (0.0000)  moe_aux_raw: 0.0000 (0.0000)  l_balance: 0.0000 (0.0000)  l_decorr: 0.0000 (0.0000)  moe_temperature: 0.1500 (0.1500)
2026-04-17 09:03:26 | INFO     | crowdcount.trainer:289 - [ep 924][lr 0.0000842][15.85s]
2026-04-17 09:03:41 | INFO     | crowdcount.trainer:348 - [Eval] mae=82.84  mse=123.20  time=13.0s  best_mae=63.29  best_mse=97.65
2026-04-17 09:03:41 | INFO     | crowdcount.trainer:352 - [Eval] density_mae=60.49  density_mse=101.69  best_density_mae=56.54
2026-04-17 09:03:58 | INFO     | crowdcount.engine:429 - Averaged stats: lr: 0.000084  loss_sum: 0.0255 (0.0346)  losses: 0.0061 (0.0064)  den_loss: 0.0195 (0.0281)  loss_ce: 0.0021 (0.0022)  loss_points: 0.0006 (0.0006)  loss_count: 0.0023 (0.0024)  loss_consistency: 0.0011 (0.0012)  loss_ce_unscaled: 0.0021 (0.0022)  loss_points_unscaled: 2.9556 (3.0123)  loss_count_unscaled: 2.2839 (2.3859)  loss_consistency_unscaled: 1.1394 (1.2444)  den_ssim: 0.0008 (0.0009)  moe_aux_total: 0.0000 (0.0001)  moe_aux_raw: 0.0000 (0.0001)  l_balance: 0.0000 (0.0001)  l_decorr: 0.0000 (0.0000)  moe_temperature: 0.1500 (0.1500)
2026-04-17 09:03:58 | INFO     | crowdcount.trainer:289 - [ep 925][lr 0.0000841][16.82s]
2026-04-17 09:04:13 | INFO     | crowdcount.trainer:348 - [Eval] mae=92.72  mse=135.67  time=13.2s  best_mae=63.29  best_mse=97.65
2026-04-17 09:04:13 | INFO     | crowdcount.trainer:352 - [Eval] density_mae=61.44  density_mse=106.09  best_density_mae=56.54
2026-04-17 09:04:30 | INFO     | crowdcount.engine:429 - Averaged stats: lr: 0.000084  loss_sum: 0.0292 (0.0367)  losses: 0.0058 (0.0064)  den_loss: 0.0225 (0.0302)  loss_ce: 0.0019 (0.0022)  loss_points: 0.0006 (0.0006)  loss_count: 0.0021 (0.0023)  loss_consistency: 0.0012 (0.0014)  loss_ce_unscaled: 0.0019 (0.0022)  loss_points_unscaled: 3.0086 (2.9716)  loss_count_unscaled: 2.0696 (2.2657)  loss_consistency_unscaled: 1.2111 (1.3652)  den_ssim: 0.0009 (0.0009)  moe_aux_total: 0.0000 (0.0000)  moe_aux_raw: 0.0000 (0.0000)  l_balance: 0.0000 (0.0000)  l_decorr: 0.0000 (0.0000)  moe_temperature: 0.1500 (0.1500)
2026-04-17 09:04:30 | INFO     | crowdcount.trainer:289 - [ep 926][lr 0.0000841][16.53s]
2026-04-17 09:04:44 | INFO     | crowdcount.trainer:348 - [Eval] mae=84.07  mse=129.14  time=12.8s  best_mae=63.29  best_mse=97.65
2026-04-17 09:04:44 | INFO     | crowdcount.trainer:352 - [Eval] density_mae=64.59  density_mse=108.33  best_density_mae=56.54
2026-04-17 09:05:01 | INFO     | crowdcount.engine:429 - Averaged stats: lr: 0.000084  loss_sum: 0.0345 (0.0420)  losses: 0.0067 (0.0071)  den_loss: 0.0293 (0.0349)  loss_ce: 0.0021 (0.0023)  loss_points: 0.0006 (0.0006)  loss_count: 0.0023 (0.0027)  loss_consistency: 0.0013 (0.0015)  loss_ce_unscaled: 0.0021 (0.0023)  loss_points_unscaled: 2.9347 (3.0377)  loss_count_unscaled: 2.3254 (2.6681)  loss_consistency_unscaled: 1.3124 (1.4606)  den_ssim: 0.0010 (0.0010)  moe_aux_total: 0.0000 (0.0000)  moe_aux_raw: 0.0000 (0.0000)  l_balance: 0.0000 (0.0000)  l_decorr: 0.0000 (0.0000)  moe_temperature: 0.1500 (0.1500)
2026-04-17 09:05:01 | INFO     | crowdcount.trainer:289 - [ep 927][lr 0.0000841][17.09s]
2026-04-17 09:05:16 | INFO     | crowdcount.trainer:348 - [Eval] mae=72.14  mse=118.09  time=13.1s  best_mae=63.29  best_mse=97.65
2026-04-17 09:05:16 | INFO     | crowdcount.trainer:352 - [Eval] density_mae=74.82  density_mse=122.44  best_density_mae=56.54
2026-04-17 09:05:33 | INFO     | crowdcount.engine:429 - Averaged stats: lr: 0.000084  loss_sum: 0.0314 (0.0320)  losses: 0.0061 (0.0062)  den_loss: 0.0262 (0.0258)  loss_ce: 0.0020 (0.0021)  loss_points: 0.0006 (0.0006)  loss_count: 0.0021 (0.0022)  loss_consistency: 0.0012 (0.0012)  loss_ce_unscaled: 0.0020 (0.0021)  loss_points_unscaled: 2.9758 (3.0586)  loss_count_unscaled: 2.1460 (2.2372)  loss_consistency_unscaled: 1.1909 (1.2271)  den_ssim: 0.0009 (0.0009)  moe_aux_total: 0.0000 (0.0000)  moe_aux_raw: 0.0000 (0.0000)  l_balance: 0.0000 (0.0000)  l_decorr: 0.0000 (0.0000)  moe_temperature: 0.1500 (0.1500)
2026-04-17 09:05:33 | INFO     | crowdcount.trainer:289 - [ep 928][lr 0.0000840][16.65s]
2026-04-17 09:05:48 | INFO     | crowdcount.trainer:348 - [Eval] mae=85.84  mse=130.51  time=13.4s  best_mae=63.29  best_mse=97.65
2026-04-17 09:05:48 | INFO     | crowdcount.trainer:352 - [Eval] density_mae=63.04  density_mse=109.75  best_density_mae=56.54
2026-04-17 09:06:05 | INFO     | crowdcount.engine:429 - Averaged stats: lr: 0.000084  loss_sum: 0.0295 (0.0355)  losses: 0.0059 (0.0064)  den_loss: 0.0245 (0.0291)  loss_ce: 0.0019 (0.0022)  loss_points: 0.0006 (0.0006)  loss_count: 0.0021 (0.0023)  loss_consistency: 0.0011 (0.0012)  loss_ce_unscaled: 0.0019 (0.0022)  loss_points_unscaled: 2.8421 (2.9107)  loss_count_unscaled: 2.0910 (2.3163)  loss_consistency_unscaled: 1.0835 (1.2376)  den_ssim: 0.0008 (0.0009)  moe_aux_total: 0.0000 (0.0000)  moe_aux_raw: 0.0000 (0.0000)  l_balance: 0.0000 (0.0000)  l_decorr: 0.0000 (0.0000)  moe_temperature: 0.1500 (0.1500)
2026-04-17 09:06:05 | INFO     | crowdcount.trainer:289 - [ep 929][lr 0.0000840][16.47s]
2026-04-17 09:06:20 | INFO     | crowdcount.trainer:348 - [Eval] mae=78.77  mse=120.18  time=13.0s  best_mae=63.29  best_mse=97.65
2026-04-17 09:06:20 | INFO     | crowdcount.trainer:352 - [Eval] density_mae=62.62  density_mse=108.95  best_density_mae=56.54
2026-04-17 09:06:36 | INFO     | crowdcount.engine:429 - Averaged stats: lr: 0.000084  loss_sum: 0.0353 (0.0360)  losses: 0.0067 (0.0067)  den_loss: 0.0278 (0.0293)  loss_ce: 0.0022 (0.0022)  loss_points: 0.0006 (0.0006)  loss_count: 0.0021 (0.0025)  loss_consistency: 0.0012 (0.0014)  loss_ce_unscaled: 0.0022 (0.0022)  loss_points_unscaled: 3.0700 (3.0100)  loss_count_unscaled: 2.1108 (2.5269)  loss_consistency_unscaled: 1.2265 (1.3514)  den_ssim: 0.0009 (0.0009)  moe_aux_total: 0.0000 (0.0000)  moe_aux_raw: 0.0000 (0.0000)  l_balance: 0.0000 (0.0000)  l_decorr: 0.0000 (0.0000)  moe_temperature: 0.1500 (0.1500)
2026-04-17 09:06:36 | INFO     | crowdcount.trainer:289 - [ep 930][lr 0.0000840][16.43s]
2026-04-17 09:06:51 | INFO     | crowdcount.trainer:348 - [Eval] mae=77.58  mse=117.39  time=13.2s  best_mae=63.29  best_mse=97.65
2026-04-17 09:06:51 | INFO     | crowdcount.trainer:352 - [Eval] density_mae=66.01  density_mse=112.77  best_density_mae=56.54
2026-04-17 09:07:08 | INFO     | crowdcount.engine:429 - Averaged stats: lr: 0.000084  loss_sum: 0.0217 (0.0381)  losses: 0.0061 (0.0065)  den_loss: 0.0156 (0.0317)  loss_ce: 0.0022 (0.0022)  loss_points: 0.0006 (0.0006)  loss_count: 0.0020 (0.0025)  loss_consistency: 0.0011 (0.0012)  loss_ce_unscaled: 0.0022 (0.0022)  loss_points_unscaled: 2.9646 (2.9770)  loss_count_unscaled: 2.0466 (2.4759)  loss_consistency_unscaled: 1.1304 (1.1819)  den_ssim: 0.0009 (0.0010)  moe_aux_total: 0.0000 (0.0000)  moe_aux_raw: 0.0000 (0.0000)  l_balance: 0.0000 (0.0000)  l_decorr: 0.0000 (0.0000)  moe_temperature: 0.1500 (0.1500)
2026-04-17 09:07:08 | INFO     | crowdcount.trainer:289 - [ep 931][lr 0.0000839][16.94s]
2026-04-17 09:07:23 | INFO     | crowdcount.trainer:348 - [Eval] mae=84.49  mse=128.72  time=13.0s  best_mae=63.29  best_mse=97.65
2026-04-17 09:07:23 | INFO     | crowdcount.trainer:352 - [Eval] density_mae=62.54  density_mse=105.89  best_density_mae=56.54
2026-04-17 09:07:41 | INFO     | crowdcount.engine:429 - Averaged stats: lr: 0.000084  loss_sum: 0.0300 (0.0374)  losses: 0.0060 (0.0065)  den_loss: 0.0235 (0.0308)  loss_ce: 0.0021 (0.0023)  loss_points: 0.0006 (0.0006)  loss_count: 0.0021 (0.0024)  loss_consistency: 0.0012 (0.0013)  loss_ce_unscaled: 0.0021 (0.0023)  loss_points_unscaled: 3.0031 (2.9527)  loss_count_unscaled: 2.1382 (2.3610)  loss_consistency_unscaled: 1.1776 (1.2643)  den_ssim: 0.0009 (0.0010)  moe_aux_total: 0.0000 (0.0000)  moe_aux_raw: 0.0000 (0.0000)  l_balance: 0.0000 (0.0000)  l_decorr: 0.0000 (0.0000)  moe_temperature: 0.1500 (0.1500)
2026-04-17 09:07:41 | INFO     | crowdcount.trainer:289 - [ep 932][lr 0.0000839][17.47s]
2026-04-17 09:07:56 | INFO     | crowdcount.trainer:348 - [Eval] mae=80.21  mse=123.55  time=13.4s  best_mae=63.29  best_mse=97.65
2026-04-17 09:07:56 | INFO     | crowdcount.trainer:352 - [Eval] density_mae=65.32  density_mse=111.38  best_density_mae=56.54
2026-04-17 09:08:13 | INFO     | crowdcount.engine:429 - Averaged stats: lr: 0.000084  loss_sum: 0.0298 (0.0362)  losses: 0.0064 (0.0066)  den_loss: 0.0240 (0.0296)  loss_ce: 0.0020 (0.0023)  loss_points: 0.0006 (0.0006)  loss_count: 0.0023 (0.0023)  loss_consistency: 0.0014 (0.0014)  loss_ce_unscaled: 0.0020 (0.0023)  loss_points_unscaled: 3.0226 (3.0120)  loss_count_unscaled: 2.2854 (2.3435)  loss_consistency_unscaled: 1.3556 (1.3688)  den_ssim: 0.0010 (0.0010)  moe_aux_total: 0.0000 (0.0000)  moe_aux_raw: 0.0000 (0.0000)  l_balance: 0.0000 (0.0000)  l_decorr: 0.0000 (0.0000)  moe_temperature: 0.1500 (0.1500)
2026-04-17 09:08:13 | INFO     | crowdcount.trainer:289 - [ep 933][lr 0.0000839][17.46s]
2026-04-17 09:08:28 | INFO     | crowdcount.trainer:348 - [Eval] mae=86.32  mse=125.28  time=13.0s  best_mae=63.29  best_mse=97.65
2026-04-17 09:08:28 | INFO     | crowdcount.trainer:352 - [Eval] density_mae=62.39  density_mse=104.33  best_density_mae=56.54
2026-04-17 09:08:45 | INFO     | crowdcount.engine:429 - Averaged stats: lr: 0.000084  loss_sum: 0.0249 (0.0334)  losses: 0.0057 (0.0065)  den_loss: 0.0193 (0.0269)  loss_ce: 0.0020 (0.0022)  loss_points: 0.0006 (0.0006)  loss_count: 0.0019 (0.0023)  loss_consistency: 0.0012 (0.0014)  loss_ce_unscaled: 0.0020 (0.0022)  loss_points_unscaled: 2.9151 (2.9999)  loss_count_unscaled: 1.9151 (2.2862)  loss_consistency_unscaled: 1.1848 (1.3860)  den_ssim: 0.0008 (0.0009)  moe_aux_total: 0.0000 (0.0000)  moe_aux_raw: 0.0000 (0.0000)  l_balance: 0.0000 (0.0000)  l_decorr: 0.0000 (0.0000)  moe_temperature: 0.1500 (0.1500)
2026-04-17 09:08:45 | INFO     | crowdcount.trainer:289 - [ep 934][lr 0.0000838][17.43s]
2026-04-17 09:09:01 | INFO     | crowdcount.trainer:348 - [Eval] mae=99.77  mse=147.77  time=13.3s  best_mae=63.29  best_mse=97.65
2026-04-17 09:09:01 | INFO     | crowdcount.trainer:352 - [Eval] density_mae=62.64  density_mse=109.15  best_density_mae=56.54
2026-04-17 09:09:19 | INFO     | crowdcount.engine:429 - Averaged stats: lr: 0.000084  loss_sum: 0.0276 (0.0353)  losses: 0.0061 (0.0066)  den_loss: 0.0224 (0.0287)  loss_ce: 0.0022 (0.0022)  loss_points: 0.0006 (0.0006)  loss_count: 0.0022 (0.0024)  loss_consistency: 0.0012 (0.0013)  loss_ce_unscaled: 0.0022 (0.0022)  loss_points_unscaled: 3.0317 (2.9751)  loss_count_unscaled: 2.1547 (2.4146)  loss_consistency_unscaled: 1.1746 (1.3171)  den_ssim: 0.0010 (0.0010)  moe_aux_total: 0.0000 (0.0000)  moe_aux_raw: 0.0000 (0.0000)  l_balance: 0.0000 (0.0000)  l_decorr: 0.0000 (0.0000)  moe_temperature: 0.1500 (0.1500)
2026-04-17 09:09:19 | INFO     | crowdcount.trainer:289 - [ep 935][lr 0.0000838][17.78s]
2026-04-17 09:09:34 | INFO     | crowdcount.trainer:348 - [Eval] mae=93.96  mse=141.48  time=13.1s  best_mae=63.29  best_mse=97.65
2026-04-17 09:09:34 | INFO     | crowdcount.trainer:352 - [Eval] density_mae=63.78  density_mse=112.66  best_density_mae=56.54
2026-04-17 09:09:51 | INFO     | crowdcount.engine:429 - Averaged stats: lr: 0.000084  loss_sum: 0.0313 (0.0380)  losses: 0.0058 (0.0068)  den_loss: 0.0240 (0.0312)  loss_ce: 0.0021 (0.0023)  loss_points: 0.0006 (0.0006)  loss_count: 0.0019 (0.0025)  loss_consistency: 0.0013 (0.0015)  loss_ce_unscaled: 0.0021 (0.0023)  loss_points_unscaled: 3.0111 (2.9986)  loss_count_unscaled: 1.8589 (2.4814)  loss_consistency_unscaled: 1.3489 (1.4730)  den_ssim: 0.0009 (0.0009)  moe_aux_total: 0.0000 (0.0000)  moe_aux_raw: 0.0000 (0.0000)  l_balance: 0.0000 (0.0000)  l_decorr: 0.0000 (0.0000)  moe_temperature: 0.1500 (0.1500)
2026-04-17 09:09:51 | INFO     | crowdcount.trainer:289 - [ep 936][lr 0.0000838][17.69s]
2026-04-17 09:10:06 | INFO     | crowdcount.trainer:348 - [Eval] mae=98.06  mse=142.37  time=13.0s  best_mae=63.29  best_mse=97.65
2026-04-17 09:10:06 | INFO     | crowdcount.trainer:352 - [Eval] density_mae=65.85  density_mse=111.27  best_density_mae=56.54
2026-04-17 09:10:24 | INFO     | crowdcount.engine:429 - Averaged stats: lr: 0.000084  loss_sum: 0.0270 (0.0397)  losses: 0.0060 (0.0066)  den_loss: 0.0211 (0.0331)  loss_ce: 0.0023 (0.0022)  loss_points: 0.0006 (0.0006)  loss_count: 0.0020 (0.0024)  loss_consistency: 0.0011 (0.0014)  loss_ce_unscaled: 0.0023 (0.0022)  loss_points_unscaled: 3.0817 (3.0301)  loss_count_unscaled: 1.9598 (2.3655)  loss_consistency_unscaled: 1.0966 (1.3760)  den_ssim: 0.0010 (0.0009)  moe_aux_total: 0.0000 (0.0000)  moe_aux_raw: 0.0000 (0.0000)  l_balance: 0.0000 (0.0000)  l_decorr: 0.0000 (0.0000)  moe_temperature: 0.1500 (0.1500)
2026-04-17 09:10:24 | INFO     | crowdcount.trainer:289 - [ep 937][lr 0.0000837][18.08s]
2026-04-17 09:10:40 | INFO     | crowdcount.trainer:348 - [Eval] mae=87.77  mse=131.54  time=13.5s  best_mae=63.29  best_mse=97.65
2026-04-17 09:10:40 | INFO     | crowdcount.trainer:352 - [Eval] density_mae=63.62  density_mse=108.39  best_density_mae=56.54
2026-04-17 09:10:57 | INFO     | crowdcount.engine:429 - Averaged stats: lr: 0.000084  loss_sum: 0.0342 (0.0401)  losses: 0.0061 (0.0070)  den_loss: 0.0277 (0.0331)  loss_ce: 0.0021 (0.0023)  loss_points: 0.0006 (0.0006)  loss_count: 0.0022 (0.0024)  loss_consistency: 0.0012 (0.0017)  loss_ce_unscaled: 0.0021 (0.0023)  loss_points_unscaled: 2.9724 (2.9854)  loss_count_unscaled: 2.1780 (2.4066)  loss_consistency_unscaled: 1.2491 (1.6667)  den_ssim: 0.0009 (0.0010)  moe_aux_total: 0.0000 (0.0000)  moe_aux_raw: 0.0000 (0.0000)  l_balance: 0.0000 (0.0000)  l_decorr: 0.0000 (0.0000)  moe_temperature: 0.1500 (0.1500)
2026-04-17 09:10:57 | INFO     | crowdcount.trainer:289 - [ep 938][lr 0.0000837][17.66s]
2026-04-17 09:11:13 | INFO     | crowdcount.trainer:348 - [Eval] mae=79.31  mse=122.01  time=13.2s  best_mae=63.29  best_mse=97.65
2026-04-17 09:11:13 | INFO     | crowdcount.trainer:352 - [Eval] density_mae=61.34  density_mse=102.17  best_density_mae=56.54
2026-04-17 09:11:30 | INFO     | crowdcount.engine:429 - Averaged stats: lr: 0.000084  loss_sum: 0.0235 (0.0343)  losses: 0.0057 (0.0062)  den_loss: 0.0184 (0.0281)  loss_ce: 0.0021 (0.0022)  loss_points: 0.0006 (0.0006)  loss_count: 0.0018 (0.0022)  loss_consistency: 0.0011 (0.0012)  loss_ce_unscaled: 0.0021 (0.0022)  loss_points_unscaled: 2.9560 (2.9843)  loss_count_unscaled: 1.8108 (2.1842)  loss_consistency_unscaled: 1.1499 (1.1575)  den_ssim: 0.0009 (0.0009)  moe_aux_total: 0.0000 (0.0000)  moe_aux_raw: 0.0000 (0.0000)  l_balance: 0.0000 (0.0000)  l_decorr: 0.0000 (0.0000)  moe_temperature: 0.1500 (0.1500)
2026-04-17 09:11:30 | INFO     | crowdcount.trainer:289 - [ep 939][lr 0.0000837][17.39s]
2026-04-17 09:11:46 | INFO     | crowdcount.trainer:348 - [Eval] mae=96.73  mse=141.25  time=13.5s  best_mae=63.29  best_mse=97.65
2026-04-17 09:11:46 | INFO     | crowdcount.trainer:352 - [Eval] density_mae=64.72  density_mse=108.74  best_density_mae=56.54
2026-04-17 09:12:03 | INFO     | crowdcount.engine:429 - Averaged stats: lr: 0.000084  loss_sum: 0.0242 (0.0360)  losses: 0.0059 (0.0062)  den_loss: 0.0191 (0.0298)  loss_ce: 0.0021 (0.0022)  loss_points: 0.0006 (0.0006)  loss_count: 0.0020 (0.0022)  loss_consistency: 0.0011 (0.0011)  loss_ce_unscaled: 0.0021 (0.0022)  loss_points_unscaled: 2.9195 (2.9809)  loss_count_unscaled: 2.0036 (2.2336)  loss_consistency_unscaled: 1.1305 (1.1245)  den_ssim: 0.0009 (0.0009)  moe_aux_total: 0.0000 (0.0000)  moe_aux_raw: 0.0000 (0.0000)  l_balance: 0.0000 (0.0000)  l_decorr: 0.0000 (0.0000)  moe_temperature: 0.1500 (0.1500)
2026-04-17 09:12:03 | INFO     | crowdcount.trainer:289 - [ep 940][lr 0.0000836][17.73s]
2026-04-17 09:12:19 | INFO     | crowdcount.trainer:348 - [Eval] mae=78.49  mse=125.91  time=13.3s  best_mae=63.29  best_mse=97.65
2026-04-17 09:12:19 | INFO     | crowdcount.trainer:352 - [Eval] density_mae=64.60  density_mse=109.04  best_density_mae=56.54
2026-04-17 09:12:36 | INFO     | crowdcount.engine:429 - Averaged stats: lr: 0.000084  loss_sum: 0.0264 (0.0344)  losses: 0.0057 (0.0061)  den_loss: 0.0200 (0.0283)  loss_ce: 0.0020 (0.0022)  loss_points: 0.0006 (0.0006)  loss_count: 0.0020 (0.0021)  loss_consistency: 0.0011 (0.0012)  loss_ce_unscaled: 0.0020 (0.0022)  loss_points_unscaled: 3.0752 (3.0369)  loss_count_unscaled: 1.9506 (2.1414)  loss_consistency_unscaled: 1.1240 (1.1770)  den_ssim: 0.0009 (0.0009)  moe_aux_total: 0.0000 (0.0000)  moe_aux_raw: 0.0000 (0.0000)  l_balance: 0.0000 (0.0000)  l_decorr: 0.0000 (0.0000)  moe_temperature: 0.1500 (0.1500)
2026-04-17 09:12:36 | INFO     | crowdcount.trainer:289 - [ep 941][lr 0.0000836][17.47s]
2026-04-17 09:12:51 | INFO     | crowdcount.trainer:348 - [Eval] mae=77.19  mse=121.82  time=13.2s  best_mae=63.29  best_mse=97.65
2026-04-17 09:12:51 | INFO     | crowdcount.trainer:352 - [Eval] density_mae=68.08  density_mse=112.57  best_density_mae=56.54
2026-04-17 09:13:08 | INFO     | crowdcount.engine:429 - Averaged stats: lr: 0.000084  loss_sum: 0.0259 (0.0343)  losses: 0.0057 (0.0065)  den_loss: 0.0211 (0.0278)  loss_ce: 0.0022 (0.0023)  loss_points: 0.0006 (0.0006)  loss_count: 0.0018 (0.0024)  loss_consistency: 0.0011 (0.0012)  loss_ce_unscaled: 0.0022 (0.0023)  loss_points_unscaled: 2.9388 (2.9419)  loss_count_unscaled: 1.7917 (2.4050)  loss_consistency_unscaled: 1.1074 (1.2055)  den_ssim: 0.0010 (0.0009)  moe_aux_total: 0.0000 (0.0000)  moe_aux_raw: 0.0000 (0.0000)  l_balance: 0.0000 (0.0000)  l_decorr: 0.0000 (0.0000)  moe_temperature: 0.1500 (0.1500)
2026-04-17 09:13:08 | INFO     | crowdcount.trainer:289 - [ep 942][lr 0.0000836][16.71s]
2026-04-17 09:13:23 | INFO     | crowdcount.trainer:348 - [Eval] mae=73.97  mse=114.70  time=13.2s  best_mae=63.29  best_mse=97.65
2026-04-17 09:13:23 | INFO     | crowdcount.trainer:352 - [Eval] density_mae=70.45  density_mse=118.86  best_density_mae=56.54
2026-04-17 09:13:40 | INFO     | crowdcount.engine:429 - Averaged stats: lr: 0.000084  loss_sum: 0.0350 (0.0353)  losses: 0.0071 (0.0066)  den_loss: 0.0294 (0.0287)  loss_ce: 0.0024 (0.0023)  loss_points: 0.0006 (0.0006)  loss_count: 0.0026 (0.0024)  loss_consistency: 0.0013 (0.0013)  loss_ce_unscaled: 0.0024 (0.0023)  loss_points_unscaled: 3.0448 (3.0068)  loss_count_unscaled: 2.5858 (2.3872)  loss_consistency_unscaled: 1.3231 (1.3392)  den_ssim: 0.0009 (0.0009)  moe_aux_total: 0.0000 (0.0000)  moe_aux_raw: 0.0000 (0.0000)  l_balance: 0.0000 (0.0000)  l_decorr: 0.0000 (0.0000)  moe_temperature: 0.1500 (0.1500)
2026-04-17 09:13:40 | INFO     | crowdcount.trainer:289 - [ep 943][lr 0.0000835][17.06s]
2026-04-17 09:13:56 | INFO     | crowdcount.trainer:348 - [Eval] mae=77.02  mse=119.76  time=13.3s  best_mae=63.29  best_mse=97.65
2026-04-17 09:13:56 | INFO     | crowdcount.trainer:352 - [Eval] density_mae=67.46  density_mse=113.85  best_density_mae=56.54
2026-04-17 09:14:13 | INFO     | crowdcount.engine:429 - Averaged stats: lr: 0.000084  loss_sum: 0.0357 (0.0414)  losses: 0.0073 (0.0070)  den_loss: 0.0280 (0.0344)  loss_ce: 0.0024 (0.0024)  loss_points: 0.0006 (0.0006)  loss_count: 0.0027 (0.0026)  loss_consistency: 0.0014 (0.0015)  loss_ce_unscaled: 0.0024 (0.0024)  loss_points_unscaled: 2.9526 (2.9991)  loss_count_unscaled: 2.6692 (2.5544)  loss_consistency_unscaled: 1.4142 (1.4998)  den_ssim: 0.0010 (0.0010)  moe_aux_total: 0.0000 (0.0000)  moe_aux_raw: 0.0000 (0.0000)  l_balance: 0.0000 (0.0000)  l_decorr: 0.0000 (0.0000)  moe_temperature: 0.1500 (0.1500)
2026-04-17 09:14:13 | INFO     | crowdcount.trainer:289 - [ep 944][lr 0.0000835][17.45s]
2026-04-17 09:14:28 | INFO     | crowdcount.trainer:348 - [Eval] mae=88.43  mse=134.33  time=13.2s  best_mae=63.29  best_mse=97.65
2026-04-17 09:14:28 | INFO     | crowdcount.trainer:352 - [Eval] density_mae=62.71  density_mse=109.02  best_density_mae=56.54
2026-04-17 09:14:45 | INFO     | crowdcount.engine:429 - Averaged stats: lr: 0.000083  loss_sum: 0.0290 (0.0333)  losses: 0.0062 (0.0065)  den_loss: 0.0218 (0.0268)  loss_ce: 0.0022 (0.0022)  loss_points: 0.0006 (0.0006)  loss_count: 0.0020 (0.0023)  loss_consistency: 0.0014 (0.0014)  loss_ce_unscaled: 0.0022 (0.0022)  loss_points_unscaled: 2.9609 (3.0106)  loss_count_unscaled: 2.0460 (2.2636)  loss_consistency_unscaled: 1.3506 (1.3928)  den_ssim: 0.0009 (0.0009)  moe_aux_total: 0.0000 (0.0000)  moe_aux_raw: 0.0000 (0.0000)  l_balance: 0.0000 (0.0000)  l_decorr: 0.0000 (0.0000)  moe_temperature: 0.1500 (0.1500)
2026-04-17 09:14:45 | INFO     | crowdcount.trainer:289 - [ep 945][lr 0.0000835][16.85s]
2026-04-17 09:15:00 | INFO     | crowdcount.trainer:348 - [Eval] mae=81.79  mse=125.00  time=12.8s  best_mae=63.29  best_mse=97.65
2026-04-17 09:15:00 | INFO     | crowdcount.trainer:352 - [Eval] density_mae=64.13  density_mse=112.99  best_density_mae=56.54
2026-04-17 09:15:17 | INFO     | crowdcount.engine:429 - Averaged stats: lr: 0.000083  loss_sum: 0.0299 (0.0397)  losses: 0.0063 (0.0066)  den_loss: 0.0243 (0.0331)  loss_ce: 0.0019 (0.0022)  loss_points: 0.0006 (0.0006)  loss_count: 0.0022 (0.0024)  loss_consistency: 0.0013 (0.0014)  loss_ce_unscaled: 0.0019 (0.0022)  loss_points_unscaled: 3.0802 (3.0497)  loss_count_unscaled: 2.1909 (2.3696)  loss_consistency_unscaled: 1.3078 (1.3863)  den_ssim: 0.0009 (0.0009)  moe_aux_total: 0.0000 (0.0000)  moe_aux_raw: 0.0000 (0.0000)  l_balance: 0.0000 (0.0000)  l_decorr: 0.0000 (0.0000)  moe_temperature: 0.1500 (0.1500)
2026-04-17 09:15:17 | INFO     | crowdcount.trainer:289 - [ep 946][lr 0.0000834][17.14s]
2026-04-17 09:15:32 | INFO     | crowdcount.trainer:348 - [Eval] mae=84.80  mse=128.89  time=13.3s  best_mae=63.29  best_mse=97.65
2026-04-17 09:15:32 | INFO     | crowdcount.trainer:352 - [Eval] density_mae=62.73  density_mse=107.87  best_density_mae=56.54
2026-04-17 09:15:50 | INFO     | crowdcount.engine:429 - Averaged stats: lr: 0.000083  loss_sum: 0.0270 (0.0408)  losses: 0.0063 (0.0070)  den_loss: 0.0206 (0.0337)  loss_ce: 0.0021 (0.0023)  loss_points: 0.0006 (0.0006)  loss_count: 0.0022 (0.0025)  loss_consistency: 0.0013 (0.0016)  loss_ce_unscaled: 0.0021 (0.0023)  loss_points_unscaled: 2.9539 (2.9870)  loss_count_unscaled: 2.2229 (2.5193)  loss_consistency_unscaled: 1.2641 (1.5644)  den_ssim: 0.0009 (0.0010)  moe_aux_total: 0.0000 (0.0000)  moe_aux_raw: 0.0000 (0.0000)  l_balance: 0.0000 (0.0000)  l_decorr: 0.0000 (0.0000)  moe_temperature: 0.1500 (0.1500)
2026-04-17 09:15:50 | INFO     | crowdcount.trainer:289 - [ep 947][lr 0.0000834][18.43s]
2026-04-17 09:16:05 | INFO     | crowdcount.trainer:348 - [Eval] mae=84.83  mse=129.67  time=13.0s  best_mae=63.29  best_mse=97.65
2026-04-17 09:16:05 | INFO     | crowdcount.trainer:352 - [Eval] density_mae=66.08  density_mse=115.81  best_density_mae=56.54
2026-04-17 09:16:22 | INFO     | crowdcount.engine:429 - Averaged stats: lr: 0.000083  loss_sum: 0.0211 (0.0343)  losses: 0.0061 (0.0063)  den_loss: 0.0163 (0.0280)  loss_ce: 0.0021 (0.0022)  loss_points: 0.0006 (0.0006)  loss_count: 0.0022 (0.0022)  loss_consistency: 0.0012 (0.0013)  loss_ce_unscaled: 0.0021 (0.0022)  loss_points_unscaled: 2.9609 (3.0812)  loss_count_unscaled: 2.1554 (2.1771)  loss_consistency_unscaled: 1.2489 (1.2535)  den_ssim: 0.0009 (0.0010)  moe_aux_total: 0.0000 (0.0000)  moe_aux_raw: 0.0000 (0.0000)  l_balance: 0.0000 (0.0000)  l_decorr: 0.0000 (0.0000)  moe_temperature: 0.1500 (0.1500)
2026-04-17 09:16:22 | INFO     | crowdcount.trainer:289 - [ep 948][lr 0.0000834][16.68s]
2026-04-17 09:16:38 | INFO     | crowdcount.trainer:348 - [Eval] mae=78.73  mse=124.95  time=13.5s  best_mae=63.29  best_mse=97.65
2026-04-17 09:16:38 | INFO     | crowdcount.trainer:352 - [Eval] density_mae=66.14  density_mse=112.81  best_density_mae=56.54
2026-04-17 09:16:55 | INFO     | crowdcount.engine:429 - Averaged stats: lr: 0.000083  loss_sum: 0.0277 (0.0333)  losses: 0.0058 (0.0059)  den_loss: 0.0221 (0.0274)  loss_ce: 0.0019 (0.0021)  loss_points: 0.0006 (0.0006)  loss_count: 0.0021 (0.0020)  loss_consistency: 0.0013 (0.0012)  loss_ce_unscaled: 0.0019 (0.0021)  loss_points_unscaled: 3.0159 (3.0292)  loss_count_unscaled: 2.0862 (2.0108)  loss_consistency_unscaled: 1.2745 (1.2364)  den_ssim: 0.0010 (0.0009)  moe_aux_total: 0.0000 (0.0000)  moe_aux_raw: 0.0000 (0.0000)  l_balance: 0.0000 (0.0000)  l_decorr: 0.0000 (0.0000)  moe_temperature: 0.1500 (0.1500)
2026-04-17 09:16:55 | INFO     | crowdcount.trainer:289 - [ep 949][lr 0.0000833][17.05s]
2026-04-17 09:17:10 | INFO     | crowdcount.trainer:348 - [Eval] mae=84.73  mse=126.52  time=13.0s  best_mae=63.29  best_mse=97.65
2026-04-17 09:17:10 | INFO     | crowdcount.trainer:352 - [Eval] density_mae=64.41  density_mse=108.49  best_density_mae=56.54
2026-04-17 09:17:27 | INFO     | crowdcount.engine:429 - Averaged stats: lr: 0.000083  loss_sum: 0.0283 (0.0339)  losses: 0.0061 (0.0061)  den_loss: 0.0230 (0.0278)  loss_ce: 0.0023 (0.0022)  loss_points: 0.0006 (0.0006)  loss_count: 0.0021 (0.0021)  loss_consistency: 0.0011 (0.0012)  loss_ce_unscaled: 0.0023 (0.0022)  loss_points_unscaled: 2.8778 (2.9883)  loss_count_unscaled: 2.0844 (2.1339)  loss_consistency_unscaled: 1.1093 (1.2040)  den_ssim: 0.0009 (0.0009)  moe_aux_total: 0.0000 (0.0000)  moe_aux_raw: 0.0000 (0.0000)  l_balance: 0.0000 (0.0000)  l_decorr: 0.0000 (0.0000)  moe_temperature: 0.1500 (0.1500)
2026-04-17 09:17:27 | INFO     | crowdcount.trainer:289 - [ep 950][lr 0.0000833][16.83s]
2026-04-17 09:17:41 | INFO     | crowdcount.trainer:348 - [Eval] mae=83.41  mse=131.33  time=12.9s  best_mae=63.29  best_mse=97.65
2026-04-17 09:17:41 | INFO     | crowdcount.trainer:352 - [Eval] density_mae=65.23  density_mse=113.45  best_density_mae=56.54
2026-04-17 09:17:59 | INFO     | crowdcount.engine:429 - Averaged stats: lr: 0.000083  loss_sum: 0.0335 (0.0349)  losses: 0.0067 (0.0065)  den_loss: 0.0268 (0.0284)  loss_ce: 0.0024 (0.0022)  loss_points: 0.0006 (0.0006)  loss_count: 0.0025 (0.0024)  loss_consistency: 0.0013 (0.0013)  loss_ce_unscaled: 0.0024 (0.0022)  loss_points_unscaled: 2.8943 (2.9686)  loss_count_unscaled: 2.4731 (2.3556)  loss_consistency_unscaled: 1.2710 (1.3114)  den_ssim: 0.0009 (0.0009)  moe_aux_total: 0.0000 (0.0000)  moe_aux_raw: 0.0000 (0.0000)  l_balance: 0.0000 (0.0000)  l_decorr: 0.0000 (0.0000)  moe_temperature: 0.1500 (0.1500)
2026-04-17 09:17:59 | INFO     | crowdcount.trainer:289 - [ep 951][lr 0.0000833][17.14s]
2026-04-17 09:18:13 | INFO     | crowdcount.trainer:348 - [Eval] mae=82.03  mse=127.28  time=12.8s  best_mae=63.29  best_mse=97.65
2026-04-17 09:18:13 | INFO     | crowdcount.trainer:352 - [Eval] density_mae=61.52  density_mse=104.63  best_density_mae=56.54
2026-04-17 09:18:31 | INFO     | crowdcount.engine:429 - Averaged stats: lr: 0.000083  loss_sum: 0.0269 (0.0352)  losses: 0.0057 (0.0062)  den_loss: 0.0212 (0.0290)  loss_ce: 0.0021 (0.0021)  loss_points: 0.0006 (0.0006)  loss_count: 0.0020 (0.0022)  loss_consistency: 0.0012 (0.0012)  loss_ce_unscaled: 0.0021 (0.0021)  loss_points_unscaled: 3.1041 (3.0626)  loss_count_unscaled: 2.0475 (2.2271)  loss_consistency_unscaled: 1.1532 (1.2219)  den_ssim: 0.0009 (0.0009)  moe_aux_total: 0.0000 (0.0000)  moe_aux_raw: 0.0000 (0.0000)  l_balance: 0.0000 (0.0000)  l_decorr: 0.0000 (0.0000)  moe_temperature: 0.1500 (0.1500)
2026-04-17 09:18:31 | INFO     | crowdcount.trainer:289 - [ep 952][lr 0.0000832][17.16s]
2026-04-17 09:18:45 | INFO     | crowdcount.trainer:348 - [Eval] mae=89.97  mse=132.38  time=12.6s  best_mae=63.29  best_mse=97.65
2026-04-17 09:18:45 | INFO     | crowdcount.trainer:352 - [Eval] density_mae=62.95  density_mse=103.02  best_density_mae=56.54
2026-04-17 09:19:01 | INFO     | crowdcount.engine:429 - Averaged stats: lr: 0.000083  loss_sum: 0.0308 (0.0312)  losses: 0.0064 (0.0062)  den_loss: 0.0244 (0.0250)  loss_ce: 0.0022 (0.0022)  loss_points: 0.0006 (0.0006)  loss_count: 0.0024 (0.0022)  loss_consistency: 0.0012 (0.0013)  loss_ce_unscaled: 0.0022 (0.0022)  loss_points_unscaled: 2.9574 (3.0344)  loss_count_unscaled: 2.3978 (2.1528)  loss_consistency_unscaled: 1.2305 (1.2622)  den_ssim: 0.0010 (0.0010)  moe_aux_total: 0.0000 (0.0000)  moe_aux_raw: 0.0000 (0.0000)  l_balance: 0.0000 (0.0000)  l_decorr: 0.0000 (0.0000)  moe_temperature: 0.1500 (0.1500)
2026-04-17 09:19:01 | INFO     | crowdcount.trainer:289 - [ep 953][lr 0.0000832][15.96s]
2026-04-17 09:19:15 | INFO     | crowdcount.trainer:348 - [Eval] mae=75.55  mse=122.06  time=12.8s  best_mae=63.29  best_mse=97.65
2026-04-17 09:19:15 | INFO     | crowdcount.trainer:352 - [Eval] density_mae=70.11  density_mse=117.87  best_density_mae=56.54
2026-04-17 09:19:32 | INFO     | crowdcount.engine:429 - Averaged stats: lr: 0.000083  loss_sum: 0.0218 (0.0388)  losses: 0.0053 (0.0068)  den_loss: 0.0166 (0.0320)  loss_ce: 0.0019 (0.0023)  loss_points: 0.0006 (0.0006)  loss_count: 0.0019 (0.0025)  loss_consistency: 0.0012 (0.0014)  loss_ce_unscaled: 0.0019 (0.0023)  loss_points_unscaled: 3.0298 (3.0222)  loss_count_unscaled: 1.8508 (2.4823)  loss_consistency_unscaled: 1.1570 (1.3654)  den_ssim: 0.0009 (0.0010)  moe_aux_total: 0.0000 (0.0000)  moe_aux_raw: 0.0000 (0.0000)  l_balance: 0.0000 (0.0000)  l_decorr: 0.0000 (0.0000)  moe_temperature: 0.1500 (0.1500)
2026-04-17 09:19:32 | INFO     | crowdcount.trainer:289 - [ep 954][lr 0.0000832][16.62s]
2026-04-17 09:19:47 | INFO     | crowdcount.trainer:348 - [Eval] mae=93.14  mse=137.90  time=12.7s  best_mae=63.29  best_mse=97.65
2026-04-17 09:19:47 | INFO     | crowdcount.trainer:352 - [Eval] density_mae=63.26  density_mse=105.83  best_density_mae=56.54
2026-04-17 09:20:03 | INFO     | crowdcount.engine:429 - Averaged stats: lr: 0.000083  loss_sum: 0.0359 (0.0359)  losses: 0.0063 (0.0065)  den_loss: 0.0306 (0.0294)  loss_ce: 0.0023 (0.0023)  loss_points: 0.0006 (0.0006)  loss_count: 0.0022 (0.0023)  loss_consistency: 0.0013 (0.0014)  loss_ce_unscaled: 0.0023 (0.0023)  loss_points_unscaled: 3.0771 (3.0126)  loss_count_unscaled: 2.1525 (2.2568)  loss_consistency_unscaled: 1.2981 (1.3536)  den_ssim: 0.0009 (0.0010)  moe_aux_total: 0.0000 (0.0000)  moe_aux_raw: 0.0000 (0.0000)  l_balance: 0.0000 (0.0000)  l_decorr: 0.0000 (0.0000)  moe_temperature: 0.1500 (0.1500)
2026-04-17 09:20:03 | INFO     | crowdcount.trainer:289 - [ep 955][lr 0.0000831][16.54s]
2026-04-17 09:20:18 | INFO     | crowdcount.trainer:348 - [Eval] mae=97.40  mse=141.92  time=13.3s  best_mae=63.29  best_mse=97.65
2026-04-17 09:20:18 | INFO     | crowdcount.trainer:352 - [Eval] density_mae=63.88  density_mse=109.87  best_density_mae=56.54
2026-04-17 09:20:35 | INFO     | crowdcount.engine:429 - Averaged stats: lr: 0.000083  loss_sum: 0.0285 (0.0374)  losses: 0.0058 (0.0063)  den_loss: 0.0225 (0.0311)  loss_ce: 0.0021 (0.0022)  loss_points: 0.0006 (0.0006)  loss_count: 0.0017 (0.0022)  loss_consistency: 0.0013 (0.0013)  loss_ce_unscaled: 0.0021 (0.0022)  loss_points_unscaled: 3.0677 (3.0020)  loss_count_unscaled: 1.7130 (2.2190)  loss_consistency_unscaled: 1.3447 (1.3103)  den_ssim: 0.0009 (0.0009)  moe_aux_total: 0.0000 (0.0000)  moe_aux_raw: 0.0000 (0.0000)  l_balance: 0.0000 (0.0000)  l_decorr: 0.0000 (0.0000)  moe_temperature: 0.1500 (0.1500)
2026-04-17 09:20:35 | INFO     | crowdcount.trainer:289 - [ep 956][lr 0.0000831][16.90s]
2026-04-17 09:20:50 | INFO     | crowdcount.trainer:348 - [Eval] mae=80.19  mse=121.61  time=12.6s  best_mae=63.29  best_mse=97.65
2026-04-17 09:20:50 | INFO     | crowdcount.trainer:352 - [Eval] density_mae=66.21  density_mse=112.28  best_density_mae=56.54
2026-04-17 09:21:07 | INFO     | crowdcount.engine:429 - Averaged stats: lr: 0.000083  loss_sum: 0.0281 (0.0368)  losses: 0.0058 (0.0062)  den_loss: 0.0221 (0.0306)  loss_ce: 0.0020 (0.0023)  loss_points: 0.0006 (0.0006)  loss_count: 0.0018 (0.0021)  loss_consistency: 0.0012 (0.0013)  loss_ce_unscaled: 0.0020 (0.0023)  loss_points_unscaled: 3.0177 (2.9839)  loss_count_unscaled: 1.8396 (2.0948)  loss_consistency_unscaled: 1.1705 (1.2569)  den_ssim: 0.0009 (0.0009)  moe_aux_total: 0.0000 (0.0000)  moe_aux_raw: 0.0000 (0.0000)  l_balance: 0.0000 (0.0000)  l_decorr: 0.0000 (0.0000)  moe_temperature: 0.1500 (0.1500)
2026-04-17 09:21:07 | INFO     | crowdcount.trainer:289 - [ep 957][lr 0.0000831][16.95s]
2026-04-17 09:21:21 | INFO     | crowdcount.trainer:348 - [Eval] mae=73.09  mse=116.33  time=12.6s  best_mae=63.29  best_mse=97.65
2026-04-17 09:21:21 | INFO     | crowdcount.trainer:352 - [Eval] density_mae=67.92  density_mse=116.26  best_density_mae=56.54
2026-04-17 09:21:38 | INFO     | crowdcount.engine:429 - Averaged stats: lr: 0.000083  loss_sum: 0.0259 (0.0364)  losses: 0.0060 (0.0066)  den_loss: 0.0195 (0.0298)  loss_ce: 0.0022 (0.0022)  loss_points: 0.0006 (0.0006)  loss_count: 0.0022 (0.0024)  loss_consistency: 0.0014 (0.0014)  loss_ce_unscaled: 0.0022 (0.0022)  loss_points_unscaled: 2.8963 (2.9894)  loss_count_unscaled: 2.1925 (2.3878)  loss_consistency_unscaled: 1.3634 (1.4075)  den_ssim: 0.0009 (0.0009)  moe_aux_total: 0.0000 (0.0000)  moe_aux_raw: 0.0000 (0.0000)  l_balance: 0.0000 (0.0000)  l_decorr: 0.0000 (0.0000)  moe_temperature: 0.1500 (0.1500)
2026-04-17 09:21:38 | INFO     | crowdcount.trainer:289 - [ep 958][lr 0.0000830][16.57s]
2026-04-17 09:21:53 | INFO     | crowdcount.trainer:348 - [Eval] mae=77.40  mse=121.10  time=13.1s  best_mae=63.29  best_mse=97.65
2026-04-17 09:21:53 | INFO     | crowdcount.trainer:352 - [Eval] density_mae=65.36  density_mse=114.74  best_density_mae=56.54
2026-04-17 09:22:09 | INFO     | crowdcount.engine:429 - Averaged stats: lr: 0.000083  loss_sum: 0.0305 (0.0321)  losses: 0.0061 (0.0063)  den_loss: 0.0235 (0.0258)  loss_ce: 0.0020 (0.0021)  loss_points: 0.0006 (0.0006)  loss_count: 0.0018 (0.0021)  loss_consistency: 0.0014 (0.0015)  loss_ce_unscaled: 0.0020 (0.0021)  loss_points_unscaled: 3.0268 (3.0144)  loss_count_unscaled: 1.7886 (2.1051)  loss_consistency_unscaled: 1.3561 (1.4563)  den_ssim: 0.0009 (0.0009)  moe_aux_total: 0.0000 (0.0000)  moe_aux_raw: 0.0000 (0.0000)  l_balance: 0.0000 (0.0000)  l_decorr: 0.0000 (0.0000)  moe_temperature: 0.1500 (0.1500)
2026-04-17 09:22:09 | INFO     | crowdcount.trainer:289 - [ep 959][lr 0.0000830][16.39s]
2026-04-17 09:22:24 | INFO     | crowdcount.trainer:348 - [Eval] mae=73.40  mse=117.70  time=12.8s  best_mae=63.29  best_mse=97.65
2026-04-17 09:22:24 | INFO     | crowdcount.trainer:352 - [Eval] density_mae=64.92  density_mse=111.22  best_density_mae=56.54
2026-04-17 09:22:41 | INFO     | crowdcount.engine:429 - Averaged stats: lr: 0.000083  loss_sum: 0.0333 (0.0392)  losses: 0.0064 (0.0066)  den_loss: 0.0279 (0.0325)  loss_ce: 0.0022 (0.0022)  loss_points: 0.0006 (0.0006)  loss_count: 0.0019 (0.0023)  loss_consistency: 0.0013 (0.0015)  loss_ce_unscaled: 0.0022 (0.0022)  loss_points_unscaled: 2.9754 (3.0181)  loss_count_unscaled: 1.9156 (2.3131)  loss_consistency_unscaled: 1.2522 (1.4684)  den_ssim: 0.0010 (0.0010)  moe_aux_total: 0.0000 (0.0000)  moe_aux_raw: 0.0000 (0.0000)  l_balance: 0.0000 (0.0000)  l_decorr: 0.0000 (0.0000)  moe_temperature: 0.1500 (0.1500)
2026-04-17 09:22:41 | INFO     | crowdcount.trainer:289 - [ep 960][lr 0.0000830][17.03s]
2026-04-17 09:22:56 | INFO     | crowdcount.trainer:348 - [Eval] mae=82.92  mse=125.66  time=13.2s  best_mae=63.29  best_mse=97.65
2026-04-17 09:22:56 | INFO     | crowdcount.trainer:352 - [Eval] density_mae=63.66  density_mse=106.52  best_density_mae=56.54
2026-04-17 09:23:13 | INFO     | crowdcount.engine:429 - Averaged stats: lr: 0.000083  loss_sum: 0.0223 (0.0304)  losses: 0.0059 (0.0062)  den_loss: 0.0150 (0.0242)  loss_ce: 0.0020 (0.0021)  loss_points: 0.0006 (0.0006)  loss_count: 0.0019 (0.0021)  loss_consistency: 0.0012 (0.0015)  loss_ce_unscaled: 0.0020 (0.0021)  loss_points_unscaled: 3.0166 (2.9949)  loss_count_unscaled: 1.8672 (2.0824)  loss_consistency_unscaled: 1.1869 (1.4506)  den_ssim: 0.0008 (0.0009)  moe_aux_total: 0.0000 (0.0000)  moe_aux_raw: 0.0000 (0.0000)  l_balance: 0.0000 (0.0000)  l_decorr: 0.0000 (0.0000)  moe_temperature: 0.1500 (0.1500)
2026-04-17 09:23:13 | INFO     | crowdcount.trainer:289 - [ep 961][lr 0.0000829][16.52s]
2026-04-17 09:23:28 | INFO     | crowdcount.trainer:348 - [Eval] mae=89.23  mse=133.41  time=13.2s  best_mae=63.29  best_mse=97.65
2026-04-17 09:23:28 | INFO     | crowdcount.trainer:352 - [Eval] density_mae=66.25  density_mse=110.48  best_density_mae=56.54
2026-04-17 09:23:45 | INFO     | crowdcount.engine:429 - Averaged stats: lr: 0.000083  loss_sum: 0.0235 (0.0341)  losses: 0.0059 (0.0063)  den_loss: 0.0176 (0.0277)  loss_ce: 0.0020 (0.0022)  loss_points: 0.0006 (0.0006)  loss_count: 0.0021 (0.0023)  loss_consistency: 0.0011 (0.0012)  loss_ce_unscaled: 0.0020 (0.0022)  loss_points_unscaled: 2.9228 (2.9603)  loss_count_unscaled: 2.0659 (2.3435)  loss_consistency_unscaled: 1.1367 (1.1615)  den_ssim: 0.0009 (0.0010)  moe_aux_total: 0.0000 (0.0000)  moe_aux_raw: 0.0000 (0.0000)  l_balance: 0.0000 (0.0000)  l_decorr: 0.0000 (0.0000)  moe_temperature: 0.1500 (0.1500)
2026-04-17 09:23:45 | INFO     | crowdcount.trainer:289 - [ep 962][lr 0.0000829][17.19s]
2026-04-17 09:24:00 | INFO     | crowdcount.trainer:348 - [Eval] mae=80.50  mse=124.97  time=13.2s  best_mae=63.29  best_mse=97.65
2026-04-17 09:24:00 | INFO     | crowdcount.trainer:352 - [Eval] density_mae=64.38  density_mse=108.74  best_density_mae=56.54
2026-04-17 09:24:18 | INFO     | crowdcount.engine:429 - Averaged stats: lr: 0.000083  loss_sum: 0.0288 (0.0362)  losses: 0.0061 (0.0063)  den_loss: 0.0219 (0.0300)  loss_ce: 0.0022 (0.0023)  loss_points: 0.0006 (0.0006)  loss_count: 0.0020 (0.0022)  loss_consistency: 0.0012 (0.0012)  loss_ce_unscaled: 0.0022 (0.0023)  loss_points_unscaled: 3.0421 (2.9975)  loss_count_unscaled: 1.9766 (2.1872)  loss_consistency_unscaled: 1.2300 (1.2456)  den_ssim: 0.0009 (0.0010)  moe_aux_total: 0.0000 (0.0000)  moe_aux_raw: 0.0000 (0.0000)  l_balance: 0.0000 (0.0000)  l_decorr: 0.0000 (0.0000)  moe_temperature: 0.1500 (0.1500)
2026-04-17 09:24:18 | INFO     | crowdcount.trainer:289 - [ep 963][lr 0.0000829][17.65s]
2026-04-17 09:24:32 | INFO     | crowdcount.trainer:348 - [Eval] mae=90.26  mse=134.36  time=12.9s  best_mae=63.29  best_mse=97.65
2026-04-17 09:24:32 | INFO     | crowdcount.trainer:352 - [Eval] density_mae=65.02  density_mse=114.84  best_density_mae=56.54
2026-04-17 09:24:49 | INFO     | crowdcount.engine:429 - Averaged stats: lr: 0.000083  loss_sum: 0.0221 (0.0323)  losses: 0.0054 (0.0062)  den_loss: 0.0168 (0.0261)  loss_ce: 0.0021 (0.0022)  loss_points: 0.0006 (0.0006)  loss_count: 0.0017 (0.0021)  loss_consistency: 0.0011 (0.0013)  loss_ce_unscaled: 0.0021 (0.0022)  loss_points_unscaled: 2.9831 (3.0002)  loss_count_unscaled: 1.6884 (2.1158)  loss_consistency_unscaled: 1.1294 (1.3072)  den_ssim: 0.0009 (0.0010)  moe_aux_total: 0.0000 (0.0000)  moe_aux_raw: 0.0000 (0.0000)  l_balance: 0.0000 (0.0000)  l_decorr: 0.0000 (0.0000)  moe_temperature: 0.1500 (0.1500)
2026-04-17 09:24:49 | INFO     | crowdcount.trainer:289 - [ep 964][lr 0.0000828][16.95s]
2026-04-17 09:25:04 | INFO     | crowdcount.trainer:348 - [Eval] mae=93.98  mse=139.64  time=12.9s  best_mae=63.29  best_mse=97.65
2026-04-17 09:25:04 | INFO     | crowdcount.trainer:352 - [Eval] density_mae=63.46  density_mse=109.58  best_density_mae=56.54
2026-04-17 09:25:21 | INFO     | crowdcount.engine:429 - Averaged stats: lr: 0.000083  loss_sum: 0.0204 (0.0289)  losses: 0.0058 (0.0060)  den_loss: 0.0147 (0.0229)  loss_ce: 0.0019 (0.0021)  loss_points: 0.0006 (0.0006)  loss_count: 0.0020 (0.0021)  loss_consistency: 0.0012 (0.0012)  loss_ce_unscaled: 0.0019 (0.0021)  loss_points_unscaled: 2.9169 (2.9758)  loss_count_unscaled: 1.9585 (2.0758)  loss_consistency_unscaled: 1.1562 (1.1842)  den_ssim: 0.0009 (0.0009)  moe_aux_total: 0.0000 (0.0000)  moe_aux_raw: 0.0000 (0.0000)  l_balance: 0.0000 (0.0000)  l_decorr: 0.0000 (0.0000)  moe_temperature: 0.1500 (0.1500)
2026-04-17 09:25:21 | INFO     | crowdcount.trainer:289 - [ep 965][lr 0.0000828][16.73s]
2026-04-17 09:25:36 | INFO     | crowdcount.trainer:348 - [Eval] mae=86.38  mse=133.36  time=13.3s  best_mae=63.29  best_mse=97.65
2026-04-17 09:25:36 | INFO     | crowdcount.trainer:352 - [Eval] density_mae=65.86  density_mse=114.46  best_density_mae=56.54
2026-04-17 09:25:54 | INFO     | crowdcount.engine:429 - Averaged stats: lr: 0.000083  loss_sum: 0.0304 (0.0340)  losses: 0.0063 (0.0066)  den_loss: 0.0244 (0.0274)  loss_ce: 0.0022 (0.0023)  loss_points: 0.0006 (0.0006)  loss_count: 0.0022 (0.0023)  loss_consistency: 0.0013 (0.0014)  loss_ce_unscaled: 0.0022 (0.0023)  loss_points_unscaled: 2.9860 (3.0195)  loss_count_unscaled: 2.2330 (2.3420)  loss_consistency_unscaled: 1.3123 (1.3705)  den_ssim: 0.0009 (0.0010)  moe_aux_total: 0.0000 (0.0000)  moe_aux_raw: 0.0000 (0.0000)  l_balance: 0.0000 (0.0000)  l_decorr: 0.0000 (0.0000)  moe_temperature: 0.1500 (0.1500)
2026-04-17 09:25:54 | INFO     | crowdcount.trainer:289 - [ep 966][lr 0.0000828][17.33s]
2026-04-17 09:26:09 | INFO     | crowdcount.trainer:348 - [Eval] mae=77.59  mse=121.82  time=13.2s  best_mae=63.29  best_mse=97.65
2026-04-17 09:26:09 | INFO     | crowdcount.trainer:352 - [Eval] density_mae=66.75  density_mse=115.01  best_density_mae=56.54
2026-04-17 09:26:26 | INFO     | crowdcount.engine:429 - Averaged stats: lr: 0.000083  loss_sum: 0.0329 (0.0351)  losses: 0.0065 (0.0065)  den_loss: 0.0253 (0.0285)  loss_ce: 0.0019 (0.0022)  loss_points: 0.0006 (0.0006)  loss_count: 0.0027 (0.0024)  loss_consistency: 0.0013 (0.0014)  loss_ce_unscaled: 0.0019 (0.0022)  loss_points_unscaled: 3.1060 (3.0192)  loss_count_unscaled: 2.6882 (2.3602)  loss_consistency_unscaled: 1.2874 (1.3757)  den_ssim: 0.0009 (0.0009)  moe_aux_total: 0.0000 (0.0000)  moe_aux_raw: 0.0000 (0.0000)  l_balance: 0.0000 (0.0000)  l_decorr: 0.0000 (0.0000)  moe_temperature: 0.1500 (0.1500)
2026-04-17 09:26:26 | INFO     | crowdcount.trainer:289 - [ep 967][lr 0.0000827][16.91s]
2026-04-17 09:26:41 | INFO     | crowdcount.trainer:348 - [Eval] mae=84.65  mse=128.07  time=12.9s  best_mae=63.29  best_mse=97.65
2026-04-17 09:26:41 | INFO     | crowdcount.trainer:352 - [Eval] density_mae=64.45  density_mse=110.75  best_density_mae=56.54
2026-04-17 09:26:58 | INFO     | crowdcount.engine:429 - Averaged stats: lr: 0.000083  loss_sum: 0.0321 (0.0373)  losses: 0.0059 (0.0063)  den_loss: 0.0267 (0.0310)  loss_ce: 0.0021 (0.0023)  loss_points: 0.0006 (0.0006)  loss_count: 0.0019 (0.0021)  loss_consistency: 0.0011 (0.0013)  loss_ce_unscaled: 0.0021 (0.0023)  loss_points_unscaled: 2.9456 (3.0233)  loss_count_unscaled: 1.9307 (2.1020)  loss_consistency_unscaled: 1.1389 (1.2938)  den_ssim: 0.0009 (0.0010)  moe_aux_total: 0.0000 (0.0000)  moe_aux_raw: 0.0000 (0.0000)  l_balance: 0.0000 (0.0000)  l_decorr: 0.0000 (0.0000)  moe_temperature: 0.1500 (0.1500)
2026-04-17 09:26:58 | INFO     | crowdcount.trainer:289 - [ep 968][lr 0.0000827][17.56s]
2026-04-17 09:27:13 | INFO     | crowdcount.trainer:348 - [Eval] mae=105.75  mse=153.62  time=13.0s  best_mae=63.29  best_mse=97.65
2026-04-17 09:27:13 | INFO     | crowdcount.trainer:352 - [Eval] density_mae=68.28  density_mse=113.87  best_density_mae=56.54
2026-04-17 09:27:31 | INFO     | crowdcount.engine:429 - Averaged stats: lr: 0.000083  loss_sum: 0.0324 (0.0356)  losses: 0.0068 (0.0066)  den_loss: 0.0255 (0.0290)  loss_ce: 0.0024 (0.0023)  loss_points: 0.0006 (0.0006)  loss_count: 0.0024 (0.0024)  loss_consistency: 0.0013 (0.0013)  loss_ce_unscaled: 0.0024 (0.0023)  loss_points_unscaled: 2.9927 (3.0116)  loss_count_unscaled: 2.3703 (2.3587)  loss_consistency_unscaled: 1.3186 (1.3086)  den_ssim: 0.0009 (0.0010)  moe_aux_total: 0.0000 (0.0000)  moe_aux_raw: 0.0000 (0.0000)  l_balance: 0.0000 (0.0000)  l_decorr: 0.0000 (0.0000)  moe_temperature: 0.1500 (0.1500)
2026-04-17 09:27:31 | INFO     | crowdcount.trainer:289 - [ep 969][lr 0.0000827][17.68s]
2026-04-17 09:27:46 | INFO     | crowdcount.trainer:348 - [Eval] mae=95.61  mse=138.83  time=13.4s  best_mae=63.29  best_mse=97.65
2026-04-17 09:27:46 | INFO     | crowdcount.trainer:352 - [Eval] density_mae=64.38  density_mse=111.81  best_density_mae=56.54
2026-04-17 09:28:04 | INFO     | crowdcount.engine:429 - Averaged stats: lr: 0.000083  loss_sum: 0.0263 (0.0343)  losses: 0.0058 (0.0063)  den_loss: 0.0209 (0.0281)  loss_ce: 0.0019 (0.0022)  loss_points: 0.0006 (0.0006)  loss_count: 0.0020 (0.0022)  loss_consistency: 0.0011 (0.0012)  loss_ce_unscaled: 0.0019 (0.0022)  loss_points_unscaled: 2.9022 (2.9489)  loss_count_unscaled: 2.0058 (2.2473)  loss_consistency_unscaled: 1.1408 (1.2011)  den_ssim: 0.0009 (0.0010)  moe_aux_total: 0.0000 (0.0000)  moe_aux_raw: 0.0000 (0.0000)  l_balance: 0.0000 (0.0000)  l_decorr: 0.0000 (0.0000)  moe_temperature: 0.1500 (0.1500)
2026-04-17 09:28:04 | INFO     | crowdcount.trainer:289 - [ep 970][lr 0.0000826][17.96s]
2026-04-17 09:28:20 | INFO     | crowdcount.trainer:348 - [Eval] mae=90.70  mse=136.50  time=13.1s  best_mae=63.29  best_mse=97.65
2026-04-17 09:28:20 | INFO     | crowdcount.trainer:352 - [Eval] density_mae=62.73  density_mse=107.52  best_density_mae=56.54
2026-04-17 09:28:37 | INFO     | crowdcount.engine:429 - Averaged stats: lr: 0.000083  loss_sum: 0.0299 (0.0425)  losses: 0.0061 (0.0065)  den_loss: 0.0246 (0.0359)  loss_ce: 0.0021 (0.0023)  loss_points: 0.0006 (0.0006)  loss_count: 0.0020 (0.0024)  loss_consistency: 0.0011 (0.0012)  loss_ce_unscaled: 0.0021 (0.0023)  loss_points_unscaled: 3.0050 (2.9720)  loss_count_unscaled: 2.0158 (2.4264)  loss_consistency_unscaled: 1.0858 (1.1529)  den_ssim: 0.0009 (0.0010)  moe_aux_total: 0.0000 (0.0000)  moe_aux_raw: 0.0000 (0.0000)  l_balance: 0.0000 (0.0000)  l_decorr: 0.0000 (0.0000)  moe_temperature: 0.1500 (0.1500)
2026-04-17 09:28:37 | INFO     | crowdcount.trainer:289 - [ep 971][lr 0.0000826][17.43s]
2026-04-17 09:28:52 | INFO     | crowdcount.trainer:348 - [Eval] mae=80.32  mse=125.62  time=13.1s  best_mae=63.29  best_mse=97.65
2026-04-17 09:28:52 | INFO     | crowdcount.trainer:352 - [Eval] density_mae=67.96  density_mse=112.11  best_density_mae=56.54
2026-04-17 09:29:09 | INFO     | crowdcount.engine:429 - Averaged stats: lr: 0.000083  loss_sum: 0.0225 (0.0370)  losses: 0.0059 (0.0066)  den_loss: 0.0164 (0.0304)  loss_ce: 0.0019 (0.0022)  loss_points: 0.0006 (0.0006)  loss_count: 0.0021 (0.0025)  loss_consistency: 0.0013 (0.0013)  loss_ce_unscaled: 0.0019 (0.0022)  loss_points_unscaled: 3.0170 (2.9592)  loss_count_unscaled: 2.1017 (2.5230)  loss_consistency_unscaled: 1.3013 (1.2570)  den_ssim: 0.0009 (0.0009)  moe_aux_total: 0.0000 (0.0000)  moe_aux_raw: 0.0000 (0.0000)  l_balance: 0.0000 (0.0000)  l_decorr: 0.0000 (0.0000)  moe_temperature: 0.1500 (0.1500)
2026-04-17 09:29:09 | INFO     | crowdcount.trainer:289 - [ep 972][lr 0.0000826][17.28s]
2026-04-17 09:29:25 | INFO     | crowdcount.trainer:348 - [Eval] mae=91.97  mse=138.50  time=13.0s  best_mae=63.29  best_mse=97.65
2026-04-17 09:29:25 | INFO     | crowdcount.trainer:352 - [Eval] density_mae=63.87  density_mse=112.73  best_density_mae=56.54
2026-04-17 09:29:42 | INFO     | crowdcount.engine:429 - Averaged stats: lr: 0.000083  loss_sum: 0.0234 (0.0313)  losses: 0.0055 (0.0061)  den_loss: 0.0172 (0.0252)  loss_ce: 0.0019 (0.0022)  loss_points: 0.0006 (0.0006)  loss_count: 0.0019 (0.0022)  loss_consistency: 0.0011 (0.0012)  loss_ce_unscaled: 0.0019 (0.0022)  loss_points_unscaled: 3.0378 (3.0533)  loss_count_unscaled: 1.9004 (2.1732)  loss_consistency_unscaled: 1.0951 (1.1983)  den_ssim: 0.0009 (0.0009)  moe_aux_total: 0.0000 (0.0000)  moe_aux_raw: 0.0000 (0.0000)  l_balance: 0.0000 (0.0000)  l_decorr: 0.0000 (0.0000)  moe_temperature: 0.1500 (0.1500)
2026-04-17 09:29:42 | INFO     | crowdcount.trainer:289 - [ep 973][lr 0.0000825][17.14s]
2026-04-17 09:29:57 | INFO     | crowdcount.trainer:348 - [Eval] mae=87.15  mse=136.07  time=13.5s  best_mae=63.29  best_mse=97.65
2026-04-17 09:29:57 | INFO     | crowdcount.trainer:352 - [Eval] density_mae=63.28  density_mse=106.95  best_density_mae=56.54
2026-04-17 09:30:13 | INFO     | crowdcount.engine:429 - Averaged stats: lr: 0.000083  loss_sum: 0.0262 (0.0326)  losses: 0.0059 (0.0061)  den_loss: 0.0204 (0.0265)  loss_ce: 0.0022 (0.0022)  loss_points: 0.0006 (0.0006)  loss_count: 0.0021 (0.0022)  loss_consistency: 0.0011 (0.0011)  loss_ce_unscaled: 0.0022 (0.0022)  loss_points_unscaled: 3.0122 (3.0075)  loss_count_unscaled: 2.0680 (2.1760)  loss_consistency_unscaled: 1.1215 (1.1495)  den_ssim: 0.0010 (0.0009)  moe_aux_total: 0.0000 (0.0000)  moe_aux_raw: 0.0000 (0.0000)  l_balance: 0.0000 (0.0000)  l_decorr: 0.0000 (0.0000)  moe_temperature: 0.1500 (0.1500)
2026-04-17 09:30:13 | INFO     | crowdcount.trainer:289 - [ep 974][lr 0.0000825][16.27s]
