2026-03-19 15:44:33 | INFO     | crowdcount.trainer:75 - Number of trainable parameters: 42,133,597
2026-03-19 15:44:33 | INFO     | crowdcount.trainer:126 - Optimizer: AdamW
2026-03-19 15:44:33 | INFO     | crowdcount.trainer:185 - Config:
{'data': {'dataset': 'SHHA', 'data_root': 'data/shanghaitech/part_A_final', 'batch_size': 8, 'patch': True, 'flip': True}, 'model': {'backbone': 'vgg16_bn', 'backbone_type': 'vgg', 'row': 2, 'line': 2, 'set_cost_class': 1.0, 'set_cost_point': 0.05, 'point_loss_coef': 0.0002, 'eos_coef': 0.5, 'use_gm': False, 'gm_input_dim': 256, 'gm_hidden_dim': 128, 'use_msaa': False, 'msaa_in_channels': 1280, 'msaa_reduction': 4, 'fusion_mode': 'esca_moe', 'moe': {'top_k': 2, 'temperature_init': 1.0, 'temperature_min': 0.4, 'temperature_decay': 0.99998, 'stage1_ratio': 0.15, 'stage2_gating_lr_multiplier': 3.0, 'aux_loss_weight': 0.2, 'lambda_balance': 0.835, 'lambda_decorr': 1.0, 'use_density_hint': True}}, 'optimizer': {'name': 'adamw', 'lr': 0.0001, 'lr_backbone': 1e-05, 'weight_decay': 0.0001, 'amsgrad': False}, 'scheduler': {'name': 'cosine_annealing', 'T_max': '${epochs}', 'eta_min': 1e-06}, 'seed': 42, 'gpu_id': 0, 'num_workers': 8, 'eval_freq': 3, 'epochs': 3500, 'clip_max_norm': 0.1, 'frozen_weights': None, 'resume': '', 'reset_optimizer': False, 'start_epoch': 0, 'checkpoints_dir': 'checkpoints', 'tensorboard_dir': 'runs/dsgc', 'density_loss_weight': 0.01, 'density_multi_scale': {'enabled': False, 'weights': {'block3': 0.5, 'block4': 1.0, 'block5': 0.5, 'original': 1.0}}}
2026-03-19 15:44:33 | INFO     | crowdcount.trainer:229 - Start training
2026-03-19 15:44:33 | INFO     | crowdcount.trainer:240 - [MoE] epoch=0 training_stage=specialization
2026-03-19 15:44:49 | INFO     | crowdcount.engine:236 - Averaged stats: lr: 0.000100  loss_sum: 0.2452 (0.3497)  losses: 0.1578 (0.2189)  den_loss: 0.0757 (0.1103)  loss_ce: 0.1560 (0.2171)  loss_points: 0.0018 (0.0017)  loss_ce_unscaled: 0.1560 (0.2171)  loss_points_unscaled: 9.0929 (8.7415)  moe_aux_total: 0.0115 (0.0205)  moe_aux_raw: 0.0577 (0.1026)  l_balance: 0.1387 (0.1278)  l_decorr: 0.0577 (0.1026)  moe_temperature: 0.9994 (0.9996)  ema_usage_min: 0.1824 (0.1911)  ema_usage_max: 0.2700 (0.2509)
2026-03-19 15:44:49 | INFO     | crowdcount.trainer:256 - [ep 0][lr 0.0001000][16.40s]
2026-03-19 15:44:50 | INFO     | crowdcount.trainer:240 - [MoE] epoch=1 training_stage=specialization
2026-03-19 15:45:03 | INFO     | crowdcount.engine:236 - Averaged stats: lr: 0.000100  loss_sum: 0.1899 (0.2416)  losses: 0.1219 (0.1355)  den_loss: 0.0474 (0.1007)  loss_ce: 0.1197 (0.1331)  loss_points: 0.0022 (0.0024)  loss_ce_unscaled: 0.1197 (0.1331)  loss_points_unscaled: 10.9589 (11.8323)  moe_aux_total: 0.0041 (0.0054)  moe_aux_raw: 0.0207 (0.0272)  l_balance: 0.1697 (0.1747)  l_decorr: 0.0207 (0.0272)  moe_temperature: 0.9987 (0.9989)  ema_usage_min: 0.1455 (0.1539)  ema_usage_max: 0.3718 (0.3468)
2026-03-19 15:45:03 | INFO     | crowdcount.trainer:256 - [ep 1][lr 0.0001000][13.18s]
2026-03-19 15:45:05 | INFO     | crowdcount.trainer:240 - [MoE] epoch=2 training_stage=specialization
2026-03-19 15:45:18 | INFO     | crowdcount.engine:236 - Averaged stats: lr: 0.000100  loss_sum: 0.1516 (0.2534)  losses: 0.1128 (0.1351)  den_loss: 0.0421 (0.1151)  loss_ce: 0.1108 (0.1328)  loss_points: 0.0023 (0.0022)  loss_ce_unscaled: 0.1108 (0.1328)  loss_points_unscaled: 11.7308 (11.0274)  moe_aux_total: 0.0029 (0.0033)  moe_aux_raw: 0.0146 (0.0165)  l_balance: 0.2300 (0.2121)  l_decorr: 0.0146 (0.0165)  moe_temperature: 0.9980 (0.9981)  ema_usage_min: 0.1204 (0.1273)  ema_usage_max: 0.4577 (0.4399)
2026-03-19 15:45:18 | INFO     | crowdcount.trainer:256 - [ep 2][lr 0.0001000][13.11s]
2026-03-19 15:45:19 | INFO     | crowdcount.trainer:240 - [MoE] epoch=3 training_stage=specialization
2026-03-19 15:45:33 | INFO     | crowdcount.engine:236 - Averaged stats: lr: 0.000100  loss_sum: 0.1441 (0.2366)  losses: 0.1040 (0.1252)  den_loss: 0.0415 (0.1092)  loss_ce: 0.1014 (0.1226)  loss_points: 0.0026 (0.0025)  loss_ce_unscaled: 0.1014 (0.1226)  loss_points_unscaled: 13.2377 (12.6494)  moe_aux_total: 0.0019 (0.0022)  moe_aux_raw: 0.0095 (0.0110)  l_balance: 0.2187 (0.2392)  l_decorr: 0.0095 (0.0110)  moe_temperature: 0.9972 (0.9974)  ema_usage_min: 0.0972 (0.1023)  ema_usage_max: 0.5130 (0.5019)
2026-03-19 15:45:33 | INFO     | crowdcount.trainer:256 - [ep 3][lr 0.0001000][13.56s]
2026-03-19 15:45:46 | INFO     | crowdcount.trainer:297 - [Eval] mae=258.99  mse=316.45  time=11.6s  best_mae=258.99  best_mse=316.45
2026-03-19 15:45:46 | INFO     | crowdcount.trainer:301 - [Eval] density_mae=126.95  density_mse=169.88  best_density_mae=126.95
2026-03-19 15:45:47 | INFO     | crowdcount.trainer:240 - [MoE] epoch=4 training_stage=specialization
2026-03-19 15:46:00 | INFO     | crowdcount.engine:236 - Averaged stats: lr: 0.000100  loss_sum: 0.1755 (0.2037)  losses: 0.1022 (0.1143)  den_loss: 0.0570 (0.0874)  loss_ce: 0.0996 (0.1111)  loss_points: 0.0033 (0.0033)  loss_ce_unscaled: 0.0996 (0.1111)  loss_points_unscaled: 16.4909 (16.3483)  moe_aux_total: 0.0017 (0.0019)  moe_aux_raw: 0.0086 (0.0094)  l_balance: 0.2723 (0.2396)  l_decorr: 0.0086 (0.0094)  moe_temperature: 0.9965 (0.9967)  ema_usage_min: 0.0860 (0.0874)  ema_usage_max: 0.5596 (0.5456)
2026-03-19 15:46:00 | INFO     | crowdcount.trainer:256 - [ep 4][lr 0.0001000][13.42s]
2026-03-19 15:46:01 | INFO     | crowdcount.trainer:240 - [MoE] epoch=5 training_stage=specialization
2026-03-19 15:46:14 | INFO     | crowdcount.engine:236 - Averaged stats: lr: 0.000100  loss_sum: 0.1660 (0.1774)  losses: 0.1008 (0.1057)  den_loss: 0.0616 (0.0702)  loss_ce: 0.0961 (0.1020)  loss_points: 0.0037 (0.0038)  loss_ce_unscaled: 0.0961 (0.1020)  loss_points_unscaled: 18.6750 (18.8721)  moe_aux_total: 0.0014 (0.0015)  moe_aux_raw: 0.0071 (0.0074)  l_balance: 0.2720 (0.2683)  l_decorr: 0.0071 (0.0074)  moe_temperature: 0.9957 (0.9959)  ema_usage_min: 0.0694 (0.0735)  ema_usage_max: 0.5872 (0.5858)
2026-03-19 15:46:14 | INFO     | crowdcount.trainer:256 - [ep 5][lr 0.0001000][12.59s]
2026-03-19 15:46:15 | INFO     | crowdcount.trainer:240 - [MoE] epoch=6 training_stage=specialization
2026-03-19 15:46:29 | INFO     | crowdcount.engine:236 - Averaged stats: lr: 0.000100  loss_sum: 0.1616 (0.1891)  losses: 0.1028 (0.1108)  den_loss: 0.0522 (0.0769)  loss_ce: 0.0986 (0.1063)  loss_points: 0.0044 (0.0046)  loss_ce_unscaled: 0.0986 (0.1063)  loss_points_unscaled: 21.8335 (22.8390)  moe_aux_total: 0.0012 (0.0014)  moe_aux_raw: 0.0061 (0.0068)  l_balance: 0.2725 (0.2910)  l_decorr: 0.0061 (0.0068)  moe_temperature: 0.9950 (0.9952)  ema_usage_min: 0.0597 (0.0610)  ema_usage_max: 0.6312 (0.6219)
2026-03-19 15:46:29 | INFO     | crowdcount.trainer:256 - [ep 6][lr 0.0001000][13.24s]
2026-03-19 15:46:40 | INFO     | crowdcount.trainer:297 - [Eval] mae=395.34  mse=625.94  time=10.2s  best_mae=258.99  best_mse=316.45
2026-03-19 15:46:40 | INFO     | crowdcount.trainer:301 - [Eval] density_mae=127.31  density_mse=193.24  best_density_mae=126.95
2026-03-19 15:46:40 | INFO     | crowdcount.trainer:240 - [MoE] epoch=7 training_stage=specialization
2026-03-19 15:46:54 | INFO     | crowdcount.engine:236 - Averaged stats: lr: 0.000100  loss_sum: 0.1389 (0.1599)  losses: 0.0917 (0.0985)  den_loss: 0.0526 (0.0601)  loss_ce: 0.0868 (0.0937)  loss_points: 0.0049 (0.0049)  loss_ce_unscaled: 0.0868 (0.0937)  loss_points_unscaled: 24.4848 (24.3284)  moe_aux_total: 0.0012 (0.0013)  moe_aux_raw: 0.0058 (0.0063)  l_balance: 0.2757 (0.2862)  l_decorr: 0.0058 (0.0063)  moe_temperature: 0.9943 (0.9945)  ema_usage_min: 0.0549 (0.0556)  ema_usage_max: 0.6736 (0.6645)
2026-03-19 15:46:54 | INFO     | crowdcount.trainer:256 - [ep 7][lr 0.0001000][13.38s]
2026-03-19 15:46:55 | INFO     | crowdcount.trainer:240 - [MoE] epoch=8 training_stage=specialization
2026-03-19 15:47:09 | INFO     | crowdcount.engine:236 - Averaged stats: lr: 0.000100  loss_sum: 0.1330 (0.1684)  losses: 0.0843 (0.1009)  den_loss: 0.0343 (0.0664)  loss_ce: 0.0784 (0.0957)  loss_points: 0.0052 (0.0052)  loss_ce_unscaled: 0.0784 (0.0957)  loss_points_unscaled: 26.1457 (25.9613)  moe_aux_total: 0.0011 (0.0011)  moe_aux_raw: 0.0054 (0.0057)  l_balance: 0.3158 (0.3021)  l_decorr: 0.0054 (0.0057)  moe_temperature: 0.9935 (0.9937)  ema_usage_min: 0.0524 (0.0537)  ema_usage_max: 0.6968 (0.6904)
2026-03-19 15:47:09 | INFO     | crowdcount.trainer:256 - [ep 8][lr 0.0001000][13.53s]
2026-03-19 15:47:10 | INFO     | crowdcount.trainer:240 - [MoE] epoch=9 training_stage=specialization
2026-03-19 15:47:24 | INFO     | crowdcount.engine:236 - Averaged stats: lr: 0.000100  loss_sum: 0.1210 (0.1669)  losses: 0.0801 (0.0974)  den_loss: 0.0392 (0.0685)  loss_ce: 0.0731 (0.0921)  loss_points: 0.0053 (0.0053)  loss_ce_unscaled: 0.0731 (0.0921)  loss_points_unscaled: 26.3362 (26.5259)  moe_aux_total: 0.0010 (0.0010)  moe_aux_raw: 0.0048 (0.0051)  l_balance: 0.2792 (0.2798)  l_decorr: 0.0048 (0.0051)  moe_temperature: 0.9928 (0.9930)  ema_usage_min: 0.0538 (0.0536)  ema_usage_max: 0.7013 (0.7006)
2026-03-19 15:47:24 | INFO     | crowdcount.trainer:256 - [ep 9][lr 0.0001000][13.55s]
2026-03-19 15:47:35 | INFO     | crowdcount.trainer:297 - [Eval] mae=185.02  mse=244.20  time=10.4s  best_mae=185.02  best_mse=244.20
2026-03-19 15:47:35 | INFO     | crowdcount.trainer:301 - [Eval] density_mae=203.97  density_mse=263.93  best_density_mae=126.95
2026-03-19 15:47:37 | INFO     | crowdcount.trainer:240 - [MoE] epoch=10 training_stage=specialization
2026-03-19 15:47:50 | INFO     | crowdcount.engine:236 - Averaged stats: lr: 0.000100  loss_sum: 0.1406 (0.1816)  losses: 0.0883 (0.1059)  den_loss: 0.0424 (0.0748)  loss_ce: 0.0816 (0.1003)  loss_points: 0.0058 (0.0056)  loss_ce_unscaled: 0.0816 (0.1003)  loss_points_unscaled: 29.1097 (27.9969)  moe_aux_total: 0.0008 (0.0009)  moe_aux_raw: 0.0042 (0.0044)  l_balance: 0.2514 (0.2696)  l_decorr: 0.0042 (0.0044)  moe_temperature: 0.9921 (0.9923)  ema_usage_min: 0.0560 (0.0554)  ema_usage_max: 0.7096 (0.7075)
2026-03-19 15:47:50 | INFO     | crowdcount.trainer:256 - [ep 10][lr 0.0001000][12.96s]
2026-03-19 15:47:51 | INFO     | crowdcount.trainer:240 - [MoE] epoch=11 training_stage=specialization
2026-03-19 15:48:05 | INFO     | crowdcount.engine:236 - Averaged stats: lr: 0.000100  loss_sum: 0.1249 (0.1743)  losses: 0.0855 (0.1011)  den_loss: 0.0444 (0.0723)  loss_ce: 0.0791 (0.0958)  loss_points: 0.0053 (0.0052)  loss_ce_unscaled: 0.0791 (0.0958)  loss_points_unscaled: 26.5804 (26.1804)  moe_aux_total: 0.0009 (0.0009)  moe_aux_raw: 0.0044 (0.0047)  l_balance: 0.2832 (0.2927)  l_decorr: 0.0044 (0.0047)  moe_temperature: 0.9913 (0.9915)  ema_usage_min: 0.0569 (0.0572)  ema_usage_max: 0.7274 (0.7244)
2026-03-19 15:48:05 | INFO     | crowdcount.trainer:256 - [ep 11][lr 0.0001000][13.95s]
2026-03-19 15:48:07 | INFO     | crowdcount.trainer:240 - [MoE] epoch=12 training_stage=specialization
2026-03-19 15:48:21 | INFO     | crowdcount.engine:236 - Averaged stats: lr: 0.000100  loss_sum: 0.1249 (0.1893)  losses: 0.0814 (0.0973)  den_loss: 0.0483 (0.0913)  loss_ce: 0.0747 (0.0913)  loss_points: 0.0060 (0.0060)  loss_ce_unscaled: 0.0747 (0.0913)  loss_points_unscaled: 30.2228 (29.8963)  moe_aux_total: 0.0008 (0.0008)  moe_aux_raw: 0.0039 (0.0041)  l_balance: 0.2957 (0.3008)  l_decorr: 0.0039 (0.0041)  moe_temperature: 0.9906 (0.9908)  ema_usage_min: 0.0573 (0.0569)  ema_usage_max: 0.7419 (0.7395)
2026-03-19 15:48:21 | INFO     | crowdcount.trainer:256 - [ep 12][lr 0.0001000][14.36s]
2026-03-19 15:48:33 | INFO     | crowdcount.trainer:297 - [Eval] mae=218.26  mse=292.90  time=10.3s  best_mae=185.02  best_mse=244.20
2026-03-19 15:48:33 | INFO     | crowdcount.trainer:301 - [Eval] density_mae=100.83  density_mse=152.97  best_density_mae=100.83
2026-03-19 15:48:33 | INFO     | crowdcount.trainer:240 - [MoE] epoch=13 training_stage=specialization
2026-03-19 15:48:46 | INFO     | crowdcount.engine:236 - Averaged stats: lr: 0.000100  loss_sum: 0.1086 (0.1422)  losses: 0.0791 (0.0869)  den_loss: 0.0332 (0.0547)  loss_ce: 0.0734 (0.0810)  loss_points: 0.0060 (0.0059)  loss_ce_unscaled: 0.0734 (0.0810)  loss_points_unscaled: 30.1821 (29.5551)  moe_aux_total: 0.0006 (0.0006)  moe_aux_raw: 0.0030 (0.0032)  l_balance: 0.2542 (0.2708)  l_decorr: 0.0030 (0.0032)  moe_temperature: 0.9899 (0.9900)  ema_usage_min: 0.0591 (0.0579)  ema_usage_max: 0.7425 (0.7435)
2026-03-19 15:48:46 | INFO     | crowdcount.trainer:256 - [ep 13][lr 0.0001000][13.79s]
2026-03-19 15:48:48 | INFO     | crowdcount.trainer:240 - [MoE] epoch=14 training_stage=specialization
2026-03-19 15:49:01 | INFO     | crowdcount.engine:236 - Averaged stats: lr: 0.000100  loss_sum: 0.1270 (0.1685)  losses: 0.0789 (0.0938)  den_loss: 0.0556 (0.0741)  loss_ce: 0.0731 (0.0880)  loss_points: 0.0059 (0.0058)  loss_ce_unscaled: 0.0731 (0.0880)  loss_points_unscaled: 29.3899 (28.8136)  moe_aux_total: 0.0006 (0.0006)  moe_aux_raw: 0.0030 (0.0030)  l_balance: 0.2194 (0.2278)  l_decorr: 0.0030 (0.0030)  moe_temperature: 0.9891 (0.9893)  ema_usage_min: 0.0674 (0.0647)  ema_usage_max: 0.7408 (0.7449)
2026-03-19 15:49:01 | INFO     | crowdcount.trainer:256 - [ep 14][lr 0.0001000][13.10s]
2026-03-19 15:49:03 | INFO     | crowdcount.trainer:240 - [MoE] epoch=15 training_stage=specialization
2026-03-19 15:49:16 | INFO     | crowdcount.engine:236 - Averaged stats: lr: 0.000100  loss_sum: 0.1474 (0.1530)  losses: 0.0818 (0.0880)  den_loss: 0.0486 (0.0645)  loss_ce: 0.0757 (0.0816)  loss_points: 0.0060 (0.0064)  loss_ce_unscaled: 0.0757 (0.0816)  loss_points_unscaled: 29.7724 (31.8462)  moe_aux_total: 0.0006 (0.0006)  moe_aux_raw: 0.0030 (0.0030)  l_balance: 0.2504 (0.2685)  l_decorr: 0.0030 (0.0030)  moe_temperature: 0.9884 (0.9886)  ema_usage_min: 0.0666 (0.0675)  ema_usage_max: 0.7400 (0.7398)
2026-03-19 15:49:16 | INFO     | crowdcount.trainer:256 - [ep 15][lr 0.0001000][13.09s]
2026-03-19 15:49:28 | INFO     | crowdcount.trainer:297 - [Eval] mae=198.98  mse=257.80  time=10.5s  best_mae=185.02  best_mse=244.20
2026-03-19 15:49:28 | INFO     | crowdcount.trainer:301 - [Eval] density_mae=142.74  density_mse=185.39  best_density_mae=100.83
2026-03-19 15:49:28 | INFO     | crowdcount.trainer:240 - [MoE] epoch=16 training_stage=specialization
2026-03-19 15:49:42 | INFO     | crowdcount.engine:236 - Averaged stats: lr: 0.000100  loss_sum: 0.1279 (0.1612)  losses: 0.0786 (0.0900)  den_loss: 0.0434 (0.0706)  loss_ce: 0.0719 (0.0835)  loss_points: 0.0066 (0.0065)  loss_ce_unscaled: 0.0719 (0.0835)  loss_points_unscaled: 32.8842 (32.6418)  moe_aux_total: 0.0005 (0.0005)  moe_aux_raw: 0.0026 (0.0027)  l_balance: 0.2863 (0.2917)  l_decorr: 0.0026 (0.0027)  moe_temperature: 0.9877 (0.9879)  ema_usage_min: 0.0645 (0.0653)  ema_usage_max: 0.7519 (0.7485)
2026-03-19 15:49:42 | INFO     | crowdcount.trainer:256 - [ep 16][lr 0.0001000][14.01s]
2026-03-19 15:49:43 | INFO     | crowdcount.trainer:240 - [MoE] epoch=17 training_stage=specialization
2026-03-19 15:49:56 | INFO     | crowdcount.engine:236 - Averaged stats: lr: 0.000100  loss_sum: 0.1372 (0.1496)  losses: 0.0886 (0.0891)  den_loss: 0.0477 (0.0599)  loss_ce: 0.0838 (0.0828)  loss_points: 0.0060 (0.0063)  loss_ce_unscaled: 0.0838 (0.0828)  loss_points_unscaled: 30.0001 (31.5319)  moe_aux_total: 0.0006 (0.0006)  moe_aux_raw: 0.0031 (0.0030)  l_balance: 0.2993 (0.3087)  l_decorr: 0.0031 (0.0030)  moe_temperature: 0.9869 (0.9871)  ema_usage_min: 0.0625 (0.0637)  ema_usage_max: 0.7722 (0.7674)
2026-03-19 15:49:56 | INFO     | crowdcount.trainer:256 - [ep 17][lr 0.0001000][13.10s]
2026-03-19 15:49:58 | INFO     | crowdcount.trainer:240 - [MoE] epoch=18 training_stage=specialization
2026-03-19 15:50:12 | INFO     | crowdcount.engine:236 - Averaged stats: lr: 0.000100  loss_sum: 0.1133 (0.1708)  losses: 0.0767 (0.0889)  den_loss: 0.0386 (0.0813)  loss_ce: 0.0695 (0.0825)  loss_points: 0.0065 (0.0064)  loss_ce_unscaled: 0.0695 (0.0825)  loss_points_unscaled: 32.4611 (31.8801)  moe_aux_total: 0.0005 (0.0006)  moe_aux_raw: 0.0025 (0.0030)  l_balance: 0.2870 (0.3179)  l_decorr: 0.0025 (0.0030)  moe_temperature: 0.9862 (0.9864)  ema_usage_min: 0.0599 (0.0600)  ema_usage_max: 0.7951 (0.7909)
2026-03-19 15:50:12 | INFO     | crowdcount.trainer:256 - [ep 18][lr 0.0001000][14.17s]
2026-03-19 15:50:24 | INFO     | crowdcount.trainer:297 - [Eval] mae=189.02  mse=252.19  time=10.4s  best_mae=185.02  best_mse=244.20
2026-03-19 15:50:24 | INFO     | crowdcount.trainer:301 - [Eval] density_mae=107.47  density_mse=158.68  best_density_mae=100.83
2026-03-19 15:50:24 | INFO     | crowdcount.trainer:240 - [MoE] epoch=19 training_stage=specialization
2026-03-19 15:50:37 | INFO     | crowdcount.engine:236 - Averaged stats: lr: 0.000100  loss_sum: 0.1034 (0.1418)  losses: 0.0691 (0.0824)  den_loss: 0.0349 (0.0589)  loss_ce: 0.0619 (0.0760)  loss_points: 0.0065 (0.0064)  loss_ce_unscaled: 0.0619 (0.0760)  loss_points_unscaled: 32.5413 (31.9894)  moe_aux_total: 0.0006 (0.0006)  moe_aux_raw: 0.0028 (0.0028)  l_balance: 0.3025 (0.3204)  l_decorr: 0.0028 (0.0028)  moe_temperature: 0.9855 (0.9857)  ema_usage_min: 0.0628 (0.0618)  ema_usage_max: 0.8050 (0.8038)
2026-03-19 15:50:37 | INFO     | crowdcount.trainer:256 - [ep 19][lr 0.0001000][13.42s]
2026-03-19 15:50:38 | INFO     | crowdcount.trainer:240 - [MoE] epoch=20 training_stage=specialization
2026-03-19 15:50:52 | INFO     | crowdcount.engine:236 - Averaged stats: lr: 0.000100  loss_sum: 0.1053 (0.1273)  losses: 0.0654 (0.0717)  den_loss: 0.0445 (0.0551)  loss_ce: 0.0590 (0.0653)  loss_points: 0.0062 (0.0064)  loss_ce_unscaled: 0.0590 (0.0653)  loss_points_unscaled: 31.0206 (31.9465)  moe_aux_total: 0.0004 (0.0005)  moe_aux_raw: 0.0022 (0.0027)  l_balance: 0.3484 (0.3315)  l_decorr: 0.0022 (0.0027)  moe_temperature: 0.9848 (0.9849)  ema_usage_min: 0.0634 (0.0633)  ema_usage_max: 0.8116 (0.8100)
2026-03-19 15:50:52 | INFO     | crowdcount.trainer:256 - [ep 20][lr 0.0001000][13.31s]
2026-03-19 15:50:53 | INFO     | crowdcount.trainer:240 - [MoE] epoch=21 training_stage=specialization
2026-03-19 15:51:07 | INFO     | crowdcount.engine:236 - Averaged stats: lr: 0.000100  loss_sum: 0.1132 (0.1598)  losses: 0.0667 (0.0792)  den_loss: 0.0438 (0.0802)  loss_ce: 0.0601 (0.0732)  loss_points: 0.0061 (0.0061)  loss_ce_unscaled: 0.0601 (0.0732)  loss_points_unscaled: 30.5426 (30.3322)  moe_aux_total: 0.0004 (0.0004)  moe_aux_raw: 0.0019 (0.0021)  l_balance: 0.2938 (0.3224)  l_decorr: 0.0019 (0.0021)  moe_temperature: 0.9840 (0.9842)  ema_usage_min: 0.0618 (0.0619)  ema_usage_max: 0.8191 (0.8182)
2026-03-19 15:51:07 | INFO     | crowdcount.trainer:256 - [ep 21][lr 0.0001000][13.69s]
2026-03-19 15:51:19 | INFO     | crowdcount.trainer:297 - [Eval] mae=297.58  mse=390.42  time=10.7s  best_mae=185.02  best_mse=244.20
2026-03-19 15:51:19 | INFO     | crowdcount.trainer:301 - [Eval] density_mae=84.05  density_mse=138.49  best_density_mae=84.05
2026-03-19 15:51:19 | INFO     | crowdcount.trainer:240 - [MoE] epoch=22 training_stage=specialization
2026-03-19 15:51:33 | INFO     | crowdcount.engine:236 - Averaged stats: lr: 0.000100  loss_sum: 0.1078 (0.1702)  losses: 0.0664 (0.0821)  den_loss: 0.0443 (0.0877)  loss_ce: 0.0601 (0.0765)  loss_points: 0.0057 (0.0056)  loss_ce_unscaled: 0.0601 (0.0765)  loss_points_unscaled: 28.6730 (27.9564)  moe_aux_total: 0.0004 (0.0004)  moe_aux_raw: 0.0020 (0.0022)  l_balance: 0.2626 (0.2920)  l_decorr: 0.0020 (0.0022)  moe_temperature: 0.9833 (0.9835)  ema_usage_min: 0.0645 (0.0646)  ema_usage_max: 0.8151 (0.8156)
2026-03-19 15:51:33 | INFO     | crowdcount.trainer:256 - [ep 22][lr 0.0001000][14.03s]
2026-03-19 15:51:35 | INFO     | crowdcount.trainer:240 - [MoE] epoch=23 training_stage=specialization
2026-03-19 15:51:48 | INFO     | crowdcount.engine:236 - Averaged stats: lr: 0.000100  loss_sum: 0.1118 (0.1269)  losses: 0.0604 (0.0703)  den_loss: 0.0447 (0.0561)  loss_ce: 0.0551 (0.0647)  loss_points: 0.0052 (0.0056)  loss_ce_unscaled: 0.0551 (0.0647)  loss_points_unscaled: 26.0730 (28.1629)  moe_aux_total: 0.0005 (0.0005)  moe_aux_raw: 0.0025 (0.0025)  l_balance: 0.2507 (0.2719)  l_decorr: 0.0025 (0.0025)  moe_temperature: 0.9826 (0.9828)  ema_usage_min: 0.0730 (0.0724)  ema_usage_max: 0.8167 (0.8164)
2026-03-19 15:51:48 | INFO     | crowdcount.trainer:256 - [ep 23][lr 0.0001000][13.27s]
2026-03-19 15:51:50 | INFO     | crowdcount.trainer:240 - [MoE] epoch=24 training_stage=specialization
2026-03-19 15:52:04 | INFO     | crowdcount.engine:236 - Averaged stats: lr: 0.000100  loss_sum: 0.1182 (0.1370)  losses: 0.0701 (0.0722)  den_loss: 0.0432 (0.0644)  loss_ce: 0.0652 (0.0665)  loss_points: 0.0053 (0.0056)  loss_ce_unscaled: 0.0652 (0.0665)  loss_points_unscaled: 26.6138 (28.2092)  moe_aux_total: 0.0004 (0.0005)  moe_aux_raw: 0.0021 (0.0023)  l_balance: 0.2775 (0.2743)  l_decorr: 0.0021 (0.0023)  moe_temperature: 0.9818 (0.9820)  ema_usage_min: 0.0829 (0.0813)  ema_usage_max: 0.8178 (0.8171)
2026-03-19 15:52:04 | INFO     | crowdcount.trainer:256 - [ep 24][lr 0.0001000][13.99s]
2026-03-19 15:52:16 | INFO     | crowdcount.trainer:297 - [Eval] mae=140.52  mse=182.41  time=10.5s  best_mae=140.52  best_mse=182.41
2026-03-19 15:52:16 | INFO     | crowdcount.trainer:301 - [Eval] density_mae=101.96  density_mse=141.65  best_density_mae=84.05
2026-03-19 15:52:18 | INFO     | crowdcount.trainer:240 - [MoE] epoch=25 training_stage=specialization
2026-03-19 15:52:31 | INFO     | crowdcount.engine:236 - Averaged stats: lr: 0.000100  loss_sum: 0.1331 (0.1344)  losses: 0.0658 (0.0711)  den_loss: 0.0525 (0.0629)  loss_ce: 0.0599 (0.0657)  loss_points: 0.0057 (0.0054)  loss_ce_unscaled: 0.0599 (0.0657)  loss_points_unscaled: 28.6972 (26.9578)  moe_aux_total: 0.0004 (0.0004)  moe_aux_raw: 0.0018 (0.0022)  l_balance: 0.2717 (0.2863)  l_decorr: 0.0018 (0.0022)  moe_temperature: 0.9811 (0.9813)  ema_usage_min: 0.0816 (0.0820)  ema_usage_max: 0.8240 (0.8227)
2026-03-19 15:52:31 | INFO     | crowdcount.trainer:256 - [ep 25][lr 0.0001000][13.65s]
2026-03-19 15:52:33 | INFO     | crowdcount.trainer:240 - [MoE] epoch=26 training_stage=specialization
2026-03-19 15:52:46 | INFO     | crowdcount.engine:236 - Averaged stats: lr: 0.000100  loss_sum: 0.1103 (0.1447)  losses: 0.0654 (0.0724)  den_loss: 0.0472 (0.0720)  loss_ce: 0.0601 (0.0674)  loss_points: 0.0046 (0.0050)  loss_ce_unscaled: 0.0601 (0.0674)  loss_points_unscaled: 23.1970 (24.8947)  moe_aux_total: 0.0004 (0.0004)  moe_aux_raw: 0.0019 (0.0020)  l_balance: 0.3063 (0.2907)  l_decorr: 0.0019 (0.0020)  moe_temperature: 0.9804 (0.9806)  ema_usage_min: 0.0849 (0.0846)  ema_usage_max: 0.8348 (0.8326)
2026-03-19 15:52:46 | INFO     | crowdcount.trainer:256 - [ep 26][lr 0.0001000][13.65s]
2026-03-19 15:52:48 | INFO     | crowdcount.trainer:240 - [MoE] epoch=27 training_stage=specialization
2026-03-19 15:53:01 | INFO     | crowdcount.engine:236 - Averaged stats: lr: 0.000100  loss_sum: 0.1012 (0.1274)  losses: 0.0659 (0.0691)  den_loss: 0.0328 (0.0579)  loss_ce: 0.0596 (0.0642)  loss_points: 0.0052 (0.0049)  loss_ce_unscaled: 0.0596 (0.0642)  loss_points_unscaled: 25.9925 (24.7406)  moe_aux_total: 0.0004 (0.0004)  moe_aux_raw: 0.0019 (0.0018)  l_balance: 0.3028 (0.3064)  l_decorr: 0.0019 (0.0018)  moe_temperature: 0.9797 (0.9798)  ema_usage_min: 0.0862 (0.0865)  ema_usage_max: 0.8505 (0.8461)
2026-03-19 15:53:01 | INFO     | crowdcount.trainer:256 - [ep 27][lr 0.0001000][13.47s]
2026-03-19 15:53:14 | INFO     | crowdcount.trainer:297 - [Eval] mae=213.67  mse=312.58  time=10.6s  best_mae=140.52  best_mse=182.41
2026-03-19 15:53:14 | INFO     | crowdcount.trainer:301 - [Eval] density_mae=82.43  density_mse=126.49  best_density_mae=82.43
2026-03-19 15:53:14 | INFO     | crowdcount.trainer:240 - [MoE] epoch=28 training_stage=specialization
2026-03-19 15:53:27 | INFO     | crowdcount.engine:236 - Averaged stats: lr: 0.000100  loss_sum: 0.0948 (0.1167)  losses: 0.0502 (0.0641)  den_loss: 0.0322 (0.0522)  loss_ce: 0.0443 (0.0592)  loss_points: 0.0049 (0.0049)  loss_ce_unscaled: 0.0443 (0.0592)  loss_points_unscaled: 24.3642 (24.7091)  moe_aux_total: 0.0003 (0.0003)  moe_aux_raw: 0.0017 (0.0017)  l_balance: 0.2958 (0.3139)  l_decorr: 0.0017 (0.0017)  moe_temperature: 0.9789 (0.9791)  ema_usage_min: 0.0854 (0.0862)  ema_usage_max: 0.8639 (0.8612)
2026-03-19 15:53:27 | INFO     | crowdcount.trainer:256 - [ep 28][lr 0.0001000][13.46s]
2026-03-19 15:53:29 | INFO     | crowdcount.trainer:240 - [MoE] epoch=29 training_stage=specialization
2026-03-19 15:53:42 | INFO     | crowdcount.engine:236 - Averaged stats: lr: 0.000100  loss_sum: 0.0995 (0.1327)  losses: 0.0567 (0.0681)  den_loss: 0.0471 (0.0642)  loss_ce: 0.0510 (0.0633)  loss_points: 0.0048 (0.0048)  loss_ce_unscaled: 0.0510 (0.0633)  loss_points_unscaled: 23.7689 (24.2055)  moe_aux_total: 0.0003 (0.0003)  moe_aux_raw: 0.0015 (0.0017)  l_balance: 0.3506 (0.3326)  l_decorr: 0.0015 (0.0017)  moe_temperature: 0.9782 (0.9784)  ema_usage_min: 0.0827 (0.0832)  ema_usage_max: 0.8702 (0.8696)
2026-03-19 15:53:42 | INFO     | crowdcount.trainer:256 - [ep 29][lr 0.0001000][13.40s]
2026-03-19 15:53:44 | INFO     | crowdcount.trainer:240 - [MoE] epoch=30 training_stage=specialization
2026-03-19 15:53:58 | INFO     | crowdcount.engine:236 - Averaged stats: lr: 0.000100  loss_sum: 0.1002 (0.1446)  losses: 0.0548 (0.0703)  den_loss: 0.0309 (0.0740)  loss_ce: 0.0494 (0.0654)  loss_points: 0.0049 (0.0048)  loss_ce_unscaled: 0.0494 (0.0654)  loss_points_unscaled: 24.4552 (24.1512)  moe_aux_total: 0.0003 (0.0004)  moe_aux_raw: 0.0016 (0.0018)  l_balance: 0.3091 (0.3319)  l_decorr: 0.0016 (0.0018)  moe_temperature: 0.9775 (0.9777)  ema_usage_min: 0.0784 (0.0792)  ema_usage_max: 0.8795 (0.8793)
2026-03-19 15:53:58 | INFO     | crowdcount.trainer:256 - [ep 30][lr 0.0001000][13.75s]
2026-03-19 15:54:10 | INFO     | crowdcount.trainer:297 - [Eval] mae=127.09  mse=192.23  time=10.7s  best_mae=127.09  best_mse=182.41
2026-03-19 15:54:10 | INFO     | crowdcount.trainer:301 - [Eval] density_mae=90.74  density_mse=130.76  best_density_mae=82.43
2026-03-19 15:54:11 | INFO     | crowdcount.trainer:240 - [MoE] epoch=31 training_stage=specialization
2026-03-19 15:54:25 | INFO     | crowdcount.engine:236 - Averaged stats: lr: 0.000100  loss_sum: 0.0926 (0.1246)  losses: 0.0588 (0.0673)  den_loss: 0.0361 (0.0570)  loss_ce: 0.0537 (0.0624)  loss_points: 0.0051 (0.0049)  loss_ce_unscaled: 0.0537 (0.0624)  loss_points_unscaled: 25.3118 (24.4035)  moe_aux_total: 0.0003 (0.0004)  moe_aux_raw: 0.0017 (0.0018)  l_balance: 0.3275 (0.3484)  l_decorr: 0.0017 (0.0018)  moe_temperature: 0.9768 (0.9769)  ema_usage_min: 0.0756 (0.0770)  ema_usage_max: 0.8879 (0.8852)
2026-03-19 15:54:25 | INFO     | crowdcount.trainer:256 - [ep 31][lr 0.0001000][13.74s]
2026-03-19 15:54:27 | INFO     | crowdcount.trainer:240 - [MoE] epoch=32 training_stage=specialization
2026-03-19 15:54:40 | INFO     | crowdcount.engine:236 - Averaged stats: lr: 0.000100  loss_sum: 0.1124 (0.1349)  losses: 0.0670 (0.0656)  den_loss: 0.0492 (0.0689)  loss_ce: 0.0612 (0.0610)  loss_points: 0.0045 (0.0047)  loss_ce_unscaled: 0.0612 (0.0610)  loss_points_unscaled: 22.4447 (23.2724)  moe_aux_total: 0.0003 (0.0004)  moe_aux_raw: 0.0017 (0.0018)  l_balance: 0.3691 (0.3711)  l_decorr: 0.0017 (0.0018)  moe_temperature: 0.9761 (0.9762)  ema_usage_min: 0.0730 (0.0733)  ema_usage_max: 0.9011 (0.8990)
2026-03-19 15:54:40 | INFO     | crowdcount.trainer:256 - [ep 32][lr 0.0001000][13.72s]
2026-03-19 15:54:42 | INFO     | crowdcount.trainer:240 - [MoE] epoch=33 training_stage=specialization
2026-03-19 15:54:55 | INFO     | crowdcount.engine:236 - Averaged stats: lr: 0.000100  loss_sum: 0.1056 (0.1285)  losses: 0.0571 (0.0633)  den_loss: 0.0410 (0.0648)  loss_ce: 0.0525 (0.0583)  loss_points: 0.0049 (0.0050)  loss_ce_unscaled: 0.0525 (0.0583)  loss_points_unscaled: 24.6947 (24.9722)  moe_aux_total: 0.0003 (0.0004)  moe_aux_raw: 0.0017 (0.0018)  l_balance: 0.3926 (0.3883)  l_decorr: 0.0017 (0.0018)  moe_temperature: 0.9753 (0.9755)  ema_usage_min: 0.0686 (0.0689)  ema_usage_max: 0.9139 (0.9113)
2026-03-19 15:54:55 | INFO     | crowdcount.trainer:256 - [ep 33][lr 0.0001000][12.78s]
2026-03-19 15:55:07 | INFO     | crowdcount.trainer:297 - [Eval] mae=104.13  mse=140.27  time=10.5s  best_mae=104.13  best_mse=140.27
2026-03-19 15:55:07 | INFO     | crowdcount.trainer:301 - [Eval] density_mae=135.08  density_mse=177.39  best_density_mae=82.43
2026-03-19 15:55:08 | INFO     | crowdcount.trainer:240 - [MoE] epoch=34 training_stage=specialization
2026-03-19 15:55:22 | INFO     | crowdcount.engine:236 - Averaged stats: lr: 0.000100  loss_sum: 0.0950 (0.1113)  losses: 0.0526 (0.0584)  den_loss: 0.0393 (0.0526)  loss_ce: 0.0480 (0.0534)  loss_points: 0.0045 (0.0049)  loss_ce_unscaled: 0.0480 (0.0534)  loss_points_unscaled: 22.5707 (24.6374)  moe_aux_total: 0.0003 (0.0003)  moe_aux_raw: 0.0014 (0.0015)  l_balance: 0.3554 (0.3666)  l_decorr: 0.0014 (0.0015)  moe_temperature: 0.9746 (0.9748)  ema_usage_min: 0.0670 (0.0674)  ema_usage_max: 0.9161 (0.9157)
2026-03-19 15:55:22 | INFO     | crowdcount.trainer:256 - [ep 34][lr 0.0001000][13.61s]
2026-03-19 15:55:23 | INFO     | crowdcount.trainer:240 - [MoE] epoch=35 training_stage=specialization
2026-03-19 15:55:37 | INFO     | crowdcount.engine:236 - Averaged stats: lr: 0.000100  loss_sum: 0.0700 (0.1121)  losses: 0.0469 (0.0601)  den_loss: 0.0276 (0.0516)  loss_ce: 0.0415 (0.0554)  loss_points: 0.0047 (0.0047)  loss_ce_unscaled: 0.0415 (0.0554)  loss_points_unscaled: 23.7035 (23.5967)  moe_aux_total: 0.0002 (0.0003)  moe_aux_raw: 0.0010 (0.0016)  l_balance: 0.4171 (0.4021)  l_decorr: 0.0010 (0.0016)  moe_temperature: 0.9739 (0.9741)  ema_usage_min: 0.0664 (0.0666)  ema_usage_max: 0.9217 (0.9201)
2026-03-19 15:55:37 | INFO     | crowdcount.trainer:256 - [ep 35][lr 0.0001000][13.43s]
2026-03-19 15:55:38 | INFO     | crowdcount.trainer:240 - [MoE] epoch=36 training_stage=specialization
2026-03-19 15:55:52 | INFO     | crowdcount.engine:236 - Averaged stats: lr: 0.000100  loss_sum: 0.0917 (0.1222)  losses: 0.0501 (0.0612)  den_loss: 0.0432 (0.0608)  loss_ce: 0.0454 (0.0567)  loss_points: 0.0047 (0.0045)  loss_ce_unscaled: 0.0454 (0.0567)  loss_points_unscaled: 23.4113 (22.5909)  moe_aux_total: 0.0002 (0.0002)  moe_aux_raw: 0.0010 (0.0012)  l_balance: 0.4342 (0.4519)  l_decorr: 0.0010 (0.0012)  moe_temperature: 0.9732 (0.9733)  ema_usage_min: 0.0604 (0.0621)  ema_usage_max: 0.9330 (0.9312)
2026-03-19 15:55:52 | INFO     | crowdcount.trainer:256 - [ep 36][lr 0.0001000][13.53s]
2026-03-19 15:56:04 | INFO     | crowdcount.trainer:297 - [Eval] mae=135.86  mse=184.77  time=10.5s  best_mae=104.13  best_mse=140.27
2026-03-19 15:56:04 | INFO     | crowdcount.trainer:301 - [Eval] density_mae=287.09  density_mse=369.53  best_density_mae=82.43
2026-03-19 15:56:04 | INFO     | crowdcount.trainer:240 - [MoE] epoch=37 training_stage=specialization
2026-03-19 15:56:18 | INFO     | crowdcount.engine:236 - Averaged stats: lr: 0.000100  loss_sum: 0.0921 (0.1205)  losses: 0.0556 (0.0621)  den_loss: 0.0349 (0.0581)  loss_ce: 0.0505 (0.0574)  loss_points: 0.0048 (0.0047)  loss_ce_unscaled: 0.0505 (0.0574)  loss_points_unscaled: 24.0443 (23.5136)  moe_aux_total: 0.0002 (0.0002)  moe_aux_raw: 0.0010 (0.0012)  l_balance: 0.4830 (0.4643)  l_decorr: 0.0010 (0.0012)  moe_temperature: 0.9724 (0.9726)  ema_usage_min: 0.0560 (0.0566)  ema_usage_max: 0.9407 (0.9390)
2026-03-19 15:56:18 | INFO     | crowdcount.trainer:256 - [ep 37][lr 0.0001000][14.57s]
2026-03-19 15:56:20 | INFO     | crowdcount.trainer:240 - [MoE] epoch=38 training_stage=specialization
2026-03-19 15:56:34 | INFO     | crowdcount.engine:236 - Averaged stats: lr: 0.000100  loss_sum: 0.0912 (0.1224)  losses: 0.0472 (0.0609)  den_loss: 0.0361 (0.0613)  loss_ce: 0.0425 (0.0563)  loss_points: 0.0047 (0.0046)  loss_ce_unscaled: 0.0425 (0.0563)  loss_points_unscaled: 23.3138 (23.1624)  moe_aux_total: 0.0002 (0.0002)  moe_aux_raw: 0.0010 (0.0012)  l_balance: 0.4288 (0.4557)  l_decorr: 0.0010 (0.0012)  moe_temperature: 0.9717 (0.9719)  ema_usage_min: 0.0554 (0.0552)  ema_usage_max: 0.9451 (0.9445)
2026-03-19 15:56:34 | INFO     | crowdcount.trainer:256 - [ep 38][lr 0.0001000][14.23s]
2026-03-19 15:56:36 | INFO     | crowdcount.trainer:240 - [MoE] epoch=39 training_stage=specialization
2026-03-19 15:56:49 | INFO     | crowdcount.engine:236 - Averaged stats: lr: 0.000100  loss_sum: 0.0815 (0.1040)  losses: 0.0508 (0.0578)  den_loss: 0.0315 (0.0460)  loss_ce: 0.0436 (0.0530)  loss_points: 0.0050 (0.0048)  loss_ce_unscaled: 0.0436 (0.0530)  loss_points_unscaled: 25.0129 (24.0275)  moe_aux_total: 0.0002 (0.0002)  moe_aux_raw: 0.0010 (0.0011)  l_balance: 0.4007 (0.4273)  l_decorr: 0.0010 (0.0011)  moe_temperature: 0.9710 (0.9712)  ema_usage_min: 0.0572 (0.0570)  ema_usage_max: 0.9466 (0.9462)
2026-03-19 15:56:49 | INFO     | crowdcount.trainer:256 - [ep 39][lr 0.0001000][13.60s]
2026-03-19 15:57:02 | INFO     | crowdcount.trainer:297 - [Eval] mae=92.05  mse=131.57  time=10.7s  best_mae=92.05  best_mse=131.57
2026-03-19 15:57:02 | INFO     | crowdcount.trainer:301 - [Eval] density_mae=73.31  density_mse=112.48  best_density_mae=73.31
2026-03-19 15:57:03 | INFO     | crowdcount.trainer:240 - [MoE] epoch=40 training_stage=specialization
2026-03-19 15:57:17 | INFO     | crowdcount.engine:236 - Averaged stats: lr: 0.000100  loss_sum: 0.0884 (0.1049)  losses: 0.0528 (0.0580)  den_loss: 0.0299 (0.0467)  loss_ce: 0.0484 (0.0533)  loss_points: 0.0047 (0.0047)  loss_ce_unscaled: 0.0484 (0.0533)  loss_points_unscaled: 23.6502 (23.6419)  moe_aux_total: 0.0002 (0.0002)  moe_aux_raw: 0.0009 (0.0010)  l_balance: 0.4391 (0.4541)  l_decorr: 0.0009 (0.0010)  moe_temperature: 0.9703 (0.9705)  ema_usage_min: 0.0591 (0.0579)  ema_usage_max: 0.9510 (0.9493)
2026-03-19 15:57:17 | INFO     | crowdcount.trainer:256 - [ep 40][lr 0.0001000][14.09s]
2026-03-19 15:57:19 | INFO     | crowdcount.trainer:240 - [MoE] epoch=41 training_stage=specialization
2026-03-19 15:57:33 | INFO     | crowdcount.engine:236 - Averaged stats: lr: 0.000100  loss_sum: 0.0953 (0.1061)  losses: 0.0510 (0.0582)  den_loss: 0.0357 (0.0476)  loss_ce: 0.0478 (0.0537)  loss_points: 0.0042 (0.0045)  loss_ce_unscaled: 0.0478 (0.0537)  loss_points_unscaled: 20.7675 (22.3272)  moe_aux_total: 0.0002 (0.0003)  moe_aux_raw: 0.0010 (0.0013)  l_balance: 0.4205 (0.4095)  l_decorr: 0.0010 (0.0013)  moe_temperature: 0.9696 (0.9697)  ema_usage_min: 0.0634 (0.0628)  ema_usage_max: 0.9440 (0.9460)
2026-03-19 15:57:33 | INFO     | crowdcount.trainer:256 - [ep 41][lr 0.0001000][13.71s]
2026-03-19 15:57:34 | INFO     | crowdcount.trainer:240 - [MoE] epoch=42 training_stage=specialization
2026-03-19 15:57:47 | INFO     | crowdcount.engine:236 - Averaged stats: lr: 0.000100  loss_sum: 0.0984 (0.1042)  losses: 0.0520 (0.0565)  den_loss: 0.0407 (0.0474)  loss_ce: 0.0476 (0.0519)  loss_points: 0.0045 (0.0046)  loss_ce_unscaled: 0.0476 (0.0519)  loss_points_unscaled: 22.6526 (22.9137)  moe_aux_total: 0.0002 (0.0003)  moe_aux_raw: 0.0011 (0.0013)  l_balance: 0.4065 (0.3888)  l_decorr: 0.0011 (0.0013)  moe_temperature: 0.9689 (0.9690)  ema_usage_min: 0.0665 (0.0660)  ema_usage_max: 0.9411 (0.9416)
2026-03-19 15:57:47 | INFO     | crowdcount.trainer:256 - [ep 42][lr 0.0001000][13.05s]
2026-03-19 15:58:00 | INFO     | crowdcount.trainer:297 - [Eval] mae=240.87  mse=316.81  time=10.7s  best_mae=92.05  best_mse=131.57
2026-03-19 15:58:00 | INFO     | crowdcount.trainer:301 - [Eval] density_mae=91.03  density_mse=123.31  best_density_mae=73.31
2026-03-19 15:58:00 | INFO     | crowdcount.trainer:240 - [MoE] epoch=43 training_stage=specialization
2026-03-19 15:58:15 | INFO     | crowdcount.engine:236 - Averaged stats: lr: 0.000100  loss_sum: 0.0869 (0.1052)  losses: 0.0494 (0.0564)  den_loss: 0.0384 (0.0485)  loss_ce: 0.0450 (0.0519)  loss_points: 0.0044 (0.0046)  loss_ce_unscaled: 0.0450 (0.0519)  loss_points_unscaled: 22.0919 (22.8478)  moe_aux_total: 0.0002 (0.0002)  moe_aux_raw: 0.0011 (0.0012)  l_balance: 0.2902 (0.3233)  l_decorr: 0.0011 (0.0012)  moe_temperature: 0.9681 (0.9683)  ema_usage_min: 0.0703 (0.0698)  ema_usage_max: 0.9243 (0.9274)
2026-03-19 15:58:15 | INFO     | crowdcount.trainer:256 - [ep 43][lr 0.0001000][15.36s]
2026-03-19 15:58:16 | INFO     | crowdcount.trainer:240 - [MoE] epoch=44 training_stage=specialization
2026-03-19 15:58:30 | INFO     | crowdcount.engine:236 - Averaged stats: lr: 0.000100  loss_sum: 0.0878 (0.1039)  losses: 0.0529 (0.0521)  den_loss: 0.0388 (0.0516)  loss_ce: 0.0476 (0.0475)  loss_points: 0.0045 (0.0046)  loss_ce_unscaled: 0.0476 (0.0475)  loss_points_unscaled: 22.3687 (23.1335)  moe_aux_total: 0.0002 (0.0002)  moe_aux_raw: 0.0010 (0.0010)  l_balance: 0.3479 (0.3536)  l_decorr: 0.0010 (0.0010)  moe_temperature: 0.9674 (0.9676)  ema_usage_min: 0.0735 (0.0736)  ema_usage_max: 0.9087 (0.9112)
2026-03-19 15:58:30 | INFO     | crowdcount.trainer:256 - [ep 44][lr 0.0001000][13.96s]
2026-03-19 15:58:32 | INFO     | crowdcount.trainer:240 - [MoE] epoch=45 training_stage=specialization
2026-03-19 15:58:45 | INFO     | crowdcount.engine:236 - Averaged stats: lr: 0.000100  loss_sum: 0.0778 (0.1200)  losses: 0.0512 (0.0599)  den_loss: 0.0326 (0.0599)  loss_ce: 0.0462 (0.0555)  loss_points: 0.0041 (0.0044)  loss_ce_unscaled: 0.0462 (0.0555)  loss_points_unscaled: 20.3457 (21.9468)  moe_aux_total: 0.0002 (0.0002)  moe_aux_raw: 0.0009 (0.0011)  l_balance: 0.3189 (0.3391)  l_decorr: 0.0009 (0.0011)  moe_temperature: 0.9667 (0.9669)  ema_usage_min: 0.0760 (0.0746)  ema_usage_max: 0.9040 (0.9062)
2026-03-19 15:58:45 | INFO     | crowdcount.trainer:256 - [ep 45][lr 0.0001000][13.75s]
2026-03-19 15:58:58 | INFO     | crowdcount.trainer:297 - [Eval] mae=179.67  mse=235.76  time=10.6s  best_mae=92.05  best_mse=131.57
2026-03-19 15:58:58 | INFO     | crowdcount.trainer:301 - [Eval] density_mae=233.76  density_mse=274.44  best_density_mae=73.31
2026-03-19 15:58:58 | INFO     | crowdcount.trainer:240 - [MoE] epoch=46 training_stage=specialization
2026-03-19 15:59:12 | INFO     | crowdcount.engine:236 - Averaged stats: lr: 0.000100  loss_sum: 0.0887 (0.1080)  losses: 0.0459 (0.0566)  den_loss: 0.0339 (0.0512)  loss_ce: 0.0416 (0.0522)  loss_points: 0.0045 (0.0045)  loss_ce_unscaled: 0.0416 (0.0522)  loss_points_unscaled: 22.6453 (22.2521)  moe_aux_total: 0.0002 (0.0002)  moe_aux_raw: 0.0008 (0.0010)  l_balance: 0.3556 (0.3461)  l_decorr: 0.0008 (0.0010)  moe_temperature: 0.9660 (0.9662)  ema_usage_min: 0.0774 (0.0775)  ema_usage_max: 0.8981 (0.8993)
2026-03-19 15:59:12 | INFO     | crowdcount.trainer:256 - [ep 46][lr 0.0001000][14.21s]
2026-03-19 15:59:13 | INFO     | crowdcount.trainer:240 - [MoE] epoch=47 training_stage=specialization
2026-03-19 15:59:27 | INFO     | crowdcount.engine:236 - Averaged stats: lr: 0.000100  loss_sum: 0.0791 (0.1035)  losses: 0.0473 (0.0548)  den_loss: 0.0346 (0.0485)  loss_ce: 0.0426 (0.0505)  loss_points: 0.0039 (0.0043)  loss_ce_unscaled: 0.0426 (0.0505)  loss_points_unscaled: 19.6994 (21.5292)  moe_aux_total: 0.0002 (0.0002)  moe_aux_raw: 0.0011 (0.0011)  l_balance: 0.3453 (0.3357)  l_decorr: 0.0011 (0.0011)  moe_temperature: 0.9653 (0.9655)  ema_usage_min: 0.0781 (0.0784)  ema_usage_max: 0.8907 (0.8915)
2026-03-19 15:59:27 | INFO     | crowdcount.trainer:256 - [ep 47][lr 0.0001000][13.63s]
2026-03-19 15:59:28 | INFO     | crowdcount.trainer:240 - [MoE] epoch=48 training_stage=specialization
2026-03-19 15:59:42 | INFO     | crowdcount.engine:236 - Averaged stats: lr: 0.000100  loss_sum: 0.0809 (0.1125)  losses: 0.0501 (0.0557)  den_loss: 0.0284 (0.0567)  loss_ce: 0.0456 (0.0514)  loss_points: 0.0040 (0.0042)  loss_ce_unscaled: 0.0456 (0.0514)  loss_points_unscaled: 20.1122 (21.1482)  moe_aux_total: 0.0001 (0.0002)  moe_aux_raw: 0.0006 (0.0009)  l_balance: 0.3675 (0.3911)  l_decorr: 0.0006 (0.0009)  moe_temperature: 0.9646 (0.9647)  ema_usage_min: 0.0740 (0.0749)  ema_usage_max: 0.8930 (0.8926)
2026-03-19 15:59:42 | INFO     | crowdcount.trainer:256 - [ep 48][lr 0.0001000][13.65s]
2026-03-19 15:59:54 | INFO     | crowdcount.trainer:297 - [Eval] mae=90.27  mse=137.71  time=10.7s  best_mae=90.27  best_mse=131.57
2026-03-19 15:59:54 | INFO     | crowdcount.trainer:301 - [Eval] density_mae=90.89  density_mse=127.76  best_density_mae=73.31
2026-03-19 15:59:56 | INFO     | crowdcount.trainer:240 - [MoE] epoch=49 training_stage=specialization
2026-03-19 16:00:09 | INFO     | crowdcount.engine:236 - Averaged stats: lr: 0.000100  loss_sum: 0.1074 (0.1121)  losses: 0.0484 (0.0544)  den_loss: 0.0492 (0.0576)  loss_ce: 0.0434 (0.0499)  loss_points: 0.0043 (0.0045)  loss_ce_unscaled: 0.0434 (0.0499)  loss_points_unscaled: 21.3115 (22.5671)  moe_aux_total: 0.0001 (0.0002)  moe_aux_raw: 0.0007 (0.0008)  l_balance: 0.3692 (0.3619)  l_decorr: 0.0007 (0.0008)  moe_temperature: 0.9638 (0.9640)  ema_usage_min: 0.0749 (0.0751)  ema_usage_max: 0.8962 (0.8951)
2026-03-19 16:00:09 | INFO     | crowdcount.trainer:256 - [ep 49][lr 0.0001000][13.39s]
2026-03-19 16:00:11 | INFO     | crowdcount.trainer:240 - [MoE] epoch=50 training_stage=specialization
2026-03-19 16:00:24 | INFO     | crowdcount.engine:236 - Averaged stats: lr: 0.000100  loss_sum: 0.0999 (0.1139)  losses: 0.0504 (0.0590)  den_loss: 0.0463 (0.0548)  loss_ce: 0.0459 (0.0545)  loss_points: 0.0043 (0.0045)  loss_ce_unscaled: 0.0459 (0.0545)  loss_points_unscaled: 21.5043 (22.3167)  moe_aux_total: 0.0002 (0.0002)  moe_aux_raw: 0.0010 (0.0009)  l_balance: 0.3611 (0.3620)  l_decorr: 0.0010 (0.0009)  moe_temperature: 0.9631 (0.9633)  ema_usage_min: 0.0703 (0.0722)  ema_usage_max: 0.8951 (0.8957)
2026-03-19 16:00:24 | INFO     | crowdcount.trainer:256 - [ep 50][lr 0.0001000][13.64s]
2026-03-19 16:00:26 | INFO     | crowdcount.trainer:240 - [MoE] epoch=51 training_stage=specialization
2026-03-19 16:00:40 | INFO     | crowdcount.engine:236 - Averaged stats: lr: 0.000100  loss_sum: 0.0989 (0.1094)  losses: 0.0501 (0.0567)  den_loss: 0.0414 (0.0525)  loss_ce: 0.0455 (0.0522)  loss_points: 0.0043 (0.0045)  loss_ce_unscaled: 0.0455 (0.0522)  loss_points_unscaled: 21.6374 (22.3107)  moe_aux_total: 0.0002 (0.0002)  moe_aux_raw: 0.0008 (0.0009)  l_balance: 0.3707 (0.3930)  l_decorr: 0.0008 (0.0009)  moe_temperature: 0.9624 (0.9626)  ema_usage_min: 0.0653 (0.0666)  ema_usage_max: 0.9008 (0.8978)
2026-03-19 16:00:40 | INFO     | crowdcount.trainer:256 - [ep 51][lr 0.0000999][13.74s]
2026-03-19 16:00:52 | INFO     | crowdcount.trainer:297 - [Eval] mae=95.87  mse=140.69  time=10.8s  best_mae=90.27  best_mse=131.57
2026-03-19 16:00:52 | INFO     | crowdcount.trainer:301 - [Eval] density_mae=70.99  density_mse=106.12  best_density_mae=70.99
2026-03-19 16:00:52 | INFO     | crowdcount.trainer:240 - [MoE] epoch=52 training_stage=specialization
2026-03-19 16:01:05 | INFO     | crowdcount.engine:236 - Averaged stats: lr: 0.000100  loss_sum: 0.0937 (0.1117)  losses: 0.0474 (0.0569)  den_loss: 0.0431 (0.0546)  loss_ce: 0.0433 (0.0527)  loss_points: 0.0041 (0.0043)  loss_ce_unscaled: 0.0433 (0.0527)  loss_points_unscaled: 20.7080 (21.3835)  moe_aux_total: 0.0002 (0.0002)  moe_aux_raw: 0.0008 (0.0009)  l_balance: 0.3751 (0.3808)  l_decorr: 0.0008 (0.0009)  moe_temperature: 0.9617 (0.9619)  ema_usage_min: 0.0661 (0.0663)  ema_usage_max: 0.9027 (0.9023)
2026-03-19 16:01:05 | INFO     | crowdcount.trainer:256 - [ep 52][lr 0.0000999][13.54s]
2026-03-19 16:01:07 | INFO     | crowdcount.trainer:240 - [MoE] epoch=53 training_stage=specialization
2026-03-19 16:01:20 | INFO     | crowdcount.engine:236 - Averaged stats: lr: 0.000100  loss_sum: 0.0840 (0.1394)  losses: 0.0453 (0.0593)  den_loss: 0.0396 (0.0799)  loss_ce: 0.0409 (0.0551)  loss_points: 0.0041 (0.0043)  loss_ce_unscaled: 0.0409 (0.0551)  loss_points_unscaled: 20.4481 (21.3065)  moe_aux_total: 0.0002 (0.0002)  moe_aux_raw: 0.0008 (0.0010)  l_balance: 0.3571 (0.3883)  l_decorr: 0.0008 (0.0010)  moe_temperature: 0.9610 (0.9612)  ema_usage_min: 0.0634 (0.0646)  ema_usage_max: 0.9052 (0.9041)
2026-03-19 16:01:20 | INFO     | crowdcount.trainer:256 - [ep 53][lr 0.0000999][13.37s]
2026-03-19 16:01:22 | INFO     | crowdcount.trainer:240 - [MoE] epoch=54 training_stage=specialization
2026-03-19 16:01:35 | INFO     | crowdcount.engine:236 - Averaged stats: lr: 0.000100  loss_sum: 0.0806 (0.1180)  losses: 0.0471 (0.0564)  den_loss: 0.0331 (0.0614)  loss_ce: 0.0422 (0.0520)  loss_points: 0.0045 (0.0044)  loss_ce_unscaled: 0.0422 (0.0520)  loss_points_unscaled: 22.3256 (22.0245)  moe_aux_total: 0.0002 (0.0002)  moe_aux_raw: 0.0008 (0.0011)  l_balance: 0.3933 (0.3847)  l_decorr: 0.0008 (0.0011)  moe_temperature: 0.9603 (0.9605)  ema_usage_min: 0.0670 (0.0668)  ema_usage_max: 0.9061 (0.9061)
2026-03-19 16:01:35 | INFO     | crowdcount.trainer:256 - [ep 54][lr 0.0000999][13.33s]
2026-03-19 16:01:47 | INFO     | crowdcount.trainer:297 - [Eval] mae=102.58  mse=149.90  time=10.6s  best_mae=90.27  best_mse=131.57
2026-03-19 16:01:47 | INFO     | crowdcount.trainer:301 - [Eval] density_mae=85.17  density_mse=117.81  best_density_mae=70.99
2026-03-19 16:01:47 | INFO     | crowdcount.trainer:240 - [MoE] epoch=55 training_stage=specialization
2026-03-19 16:02:01 | INFO     | crowdcount.engine:236 - Averaged stats: lr: 0.000100  loss_sum: 0.0735 (0.1081)  losses: 0.0456 (0.0546)  den_loss: 0.0277 (0.0533)  loss_ce: 0.0410 (0.0504)  loss_points: 0.0040 (0.0042)  loss_ce_unscaled: 0.0410 (0.0504)  loss_points_unscaled: 19.9733 (21.2126)  moe_aux_total: 0.0002 (0.0002)  moe_aux_raw: 0.0008 (0.0008)  l_balance: 0.4123 (0.4242)  l_decorr: 0.0008 (0.0008)  moe_temperature: 0.9596 (0.9598)  ema_usage_min: 0.0610 (0.0617)  ema_usage_max: 0.9124 (0.9100)
2026-03-19 16:02:01 | INFO     | crowdcount.trainer:256 - [ep 55][lr 0.0000999][13.62s]
2026-03-19 16:02:02 | INFO     | crowdcount.trainer:240 - [MoE] epoch=56 training_stage=specialization
2026-03-19 16:02:16 | INFO     | crowdcount.engine:236 - Averaged stats: lr: 0.000100  loss_sum: 0.0970 (0.1037)  losses: 0.0537 (0.0528)  den_loss: 0.0386 (0.0507)  loss_ce: 0.0492 (0.0486)  loss_points: 0.0041 (0.0042)  loss_ce_unscaled: 0.0492 (0.0486)  loss_points_unscaled: 20.7241 (21.0138)  moe_aux_total: 0.0001 (0.0002)  moe_aux_raw: 0.0007 (0.0009)  l_balance: 0.4218 (0.4400)  l_decorr: 0.0007 (0.0009)  moe_temperature: 0.9589 (0.9590)  ema_usage_min: 0.0575 (0.0577)  ema_usage_max: 0.9210 (0.9185)
2026-03-19 16:02:16 | INFO     | crowdcount.trainer:256 - [ep 56][lr 0.0000999][13.94s]
2026-03-19 16:02:18 | INFO     | crowdcount.trainer:240 - [MoE] epoch=57 training_stage=specialization
2026-03-19 16:02:31 | INFO     | crowdcount.engine:236 - Averaged stats: lr: 0.000100  loss_sum: 0.0821 (0.1002)  losses: 0.0441 (0.0514)  den_loss: 0.0361 (0.0487)  loss_ce: 0.0406 (0.0470)  loss_points: 0.0043 (0.0044)  loss_ce_unscaled: 0.0406 (0.0470)  loss_points_unscaled: 21.6011 (21.9358)  moe_aux_total: 0.0001 (0.0001)  moe_aux_raw: 0.0007 (0.0007)  l_balance: 0.4256 (0.4429)  l_decorr: 0.0007 (0.0007)  moe_temperature: 0.9582 (0.9583)  ema_usage_min: 0.0559 (0.0560)  ema_usage_max: 0.9295 (0.9272)
2026-03-19 16:02:31 | INFO     | crowdcount.trainer:256 - [ep 57][lr 0.0000999][13.36s]
2026-03-19 16:02:43 | INFO     | crowdcount.trainer:297 - [Eval] mae=83.53  mse=129.27  time=10.6s  best_mae=83.53  best_mse=129.27
2026-03-19 16:02:43 | INFO     | crowdcount.trainer:301 - [Eval] density_mae=82.46  density_mse=118.26  best_density_mae=70.99
2026-03-19 16:02:45 | INFO     | crowdcount.trainer:240 - [MoE] epoch=58 training_stage=specialization
2026-03-19 16:02:59 | INFO     | crowdcount.engine:236 - Averaged stats: lr: 0.000100  loss_sum: 0.0820 (0.0975)  losses: 0.0444 (0.0517)  den_loss: 0.0341 (0.0456)  loss_ce: 0.0398 (0.0473)  loss_points: 0.0045 (0.0044)  loss_ce_unscaled: 0.0398 (0.0473)  loss_points_unscaled: 22.3894 (22.0931)  moe_aux_total: 0.0001 (0.0002)  moe_aux_raw: 0.0007 (0.0009)  l_balance: 0.4154 (0.4324)  l_decorr: 0.0007 (0.0009)  moe_temperature: 0.9575 (0.9576)  ema_usage_min: 0.0544 (0.0545)  ema_usage_max: 0.9415 (0.9393)
2026-03-19 16:02:59 | INFO     | crowdcount.trainer:256 - [ep 58][lr 0.0000999][14.20s]
2026-03-19 16:03:01 | INFO     | crowdcount.trainer:240 - [MoE] epoch=59 training_stage=specialization
2026-03-19 16:03:15 | INFO     | crowdcount.engine:236 - Averaged stats: lr: 0.000100  loss_sum: 0.0792 (0.1151)  losses: 0.0447 (0.0538)  den_loss: 0.0370 (0.0611)  loss_ce: 0.0402 (0.0496)  loss_points: 0.0040 (0.0042)  loss_ce_unscaled: 0.0402 (0.0496)  loss_points_unscaled: 20.2427 (21.0161)  moe_aux_total: 0.0001 (0.0001)  moe_aux_raw: 0.0006 (0.0007)  l_balance: 0.4433 (0.4356)  l_decorr: 0.0006 (0.0007)  moe_temperature: 0.9567 (0.9569)  ema_usage_min: 0.0530 (0.0541)  ema_usage_max: 0.9435 (0.9427)
2026-03-19 16:03:15 | INFO     | crowdcount.trainer:256 - [ep 59][lr 0.0000999][14.45s]
2026-03-19 16:03:17 | INFO     | crowdcount.trainer:240 - [MoE] epoch=60 training_stage=specialization
2026-03-19 16:03:30 | INFO     | crowdcount.engine:236 - Averaged stats: lr: 0.000100  loss_sum: 0.0810 (0.0972)  losses: 0.0428 (0.0526)  den_loss: 0.0310 (0.0444)  loss_ce: 0.0391 (0.0484)  loss_points: 0.0040 (0.0042)  loss_ce_unscaled: 0.0391 (0.0484)  loss_points_unscaled: 20.1390 (21.2362)  moe_aux_total: 0.0001 (0.0002)  moe_aux_raw: 0.0006 (0.0008)  l_balance: 0.4205 (0.4253)  l_decorr: 0.0006 (0.0008)  moe_temperature: 0.9560 (0.9562)  ema_usage_min: 0.0533 (0.0524)  ema_usage_max: 0.9496 (0.9481)
2026-03-19 16:03:30 | INFO     | crowdcount.trainer:256 - [ep 60][lr 0.0000999][13.44s]
2026-03-19 16:03:42 | INFO     | crowdcount.trainer:297 - [Eval] mae=103.82  mse=157.98  time=10.4s  best_mae=83.53  best_mse=129.27
2026-03-19 16:03:42 | INFO     | crowdcount.trainer:301 - [Eval] density_mae=82.01  density_mse=124.48  best_density_mae=70.99
2026-03-19 16:03:42 | INFO     | crowdcount.trainer:240 - [MoE] epoch=61 training_stage=specialization
2026-03-19 16:03:55 | INFO     | crowdcount.engine:236 - Averaged stats: lr: 0.000100  loss_sum: 0.0753 (0.0923)  losses: 0.0523 (0.0521)  den_loss: 0.0335 (0.0401)  loss_ce: 0.0479 (0.0477)  loss_points: 0.0041 (0.0044)  loss_ce_unscaled: 0.0479 (0.0477)  loss_points_unscaled: 20.6839 (22.1986)  moe_aux_total: 0.0001 (0.0001)  moe_aux_raw: 0.0006 (0.0007)  l_balance: 0.4499 (0.4691)  l_decorr: 0.0006 (0.0007)  moe_temperature: 0.9553 (0.9555)  ema_usage_min: 0.0523 (0.0521)  ema_usage_max: 0.9530 (0.9520)
2026-03-19 16:03:55 | INFO     | crowdcount.trainer:256 - [ep 61][lr 0.0000999][12.62s]
2026-03-19 16:03:56 | INFO     | crowdcount.trainer:240 - [MoE] epoch=62 training_stage=specialization
2026-03-19 16:04:10 | INFO     | crowdcount.engine:236 - Averaged stats: lr: 0.000100  loss_sum: 0.0735 (0.1043)  losses: 0.0452 (0.0538)  den_loss: 0.0298 (0.0504)  loss_ce: 0.0415 (0.0495)  loss_points: 0.0042 (0.0042)  loss_ce_unscaled: 0.0415 (0.0495)  loss_points_unscaled: 20.8553 (21.2022)  moe_aux_total: 0.0001 (0.0001)  moe_aux_raw: 0.0005 (0.0007)  l_balance: 0.4285 (0.4361)  l_decorr: 0.0005 (0.0007)  moe_temperature: 0.9546 (0.9548)  ema_usage_min: 0.0522 (0.0523)  ema_usage_max: 0.9504 (0.9513)
2026-03-19 16:04:10 | INFO     | crowdcount.trainer:256 - [ep 62][lr 0.0000999][14.05s]
2026-03-19 16:04:11 | INFO     | crowdcount.trainer:240 - [MoE] epoch=63 training_stage=specialization
2026-03-19 16:04:25 | INFO     | crowdcount.engine:236 - Averaged stats: lr: 0.000100  loss_sum: 0.0922 (0.1094)  losses: 0.0461 (0.0530)  den_loss: 0.0351 (0.0563)  loss_ce: 0.0413 (0.0486)  loss_points: 0.0044 (0.0043)  loss_ce_unscaled: 0.0413 (0.0486)  loss_points_unscaled: 22.0017 (21.6602)  moe_aux_total: 0.0001 (0.0002)  moe_aux_raw: 0.0007 (0.0008)  l_balance: 0.4209 (0.4145)  l_decorr: 0.0007 (0.0008)  moe_temperature: 0.9539 (0.9541)  ema_usage_min: 0.0567 (0.0556)  ema_usage_max: 0.9513 (0.9508)
2026-03-19 16:04:25 | INFO     | crowdcount.trainer:256 - [ep 63][lr 0.0000999][13.92s]
2026-03-19 16:04:37 | INFO     | crowdcount.trainer:297 - [Eval] mae=82.08  mse=118.90  time=10.7s  best_mae=82.08  best_mse=118.90
2026-03-19 16:04:37 | INFO     | crowdcount.trainer:301 - [Eval] density_mae=76.95  density_mse=115.28  best_density_mae=70.99
2026-03-19 16:04:39 | INFO     | crowdcount.trainer:240 - [MoE] epoch=64 training_stage=specialization
2026-03-19 16:04:53 | INFO     | crowdcount.engine:236 - Averaged stats: lr: 0.000100  loss_sum: 0.0817 (0.1152)  losses: 0.0448 (0.0533)  den_loss: 0.0407 (0.0617)  loss_ce: 0.0410 (0.0491)  loss_points: 0.0040 (0.0042)  loss_ce_unscaled: 0.0410 (0.0491)  loss_points_unscaled: 20.0191 (21.2304)  moe_aux_total: 0.0001 (0.0001)  moe_aux_raw: 0.0006 (0.0007)  l_balance: 0.4052 (0.4145)  l_decorr: 0.0006 (0.0007)  moe_temperature: 0.9532 (0.9534)  ema_usage_min: 0.0623 (0.0615)  ema_usage_max: 0.9502 (0.9502)
2026-03-19 16:04:53 | INFO     | crowdcount.trainer:256 - [ep 64][lr 0.0000999][14.49s]
2026-03-19 16:04:54 | INFO     | crowdcount.trainer:240 - [MoE] epoch=65 training_stage=specialization
2026-03-19 16:05:09 | INFO     | crowdcount.engine:236 - Averaged stats: lr: 0.000100  loss_sum: 0.0737 (0.1156)  losses: 0.0435 (0.0526)  den_loss: 0.0280 (0.0629)  loss_ce: 0.0395 (0.0483)  loss_points: 0.0044 (0.0043)  loss_ce_unscaled: 0.0395 (0.0483)  loss_points_unscaled: 21.8172 (21.4641)  moe_aux_total: 0.0001 (0.0001)  moe_aux_raw: 0.0005 (0.0007)  l_balance: 0.4143 (0.4196)  l_decorr: 0.0005 (0.0007)  moe_temperature: 0.9525 (0.9527)  ema_usage_min: 0.0589 (0.0600)  ema_usage_max: 0.9482 (0.9484)
2026-03-19 16:05:09 | INFO     | crowdcount.trainer:256 - [ep 65][lr 0.0000999][14.58s]
2026-03-19 16:05:11 | INFO     | crowdcount.trainer:240 - [MoE] epoch=66 training_stage=specialization
2026-03-19 16:05:24 | INFO     | crowdcount.engine:236 - Averaged stats: lr: 0.000100  loss_sum: 0.0813 (0.0894)  losses: 0.0432 (0.0469)  den_loss: 0.0283 (0.0424)  loss_ce: 0.0391 (0.0424)  loss_points: 0.0041 (0.0044)  loss_ce_unscaled: 0.0391 (0.0424)  loss_points_unscaled: 20.5254 (22.1075)  moe_aux_total: 0.0001 (0.0001)  moe_aux_raw: 0.0005 (0.0006)  l_balance: 0.4060 (0.4415)  l_decorr: 0.0005 (0.0006)  moe_temperature: 0.9518 (0.9520)  ema_usage_min: 0.0575 (0.0584)  ema_usage_max: 0.9489 (0.9497)
2026-03-19 16:05:24 | INFO     | crowdcount.trainer:256 - [ep 66][lr 0.0000999][13.34s]
2026-03-19 16:05:36 | INFO     | crowdcount.trainer:297 - [Eval] mae=91.07  mse=147.35  time=10.8s  best_mae=82.08  best_mse=118.90
2026-03-19 16:05:36 | INFO     | crowdcount.trainer:301 - [Eval] density_mae=94.71  density_mse=129.30  best_density_mae=70.99
2026-03-19 16:05:36 | INFO     | crowdcount.trainer:240 - [MoE] epoch=67 training_stage=specialization
2026-03-19 16:05:50 | INFO     | crowdcount.engine:236 - Averaged stats: lr: 0.000100  loss_sum: 0.0712 (0.0936)  losses: 0.0434 (0.0498)  den_loss: 0.0279 (0.0438)  loss_ce: 0.0396 (0.0455)  loss_points: 0.0042 (0.0043)  loss_ce_unscaled: 0.0396 (0.0455)  loss_points_unscaled: 21.1665 (21.3858)  moe_aux_total: 0.0001 (0.0001)  moe_aux_raw: 0.0005 (0.0005)  l_balance: 0.4159 (0.4283)  l_decorr: 0.0005 (0.0005)  moe_temperature: 0.9511 (0.9513)  ema_usage_min: 0.0592 (0.0587)  ema_usage_max: 0.9492 (0.9494)
2026-03-19 16:05:50 | INFO     | crowdcount.trainer:256 - [ep 67][lr 0.0000999][13.48s]
2026-03-19 16:05:51 | INFO     | crowdcount.trainer:240 - [MoE] epoch=68 training_stage=specialization
2026-03-19 16:06:05 | INFO     | crowdcount.engine:236 - Averaged stats: lr: 0.000100  loss_sum: 0.0731 (0.0857)  losses: 0.0440 (0.0471)  den_loss: 0.0291 (0.0385)  loss_ce: 0.0392 (0.0428)  loss_points: 0.0043 (0.0043)  loss_ce_unscaled: 0.0392 (0.0428)  loss_points_unscaled: 21.4555 (21.4900)  moe_aux_total: 0.0001 (0.0001)  moe_aux_raw: 0.0005 (0.0005)  l_balance: 0.4682 (0.4403)  l_decorr: 0.0005 (0.0005)  moe_temperature: 0.9504 (0.9506)  ema_usage_min: 0.0587 (0.0594)  ema_usage_max: 0.9505 (0.9502)
2026-03-19 16:06:05 | INFO     | crowdcount.trainer:256 - [ep 68][lr 0.0000999][13.40s]
2026-03-19 16:06:06 | INFO     | crowdcount.trainer:240 - [MoE] epoch=69 training_stage=specialization
2026-03-19 16:06:20 | INFO     | crowdcount.engine:236 - Averaged stats: lr: 0.000100  loss_sum: 0.0659 (0.1160)  losses: 0.0409 (0.0530)  den_loss: 0.0328 (0.0629)  loss_ce: 0.0371 (0.0487)  loss_points: 0.0040 (0.0043)  loss_ce_unscaled: 0.0371 (0.0487)  loss_points_unscaled: 19.9738 (21.3033)  moe_aux_total: 0.0001 (0.0001)  moe_aux_raw: 0.0005 (0.0006)  l_balance: 0.3845 (0.4157)  l_decorr: 0.0005 (0.0006)  moe_temperature: 0.9497 (0.9499)  ema_usage_min: 0.0610 (0.0600)  ema_usage_max: 0.9471 (0.9494)
2026-03-19 16:06:20 | INFO     | crowdcount.trainer:256 - [ep 69][lr 0.0000999][14.34s]
2026-03-19 16:06:32 | INFO     | crowdcount.trainer:297 - [Eval] mae=82.58  mse=122.01  time=10.7s  best_mae=82.08  best_mse=118.90
2026-03-19 16:06:32 | INFO     | crowdcount.trainer:301 - [Eval] density_mae=103.25  density_mse=153.92  best_density_mae=70.99
2026-03-19 16:06:32 | INFO     | crowdcount.trainer:240 - [MoE] epoch=70 training_stage=specialization
2026-03-19 16:06:46 | INFO     | crowdcount.engine:236 - Averaged stats: lr: 0.000100  loss_sum: 0.0712 (0.1107)  losses: 0.0447 (0.0519)  den_loss: 0.0297 (0.0587)  loss_ce: 0.0412 (0.0476)  loss_points: 0.0043 (0.0042)  loss_ce_unscaled: 0.0412 (0.0476)  loss_points_unscaled: 21.5082 (21.1582)  moe_aux_total: 0.0001 (0.0001)  moe_aux_raw: 0.0005 (0.0007)  l_balance: 0.4260 (0.4231)  l_decorr: 0.0005 (0.0007)  moe_temperature: 0.9490 (0.9492)  ema_usage_min: 0.0641 (0.0635)  ema_usage_max: 0.9429 (0.9436)
2026-03-19 16:06:46 | INFO     | crowdcount.trainer:256 - [ep 70][lr 0.0000999][13.96s]
2026-03-19 16:06:48 | INFO     | crowdcount.trainer:240 - [MoE] epoch=71 training_stage=specialization
2026-03-19 16:07:01 | INFO     | crowdcount.engine:236 - Averaged stats: lr: 0.000100  loss_sum: 0.0876 (0.1051)  losses: 0.0494 (0.0536)  den_loss: 0.0294 (0.0514)  loss_ce: 0.0452 (0.0493)  loss_points: 0.0043 (0.0043)  loss_ce_unscaled: 0.0452 (0.0493)  loss_points_unscaled: 21.4462 (21.5675)  moe_aux_total: 0.0001 (0.0001)  moe_aux_raw: 0.0005 (0.0006)  l_balance: 0.4322 (0.4172)  l_decorr: 0.0005 (0.0006)  moe_temperature: 0.9483 (0.9485)  ema_usage_min: 0.0648 (0.0649)  ema_usage_max: 0.9424 (0.9426)
2026-03-19 16:07:01 | INFO     | crowdcount.trainer:256 - [ep 71][lr 0.0000999][13.34s]
2026-03-19 16:07:03 | INFO     | crowdcount.trainer:240 - [MoE] epoch=72 training_stage=specialization
2026-03-19 16:07:17 | INFO     | crowdcount.engine:236 - Averaged stats: lr: 0.000100  loss_sum: 0.0966 (0.0945)  losses: 0.0485 (0.0497)  den_loss: 0.0407 (0.0446)  loss_ce: 0.0448 (0.0454)  loss_points: 0.0042 (0.0043)  loss_ce_unscaled: 0.0448 (0.0454)  loss_points_unscaled: 21.2113 (21.6127)  moe_aux_total: 0.0001 (0.0001)  moe_aux_raw: 0.0006 (0.0006)  l_balance: 0.4118 (0.4166)  l_decorr: 0.0006 (0.0006)  moe_temperature: 0.9476 (0.9478)  ema_usage_min: 0.0684 (0.0677)  ema_usage_max: 0.9410 (0.9411)
2026-03-19 16:07:17 | INFO     | crowdcount.trainer:256 - [ep 72][lr 0.0000999][13.67s]
2026-03-19 16:07:29 | INFO     | crowdcount.trainer:297 - [Eval] mae=94.68  mse=144.86  time=10.6s  best_mae=82.08  best_mse=118.90
2026-03-19 16:07:29 | INFO     | crowdcount.trainer:301 - [Eval] density_mae=99.41  density_mse=138.84  best_density_mae=70.99
2026-03-19 16:07:29 | INFO     | crowdcount.trainer:240 - [MoE] epoch=73 training_stage=specialization
2026-03-19 16:07:42 | INFO     | crowdcount.engine:236 - Averaged stats: lr: 0.000100  loss_sum: 0.0702 (0.1052)  losses: 0.0419 (0.0521)  den_loss: 0.0302 (0.0530)  loss_ce: 0.0385 (0.0478)  loss_points: 0.0044 (0.0042)  loss_ce_unscaled: 0.0385 (0.0478)  loss_points_unscaled: 21.9999 (21.1824)  moe_aux_total: 0.0001 (0.0001)  moe_aux_raw: 0.0004 (0.0007)  l_balance: 0.3718 (0.4328)  l_decorr: 0.0004 (0.0007)  moe_temperature: 0.9469 (0.9471)  ema_usage_min: 0.0678 (0.0679)  ema_usage_max: 0.9439 (0.9436)
2026-03-19 16:07:42 | INFO     | crowdcount.trainer:256 - [ep 73][lr 0.0000999][13.85s]
2026-03-19 16:07:44 | INFO     | crowdcount.trainer:240 - [MoE] epoch=74 training_stage=specialization
2026-03-19 16:07:59 | INFO     | crowdcount.engine:236 - Averaged stats: lr: 0.000100  loss_sum: 0.0889 (0.1047)  losses: 0.0480 (0.0533)  den_loss: 0.0360 (0.0513)  loss_ce: 0.0455 (0.0492)  loss_points: 0.0040 (0.0041)  loss_ce_unscaled: 0.0455 (0.0492)  loss_points_unscaled: 19.7624 (20.4074)  moe_aux_total: 0.0001 (0.0001)  moe_aux_raw: 0.0006 (0.0007)  l_balance: 0.4436 (0.4297)  l_decorr: 0.0006 (0.0007)  moe_temperature: 0.9462 (0.9464)  ema_usage_min: 0.0650 (0.0657)  ema_usage_max: 0.9463 (0.9459)
2026-03-19 16:07:59 | INFO     | crowdcount.trainer:256 - [ep 74][lr 0.0000999][15.07s]
2026-03-19 16:08:01 | INFO     | crowdcount.trainer:240 - [MoE] epoch=75 training_stage=specialization
2026-03-19 16:08:15 | INFO     | crowdcount.engine:236 - Averaged stats: lr: 0.000100  loss_sum: 0.0803 (0.0934)  losses: 0.0475 (0.0488)  den_loss: 0.0319 (0.0445)  loss_ce: 0.0432 (0.0446)  loss_points: 0.0045 (0.0043)  loss_ce_unscaled: 0.0432 (0.0446)  loss_points_unscaled: 22.5934 (21.4019)  moe_aux_total: 0.0001 (0.0001)  moe_aux_raw: 0.0005 (0.0006)  l_balance: 0.4089 (0.4247)  l_decorr: 0.0005 (0.0006)  moe_temperature: 0.9455 (0.9457)  ema_usage_min: 0.0651 (0.0650)  ema_usage_max: 0.9536 (0.9525)
2026-03-19 16:08:15 | INFO     | crowdcount.trainer:256 - [ep 75][lr 0.0000999][14.63s]
2026-03-19 16:08:27 | INFO     | crowdcount.trainer:297 - [Eval] mae=117.52  mse=186.21  time=10.6s  best_mae=82.08  best_mse=118.90
2026-03-19 16:08:27 | INFO     | crowdcount.trainer:301 - [Eval] density_mae=71.04  density_mse=103.06  best_density_mae=70.99
2026-03-19 16:08:27 | INFO     | crowdcount.trainer:240 - [MoE] epoch=76 training_stage=specialization
2026-03-19 16:08:41 | INFO     | crowdcount.engine:236 - Averaged stats: lr: 0.000100  loss_sum: 0.0806 (0.0930)  losses: 0.0423 (0.0490)  den_loss: 0.0334 (0.0439)  loss_ce: 0.0382 (0.0447)  loss_points: 0.0043 (0.0043)  loss_ce_unscaled: 0.0382 (0.0447)  loss_points_unscaled: 21.3555 (21.5299)  moe_aux_total: 0.0001 (0.0001)  moe_aux_raw: 0.0004 (0.0005)  l_balance: 0.4089 (0.4267)  l_decorr: 0.0004 (0.0005)  moe_temperature: 0.9448 (0.9450)  ema_usage_min: 0.0608 (0.0620)  ema_usage_max: 0.9515 (0.9526)
2026-03-19 16:08:41 | INFO     | crowdcount.trainer:256 - [ep 76][lr 0.0000999][13.68s]
2026-03-19 16:08:42 | INFO     | crowdcount.trainer:240 - [MoE] epoch=77 training_stage=specialization
2026-03-19 16:08:56 | INFO     | crowdcount.engine:236 - Averaged stats: lr: 0.000100  loss_sum: 0.0787 (0.0959)  losses: 0.0438 (0.0492)  den_loss: 0.0333 (0.0465)  loss_ce: 0.0397 (0.0451)  loss_points: 0.0042 (0.0041)  loss_ce_unscaled: 0.0397 (0.0451)  loss_points_unscaled: 20.8105 (20.6754)  moe_aux_total: 0.0001 (0.0001)  moe_aux_raw: 0.0004 (0.0006)  l_balance: 0.4143 (0.3975)  l_decorr: 0.0004 (0.0006)  moe_temperature: 0.9441 (0.9443)  ema_usage_min: 0.0618 (0.0618)  ema_usage_max: 0.9514 (0.9507)
2026-03-19 16:08:56 | INFO     | crowdcount.trainer:256 - [ep 77][lr 0.0000999][13.61s]
2026-03-19 16:08:57 | INFO     | crowdcount.trainer:240 - [MoE] epoch=78 training_stage=specialization
2026-03-19 16:09:11 | INFO     | crowdcount.engine:236 - Averaged stats: lr: 0.000100  loss_sum: 0.0833 (0.0992)  losses: 0.0490 (0.0503)  den_loss: 0.0331 (0.0488)  loss_ce: 0.0444 (0.0461)  loss_points: 0.0042 (0.0042)  loss_ce_unscaled: 0.0444 (0.0461)  loss_points_unscaled: 21.0997 (20.8351)  moe_aux_total: 0.0001 (0.0001)  moe_aux_raw: 0.0004 (0.0006)  l_balance: 0.3962 (0.4019)  l_decorr: 0.0004 (0.0006)  moe_temperature: 0.9434 (0.9436)  ema_usage_min: 0.0636 (0.0624)  ema_usage_max: 0.9537 (0.9534)
2026-03-19 16:09:11 | INFO     | crowdcount.trainer:256 - [ep 78][lr 0.0000999][13.58s]
2026-03-19 16:09:23 | INFO     | crowdcount.trainer:297 - [Eval] mae=116.43  mse=178.39  time=10.5s  best_mae=82.08  best_mse=118.90
2026-03-19 16:09:23 | INFO     | crowdcount.trainer:301 - [Eval] density_mae=86.67  density_mse=115.98  best_density_mae=70.99
2026-03-19 16:09:23 | INFO     | crowdcount.trainer:240 - [MoE] epoch=79 training_stage=specialization
2026-03-19 16:09:36 | INFO     | crowdcount.engine:236 - Averaged stats: lr: 0.000100  loss_sum: 0.0797 (0.0916)  losses: 0.0415 (0.0483)  den_loss: 0.0299 (0.0432)  loss_ce: 0.0375 (0.0440)  loss_points: 0.0041 (0.0043)  loss_ce_unscaled: 0.0375 (0.0440)  loss_points_unscaled: 20.5873 (21.4385)  moe_aux_total: 0.0001 (0.0001)  moe_aux_raw: 0.0004 (0.0006)  l_balance: 0.3673 (0.3692)  l_decorr: 0.0004 (0.0006)  moe_temperature: 0.9427 (0.9429)  ema_usage_min: 0.0679 (0.0665)  ema_usage_max: 0.9556 (0.9550)
2026-03-19 16:09:36 | INFO     | crowdcount.trainer:256 - [ep 79][lr 0.0000999][13.17s]
2026-03-19 16:09:37 | INFO     | crowdcount.trainer:240 - [MoE] epoch=80 training_stage=specialization
2026-03-19 16:09:52 | INFO     | crowdcount.engine:236 - Averaged stats: lr: 0.000100  loss_sum: 0.0711 (0.0940)  losses: 0.0442 (0.0492)  den_loss: 0.0286 (0.0447)  loss_ce: 0.0399 (0.0449)  loss_points: 0.0041 (0.0042)  loss_ce_unscaled: 0.0399 (0.0449)  loss_points_unscaled: 20.5549 (21.1844)  moe_aux_total: 0.0001 (0.0001)  moe_aux_raw: 0.0004 (0.0006)  l_balance: 0.3953 (0.4058)  l_decorr: 0.0004 (0.0006)  moe_temperature: 0.9420 (0.9422)  ema_usage_min: 0.0668 (0.0676)  ema_usage_max: 0.9580 (0.9572)
2026-03-19 16:09:52 | INFO     | crowdcount.trainer:256 - [ep 80][lr 0.0000999][14.72s]
2026-03-19 16:09:53 | INFO     | crowdcount.trainer:240 - [MoE] epoch=81 training_stage=specialization
2026-03-19 16:10:08 | INFO     | crowdcount.engine:236 - Averaged stats: lr: 0.000100  loss_sum: 0.1077 (0.1073)  losses: 0.0499 (0.0515)  den_loss: 0.0524 (0.0557)  loss_ce: 0.0455 (0.0474)  loss_points: 0.0039 (0.0041)  loss_ce_unscaled: 0.0455 (0.0474)  loss_points_unscaled: 19.6249 (20.4367)  moe_aux_total: 0.0001 (0.0002)  moe_aux_raw: 0.0007 (0.0008)  l_balance: 0.4064 (0.4035)  l_decorr: 0.0007 (0.0008)  moe_temperature: 0.9413 (0.9415)  ema_usage_min: 0.0632 (0.0645)  ema_usage_max: 0.9596 (0.9590)
2026-03-19 16:10:08 | INFO     | crowdcount.trainer:256 - [ep 81][lr 0.0000999][14.16s]
2026-03-19 16:10:20 | INFO     | crowdcount.trainer:297 - [Eval] mae=83.58  mse=134.68  time=10.6s  best_mae=82.08  best_mse=118.90
2026-03-19 16:10:20 | INFO     | crowdcount.trainer:301 - [Eval] density_mae=70.48  density_mse=108.78  best_density_mae=70.48
2026-03-19 16:10:20 | INFO     | crowdcount.trainer:240 - [MoE] epoch=82 training_stage=specialization
2026-03-19 16:10:33 | INFO     | crowdcount.engine:236 - Averaged stats: lr: 0.000100  loss_sum: 0.0799 (0.1039)  losses: 0.0470 (0.0520)  den_loss: 0.0317 (0.0518)  loss_ce: 0.0426 (0.0477)  loss_points: 0.0041 (0.0042)  loss_ce_unscaled: 0.0426 (0.0477)  loss_points_unscaled: 20.7154 (21.1117)  moe_aux_total: 0.0001 (0.0002)  moe_aux_raw: 0.0006 (0.0009)  l_balance: 0.4007 (0.4035)  l_decorr: 0.0006 (0.0009)  moe_temperature: 0.9406 (0.9408)  ema_usage_min: 0.0629 (0.0638)  ema_usage_max: 0.9563 (0.9577)
2026-03-19 16:10:33 | INFO     | crowdcount.trainer:256 - [ep 82][lr 0.0000999][13.62s]
2026-03-19 16:10:35 | INFO     | crowdcount.trainer:240 - [MoE] epoch=83 training_stage=specialization
2026-03-19 16:10:48 | INFO     | crowdcount.engine:236 - Averaged stats: lr: 0.000100  loss_sum: 0.0827 (0.1056)  losses: 0.0454 (0.0527)  den_loss: 0.0290 (0.0527)  loss_ce: 0.0417 (0.0485)  loss_points: 0.0039 (0.0042)  loss_ce_unscaled: 0.0417 (0.0485)  loss_points_unscaled: 19.4845 (20.9322)  moe_aux_total: 0.0001 (0.0001)  moe_aux_raw: 0.0005 (0.0007)  l_balance: 0.3712 (0.3796)  l_decorr: 0.0005 (0.0007)  moe_temperature: 0.9399 (0.9401)  ema_usage_min: 0.0639 (0.0632)  ema_usage_max: 0.9507 (0.9523)
2026-03-19 16:10:48 | INFO     | crowdcount.trainer:256 - [ep 83][lr 0.0000999][13.49s]
2026-03-19 16:10:50 | INFO     | crowdcount.trainer:240 - [MoE] epoch=84 training_stage=specialization
2026-03-19 16:11:03 | INFO     | crowdcount.engine:236 - Averaged stats: lr: 0.000100  loss_sum: 0.0674 (0.0832)  losses: 0.0408 (0.0454)  den_loss: 0.0276 (0.0376)  loss_ce: 0.0370 (0.0413)  loss_points: 0.0038 (0.0041)  loss_ce_unscaled: 0.0370 (0.0413)  loss_points_unscaled: 18.9860 (20.7460)  moe_aux_total: 0.0001 (0.0001)  moe_aux_raw: 0.0005 (0.0006)  l_balance: 0.3407 (0.3542)  l_decorr: 0.0005 (0.0006)  moe_temperature: 0.9392 (0.9394)  ema_usage_min: 0.0724 (0.0708)  ema_usage_max: 0.9458 (0.9468)
2026-03-19 16:11:03 | INFO     | crowdcount.trainer:256 - [ep 84][lr 0.0000999][13.87s]
2026-03-19 16:11:15 | INFO     | crowdcount.trainer:297 - [Eval] mae=96.74  mse=152.10  time=10.5s  best_mae=82.08  best_mse=118.90
2026-03-19 16:11:15 | INFO     | crowdcount.trainer:301 - [Eval] density_mae=80.73  density_mse=113.66  best_density_mae=70.48
2026-03-19 16:11:15 | INFO     | crowdcount.trainer:240 - [MoE] epoch=85 training_stage=specialization
2026-03-19 16:11:30 | INFO     | crowdcount.engine:236 - Averaged stats: lr: 0.000100  loss_sum: 0.0803 (0.0996)  losses: 0.0442 (0.0507)  den_loss: 0.0263 (0.0487)  loss_ce: 0.0400 (0.0465)  loss_points: 0.0040 (0.0042)  loss_ce_unscaled: 0.0400 (0.0465)  loss_points_unscaled: 20.0479 (21.0931)  moe_aux_total: 0.0001 (0.0001)  moe_aux_raw: 0.0005 (0.0007)  l_balance: 0.3624 (0.3838)  l_decorr: 0.0005 (0.0007)  moe_temperature: 0.9385 (0.9387)  ema_usage_min: 0.0754 (0.0757)  ema_usage_max: 0.9428 (0.9440)
2026-03-19 16:11:30 | INFO     | crowdcount.trainer:256 - [ep 85][lr 0.0000999][14.15s]
2026-03-19 16:11:31 | INFO     | crowdcount.trainer:240 - [MoE] epoch=86 training_stage=specialization
2026-03-19 16:11:44 | INFO     | crowdcount.engine:236 - Averaged stats: lr: 0.000100  loss_sum: 0.0633 (0.1012)  losses: 0.0440 (0.0507)  den_loss: 0.0252 (0.0503)  loss_ce: 0.0395 (0.0466)  loss_points: 0.0040 (0.0041)  loss_ce_unscaled: 0.0395 (0.0466)  loss_points_unscaled: 20.1444 (20.4166)  moe_aux_total: 0.0001 (0.0002)  moe_aux_raw: 0.0007 (0.0008)  l_balance: 0.3778 (0.3748)  l_decorr: 0.0007 (0.0008)  moe_temperature: 0.9378 (0.9380)  ema_usage_min: 0.0772 (0.0761)  ema_usage_max: 0.9372 (0.9379)
2026-03-19 16:11:44 | INFO     | crowdcount.trainer:256 - [ep 86][lr 0.0000999][13.14s]
2026-03-19 16:11:46 | INFO     | crowdcount.trainer:240 - [MoE] epoch=87 training_stage=specialization
2026-03-19 16:12:00 | INFO     | crowdcount.engine:236 - Averaged stats: lr: 0.000100  loss_sum: 0.0862 (0.0937)  losses: 0.0457 (0.0492)  den_loss: 0.0393 (0.0443)  loss_ce: 0.0418 (0.0452)  loss_points: 0.0042 (0.0041)  loss_ce_unscaled: 0.0418 (0.0452)  loss_points_unscaled: 20.9878 (20.3608)  moe_aux_total: 0.0001 (0.0001)  moe_aux_raw: 0.0007 (0.0007)  l_balance: 0.3182 (0.3573)  l_decorr: 0.0007 (0.0007)  moe_temperature: 0.9371 (0.9373)  ema_usage_min: 0.0763 (0.0773)  ema_usage_max: 0.9325 (0.9334)
2026-03-19 16:12:00 | INFO     | crowdcount.trainer:256 - [ep 87][lr 0.0000998][14.32s]
2026-03-19 16:12:12 | INFO     | crowdcount.trainer:297 - [Eval] mae=84.76  mse=137.90  time=10.7s  best_mae=82.08  best_mse=118.90
2026-03-19 16:12:12 | INFO     | crowdcount.trainer:301 - [Eval] density_mae=88.80  density_mse=120.47  best_density_mae=70.48
2026-03-19 16:12:12 | INFO     | crowdcount.trainer:240 - [MoE] epoch=88 training_stage=specialization
2026-03-19 16:12:26 | INFO     | crowdcount.engine:236 - Averaged stats: lr: 0.000100  loss_sum: 0.0724 (0.0920)  losses: 0.0411 (0.0488)  den_loss: 0.0288 (0.0430)  loss_ce: 0.0369 (0.0447)  loss_points: 0.0041 (0.0041)  loss_ce_unscaled: 0.0369 (0.0447)  loss_points_unscaled: 20.3429 (20.5884)  moe_aux_total: 0.0001 (0.0001)  moe_aux_raw: 0.0006 (0.0007)  l_balance: 0.3178 (0.3498)  l_decorr: 0.0006 (0.0007)  moe_temperature: 0.9364 (0.9366)  ema_usage_min: 0.0778 (0.0771)  ema_usage_max: 0.9314 (0.9318)
2026-03-19 16:12:26 | INFO     | crowdcount.trainer:256 - [ep 88][lr 0.0000998][13.54s]
2026-03-19 16:12:27 | INFO     | crowdcount.trainer:240 - [MoE] epoch=89 training_stage=specialization
2026-03-19 16:12:40 | INFO     | crowdcount.engine:236 - Averaged stats: lr: 0.000100  loss_sum: 0.0808 (0.0937)  losses: 0.0468 (0.0487)  den_loss: 0.0337 (0.0448)  loss_ce: 0.0429 (0.0445)  loss_points: 0.0042 (0.0042)  loss_ce_unscaled: 0.0429 (0.0445)  loss_points_unscaled: 21.0491 (21.1117)  moe_aux_total: 0.0001 (0.0002)  moe_aux_raw: 0.0007 (0.0008)  l_balance: 0.3238 (0.3272)  l_decorr: 0.0007 (0.0008)  moe_temperature: 0.9357 (0.9359)  ema_usage_min: 0.0807 (0.0805)  ema_usage_max: 0.9255 (0.9260)
2026-03-19 16:12:40 | INFO     | crowdcount.trainer:256 - [ep 89][lr 0.0000998][13.33s]
2026-03-19 16:12:42 | INFO     | crowdcount.trainer:240 - [MoE] epoch=90 training_stage=specialization
2026-03-19 16:12:55 | INFO     | crowdcount.engine:236 - Averaged stats: lr: 0.000100  loss_sum: 0.0833 (0.0913)  losses: 0.0451 (0.0498)  den_loss: 0.0326 (0.0413)  loss_ce: 0.0410 (0.0456)  loss_points: 0.0038 (0.0041)  loss_ce_unscaled: 0.0410 (0.0456)  loss_points_unscaled: 19.1794 (20.6848)  moe_aux_total: 0.0002 (0.0002)  moe_aux_raw: 0.0008 (0.0010)  l_balance: 0.2959 (0.2925)  l_decorr: 0.0008 (0.0010)  moe_temperature: 0.9350 (0.9352)  ema_usage_min: 0.0883 (0.0857)  ema_usage_max: 0.9076 (0.9132)
2026-03-19 16:12:55 | INFO     | crowdcount.trainer:256 - [ep 90][lr 0.0000998][13.49s]
2026-03-19 16:13:07 | INFO     | crowdcount.trainer:297 - [Eval] mae=98.14  mse=156.12  time=10.5s  best_mae=82.08  best_mse=118.90
2026-03-19 16:13:07 | INFO     | crowdcount.trainer:301 - [Eval] density_mae=99.14  density_mse=130.01  best_density_mae=70.48
2026-03-19 16:13:07 | INFO     | crowdcount.trainer:240 - [MoE] epoch=91 training_stage=specialization
2026-03-19 16:13:21 | INFO     | crowdcount.engine:236 - Averaged stats: lr: 0.000100  loss_sum: 0.0723 (0.0968)  losses: 0.0422 (0.0489)  den_loss: 0.0283 (0.0477)  loss_ce: 0.0379 (0.0449)  loss_points: 0.0038 (0.0040)  loss_ce_unscaled: 0.0379 (0.0449)  loss_points_unscaled: 18.9850 (20.0821)  moe_aux_total: 0.0001 (0.0002)  moe_aux_raw: 0.0006 (0.0008)  l_balance: 0.2847 (0.3002)  l_decorr: 0.0006 (0.0008)  moe_temperature: 0.9344 (0.9345)  ema_usage_min: 0.0916 (0.0912)  ema_usage_max: 0.9002 (0.9025)
2026-03-19 16:13:21 | INFO     | crowdcount.trainer:256 - [ep 91][lr 0.0000998][13.14s]
2026-03-19 16:13:22 | INFO     | crowdcount.trainer:240 - [MoE] epoch=92 training_stage=specialization
2026-03-19 16:13:36 | INFO     | crowdcount.engine:236 - Averaged stats: lr: 0.000100  loss_sum: 0.0848 (0.1031)  losses: 0.0431 (0.0516)  den_loss: 0.0410 (0.0513)  loss_ce: 0.0388 (0.0475)  loss_points: 0.0040 (0.0041)  loss_ce_unscaled: 0.0388 (0.0475)  loss_points_unscaled: 20.1016 (20.6070)  moe_aux_total: 0.0001 (0.0001)  moe_aux_raw: 0.0005 (0.0007)  l_balance: 0.2968 (0.3207)  l_decorr: 0.0005 (0.0007)  moe_temperature: 0.9337 (0.9338)  ema_usage_min: 0.0906 (0.0901)  ema_usage_max: 0.8974 (0.8972)
2026-03-19 16:13:36 | INFO     | crowdcount.trainer:256 - [ep 92][lr 0.0000998][13.53s]
2026-03-19 16:13:37 | INFO     | crowdcount.trainer:240 - [MoE] epoch=93 training_stage=specialization
2026-03-19 16:13:50 | INFO     | crowdcount.engine:236 - Averaged stats: lr: 0.000100  loss_sum: 0.0704 (0.0775)  losses: 0.0425 (0.0450)  den_loss: 0.0257 (0.0324)  loss_ce: 0.0379 (0.0407)  loss_points: 0.0040 (0.0043)  loss_ce_unscaled: 0.0379 (0.0407)  loss_points_unscaled: 20.2409 (21.3750)  moe_aux_total: 0.0001 (0.0001)  moe_aux_raw: 0.0006 (0.0007)  l_balance: 0.2739 (0.2872)  l_decorr: 0.0006 (0.0007)  moe_temperature: 0.9330 (0.9331)  ema_usage_min: 0.0915 (0.0913)  ema_usage_max: 0.8961 (0.8973)
2026-03-19 16:13:50 | INFO     | crowdcount.trainer:256 - [ep 93][lr 0.0000998][12.76s]
2026-03-19 16:14:01 | INFO     | crowdcount.trainer:297 - [Eval] mae=68.93  mse=103.88  time=10.4s  best_mae=68.93  best_mse=103.88
2026-03-19 16:14:01 | INFO     | crowdcount.trainer:301 - [Eval] density_mae=91.61  density_mse=130.15  best_density_mae=70.48
2026-03-19 16:14:03 | INFO     | crowdcount.trainer:240 - [MoE] epoch=94 training_stage=specialization
2026-03-19 16:14:16 | INFO     | crowdcount.engine:236 - Averaged stats: lr: 0.000100  loss_sum: 0.0788 (0.0970)  losses: 0.0442 (0.0490)  den_loss: 0.0377 (0.0479)  loss_ce: 0.0398 (0.0448)  loss_points: 0.0041 (0.0042)  loss_ce_unscaled: 0.0398 (0.0448)  loss_points_unscaled: 20.5705 (20.8429)  moe_aux_total: 0.0001 (0.0001)  moe_aux_raw: 0.0004 (0.0006)  l_balance: 0.2744 (0.2701)  l_decorr: 0.0004 (0.0006)  moe_temperature: 0.9323 (0.9324)  ema_usage_min: 0.0930 (0.0922)  ema_usage_max: 0.8856 (0.8879)
2026-03-19 16:14:16 | INFO     | crowdcount.trainer:256 - [ep 94][lr 0.0000998][13.63s]
2026-03-19 16:14:18 | INFO     | crowdcount.trainer:240 - [MoE] epoch=95 training_stage=specialization
2026-03-19 16:14:32 | INFO     | crowdcount.engine:236 - Averaged stats: lr: 0.000100  loss_sum: 0.0892 (0.1038)  losses: 0.0461 (0.0499)  den_loss: 0.0400 (0.0538)  loss_ce: 0.0422 (0.0457)  loss_points: 0.0040 (0.0042)  loss_ce_unscaled: 0.0422 (0.0457)  loss_points_unscaled: 19.7658 (20.7830)  moe_aux_total: 0.0001 (0.0001)  moe_aux_raw: 0.0005 (0.0005)  l_balance: 0.2782 (0.2867)  l_decorr: 0.0005 (0.0005)  moe_temperature: 0.9316 (0.9318)  ema_usage_min: 0.0896 (0.0905)  ema_usage_max: 0.8804 (0.8819)
2026-03-19 16:14:32 | INFO     | crowdcount.trainer:256 - [ep 95][lr 0.0000998][13.90s]
2026-03-19 16:14:33 | INFO     | crowdcount.trainer:240 - [MoE] epoch=96 training_stage=specialization
2026-03-19 16:14:47 | INFO     | crowdcount.engine:236 - Averaged stats: lr: 0.000100  loss_sum: 0.0879 (0.1005)  losses: 0.0487 (0.0497)  den_loss: 0.0393 (0.0507)  loss_ce: 0.0444 (0.0456)  loss_points: 0.0042 (0.0041)  loss_ce_unscaled: 0.0444 (0.0456)  loss_points_unscaled: 21.1267 (20.5109)  moe_aux_total: 0.0001 (0.0001)  moe_aux_raw: 0.0005 (0.0006)  l_balance: 0.2825 (0.2751)  l_decorr: 0.0005 (0.0006)  moe_temperature: 0.9309 (0.9311)  ema_usage_min: 0.0946 (0.0936)  ema_usage_max: 0.8777 (0.8779)
2026-03-19 16:14:47 | INFO     | crowdcount.trainer:256 - [ep 96][lr 0.0000998][13.45s]
2026-03-19 16:14:58 | INFO     | crowdcount.trainer:297 - [Eval] mae=75.64  mse=126.91  time=10.3s  best_mae=68.93  best_mse=103.88
2026-03-19 16:14:58 | INFO     | crowdcount.trainer:301 - [Eval] density_mae=97.60  density_mse=127.24  best_density_mae=70.48
2026-03-19 16:14:58 | INFO     | crowdcount.trainer:240 - [MoE] epoch=97 training_stage=specialization
2026-03-19 16:15:11 | INFO     | crowdcount.engine:236 - Averaged stats: lr: 0.000100  loss_sum: 0.0725 (0.1046)  losses: 0.0457 (0.0505)  den_loss: 0.0321 (0.0540)  loss_ce: 0.0409 (0.0463)  loss_points: 0.0041 (0.0042)  loss_ce_unscaled: 0.0409 (0.0463)  loss_points_unscaled: 20.4104 (21.2027)  moe_aux_total: 0.0001 (0.0001)  moe_aux_raw: 0.0004 (0.0006)  l_balance: 0.2937 (0.2857)  l_decorr: 0.0004 (0.0006)  moe_temperature: 0.9302 (0.9304)  ema_usage_min: 0.0970 (0.0965)  ema_usage_max: 0.8831 (0.8818)
2026-03-19 16:15:11 | INFO     | crowdcount.trainer:256 - [ep 97][lr 0.0000998][13.42s]
2026-03-19 16:15:13 | INFO     | crowdcount.trainer:240 - [MoE] epoch=98 training_stage=specialization
2026-03-19 16:15:26 | INFO     | crowdcount.engine:236 - Averaged stats: lr: 0.000100  loss_sum: 0.0828 (0.0910)  losses: 0.0464 (0.0480)  den_loss: 0.0360 (0.0429)  loss_ce: 0.0419 (0.0439)  loss_points: 0.0041 (0.0041)  loss_ce_unscaled: 0.0419 (0.0439)  loss_points_unscaled: 20.7228 (20.5527)  moe_aux_total: 0.0001 (0.0001)  moe_aux_raw: 0.0004 (0.0007)  l_balance: 0.2744 (0.2990)  l_decorr: 0.0004 (0.0007)  moe_temperature: 0.9295 (0.9297)  ema_usage_min: 0.0957 (0.0958)  ema_usage_max: 0.8854 (0.8844)
2026-03-19 16:15:26 | INFO     | crowdcount.trainer:256 - [ep 98][lr 0.0000998][13.49s]
2026-03-19 16:15:28 | INFO     | crowdcount.trainer:240 - [MoE] epoch=99 training_stage=specialization
2026-03-19 16:15:41 | INFO     | crowdcount.engine:236 - Averaged stats: lr: 0.000100  loss_sum: 0.0684 (0.0942)  losses: 0.0410 (0.0469)  den_loss: 0.0256 (0.0471)  loss_ce: 0.0360 (0.0429)  loss_points: 0.0044 (0.0041)  loss_ce_unscaled: 0.0360 (0.0429)  loss_points_unscaled: 21.7945 (20.4583)  moe_aux_total: 0.0001 (0.0001)  moe_aux_raw: 0.0005 (0.0005)  l_balance: 0.2619 (0.2839)  l_decorr: 0.0005 (0.0005)  moe_temperature: 0.9288 (0.9290)  ema_usage_min: 0.0929 (0.0938)  ema_usage_max: 0.8874 (0.8865)
2026-03-19 16:15:41 | INFO     | crowdcount.trainer:256 - [ep 99][lr 0.0000998][13.53s]
2026-03-19 16:15:53 | INFO     | crowdcount.trainer:297 - [Eval] mae=72.98  mse=121.22  time=10.6s  best_mae=68.93  best_mse=103.88
2026-03-19 16:15:53 | INFO     | crowdcount.trainer:301 - [Eval] density_mae=82.29  density_mse=108.17  best_density_mae=70.48
2026-03-19 16:15:53 | INFO     | crowdcount.trainer:240 - [MoE] epoch=100 training_stage=specialization
2026-03-19 16:16:07 | INFO     | crowdcount.engine:236 - Averaged stats: lr: 0.000100  loss_sum: 0.0855 (0.0898)  losses: 0.0469 (0.0476)  den_loss: 0.0392 (0.0421)  loss_ce: 0.0430 (0.0435)  loss_points: 0.0040 (0.0041)  loss_ce_unscaled: 0.0430 (0.0435)  loss_points_unscaled: 19.8916 (20.4901)  moe_aux_total: 0.0001 (0.0001)  moe_aux_raw: 0.0005 (0.0007)  l_balance: 0.2569 (0.2688)  l_decorr: 0.0005 (0.0007)  moe_temperature: 0.9282 (0.9283)  ema_usage_min: 0.1000 (0.0985)  ema_usage_max: 0.8848 (0.8854)
2026-03-19 16:16:07 | INFO     | crowdcount.trainer:256 - [ep 100][lr 0.0000998][13.35s]
2026-03-19 16:16:08 | INFO     | crowdcount.trainer:240 - [MoE] epoch=101 training_stage=specialization
2026-03-19 16:16:21 | INFO     | crowdcount.engine:236 - Averaged stats: lr: 0.000100  loss_sum: 0.0886 (0.1039)  losses: 0.0468 (0.0496)  den_loss: 0.0381 (0.0542)  loss_ce: 0.0425 (0.0454)  loss_points: 0.0042 (0.0042)  loss_ce_unscaled: 0.0425 (0.0454)  loss_points_unscaled: 20.7612 (20.8102)  moe_aux_total: 0.0001 (0.0001)  moe_aux_raw: 0.0005 (0.0006)  l_balance: 0.3033 (0.3112)  l_decorr: 0.0005 (0.0006)  moe_temperature: 0.9275 (0.9276)  ema_usage_min: 0.0991 (0.0993)  ema_usage_max: 0.8842 (0.8842)
2026-03-19 16:16:21 | INFO     | crowdcount.trainer:256 - [ep 101][lr 0.0000998][13.41s]
2026-03-19 16:16:23 | INFO     | crowdcount.trainer:240 - [MoE] epoch=102 training_stage=specialization
2026-03-19 16:16:37 | INFO     | crowdcount.engine:236 - Averaged stats: lr: 0.000100  loss_sum: 0.0815 (0.0939)  losses: 0.0430 (0.0493)  den_loss: 0.0345 (0.0445)  loss_ce: 0.0385 (0.0453)  loss_points: 0.0040 (0.0041)  loss_ce_unscaled: 0.0385 (0.0453)  loss_points_unscaled: 19.9297 (20.2914)  moe_aux_total: 0.0001 (0.0001)  moe_aux_raw: 0.0004 (0.0005)  l_balance: 0.3315 (0.3272)  l_decorr: 0.0004 (0.0005)  moe_temperature: 0.9268 (0.9269)  ema_usage_min: 0.0948 (0.0954)  ema_usage_max: 0.8926 (0.8907)
2026-03-19 16:16:37 | INFO     | crowdcount.trainer:256 - [ep 102][lr 0.0000998][13.63s]
2026-03-19 16:16:48 | INFO     | crowdcount.trainer:297 - [Eval] mae=90.43  mse=149.97  time=10.3s  best_mae=68.93  best_mse=103.88
2026-03-19 16:16:48 | INFO     | crowdcount.trainer:301 - [Eval] density_mae=94.03  density_mse=128.45  best_density_mae=70.48
2026-03-19 16:16:48 | INFO     | crowdcount.trainer:240 - [MoE] epoch=103 training_stage=specialization
2026-03-19 16:17:02 | INFO     | crowdcount.engine:236 - Averaged stats: lr: 0.000100  loss_sum: 0.0810 (0.0863)  losses: 0.0440 (0.0461)  den_loss: 0.0332 (0.0401)  loss_ce: 0.0404 (0.0420)  loss_points: 0.0039 (0.0041)  loss_ce_unscaled: 0.0404 (0.0420)  loss_points_unscaled: 19.4619 (20.4130)  moe_aux_total: 0.0001 (0.0001)  moe_aux_raw: 0.0004 (0.0006)  l_balance: 0.3264 (0.3403)  l_decorr: 0.0004 (0.0006)  moe_temperature: 0.9261 (0.9263)  ema_usage_min: 0.0899 (0.0910)  ema_usage_max: 0.9045 (0.9028)
2026-03-19 16:17:02 | INFO     | crowdcount.trainer:256 - [ep 103][lr 0.0000998][13.45s]
2026-03-19 16:17:03 | INFO     | crowdcount.trainer:240 - [MoE] epoch=104 training_stage=specialization
2026-03-19 16:17:16 | INFO     | crowdcount.engine:236 - Averaged stats: lr: 0.000100  loss_sum: 0.0779 (0.0885)  losses: 0.0409 (0.0447)  den_loss: 0.0362 (0.0436)  loss_ce: 0.0376 (0.0407)  loss_points: 0.0040 (0.0040)  loss_ce_unscaled: 0.0376 (0.0407)  loss_points_unscaled: 19.7562 (20.0083)  moe_aux_total: 0.0001 (0.0001)  moe_aux_raw: 0.0003 (0.0006)  l_balance: 0.3633 (0.3543)  l_decorr: 0.0003 (0.0006)  moe_temperature: 0.9254 (0.9256)  ema_usage_min: 0.0837 (0.0859)  ema_usage_max: 0.9124 (0.9104)
2026-03-19 16:17:16 | INFO     | crowdcount.trainer:256 - [ep 104][lr 0.0000998][13.22s]
2026-03-19 16:17:18 | INFO     | crowdcount.trainer:240 - [MoE] epoch=105 training_stage=specialization
2026-03-19 16:17:31 | INFO     | crowdcount.engine:236 - Averaged stats: lr: 0.000100  loss_sum: 0.0816 (0.0965)  losses: 0.0528 (0.0497)  den_loss: 0.0336 (0.0466)  loss_ce: 0.0490 (0.0456)  loss_points: 0.0041 (0.0042)  loss_ce_unscaled: 0.0490 (0.0456)  loss_points_unscaled: 20.4888 (20.7598)  moe_aux_total: 0.0001 (0.0001)  moe_aux_raw: 0.0004 (0.0005)  l_balance: 0.3172 (0.3489)  l_decorr: 0.0004 (0.0005)  moe_temperature: 0.9247 (0.9249)  ema_usage_min: 0.0809 (0.0811)  ema_usage_max: 0.9129 (0.9126)
2026-03-19 16:17:31 | INFO     | crowdcount.trainer:256 - [ep 105][lr 0.0000998][12.79s]
2026-03-19 16:17:42 | INFO     | crowdcount.trainer:297 - [Eval] mae=97.52  mse=159.96  time=10.4s  best_mae=68.93  best_mse=103.88
2026-03-19 16:17:42 | INFO     | crowdcount.trainer:301 - [Eval] density_mae=73.53  density_mse=103.48  best_density_mae=70.48
2026-03-19 16:17:42 | INFO     | crowdcount.trainer:240 - [MoE] epoch=106 training_stage=specialization
2026-03-19 16:17:55 | INFO     | crowdcount.engine:236 - Averaged stats: lr: 0.000100  loss_sum: 0.0748 (0.0878)  losses: 0.0441 (0.0463)  den_loss: 0.0327 (0.0414)  loss_ce: 0.0399 (0.0423)  loss_points: 0.0039 (0.0040)  loss_ce_unscaled: 0.0399 (0.0423)  loss_points_unscaled: 19.4394 (20.2278)  moe_aux_total: 0.0001 (0.0001)  moe_aux_raw: 0.0004 (0.0005)  l_balance: 0.3322 (0.3371)  l_decorr: 0.0004 (0.0005)  moe_temperature: 0.9240 (0.9242)  ema_usage_min: 0.0799 (0.0813)  ema_usage_max: 0.9095 (0.9094)
2026-03-19 16:17:55 | INFO     | crowdcount.trainer:256 - [ep 106][lr 0.0000998][12.93s]
2026-03-19 16:17:57 | INFO     | crowdcount.trainer:240 - [MoE] epoch=107 training_stage=specialization
2026-03-19 16:18:10 | INFO     | crowdcount.engine:236 - Averaged stats: lr: 0.000100  loss_sum: 0.0731 (0.0947)  losses: 0.0416 (0.0458)  den_loss: 0.0301 (0.0487)  loss_ce: 0.0380 (0.0418)  loss_points: 0.0040 (0.0040)  loss_ce_unscaled: 0.0380 (0.0418)  loss_points_unscaled: 20.0509 (20.0354)  moe_aux_total: 0.0001 (0.0001)  moe_aux_raw: 0.0005 (0.0006)  l_balance: 0.3305 (0.3098)  l_decorr: 0.0005 (0.0006)  moe_temperature: 0.9234 (0.9235)  ema_usage_min: 0.0790 (0.0795)  ema_usage_max: 0.9012 (0.9030)
2026-03-19 16:18:10 | INFO     | crowdcount.trainer:256 - [ep 107][lr 0.0000998][12.84s]
2026-03-19 16:18:11 | INFO     | crowdcount.trainer:240 - [MoE] epoch=108 training_stage=specialization
2026-03-19 16:18:23 | INFO     | crowdcount.engine:236 - Averaged stats: lr: 0.000100  loss_sum: 0.0720 (0.0859)  losses: 0.0442 (0.0455)  den_loss: 0.0335 (0.0403)  loss_ce: 0.0403 (0.0414)  loss_points: 0.0039 (0.0041)  loss_ce_unscaled: 0.0403 (0.0414)  loss_points_unscaled: 19.4377 (20.3494)  moe_aux_total: 0.0001 (0.0001)  moe_aux_raw: 0.0004 (0.0005)  l_balance: 0.3017 (0.3144)  l_decorr: 0.0004 (0.0005)  moe_temperature: 0.9227 (0.9228)  ema_usage_min: 0.0794 (0.0792)  ema_usage_max: 0.9009 (0.8993)
2026-03-19 16:18:23 | INFO     | crowdcount.trainer:256 - [ep 108][lr 0.0000998][12.56s]
2026-03-19 16:18:35 | INFO     | crowdcount.trainer:297 - [Eval] mae=100.64  mse=144.94  time=10.4s  best_mae=68.93  best_mse=103.88
2026-03-19 16:18:35 | INFO     | crowdcount.trainer:301 - [Eval] density_mae=100.59  density_mse=146.92  best_density_mae=70.48
2026-03-19 16:18:35 | INFO     | crowdcount.trainer:240 - [MoE] epoch=109 training_stage=specialization
2026-03-19 16:18:48 | INFO     | crowdcount.engine:236 - Averaged stats: lr: 0.000100  loss_sum: 0.0588 (0.0950)  losses: 0.0372 (0.0485)  den_loss: 0.0216 (0.0464)  loss_ce: 0.0321 (0.0443)  loss_points: 0.0043 (0.0042)  loss_ce_unscaled: 0.0321 (0.0443)  loss_points_unscaled: 21.3985 (21.1398)  moe_aux_total: 0.0001 (0.0001)  moe_aux_raw: 0.0004 (0.0005)  l_balance: 0.3255 (0.3239)  l_decorr: 0.0004 (0.0005)  moe_temperature: 0.9220 (0.9222)  ema_usage_min: 0.0828 (0.0830)  ema_usage_max: 0.9107 (0.9089)
2026-03-19 16:18:48 | INFO     | crowdcount.trainer:256 - [ep 109][lr 0.0000998][13.17s]
2026-03-19 16:18:50 | INFO     | crowdcount.trainer:240 - [MoE] epoch=110 training_stage=specialization
2026-03-19 16:19:03 | INFO     | crowdcount.engine:236 - Averaged stats: lr: 0.000100  loss_sum: 0.0786 (0.0860)  losses: 0.0468 (0.0459)  den_loss: 0.0323 (0.0400)  loss_ce: 0.0422 (0.0419)  loss_points: 0.0040 (0.0041)  loss_ce_unscaled: 0.0422 (0.0419)  loss_points_unscaled: 19.8740 (20.4903)  moe_aux_total: 0.0001 (0.0001)  moe_aux_raw: 0.0004 (0.0004)  l_balance: 0.2652 (0.2935)  l_decorr: 0.0004 (0.0004)  moe_temperature: 0.9213 (0.9215)  ema_usage_min: 0.0958 (0.0929)  ema_usage_max: 0.9227 (0.9206)
2026-03-19 16:19:03 | INFO     | crowdcount.trainer:256 - [ep 110][lr 0.0000998][13.32s]
2026-03-19 16:19:04 | INFO     | crowdcount.trainer:240 - [MoE] epoch=111 training_stage=specialization
2026-03-19 16:19:18 | INFO     | crowdcount.engine:236 - Averaged stats: lr: 0.000100  loss_sum: 0.0669 (0.0885)  losses: 0.0376 (0.0462)  den_loss: 0.0248 (0.0422)  loss_ce: 0.0344 (0.0421)  loss_points: 0.0039 (0.0041)  loss_ce_unscaled: 0.0344 (0.0421)  loss_points_unscaled: 19.3439 (20.4890)  moe_aux_total: 0.0001 (0.0001)  moe_aux_raw: 0.0003 (0.0004)  l_balance: 0.2618 (0.2924)  l_decorr: 0.0003 (0.0004)  moe_temperature: 0.9206 (0.9208)  ema_usage_min: 0.1093 (0.1067)  ema_usage_max: 0.9306 (0.9295)
2026-03-19 16:19:18 | INFO     | crowdcount.trainer:256 - [ep 111][lr 0.0000998][13.62s]
2026-03-19 16:19:29 | INFO     | crowdcount.trainer:297 - [Eval] mae=64.25  mse=101.60  time=10.2s  best_mae=64.25  best_mse=101.60
2026-03-19 16:19:29 | INFO     | crowdcount.trainer:301 - [Eval] density_mae=86.40  density_mse=120.47  best_density_mae=70.48
2026-03-19 16:19:31 | INFO     | crowdcount.trainer:240 - [MoE] epoch=112 training_stage=specialization
2026-03-19 16:19:45 | INFO     | crowdcount.engine:236 - Averaged stats: lr: 0.000100  loss_sum: 0.0877 (0.1081)  losses: 0.0443 (0.0494)  den_loss: 0.0426 (0.0586)  loss_ce: 0.0394 (0.0455)  loss_points: 0.0037 (0.0039)  loss_ce_unscaled: 0.0394 (0.0455)  loss_points_unscaled: 18.5720 (19.3016)  moe_aux_total: 0.0001 (0.0001)  moe_aux_raw: 0.0005 (0.0005)  l_balance: 0.2735 (0.2768)  l_decorr: 0.0005 (0.0005)  moe_temperature: 0.9199 (0.9201)  ema_usage_min: 0.1142 (0.1138)  ema_usage_max: 0.9387 (0.9372)
2026-03-19 16:19:45 | INFO     | crowdcount.trainer:256 - [ep 112][lr 0.0000998][13.74s]
2026-03-19 16:19:46 | INFO     | crowdcount.trainer:240 - [MoE] epoch=113 training_stage=specialization
2026-03-19 16:19:59 | INFO     | crowdcount.engine:236 - Averaged stats: lr: 0.000100  loss_sum: 0.0800 (0.0970)  losses: 0.0439 (0.0496)  den_loss: 0.0344 (0.0473)  loss_ce: 0.0405 (0.0456)  loss_points: 0.0040 (0.0040)  loss_ce_unscaled: 0.0405 (0.0456)  loss_points_unscaled: 20.1030 (20.1413)  moe_aux_total: 0.0001 (0.0001)  moe_aux_raw: 0.0005 (0.0006)  l_balance: 0.2143 (0.2629)  l_decorr: 0.0005 (0.0006)  moe_temperature: 0.9193 (0.9194)  ema_usage_min: 0.1120 (0.1126)  ema_usage_max: 0.9307 (0.9355)
2026-03-19 16:19:59 | INFO     | crowdcount.trainer:256 - [ep 113][lr 0.0000997][13.39s]
2026-03-19 16:20:01 | INFO     | crowdcount.trainer:240 - [MoE] epoch=114 training_stage=specialization
2026-03-19 16:20:14 | INFO     | crowdcount.engine:236 - Averaged stats: lr: 0.000100  loss_sum: 0.0671 (0.0980)  losses: 0.0413 (0.0490)  den_loss: 0.0260 (0.0488)  loss_ce: 0.0377 (0.0451)  loss_points: 0.0036 (0.0039)  loss_ce_unscaled: 0.0377 (0.0451)  loss_points_unscaled: 17.9660 (19.5709)  moe_aux_total: 0.0001 (0.0001)  moe_aux_raw: 0.0004 (0.0006)  l_balance: 0.2180 (0.2411)  l_decorr: 0.0004 (0.0006)  moe_temperature: 0.9186 (0.9188)  ema_usage_min: 0.1084 (0.1091)  ema_usage_max: 0.8917 (0.8996)
2026-03-19 16:20:14 | INFO     | crowdcount.trainer:256 - [ep 114][lr 0.0000997][13.26s]
2026-03-19 16:20:26 | INFO     | crowdcount.trainer:297 - [Eval] mae=71.29  mse=104.43  time=10.1s  best_mae=64.25  best_mse=101.60
2026-03-19 16:20:26 | INFO     | crowdcount.trainer:301 - [Eval] density_mae=72.15  density_mse=110.63  best_density_mae=70.48
2026-03-19 16:20:26 | INFO     | crowdcount.trainer:240 - [MoE] epoch=115 training_stage=specialization
2026-03-19 16:20:39 | INFO     | crowdcount.engine:236 - Averaged stats: lr: 0.000100  loss_sum: 0.0964 (0.0848)  losses: 0.0471 (0.0443)  den_loss: 0.0480 (0.0404)  loss_ce: 0.0435 (0.0403)  loss_points: 0.0038 (0.0040)  loss_ce_unscaled: 0.0435 (0.0403)  loss_points_unscaled: 19.1719 (20.1134)  moe_aux_total: 0.0001 (0.0001)  moe_aux_raw: 0.0005 (0.0006)  l_balance: 0.2478 (0.2354)  l_decorr: 0.0005 (0.0006)  moe_temperature: 0.9179 (0.9181)  ema_usage_min: 0.1092 (0.1100)  ema_usage_max: 0.8710 (0.8748)
2026-03-19 16:20:39 | INFO     | crowdcount.trainer:256 - [ep 115][lr 0.0000997][13.60s]
2026-03-19 16:20:41 | INFO     | crowdcount.trainer:240 - [MoE] epoch=116 training_stage=specialization
2026-03-19 16:20:54 | INFO     | crowdcount.engine:236 - Averaged stats: lr: 0.000100  loss_sum: 0.0602 (0.0840)  losses: 0.0403 (0.0441)  den_loss: 0.0237 (0.0398)  loss_ce: 0.0359 (0.0403)  loss_points: 0.0039 (0.0038)  loss_ce_unscaled: 0.0359 (0.0403)  loss_points_unscaled: 19.6761 (19.0093)  moe_aux_total: 0.0001 (0.0001)  moe_aux_raw: 0.0004 (0.0005)  l_balance: 0.2283 (0.2373)  l_decorr: 0.0004 (0.0005)  moe_temperature: 0.9172 (0.9174)  ema_usage_min: 0.1113 (0.1102)  ema_usage_max: 0.8588 (0.8628)
2026-03-19 16:20:54 | INFO     | crowdcount.trainer:256 - [ep 116][lr 0.0000997][13.26s]
2026-03-19 16:20:55 | INFO     | crowdcount.trainer:240 - [MoE] epoch=117 training_stage=specialization
2026-03-19 16:21:08 | INFO     | crowdcount.engine:236 - Averaged stats: lr: 0.000100  loss_sum: 0.0871 (0.0918)  losses: 0.0497 (0.0489)  den_loss: 0.0298 (0.0428)  loss_ce: 0.0461 (0.0449)  loss_points: 0.0039 (0.0039)  loss_ce_unscaled: 0.0461 (0.0449)  loss_points_unscaled: 19.6767 (19.7018)  moe_aux_total: 0.0001 (0.0001)  moe_aux_raw: 0.0005 (0.0006)  l_balance: 0.1860 (0.1929)  l_decorr: 0.0005 (0.0006)  moe_temperature: 0.9165 (0.9167)  ema_usage_min: 0.1155 (0.1137)  ema_usage_max: 0.8310 (0.8393)
2026-03-19 16:21:08 | INFO     | crowdcount.trainer:256 - [ep 117][lr 0.0000997][12.87s]
2026-03-19 16:21:20 | INFO     | crowdcount.trainer:297 - [Eval] mae=73.75  mse=113.57  time=10.2s  best_mae=64.25  best_mse=101.60
2026-03-19 16:21:20 | INFO     | crowdcount.trainer:301 - [Eval] density_mae=79.14  density_mse=110.86  best_density_mae=70.48
2026-03-19 16:21:20 | INFO     | crowdcount.trainer:240 - [MoE] epoch=118 training_stage=specialization
2026-03-19 16:21:33 | INFO     | crowdcount.engine:236 - Averaged stats: lr: 0.000100  loss_sum: 0.0739 (0.0869)  losses: 0.0396 (0.0440)  den_loss: 0.0335 (0.0428)  loss_ce: 0.0361 (0.0400)  loss_points: 0.0039 (0.0039)  loss_ce_unscaled: 0.0361 (0.0400)  loss_points_unscaled: 19.6032 (19.6962)  moe_aux_total: 0.0001 (0.0001)  moe_aux_raw: 0.0005 (0.0006)  l_balance: 0.1865 (0.2050)  l_decorr: 0.0005 (0.0006)  moe_temperature: 0.9159 (0.9160)  ema_usage_min: 0.1216 (0.1204)  ema_usage_max: 0.8087 (0.8145)
2026-03-19 16:21:33 | INFO     | crowdcount.trainer:256 - [ep 118][lr 0.0000997][13.17s]
2026-03-19 16:21:34 | INFO     | crowdcount.trainer:240 - [MoE] epoch=119 training_stage=specialization
2026-03-19 16:21:47 | INFO     | crowdcount.engine:236 - Averaged stats: lr: 0.000100  loss_sum: 0.0758 (0.0803)  losses: 0.0401 (0.0443)  den_loss: 0.0322 (0.0359)  loss_ce: 0.0355 (0.0403)  loss_points: 0.0040 (0.0040)  loss_ce_unscaled: 0.0355 (0.0403)  loss_points_unscaled: 19.8981 (19.9953)  moe_aux_total: 0.0001 (0.0001)  moe_aux_raw: 0.0004 (0.0005)  l_balance: 0.2114 (0.2084)  l_decorr: 0.0004 (0.0005)  moe_temperature: 0.9152 (0.9154)  ema_usage_min: 0.1200 (0.1213)  ema_usage_max: 0.7970 (0.7996)
2026-03-19 16:21:47 | INFO     | crowdcount.trainer:256 - [ep 119][lr 0.0000997][13.00s]
2026-03-19 16:21:48 | INFO     | crowdcount.trainer:240 - [MoE] epoch=120 training_stage=specialization
2026-03-19 16:22:01 | INFO     | crowdcount.engine:236 - Averaged stats: lr: 0.000100  loss_sum: 0.0711 (0.0791)  losses: 0.0417 (0.0432)  den_loss: 0.0280 (0.0358)  loss_ce: 0.0382 (0.0392)  loss_points: 0.0037 (0.0040)  loss_ce_unscaled: 0.0382 (0.0392)  loss_points_unscaled: 18.6298 (19.9015)  moe_aux_total: 0.0001 (0.0001)  moe_aux_raw: 0.0004 (0.0005)  l_balance: 0.2106 (0.2189)  l_decorr: 0.0004 (0.0005)  moe_temperature: 0.9145 (0.9147)  ema_usage_min: 0.1169 (0.1177)  ema_usage_max: 0.7946 (0.7952)
2026-03-19 16:22:01 | INFO     | crowdcount.trainer:256 - [ep 120][lr 0.0000997][13.04s]
2026-03-19 16:22:13 | INFO     | crowdcount.trainer:297 - [Eval] mae=89.37  mse=138.50  time=10.5s  best_mae=64.25  best_mse=101.60
2026-03-19 16:22:13 | INFO     | crowdcount.trainer:301 - [Eval] density_mae=133.72  density_mse=182.43  best_density_mae=70.48
2026-03-19 16:22:13 | INFO     | crowdcount.trainer:240 - [MoE] epoch=121 training_stage=specialization
2026-03-19 16:22:27 | INFO     | crowdcount.engine:236 - Averaged stats: lr: 0.000100  loss_sum: 0.0685 (0.0968)  losses: 0.0406 (0.0474)  den_loss: 0.0267 (0.0492)  loss_ce: 0.0366 (0.0435)  loss_points: 0.0037 (0.0039)  loss_ce_unscaled: 0.0366 (0.0435)  loss_points_unscaled: 18.5472 (19.5306)  moe_aux_total: 0.0001 (0.0002)  moe_aux_raw: 0.0005 (0.0008)  l_balance: 0.2323 (0.2420)  l_decorr: 0.0005 (0.0008)  moe_temperature: 0.9138 (0.9140)  ema_usage_min: 0.1157 (0.1157)  ema_usage_max: 0.7939 (0.7932)
2026-03-19 16:22:27 | INFO     | crowdcount.trainer:256 - [ep 121][lr 0.0000997][13.66s]
2026-03-19 16:22:28 | INFO     | crowdcount.trainer:240 - [MoE] epoch=122 training_stage=specialization
2026-03-19 16:22:41 | INFO     | crowdcount.engine:236 - Averaged stats: lr: 0.000100  loss_sum: 0.0695 (0.0877)  losses: 0.0428 (0.0461)  den_loss: 0.0238 (0.0415)  loss_ce: 0.0387 (0.0420)  loss_points: 0.0039 (0.0041)  loss_ce_unscaled: 0.0387 (0.0420)  loss_points_unscaled: 19.4207 (20.2584)  moe_aux_total: 0.0001 (0.0001)  moe_aux_raw: 0.0004 (0.0005)  l_balance: 0.2150 (0.2345)  l_decorr: 0.0004 (0.0005)  moe_temperature: 0.9132 (0.9133)  ema_usage_min: 0.1112 (0.1126)  ema_usage_max: 0.8024 (0.8014)
2026-03-19 16:22:41 | INFO     | crowdcount.trainer:256 - [ep 122][lr 0.0000997][12.97s]
2026-03-19 16:22:42 | INFO     | crowdcount.trainer:240 - [MoE] epoch=123 training_stage=specialization
2026-03-19 16:22:56 | INFO     | crowdcount.engine:236 - Averaged stats: lr: 0.000100  loss_sum: 0.0756 (0.0936)  losses: 0.0443 (0.0474)  den_loss: 0.0326 (0.0460)  loss_ce: 0.0407 (0.0434)  loss_points: 0.0037 (0.0041)  loss_ce_unscaled: 0.0407 (0.0434)  loss_points_unscaled: 18.7034 (20.3364)  moe_aux_total: 0.0001 (0.0001)  moe_aux_raw: 0.0004 (0.0005)  l_balance: 0.2113 (0.2184)  l_decorr: 0.0004 (0.0005)  moe_temperature: 0.9125 (0.9127)  ema_usage_min: 0.1175 (0.1157)  ema_usage_max: 0.8079 (0.8057)
2026-03-19 16:22:56 | INFO     | crowdcount.trainer:256 - [ep 123][lr 0.0000997][13.44s]
2026-03-19 16:23:07 | INFO     | crowdcount.trainer:297 - [Eval] mae=74.03  mse=114.15  time=10.2s  best_mae=64.25  best_mse=101.60
2026-03-19 16:23:07 | INFO     | crowdcount.trainer:301 - [Eval] density_mae=74.48  density_mse=110.33  best_density_mae=70.48
2026-03-19 16:23:07 | INFO     | crowdcount.trainer:240 - [MoE] epoch=124 training_stage=specialization
2026-03-19 16:23:20 | INFO     | crowdcount.engine:236 - Averaged stats: lr: 0.000100  loss_sum: 0.0723 (0.0830)  losses: 0.0408 (0.0436)  den_loss: 0.0300 (0.0393)  loss_ce: 0.0366 (0.0396)  loss_points: 0.0039 (0.0040)  loss_ce_unscaled: 0.0366 (0.0396)  loss_points_unscaled: 19.2755 (19.8136)  moe_aux_total: 0.0001 (0.0001)  moe_aux_raw: 0.0004 (0.0005)  l_balance: 0.2004 (0.2172)  l_decorr: 0.0004 (0.0005)  moe_temperature: 0.9118 (0.9120)  ema_usage_min: 0.1153 (0.1154)  ema_usage_max: 0.8118 (0.8107)
2026-03-19 16:23:20 | INFO     | crowdcount.trainer:256 - [ep 124][lr 0.0000997][12.89s]
2026-03-19 16:23:22 | INFO     | crowdcount.trainer:240 - [MoE] epoch=125 training_stage=specialization
2026-03-19 16:23:35 | INFO     | crowdcount.engine:236 - Averaged stats: lr: 0.000100  loss_sum: 0.0811 (0.0905)  losses: 0.0453 (0.0469)  den_loss: 0.0349 (0.0435)  loss_ce: 0.0407 (0.0428)  loss_points: 0.0040 (0.0041)  loss_ce_unscaled: 0.0407 (0.0428)  loss_points_unscaled: 20.0248 (20.6374)  moe_aux_total: 0.0001 (0.0001)  moe_aux_raw: 0.0004 (0.0005)  l_balance: 0.2360 (0.2370)  l_decorr: 0.0004 (0.0005)  moe_temperature: 0.9111 (0.9113)  ema_usage_min: 0.1162 (0.1160)  ema_usage_max: 0.8204 (0.8182)
2026-03-19 16:23:35 | INFO     | crowdcount.trainer:256 - [ep 125][lr 0.0000997][13.18s]
2026-03-19 16:23:36 | INFO     | crowdcount.trainer:240 - [MoE] epoch=126 training_stage=specialization
2026-03-19 16:23:49 | INFO     | crowdcount.engine:236 - Averaged stats: lr: 0.000100  loss_sum: 0.0715 (0.0841)  losses: 0.0486 (0.0445)  den_loss: 0.0277 (0.0395)  loss_ce: 0.0445 (0.0406)  loss_points: 0.0040 (0.0040)  loss_ce_unscaled: 0.0445 (0.0406)  loss_points_unscaled: 20.0423 (19.7511)  moe_aux_total: 0.0001 (0.0001)  moe_aux_raw: 0.0004 (0.0005)  l_balance: 0.2521 (0.2434)  l_decorr: 0.0004 (0.0005)  moe_temperature: 0.9105 (0.9106)  ema_usage_min: 0.1255 (0.1240)  ema_usage_max: 0.8338 (0.8305)
2026-03-19 16:23:49 | INFO     | crowdcount.trainer:256 - [ep 126][lr 0.0000997][12.83s]
2026-03-19 16:24:01 | INFO     | crowdcount.trainer:297 - [Eval] mae=72.53  mse=105.98  time=10.4s  best_mae=64.25  best_mse=101.60
2026-03-19 16:24:01 | INFO     | crowdcount.trainer:301 - [Eval] density_mae=65.52  density_mse=96.80  best_density_mae=65.52
2026-03-19 16:24:01 | INFO     | crowdcount.trainer:240 - [MoE] epoch=127 training_stage=specialization
2026-03-19 16:24:14 | INFO     | crowdcount.engine:236 - Averaged stats: lr: 0.000100  loss_sum: 0.0742 (0.0885)  losses: 0.0399 (0.0447)  den_loss: 0.0332 (0.0437)  loss_ce: 0.0349 (0.0407)  loss_points: 0.0041 (0.0040)  loss_ce_unscaled: 0.0349 (0.0407)  loss_points_unscaled: 20.3189 (20.1652)  moe_aux_total: 0.0001 (0.0001)  moe_aux_raw: 0.0004 (0.0005)  l_balance: 0.2182 (0.2392)  l_decorr: 0.0004 (0.0005)  moe_temperature: 0.9098 (0.9100)  ema_usage_min: 0.1241 (0.1242)  ema_usage_max: 0.8408 (0.8404)
2026-03-19 16:24:14 | INFO     | crowdcount.trainer:256 - [ep 127][lr 0.0000997][13.06s]
2026-03-19 16:24:15 | INFO     | crowdcount.trainer:240 - [MoE] epoch=128 training_stage=specialization
2026-03-19 16:24:29 | INFO     | crowdcount.engine:236 - Averaged stats: lr: 0.000100  loss_sum: 0.0746 (0.0877)  losses: 0.0438 (0.0457)  den_loss: 0.0322 (0.0419)  loss_ce: 0.0390 (0.0418)  loss_points: 0.0043 (0.0039)  loss_ce_unscaled: 0.0390 (0.0418)  loss_points_unscaled: 21.4946 (19.6582)  moe_aux_total: 0.0001 (0.0001)  moe_aux_raw: 0.0005 (0.0005)  l_balance: 0.2761 (0.2764)  l_decorr: 0.0005 (0.0005)  moe_temperature: 0.9091 (0.9093)  ema_usage_min: 0.1178 (0.1206)  ema_usage_max: 0.8514 (0.8482)
2026-03-19 16:24:29 | INFO     | crowdcount.trainer:256 - [ep 128][lr 0.0000997][13.65s]
2026-03-19 16:24:30 | INFO     | crowdcount.trainer:240 - [MoE] epoch=129 training_stage=specialization
2026-03-19 16:24:44 | INFO     | crowdcount.engine:236 - Averaged stats: lr: 0.000100  loss_sum: 0.0994 (0.0889)  losses: 0.0452 (0.0455)  den_loss: 0.0511 (0.0433)  loss_ce: 0.0414 (0.0415)  loss_points: 0.0038 (0.0040)  loss_ce_unscaled: 0.0414 (0.0415)  loss_points_unscaled: 19.2379 (20.0156)  moe_aux_total: 0.0001 (0.0001)  moe_aux_raw: 0.0004 (0.0005)  l_balance: 0.2569 (0.2651)  l_decorr: 0.0004 (0.0005)  moe_temperature: 0.9084 (0.9086)  ema_usage_min: 0.1077 (0.1094)  ema_usage_max: 0.8541 (0.8537)
2026-03-19 16:24:44 | INFO     | crowdcount.trainer:256 - [ep 129][lr 0.0000997][13.37s]
2026-03-19 16:24:55 | INFO     | crowdcount.trainer:297 - [Eval] mae=77.38  mse=119.04  time=10.1s  best_mae=64.25  best_mse=101.60
2026-03-19 16:24:55 | INFO     | crowdcount.trainer:301 - [Eval] density_mae=97.42  density_mse=139.88  best_density_mae=65.52
2026-03-19 16:24:55 | INFO     | crowdcount.trainer:240 - [MoE] epoch=130 training_stage=specialization
2026-03-19 16:25:08 | INFO     | crowdcount.engine:236 - Averaged stats: lr: 0.000100  loss_sum: 0.0796 (0.1030)  losses: 0.0402 (0.0469)  den_loss: 0.0292 (0.0560)  loss_ce: 0.0355 (0.0430)  loss_points: 0.0040 (0.0040)  loss_ce_unscaled: 0.0355 (0.0430)  loss_points_unscaled: 19.9132 (19.7732)  moe_aux_total: 0.0001 (0.0001)  moe_aux_raw: 0.0004 (0.0006)  l_balance: 0.2421 (0.2595)  l_decorr: 0.0004 (0.0006)  moe_temperature: 0.9078 (0.9079)  ema_usage_min: 0.1029 (0.1039)  ema_usage_max: 0.8498 (0.8515)
2026-03-19 16:25:08 | INFO     | crowdcount.trainer:256 - [ep 130][lr 0.0000997][13.47s]
2026-03-19 16:25:10 | INFO     | crowdcount.trainer:240 - [MoE] epoch=131 training_stage=specialization
2026-03-19 16:25:23 | INFO     | crowdcount.engine:236 - Averaged stats: lr: 0.000100  loss_sum: 0.0676 (0.0969)  losses: 0.0419 (0.0480)  den_loss: 0.0259 (0.0488)  loss_ce: 0.0383 (0.0440)  loss_points: 0.0040 (0.0040)  loss_ce_unscaled: 0.0383 (0.0440)  loss_points_unscaled: 19.7539 (19.8736)  moe_aux_total: 0.0001 (0.0001)  moe_aux_raw: 0.0003 (0.0005)  l_balance: 0.2616 (0.2651)  l_decorr: 0.0003 (0.0005)  moe_temperature: 0.9071 (0.9073)  ema_usage_min: 0.1054 (0.1046)  ema_usage_max: 0.8489 (0.8489)
2026-03-19 16:25:23 | INFO     | crowdcount.trainer:256 - [ep 131][lr 0.0000997][13.16s]
2026-03-19 16:25:24 | INFO     | crowdcount.trainer:240 - [MoE] epoch=132 training_stage=specialization
2026-03-19 16:25:38 | INFO     | crowdcount.engine:236 - Averaged stats: lr: 0.000100  loss_sum: 0.0754 (0.0842)  losses: 0.0412 (0.0437)  den_loss: 0.0347 (0.0404)  loss_ce: 0.0367 (0.0396)  loss_points: 0.0039 (0.0041)  loss_ce_unscaled: 0.0367 (0.0396)  loss_points_unscaled: 19.3779 (20.5181)  moe_aux_total: 0.0001 (0.0001)  moe_aux_raw: 0.0003 (0.0004)  l_balance: 0.2400 (0.2477)  l_decorr: 0.0003 (0.0004)  moe_temperature: 0.9064 (0.9066)  ema_usage_min: 0.1056 (0.1059)  ema_usage_max: 0.8504 (0.8511)
2026-03-19 16:25:38 | INFO     | crowdcount.trainer:256 - [ep 132][lr 0.0000997][13.35s]
2026-03-19 16:25:49 | INFO     | crowdcount.trainer:297 - [Eval] mae=76.66  mse=121.68  time=10.3s  best_mae=64.25  best_mse=101.60
2026-03-19 16:25:49 | INFO     | crowdcount.trainer:301 - [Eval] density_mae=78.09  density_mse=110.25  best_density_mae=65.52
2026-03-19 16:25:49 | INFO     | crowdcount.trainer:240 - [MoE] epoch=133 training_stage=specialization
2026-03-19 16:26:03 | INFO     | crowdcount.engine:236 - Averaged stats: lr: 0.000100  loss_sum: 0.0681 (0.0956)  losses: 0.0397 (0.0484)  den_loss: 0.0237 (0.0471)  loss_ce: 0.0362 (0.0444)  loss_points: 0.0041 (0.0040)  loss_ce_unscaled: 0.0362 (0.0444)  loss_points_unscaled: 20.5808 (20.1334)  moe_aux_total: 0.0001 (0.0001)  moe_aux_raw: 0.0004 (0.0005)  l_balance: 0.2515 (0.2595)  l_decorr: 0.0004 (0.0005)  moe_temperature: 0.9058 (0.9059)  ema_usage_min: 0.1060 (0.1065)  ema_usage_max: 0.8454 (0.8478)
2026-03-19 16:26:03 | INFO     | crowdcount.trainer:256 - [ep 133][lr 0.0000996][13.29s]
2026-03-19 16:26:04 | INFO     | crowdcount.trainer:240 - [MoE] epoch=134 training_stage=specialization
2026-03-19 16:26:17 | INFO     | crowdcount.engine:236 - Averaged stats: lr: 0.000100  loss_sum: 0.0976 (0.0879)  losses: 0.0491 (0.0462)  den_loss: 0.0468 (0.0416)  loss_ce: 0.0454 (0.0423)  loss_points: 0.0037 (0.0040)  loss_ce_unscaled: 0.0454 (0.0423)  loss_points_unscaled: 18.5354 (19.8586)  moe_aux_total: 0.0001 (0.0001)  moe_aux_raw: 0.0003 (0.0005)  l_balance: 0.2195 (0.2240)  l_decorr: 0.0003 (0.0005)  moe_temperature: 0.9051 (0.9053)  ema_usage_min: 0.1089 (0.1070)  ema_usage_max: 0.8381 (0.8408)
2026-03-19 16:26:17 | INFO     | crowdcount.trainer:256 - [ep 134][lr 0.0000996][13.41s]
2026-03-19 16:26:18 | INFO     | crowdcount.trainer:240 - [MoE] epoch=135 training_stage=specialization
2026-03-19 16:26:32 | INFO     | crowdcount.engine:236 - Averaged stats: lr: 0.000100  loss_sum: 0.0798 (0.0911)  losses: 0.0383 (0.0455)  den_loss: 0.0391 (0.0455)  loss_ce: 0.0349 (0.0416)  loss_points: 0.0036 (0.0039)  loss_ce_unscaled: 0.0349 (0.0416)  loss_points_unscaled: 17.8570 (19.6752)  moe_aux_total: 0.0001 (0.0001)  moe_aux_raw: 0.0004 (0.0005)  l_balance: 0.2094 (0.2205)  l_decorr: 0.0004 (0.0005)  moe_temperature: 0.9044 (0.9046)  ema_usage_min: 0.1101 (0.1094)  ema_usage_max: 0.8308 (0.8317)
2026-03-19 16:26:32 | INFO     | crowdcount.trainer:256 - [ep 135][lr 0.0000996][13.45s]
2026-03-19 16:26:43 | INFO     | crowdcount.trainer:297 - [Eval] mae=71.95  mse=110.47  time=10.2s  best_mae=64.25  best_mse=101.60
2026-03-19 16:26:43 | INFO     | crowdcount.trainer:301 - [Eval] density_mae=82.03  density_mse=115.24  best_density_mae=65.52
2026-03-19 16:26:43 | INFO     | crowdcount.trainer:240 - [MoE] epoch=136 training_stage=specialization
2026-03-19 16:26:57 | INFO     | crowdcount.engine:236 - Averaged stats: lr: 0.000100  loss_sum: 0.0857 (0.0911)  losses: 0.0426 (0.0455)  den_loss: 0.0411 (0.0455)  loss_ce: 0.0384 (0.0416)  loss_points: 0.0040 (0.0039)  loss_ce_unscaled: 0.0384 (0.0416)  loss_points_unscaled: 19.9426 (19.4117)  moe_aux_total: 0.0001 (0.0001)  moe_aux_raw: 0.0004 (0.0004)  l_balance: 0.1835 (0.1983)  l_decorr: 0.0004 (0.0004)  moe_temperature: 0.9038 (0.9039)  ema_usage_min: 0.1086 (0.1093)  ema_usage_max: 0.8157 (0.8191)
2026-03-19 16:26:57 | INFO     | crowdcount.trainer:256 - [ep 136][lr 0.0000996][13.96s]
2026-03-19 16:26:59 | INFO     | crowdcount.trainer:240 - [MoE] epoch=137 training_stage=specialization
2026-03-19 16:27:12 | INFO     | crowdcount.engine:236 - Averaged stats: lr: 0.000100  loss_sum: 0.0716 (0.0857)  losses: 0.0413 (0.0451)  den_loss: 0.0298 (0.0404)  loss_ce: 0.0373 (0.0412)  loss_points: 0.0039 (0.0040)  loss_ce_unscaled: 0.0373 (0.0412)  loss_points_unscaled: 19.5821 (19.8009)  moe_aux_total: 0.0001 (0.0001)  moe_aux_raw: 0.0004 (0.0005)  l_balance: 0.1905 (0.1891)  l_decorr: 0.0004 (0.0005)  moe_temperature: 0.9031 (0.9032)  ema_usage_min: 0.1135 (0.1124)  ema_usage_max: 0.7945 (0.7991)
2026-03-19 16:27:12 | INFO     | crowdcount.trainer:256 - [ep 137][lr 0.0000996][13.10s]
2026-03-19 16:27:13 | INFO     | crowdcount.trainer:240 - [MoE] epoch=138 training_stage=specialization
2026-03-19 16:27:26 | INFO     | crowdcount.engine:236 - Averaged stats: lr: 0.000100  loss_sum: 0.0776 (0.1107)  losses: 0.0426 (0.0524)  den_loss: 0.0347 (0.0583)  loss_ce: 0.0384 (0.0485)  loss_points: 0.0037 (0.0038)  loss_ce_unscaled: 0.0384 (0.0485)  loss_points_unscaled: 18.5643 (19.2428)  moe_aux_total: 0.0001 (0.0001)  moe_aux_raw: 0.0004 (0.0005)  l_balance: 0.1523 (0.1823)  l_decorr: 0.0004 (0.0005)  moe_temperature: 0.9024 (0.9026)  ema_usage_min: 0.1089 (0.1094)  ema_usage_max: 0.7706 (0.7773)
2026-03-19 16:27:26 | INFO     | crowdcount.trainer:256 - [ep 138][lr 0.0000996][13.21s]
2026-03-19 16:27:38 | INFO     | crowdcount.trainer:297 - [Eval] mae=66.14  mse=96.89  time=10.4s  best_mae=64.25  best_mse=96.89
2026-03-19 16:27:38 | INFO     | crowdcount.trainer:301 - [Eval] density_mae=71.54  density_mse=98.94  best_density_mae=65.52
2026-03-19 16:27:38 | INFO     | crowdcount.trainer:240 - [MoE] epoch=139 training_stage=specialization
2026-03-19 16:27:51 | INFO     | crowdcount.engine:236 - Averaged stats: lr: 0.000100  loss_sum: 0.0731 (0.0962)  losses: 0.0426 (0.0482)  den_loss: 0.0275 (0.0480)  loss_ce: 0.0385 (0.0442)  loss_points: 0.0037 (0.0039)  loss_ce_unscaled: 0.0385 (0.0442)  loss_points_unscaled: 18.7161 (19.6749)  moe_aux_total: 0.0001 (0.0001)  moe_aux_raw: 0.0004 (0.0005)  l_balance: 0.1613 (0.1789)  l_decorr: 0.0004 (0.0005)  moe_temperature: 0.9017 (0.9019)  ema_usage_min: 0.1059 (0.1072)  ema_usage_max: 0.7564 (0.7609)
2026-03-19 16:27:51 | INFO     | crowdcount.trainer:256 - [ep 139][lr 0.0000996][12.93s]
2026-03-19 16:27:52 | INFO     | crowdcount.trainer:240 - [MoE] epoch=140 training_stage=specialization
2026-03-19 16:28:05 | INFO     | crowdcount.engine:236 - Averaged stats: lr: 0.000100  loss_sum: 0.0678 (0.0856)  losses: 0.0360 (0.0460)  den_loss: 0.0241 (0.0395)  loss_ce: 0.0318 (0.0421)  loss_points: 0.0041 (0.0039)  loss_ce_unscaled: 0.0318 (0.0421)  loss_points_unscaled: 20.4308 (19.5374)  moe_aux_total: 0.0001 (0.0001)  moe_aux_raw: 0.0004 (0.0005)  l_balance: 0.1268 (0.1523)  l_decorr: 0.0004 (0.0005)  moe_temperature: 0.9011 (0.9012)  ema_usage_min: 0.1015 (0.1019)  ema_usage_max: 0.7408 (0.7456)
2026-03-19 16:28:05 | INFO     | crowdcount.trainer:256 - [ep 140][lr 0.0000996][12.77s]
2026-03-19 16:28:06 | INFO     | crowdcount.trainer:240 - [MoE] epoch=141 training_stage=specialization
2026-03-19 16:28:20 | INFO     | crowdcount.engine:236 - Averaged stats: lr: 0.000100  loss_sum: 0.0860 (0.0899)  losses: 0.0459 (0.0493)  den_loss: 0.0279 (0.0405)  loss_ce: 0.0420 (0.0453)  loss_points: 0.0036 (0.0039)  loss_ce_unscaled: 0.0420 (0.0453)  loss_points_unscaled: 18.2405 (19.7480)  moe_aux_total: 0.0001 (0.0001)  moe_aux_raw: 0.0007 (0.0007)  l_balance: 0.0849 (0.1044)  l_decorr: 0.0007 (0.0007)  moe_temperature: 0.9004 (0.9006)  ema_usage_min: 0.1177 (0.1108)  ema_usage_max: 0.7082 (0.7198)
2026-03-19 16:28:20 | INFO     | crowdcount.trainer:256 - [ep 141][lr 0.0000996][13.31s]
2026-03-19 16:28:31 | INFO     | crowdcount.trainer:297 - [Eval] mae=70.37  mse=105.41  time=10.2s  best_mae=64.25  best_mse=96.89
2026-03-19 16:28:31 | INFO     | crowdcount.trainer:301 - [Eval] density_mae=91.99  density_mse=131.20  best_density_mae=65.52
2026-03-19 16:28:31 | INFO     | crowdcount.trainer:240 - [MoE] epoch=142 training_stage=specialization
2026-03-19 16:28:44 | INFO     | crowdcount.engine:236 - Averaged stats: lr: 0.000100  loss_sum: 0.0827 (0.0863)  losses: 0.0435 (0.0441)  den_loss: 0.0393 (0.0421)  loss_ce: 0.0400 (0.0400)  loss_points: 0.0041 (0.0041)  loss_ce_unscaled: 0.0400 (0.0400)  loss_points_unscaled: 20.2681 (20.4086)  moe_aux_total: 0.0002 (0.0002)  moe_aux_raw: 0.0008 (0.0009)  l_balance: 0.1081 (0.1281)  l_decorr: 0.0008 (0.0009)  moe_temperature: 0.8997 (0.8999)  ema_usage_min: 0.1191 (0.1197)  ema_usage_max: 0.6862 (0.6898)
2026-03-19 16:28:44 | INFO     | crowdcount.trainer:256 - [ep 142][lr 0.0000996][13.19s]
2026-03-19 16:28:46 | INFO     | crowdcount.trainer:240 - [MoE] epoch=143 training_stage=specialization
2026-03-19 16:28:59 | INFO     | crowdcount.engine:236 - Averaged stats: lr: 0.000100  loss_sum: 0.0642 (0.0882)  losses: 0.0410 (0.0467)  den_loss: 0.0253 (0.0414)  loss_ce: 0.0373 (0.0426)  loss_points: 0.0039 (0.0040)  loss_ce_unscaled: 0.0373 (0.0426)  loss_points_unscaled: 19.3581 (20.1761)  moe_aux_total: 0.0001 (0.0001)  moe_aux_raw: 0.0005 (0.0007)  l_balance: 0.1185 (0.1204)  l_decorr: 0.0005 (0.0007)  moe_temperature: 0.8991 (0.8992)  ema_usage_min: 0.1171 (0.1179)  ema_usage_max: 0.6683 (0.6721)
2026-03-19 16:28:59 | INFO     | crowdcount.trainer:256 - [ep 143][lr 0.0000996][13.03s]
2026-03-19 16:29:00 | INFO     | crowdcount.trainer:240 - [MoE] epoch=144 training_stage=specialization
2026-03-19 16:29:13 | INFO     | crowdcount.engine:236 - Averaged stats: lr: 0.000100  loss_sum: 0.0676 (0.0848)  losses: 0.0402 (0.0444)  den_loss: 0.0282 (0.0403)  loss_ce: 0.0360 (0.0404)  loss_points: 0.0040 (0.0041)  loss_ce_unscaled: 0.0360 (0.0404)  loss_points_unscaled: 19.8287 (20.4239)  moe_aux_total: 0.0001 (0.0001)  moe_aux_raw: 0.0005 (0.0007)  l_balance: 0.1179 (0.1340)  l_decorr: 0.0005 (0.0007)  moe_temperature: 0.8984 (0.8986)  ema_usage_min: 0.1151 (0.1153)  ema_usage_max: 0.6647 (0.6647)
2026-03-19 16:29:13 | INFO     | crowdcount.trainer:256 - [ep 144][lr 0.0000996][12.56s]
2026-03-19 16:29:25 | INFO     | crowdcount.trainer:297 - [Eval] mae=73.91  mse=111.75  time=10.7s  best_mae=64.25  best_mse=96.89
2026-03-19 16:29:25 | INFO     | crowdcount.trainer:301 - [Eval] density_mae=82.99  density_mse=117.97  best_density_mae=65.52
2026-03-19 16:29:25 | INFO     | crowdcount.trainer:240 - [MoE] epoch=145 training_stage=specialization
2026-03-19 16:29:38 | INFO     | crowdcount.engine:236 - Averaged stats: lr: 0.000100  loss_sum: 0.0864 (0.0914)  losses: 0.0437 (0.0457)  den_loss: 0.0371 (0.0456)  loss_ce: 0.0402 (0.0418)  loss_points: 0.0037 (0.0039)  loss_ce_unscaled: 0.0402 (0.0418)  loss_points_unscaled: 18.5387 (19.5127)  moe_aux_total: 0.0001 (0.0001)  moe_aux_raw: 0.0004 (0.0005)  l_balance: 0.1791 (0.1640)  l_decorr: 0.0004 (0.0005)  moe_temperature: 0.8978 (0.8979)  ema_usage_min: 0.1076 (0.1096)  ema_usage_max: 0.6708 (0.6678)
2026-03-19 16:29:38 | INFO     | crowdcount.trainer:256 - [ep 145][lr 0.0000996][13.13s]
2026-03-19 16:29:39 | INFO     | crowdcount.trainer:240 - [MoE] epoch=146 training_stage=specialization
2026-03-19 16:29:52 | INFO     | crowdcount.engine:236 - Averaged stats: lr: 0.000100  loss_sum: 0.0724 (0.0857)  losses: 0.0466 (0.0455)  den_loss: 0.0276 (0.0401)  loss_ce: 0.0425 (0.0416)  loss_points: 0.0039 (0.0039)  loss_ce_unscaled: 0.0425 (0.0416)  loss_points_unscaled: 19.6534 (19.2512)  moe_aux_total: 0.0001 (0.0001)  moe_aux_raw: 0.0004 (0.0004)  l_balance: 0.1575 (0.1499)  l_decorr: 0.0004 (0.0004)  moe_temperature: 0.8971 (0.8972)  ema_usage_min: 0.1023 (0.1032)  ema_usage_max: 0.6774 (0.6770)
2026-03-19 16:29:52 | INFO     | crowdcount.trainer:256 - [ep 146][lr 0.0000996][12.76s]
2026-03-19 16:29:53 | INFO     | crowdcount.trainer:240 - [MoE] epoch=147 training_stage=specialization
2026-03-19 16:30:06 | INFO     | crowdcount.engine:236 - Averaged stats: lr: 0.000100  loss_sum: 0.0695 (0.0924)  losses: 0.0387 (0.0493)  den_loss: 0.0346 (0.0430)  loss_ce: 0.0347 (0.0454)  loss_points: 0.0041 (0.0039)  loss_ce_unscaled: 0.0347 (0.0454)  loss_points_unscaled: 20.7328 (19.3654)  moe_aux_total: 0.0001 (0.0001)  moe_aux_raw: 0.0004 (0.0005)  l_balance: 0.1316 (0.1486)  l_decorr: 0.0004 (0.0005)  moe_temperature: 0.8964 (0.8966)  ema_usage_min: 0.0998 (0.0998)  ema_usage_max: 0.6813 (0.6797)
2026-03-19 16:30:06 | INFO     | crowdcount.trainer:256 - [ep 147][lr 0.0000996][13.21s]
2026-03-19 16:30:18 | INFO     | crowdcount.trainer:297 - [Eval] mae=70.99  mse=115.17  time=10.1s  best_mae=64.25  best_mse=96.89
2026-03-19 16:30:18 | INFO     | crowdcount.trainer:301 - [Eval] density_mae=65.09  density_mse=98.69  best_density_mae=65.09
2026-03-19 16:30:18 | INFO     | crowdcount.trainer:240 - [MoE] epoch=148 training_stage=specialization
2026-03-19 16:30:30 | INFO     | crowdcount.engine:236 - Averaged stats: lr: 0.000100  loss_sum: 0.0771 (0.0845)  losses: 0.0461 (0.0456)  den_loss: 0.0245 (0.0388)  loss_ce: 0.0420 (0.0418)  loss_points: 0.0038 (0.0039)  loss_ce_unscaled: 0.0420 (0.0418)  loss_points_unscaled: 19.2346 (19.2821)  moe_aux_total: 0.0001 (0.0001)  moe_aux_raw: 0.0003 (0.0004)  l_balance: 0.1515 (0.1524)  l_decorr: 0.0003 (0.0004)  moe_temperature: 0.8958 (0.8959)  ema_usage_min: 0.0971 (0.0976)  ema_usage_max: 0.6772 (0.6794)
2026-03-19 16:30:30 | INFO     | crowdcount.trainer:256 - [ep 148][lr 0.0000996][12.93s]
2026-03-19 16:30:32 | INFO     | crowdcount.trainer:240 - [MoE] epoch=149 training_stage=specialization
2026-03-19 16:30:45 | INFO     | crowdcount.engine:236 - Averaged stats: lr: 0.000100  loss_sum: 0.0693 (0.0842)  losses: 0.0414 (0.0447)  den_loss: 0.0229 (0.0394)  loss_ce: 0.0374 (0.0407)  loss_points: 0.0040 (0.0039)  loss_ce_unscaled: 0.0374 (0.0407)  loss_points_unscaled: 19.9569 (19.6577)  moe_aux_total: 0.0001 (0.0001)  moe_aux_raw: 0.0004 (0.0004)  l_balance: 0.1341 (0.1465)  l_decorr: 0.0004 (0.0004)  moe_temperature: 0.8951 (0.8953)  ema_usage_min: 0.0987 (0.0985)  ema_usage_max: 0.6750 (0.6746)
2026-03-19 16:30:45 | INFO     | crowdcount.trainer:256 - [ep 149][lr 0.0000996][13.08s]
2026-03-19 16:30:46 | INFO     | crowdcount.trainer:240 - [MoE] epoch=150 training_stage=specialization
2026-03-19 16:30:59 | INFO     | crowdcount.engine:236 - Averaged stats: lr: 0.000100  loss_sum: 0.0821 (0.0943)  losses: 0.0434 (0.0458)  den_loss: 0.0394 (0.0483)  loss_ce: 0.0389 (0.0419)  loss_points: 0.0038 (0.0039)  loss_ce_unscaled: 0.0389 (0.0419)  loss_points_unscaled: 18.8661 (19.4960)  moe_aux_total: 0.0001 (0.0001)  moe_aux_raw: 0.0004 (0.0005)  l_balance: 0.1500 (0.1525)  l_decorr: 0.0004 (0.0005)  moe_temperature: 0.8944 (0.8946)  ema_usage_min: 0.1001 (0.0995)  ema_usage_max: 0.6673 (0.6687)
2026-03-19 16:30:59 | INFO     | crowdcount.trainer:256 - [ep 150][lr 0.0000996][13.16s]
2026-03-19 16:31:11 | INFO     | crowdcount.trainer:297 - [Eval] mae=84.27  mse=130.26  time=10.1s  best_mae=64.25  best_mse=96.89
2026-03-19 16:31:11 | INFO     | crowdcount.trainer:301 - [Eval] density_mae=94.87  density_mse=151.80  best_density_mae=65.09
2026-03-19 16:31:11 | INFO     | crowdcount.trainer:240 - [MoE] epoch=151 training_stage=specialization
2026-03-19 16:31:23 | INFO     | crowdcount.engine:236 - Averaged stats: lr: 0.000100  loss_sum: 0.0671 (0.0973)  losses: 0.0419 (0.0457)  den_loss: 0.0279 (0.0514)  loss_ce: 0.0375 (0.0419)  loss_points: 0.0036 (0.0038)  loss_ce_unscaled: 0.0375 (0.0419)  loss_points_unscaled: 18.1509 (18.8040)  moe_aux_total: 0.0001 (0.0001)  moe_aux_raw: 0.0003 (0.0005)  l_balance: 0.1224 (0.1350)  l_decorr: 0.0003 (0.0005)  moe_temperature: 0.8938 (0.8939)  ema_usage_min: 0.1001 (0.0999)  ema_usage_max: 0.6602 (0.6634)
2026-03-19 16:31:23 | INFO     | crowdcount.trainer:256 - [ep 151][lr 0.0000995][12.76s]
2026-03-19 16:31:25 | INFO     | crowdcount.trainer:240 - [MoE] epoch=152 training_stage=specialization
2026-03-19 16:31:37 | INFO     | crowdcount.engine:236 - Averaged stats: lr: 0.000100  loss_sum: 0.0627 (0.0820)  losses: 0.0401 (0.0422)  den_loss: 0.0230 (0.0398)  loss_ce: 0.0363 (0.0381)  loss_points: 0.0040 (0.0041)  loss_ce_unscaled: 0.0363 (0.0381)  loss_points_unscaled: 20.1172 (20.2763)  moe_aux_total: 0.0001 (0.0001)  moe_aux_raw: 0.0003 (0.0004)  l_balance: 0.1477 (0.1492)  l_decorr: 0.0003 (0.0004)  moe_temperature: 0.8931 (0.8933)  ema_usage_min: 0.0985 (0.0996)  ema_usage_max: 0.6556 (0.6575)
2026-03-19 16:31:37 | INFO     | crowdcount.trainer:256 - [ep 152][lr 0.0000995][12.65s]
2026-03-19 16:31:39 | INFO     | crowdcount.trainer:240 - [MoE] epoch=153 training_stage=specialization
2026-03-19 16:31:51 | INFO     | crowdcount.engine:236 - Averaged stats: lr: 0.000100  loss_sum: 0.0737 (0.0821)  losses: 0.0443 (0.0438)  den_loss: 0.0306 (0.0382)  loss_ce: 0.0402 (0.0400)  loss_points: 0.0036 (0.0038)  loss_ce_unscaled: 0.0402 (0.0400)  loss_points_unscaled: 18.0706 (19.0716)  moe_aux_total: 0.0001 (0.0001)  moe_aux_raw: 0.0004 (0.0004)  l_balance: 0.1421 (0.1455)  l_decorr: 0.0004 (0.0004)  moe_temperature: 0.8925 (0.8926)  ema_usage_min: 0.0943 (0.0954)  ema_usage_max: 0.6489 (0.6500)
2026-03-19 16:31:51 | INFO     | crowdcount.trainer:256 - [ep 153][lr 0.0000995][12.68s]
2026-03-19 16:32:03 | INFO     | crowdcount.trainer:297 - [Eval] mae=85.64  mse=130.45  time=10.2s  best_mae=64.25  best_mse=96.89
2026-03-19 16:32:03 | INFO     | crowdcount.trainer:301 - [Eval] density_mae=75.99  density_mse=115.93  best_density_mae=65.09
2026-03-19 16:32:03 | INFO     | crowdcount.trainer:240 - [MoE] epoch=154 training_stage=specialization
2026-03-19 16:32:16 | INFO     | crowdcount.engine:236 - Averaged stats: lr: 0.000100  loss_sum: 0.0727 (0.0833)  losses: 0.0411 (0.0437)  den_loss: 0.0314 (0.0395)  loss_ce: 0.0371 (0.0397)  loss_points: 0.0040 (0.0040)  loss_ce_unscaled: 0.0371 (0.0397)  loss_points_unscaled: 19.7933 (19.9408)  moe_aux_total: 0.0001 (0.0001)  moe_aux_raw: 0.0004 (0.0004)  l_balance: 0.1491 (0.1466)  l_decorr: 0.0004 (0.0004)  moe_temperature: 0.8918 (0.8920)  ema_usage_min: 0.0967 (0.0961)  ema_usage_max: 0.6542 (0.6536)
2026-03-19 16:32:16 | INFO     | crowdcount.trainer:256 - [ep 154][lr 0.0000995][12.88s]
2026-03-19 16:32:17 | INFO     | crowdcount.trainer:240 - [MoE] epoch=155 training_stage=specialization
2026-03-19 16:32:31 | INFO     | crowdcount.engine:236 - Averaged stats: lr: 0.000100  loss_sum: 0.0849 (0.0805)  losses: 0.0428 (0.0426)  den_loss: 0.0314 (0.0378)  loss_ce: 0.0391 (0.0386)  loss_points: 0.0037 (0.0040)  loss_ce_unscaled: 0.0391 (0.0386)  loss_points_unscaled: 18.2659 (19.8135)  moe_aux_total: 0.0001 (0.0001)  moe_aux_raw: 0.0004 (0.0005)  l_balance: 0.1392 (0.1450)  l_decorr: 0.0004 (0.0005)  moe_temperature: 0.8911 (0.8913)  ema_usage_min: 0.0938 (0.0943)  ema_usage_max: 0.6546 (0.6552)
2026-03-19 16:32:31 | INFO     | crowdcount.trainer:256 - [ep 155][lr 0.0000995][13.33s]
2026-03-19 16:32:32 | INFO     | crowdcount.trainer:240 - [MoE] epoch=156 training_stage=specialization
2026-03-19 16:32:45 | INFO     | crowdcount.engine:236 - Averaged stats: lr: 0.000100  loss_sum: 0.0605 (0.0889)  losses: 0.0366 (0.0447)  den_loss: 0.0235 (0.0440)  loss_ce: 0.0321 (0.0407)  loss_points: 0.0039 (0.0040)  loss_ce_unscaled: 0.0321 (0.0407)  loss_points_unscaled: 19.6078 (19.9440)  moe_aux_total: 0.0001 (0.0001)  moe_aux_raw: 0.0003 (0.0005)  l_balance: 0.1445 (0.1526)  l_decorr: 0.0003 (0.0005)  moe_temperature: 0.8905 (0.8906)  ema_usage_min: 0.0924 (0.0927)  ema_usage_max: 0.6649 (0.6617)
2026-03-19 16:32:45 | INFO     | crowdcount.trainer:256 - [ep 156][lr 0.0000995][13.18s]
2026-03-19 16:32:57 | INFO     | crowdcount.trainer:297 - [Eval] mae=71.97  mse=101.82  time=10.2s  best_mae=64.25  best_mse=96.89
2026-03-19 16:32:57 | INFO     | crowdcount.trainer:301 - [Eval] density_mae=63.55  density_mse=94.45  best_density_mae=63.55
2026-03-19 16:32:57 | INFO     | crowdcount.trainer:240 - [MoE] epoch=157 training_stage=specialization
2026-03-19 16:33:09 | INFO     | crowdcount.engine:236 - Averaged stats: lr: 0.000100  loss_sum: 0.0778 (0.0932)  losses: 0.0379 (0.0452)  den_loss: 0.0403 (0.0479)  loss_ce: 0.0342 (0.0413)  loss_points: 0.0037 (0.0039)  loss_ce_unscaled: 0.0342 (0.0413)  loss_points_unscaled: 18.5340 (19.2511)  moe_aux_total: 0.0001 (0.0001)  moe_aux_raw: 0.0004 (0.0005)  l_balance: 0.1457 (0.1485)  l_decorr: 0.0004 (0.0005)  moe_temperature: 0.8898 (0.8900)  ema_usage_min: 0.0920 (0.0929)  ema_usage_max: 0.6648 (0.6643)
2026-03-19 16:33:09 | INFO     | crowdcount.trainer:256 - [ep 157][lr 0.0000995][12.67s]
2026-03-19 16:33:10 | INFO     | crowdcount.trainer:240 - [MoE] epoch=158 training_stage=specialization
2026-03-19 16:33:23 | INFO     | crowdcount.engine:236 - Averaged stats: lr: 0.000100  loss_sum: 0.0675 (0.0876)  losses: 0.0408 (0.0459)  den_loss: 0.0244 (0.0416)  loss_ce: 0.0371 (0.0421)  loss_points: 0.0039 (0.0039)  loss_ce_unscaled: 0.0371 (0.0421)  loss_points_unscaled: 19.3495 (19.4608)  moe_aux_total: 0.0001 (0.0001)  moe_aux_raw: 0.0003 (0.0005)  l_balance: 0.1414 (0.1562)  l_decorr: 0.0003 (0.0005)  moe_temperature: 0.8892 (0.8893)  ema_usage_min: 0.0900 (0.0909)  ema_usage_max: 0.6675 (0.6673)
2026-03-19 16:33:23 | INFO     | crowdcount.trainer:256 - [ep 158][lr 0.0000995][12.82s]
2026-03-19 16:33:24 | INFO     | crowdcount.trainer:240 - [MoE] epoch=159 training_stage=specialization
2026-03-19 16:33:38 | INFO     | crowdcount.engine:236 - Averaged stats: lr: 0.000099  loss_sum: 0.0697 (0.0993)  losses: 0.0382 (0.0464)  den_loss: 0.0290 (0.0528)  loss_ce: 0.0346 (0.0427)  loss_points: 0.0036 (0.0037)  loss_ce_unscaled: 0.0346 (0.0427)  loss_points_unscaled: 17.9239 (18.6754)  moe_aux_total: 0.0001 (0.0001)  moe_aux_raw: 0.0003 (0.0004)  l_balance: 0.1251 (0.1356)  l_decorr: 0.0003 (0.0004)  moe_temperature: 0.8885 (0.8887)  ema_usage_min: 0.0940 (0.0930)  ema_usage_max: 0.6643 (0.6657)
2026-03-19 16:33:38 | INFO     | crowdcount.trainer:256 - [ep 159][lr 0.0000995][13.27s]
2026-03-19 16:33:49 | INFO     | crowdcount.trainer:297 - [Eval] mae=68.27  mse=102.60  time=10.2s  best_mae=64.25  best_mse=96.89
2026-03-19 16:33:49 | INFO     | crowdcount.trainer:301 - [Eval] density_mae=66.41  density_mse=94.18  best_density_mae=63.55
2026-03-19 16:33:49 | INFO     | crowdcount.trainer:240 - [MoE] epoch=160 training_stage=specialization
2026-03-19 16:34:02 | INFO     | crowdcount.engine:236 - Averaged stats: lr: 0.000099  loss_sum: 0.0620 (0.0807)  losses: 0.0380 (0.0435)  den_loss: 0.0230 (0.0372)  loss_ce: 0.0345 (0.0396)  loss_points: 0.0040 (0.0039)  loss_ce_unscaled: 0.0345 (0.0396)  loss_points_unscaled: 19.7738 (19.5162)  moe_aux_total: 0.0001 (0.0001)  moe_aux_raw: 0.0003 (0.0003)  l_balance: 0.1315 (0.1458)  l_decorr: 0.0003 (0.0003)  moe_temperature: 0.8878 (0.8880)  ema_usage_min: 0.0954 (0.0951)  ema_usage_max: 0.6641 (0.6639)
2026-03-19 16:34:02 | INFO     | crowdcount.trainer:256 - [ep 160][lr 0.0000995][12.65s]
2026-03-19 16:34:03 | INFO     | crowdcount.trainer:240 - [MoE] epoch=161 training_stage=specialization
2026-03-19 16:34:16 | INFO     | crowdcount.engine:236 - Averaged stats: lr: 0.000099  loss_sum: 0.0651 (0.0792)  losses: 0.0370 (0.0425)  den_loss: 0.0200 (0.0367)  loss_ce: 0.0332 (0.0386)  loss_points: 0.0038 (0.0039)  loss_ce_unscaled: 0.0332 (0.0386)  loss_points_unscaled: 19.0925 (19.3258)  moe_aux_total: 0.0001 (0.0001)  moe_aux_raw: 0.0003 (0.0004)  l_balance: 0.1233 (0.1293)  l_decorr: 0.0003 (0.0004)  moe_temperature: 0.8872 (0.8873)  ema_usage_min: 0.0998 (0.0983)  ema_usage_max: 0.6587 (0.6599)
2026-03-19 16:34:16 | INFO     | crowdcount.trainer:256 - [ep 161][lr 0.0000995][12.56s]
2026-03-19 16:34:17 | INFO     | crowdcount.trainer:240 - [MoE] epoch=162 training_stage=specialization
2026-03-19 16:34:30 | INFO     | crowdcount.engine:236 - Averaged stats: lr: 0.000099  loss_sum: 0.0645 (0.0965)  losses: 0.0402 (0.0460)  den_loss: 0.0256 (0.0504)  loss_ce: 0.0355 (0.0422)  loss_points: 0.0038 (0.0038)  loss_ce_unscaled: 0.0355 (0.0422)  loss_points_unscaled: 19.1639 (18.8583)  moe_aux_total: 0.0001 (0.0001)  moe_aux_raw: 0.0003 (0.0004)  l_balance: 0.1461 (0.1518)  l_decorr: 0.0003 (0.0004)  moe_temperature: 0.8865 (0.8867)  ema_usage_min: 0.0980 (0.0991)  ema_usage_max: 0.6650 (0.6641)
2026-03-19 16:34:30 | INFO     | crowdcount.trainer:256 - [ep 162][lr 0.0000995][13.29s]
2026-03-19 16:34:42 | INFO     | crowdcount.trainer:297 - [Eval] mae=74.24  mse=126.04  time=10.1s  best_mae=64.25  best_mse=96.89
2026-03-19 16:34:42 | INFO     | crowdcount.trainer:301 - [Eval] density_mae=101.99  density_mse=135.29  best_density_mae=63.55
2026-03-19 16:34:42 | INFO     | crowdcount.trainer:240 - [MoE] epoch=163 training_stage=specialization
2026-03-19 16:34:54 | INFO     | crowdcount.engine:236 - Averaged stats: lr: 0.000099  loss_sum: 0.0694 (0.0818)  losses: 0.0415 (0.0422)  den_loss: 0.0298 (0.0395)  loss_ce: 0.0369 (0.0383)  loss_points: 0.0039 (0.0039)  loss_ce_unscaled: 0.0369 (0.0383)  loss_points_unscaled: 19.5369 (19.6568)  moe_aux_total: 0.0001 (0.0001)  moe_aux_raw: 0.0004 (0.0005)  l_balance: 0.1585 (0.1533)  l_decorr: 0.0004 (0.0005)  moe_temperature: 0.8859 (0.8860)  ema_usage_min: 0.0991 (0.0988)  ema_usage_max: 0.6747 (0.6733)
2026-03-19 16:34:54 | INFO     | crowdcount.trainer:256 - [ep 163][lr 0.0000995][12.89s]
2026-03-19 16:34:56 | INFO     | crowdcount.trainer:240 - [MoE] epoch=164 training_stage=specialization
2026-03-19 16:35:09 | INFO     | crowdcount.engine:236 - Averaged stats: lr: 0.000099  loss_sum: 0.0711 (0.0833)  losses: 0.0389 (0.0450)  den_loss: 0.0307 (0.0381)  loss_ce: 0.0348 (0.0412)  loss_points: 0.0038 (0.0038)  loss_ce_unscaled: 0.0348 (0.0412)  loss_points_unscaled: 18.9752 (18.9891)  moe_aux_total: 0.0001 (0.0001)  moe_aux_raw: 0.0003 (0.0004)  l_balance: 0.1445 (0.1500)  l_decorr: 0.0003 (0.0004)  moe_temperature: 0.8852 (0.8854)  ema_usage_min: 0.0968 (0.0974)  ema_usage_max: 0.6791 (0.6792)
2026-03-19 16:35:09 | INFO     | crowdcount.trainer:256 - [ep 164][lr 0.0000995][12.93s]
2026-03-19 16:35:10 | INFO     | crowdcount.trainer:240 - [MoE] epoch=165 training_stage=specialization
2026-03-19 16:35:23 | INFO     | crowdcount.engine:236 - Averaged stats: lr: 0.000099  loss_sum: 0.0620 (0.0858)  losses: 0.0381 (0.0436)  den_loss: 0.0339 (0.0421)  loss_ce: 0.0339 (0.0397)  loss_points: 0.0037 (0.0039)  loss_ce_unscaled: 0.0339 (0.0397)  loss_points_unscaled: 18.7307 (19.2971)  moe_aux_total: 0.0001 (0.0001)  moe_aux_raw: 0.0003 (0.0004)  l_balance: 0.1526 (0.1538)  l_decorr: 0.0003 (0.0004)  moe_temperature: 0.8846 (0.8847)  ema_usage_min: 0.0943 (0.0949)  ema_usage_max: 0.6714 (0.6734)
2026-03-19 16:35:23 | INFO     | crowdcount.trainer:256 - [ep 165][lr 0.0000995][12.84s]
2026-03-19 16:35:34 | INFO     | crowdcount.trainer:297 - [Eval] mae=62.45  mse=94.92  time=10.2s  best_mae=62.45  best_mse=94.92
2026-03-19 16:35:34 | INFO     | crowdcount.trainer:301 - [Eval] density_mae=107.02  density_mse=137.72  best_density_mae=63.55
2026-03-19 16:35:36 | INFO     | crowdcount.trainer:240 - [MoE] epoch=166 training_stage=specialization
2026-03-19 16:35:49 | INFO     | crowdcount.engine:236 - Averaged stats: lr: 0.000099  loss_sum: 0.0658 (0.0865)  losses: 0.0398 (0.0441)  den_loss: 0.0266 (0.0423)  loss_ce: 0.0364 (0.0403)  loss_points: 0.0036 (0.0038)  loss_ce_unscaled: 0.0364 (0.0403)  loss_points_unscaled: 18.0002 (19.1883)  moe_aux_total: 0.0001 (0.0001)  moe_aux_raw: 0.0003 (0.0005)  l_balance: 0.1340 (0.1366)  l_decorr: 0.0003 (0.0005)  moe_temperature: 0.8839 (0.8841)  ema_usage_min: 0.0964 (0.0956)  ema_usage_max: 0.6616 (0.6646)
2026-03-19 16:35:49 | INFO     | crowdcount.trainer:256 - [ep 166][lr 0.0000995][12.94s]
2026-03-19 16:35:50 | INFO     | crowdcount.trainer:240 - [MoE] epoch=167 training_stage=specialization
2026-03-19 16:36:02 | INFO     | crowdcount.engine:236 - Averaged stats: lr: 0.000099  loss_sum: 0.0616 (0.0703)  losses: 0.0381 (0.0403)  den_loss: 0.0219 (0.0299)  loss_ce: 0.0340 (0.0363)  loss_points: 0.0039 (0.0040)  loss_ce_unscaled: 0.0340 (0.0363)  loss_points_unscaled: 19.4070 (20.2116)  moe_aux_total: 0.0001 (0.0001)  moe_aux_raw: 0.0003 (0.0003)  l_balance: 0.1319 (0.1393)  l_decorr: 0.0003 (0.0003)  moe_temperature: 0.8833 (0.8834)  ema_usage_min: 0.0986 (0.0985)  ema_usage_max: 0.6553 (0.6560)
2026-03-19 16:36:02 | INFO     | crowdcount.trainer:256 - [ep 167][lr 0.0000994][12.58s]
2026-03-19 16:36:04 | INFO     | crowdcount.trainer:240 - [MoE] epoch=168 training_stage=specialization
2026-03-19 16:36:17 | INFO     | crowdcount.engine:236 - Averaged stats: lr: 0.000099  loss_sum: 0.0737 (0.0865)  losses: 0.0414 (0.0455)  den_loss: 0.0281 (0.0409)  loss_ce: 0.0379 (0.0416)  loss_points: 0.0039 (0.0039)  loss_ce_unscaled: 0.0379 (0.0416)  loss_points_unscaled: 19.3995 (19.5427)  moe_aux_total: 0.0001 (0.0001)  moe_aux_raw: 0.0003 (0.0004)  l_balance: 0.1178 (0.1458)  l_decorr: 0.0003 (0.0004)  moe_temperature: 0.8826 (0.8828)  ema_usage_min: 0.0984 (0.0982)  ema_usage_max: 0.6540 (0.6544)
2026-03-19 16:36:17 | INFO     | crowdcount.trainer:256 - [ep 168][lr 0.0000994][13.04s]
2026-03-19 16:36:28 | INFO     | crowdcount.trainer:297 - [Eval] mae=85.99  mse=134.56  time=10.4s  best_mae=62.45  best_mse=94.92
2026-03-19 16:36:28 | INFO     | crowdcount.trainer:301 - [Eval] density_mae=81.32  density_mse=122.94  best_density_mae=63.55
2026-03-19 16:36:28 | INFO     | crowdcount.trainer:240 - [MoE] epoch=169 training_stage=specialization
2026-03-19 16:36:41 | INFO     | crowdcount.engine:236 - Averaged stats: lr: 0.000099  loss_sum: 0.0555 (0.0687)  losses: 0.0371 (0.0405)  den_loss: 0.0206 (0.0282)  loss_ce: 0.0330 (0.0365)  loss_points: 0.0040 (0.0040)  loss_ce_unscaled: 0.0330 (0.0365)  loss_points_unscaled: 20.0418 (20.0192)  moe_aux_total: 0.0001 (0.0001)  moe_aux_raw: 0.0003 (0.0004)  l_balance: 0.1412 (0.1417)  l_decorr: 0.0003 (0.0004)  moe_temperature: 0.8819 (0.8821)  ema_usage_min: 0.1006 (0.0995)  ema_usage_max: 0.6511 (0.6529)
2026-03-19 16:36:41 | INFO     | crowdcount.trainer:256 - [ep 169][lr 0.0000994][12.34s]
2026-03-19 16:36:42 | INFO     | crowdcount.trainer:240 - [MoE] epoch=170 training_stage=specialization
2026-03-19 16:36:55 | INFO     | crowdcount.engine:236 - Averaged stats: lr: 0.000099  loss_sum: 0.0635 (0.0846)  losses: 0.0390 (0.0426)  den_loss: 0.0262 (0.0419)  loss_ce: 0.0357 (0.0389)  loss_points: 0.0036 (0.0038)  loss_ce_unscaled: 0.0357 (0.0389)  loss_points_unscaled: 18.2151 (18.8571)  moe_aux_total: 0.0001 (0.0001)  moe_aux_raw: 0.0003 (0.0004)  l_balance: 0.1305 (0.1459)  l_decorr: 0.0003 (0.0004)  moe_temperature: 0.8813 (0.8815)  ema_usage_min: 0.0984 (0.0990)  ema_usage_max: 0.6449 (0.6465)
2026-03-19 16:36:55 | INFO     | crowdcount.trainer:256 - [ep 170][lr 0.0000994][13.10s]
2026-03-19 16:36:56 | INFO     | crowdcount.trainer:240 - [MoE] epoch=171 training_stage=specialization
2026-03-19 16:37:09 | INFO     | crowdcount.engine:236 - Averaged stats: lr: 0.000099  loss_sum: 0.0619 (0.0766)  losses: 0.0375 (0.0410)  den_loss: 0.0237 (0.0355)  loss_ce: 0.0332 (0.0371)  loss_points: 0.0039 (0.0040)  loss_ce_unscaled: 0.0332 (0.0371)  loss_points_unscaled: 19.6705 (19.8082)  moe_aux_total: 0.0001 (0.0001)  moe_aux_raw: 0.0003 (0.0003)  l_balance: 0.1378 (0.1547)  l_decorr: 0.0003 (0.0003)  moe_temperature: 0.8806 (0.8808)  ema_usage_min: 0.0924 (0.0939)  ema_usage_max: 0.6345 (0.6382)
2026-03-19 16:37:09 | INFO     | crowdcount.trainer:256 - [ep 171][lr 0.0000994][12.86s]
2026-03-19 16:37:21 | INFO     | crowdcount.trainer:297 - [Eval] mae=95.60  mse=139.39  time=10.4s  best_mae=62.45  best_mse=94.92
2026-03-19 16:37:21 | INFO     | crowdcount.trainer:301 - [Eval] density_mae=80.81  density_mse=117.03  best_density_mae=63.55
2026-03-19 16:37:21 | INFO     | crowdcount.trainer:240 - [MoE] epoch=172 training_stage=specialization
2026-03-19 16:37:34 | INFO     | crowdcount.engine:236 - Averaged stats: lr: 0.000099  loss_sum: 0.0650 (0.0760)  losses: 0.0361 (0.0404)  den_loss: 0.0255 (0.0356)  loss_ce: 0.0323 (0.0365)  loss_points: 0.0040 (0.0039)  loss_ce_unscaled: 0.0323 (0.0365)  loss_points_unscaled: 19.8575 (19.2960)  moe_aux_total: 0.0001 (0.0001)  moe_aux_raw: 0.0003 (0.0003)  l_balance: 0.1823 (0.1704)  l_decorr: 0.0003 (0.0003)  moe_temperature: 0.8800 (0.8802)  ema_usage_min: 0.0871 (0.0898)  ema_usage_max: 0.6379 (0.6364)
2026-03-19 16:37:34 | INFO     | crowdcount.trainer:256 - [ep 172][lr 0.0000994][13.00s]
2026-03-19 16:37:35 | INFO     | crowdcount.trainer:240 - [MoE] epoch=173 training_stage=specialization
2026-03-19 16:37:48 | INFO     | crowdcount.engine:236 - Averaged stats: lr: 0.000099  loss_sum: 0.0597 (0.0876)  losses: 0.0358 (0.0445)  den_loss: 0.0223 (0.0431)  loss_ce: 0.0322 (0.0407)  loss_points: 0.0038 (0.0038)  loss_ce_unscaled: 0.0322 (0.0407)  loss_points_unscaled: 18.8880 (18.7937)  moe_aux_total: 0.0001 (0.0001)  moe_aux_raw: 0.0003 (0.0003)  l_balance: 0.1468 (0.1642)  l_decorr: 0.0003 (0.0003)  moe_temperature: 0.8793 (0.8795)  ema_usage_min: 0.0849 (0.0858)  ema_usage_max: 0.6358 (0.6368)
2026-03-19 16:37:48 | INFO     | crowdcount.trainer:256 - [ep 173][lr 0.0000994][13.09s]
2026-03-19 16:37:49 | INFO     | crowdcount.trainer:240 - [MoE] epoch=174 training_stage=specialization
2026-03-19 16:38:02 | INFO     | crowdcount.engine:236 - Averaged stats: lr: 0.000099  loss_sum: 0.0719 (0.0797)  losses: 0.0415 (0.0424)  den_loss: 0.0298 (0.0373)  loss_ce: 0.0380 (0.0386)  loss_points: 0.0037 (0.0038)  loss_ce_unscaled: 0.0380 (0.0386)  loss_points_unscaled: 18.3813 (19.1643)  moe_aux_total: 0.0000 (0.0001)  moe_aux_raw: 0.0002 (0.0004)  l_balance: 0.1800 (0.1933)  l_decorr: 0.0002 (0.0004)  moe_temperature: 0.8787 (0.8788)  ema_usage_min: 0.0767 (0.0792)  ema_usage_max: 0.6315 (0.6338)
2026-03-19 16:38:02 | INFO     | crowdcount.trainer:256 - [ep 174][lr 0.0000994][12.79s]
2026-03-19 16:38:14 | INFO     | crowdcount.trainer:297 - [Eval] mae=91.76  mse=133.03  time=10.3s  best_mae=62.45  best_mse=94.92
2026-03-19 16:38:14 | INFO     | crowdcount.trainer:301 - [Eval] density_mae=99.09  density_mse=148.79  best_density_mae=63.55
2026-03-19 16:38:14 | INFO     | crowdcount.trainer:240 - [MoE] epoch=175 training_stage=specialization
2026-03-19 16:38:27 | INFO     | crowdcount.engine:236 - Averaged stats: lr: 0.000099  loss_sum: 0.0723 (0.0803)  losses: 0.0387 (0.0442)  den_loss: 0.0372 (0.0360)  loss_ce: 0.0346 (0.0404)  loss_points: 0.0038 (0.0039)  loss_ce_unscaled: 0.0346 (0.0404)  loss_points_unscaled: 19.0977 (19.4122)  moe_aux_total: 0.0001 (0.0001)  moe_aux_raw: 0.0003 (0.0003)  l_balance: 0.1653 (0.1761)  l_decorr: 0.0003 (0.0003)  moe_temperature: 0.8780 (0.8782)  ema_usage_min: 0.0706 (0.0718)  ema_usage_max: 0.6285 (0.6281)
2026-03-19 16:38:27 | INFO     | crowdcount.trainer:256 - [ep 175][lr 0.0000994][13.40s]
2026-03-19 16:38:29 | INFO     | crowdcount.trainer:240 - [MoE] epoch=176 training_stage=specialization
2026-03-19 16:38:42 | INFO     | crowdcount.engine:236 - Averaged stats: lr: 0.000099  loss_sum: 0.0722 (0.0827)  losses: 0.0410 (0.0441)  den_loss: 0.0335 (0.0386)  loss_ce: 0.0371 (0.0402)  loss_points: 0.0038 (0.0039)  loss_ce_unscaled: 0.0371 (0.0402)  loss_points_unscaled: 19.1687 (19.2634)  moe_aux_total: 0.0001 (0.0001)  moe_aux_raw: 0.0003 (0.0004)  l_balance: 0.1886 (0.1716)  l_decorr: 0.0003 (0.0004)  moe_temperature: 0.8774 (0.8776)  ema_usage_min: 0.0716 (0.0725)  ema_usage_max: 0.6197 (0.6213)
2026-03-19 16:38:42 | INFO     | crowdcount.trainer:256 - [ep 176][lr 0.0000994][13.74s]
2026-03-19 16:38:44 | INFO     | crowdcount.trainer:240 - [MoE] epoch=177 training_stage=specialization
2026-03-19 16:38:57 | INFO     | crowdcount.engine:236 - Averaged stats: lr: 0.000099  loss_sum: 0.0710 (0.0865)  losses: 0.0405 (0.0443)  den_loss: 0.0289 (0.0422)  loss_ce: 0.0366 (0.0405)  loss_points: 0.0036 (0.0038)  loss_ce_unscaled: 0.0366 (0.0405)  loss_points_unscaled: 17.8956 (19.1151)  moe_aux_total: 0.0001 (0.0001)  moe_aux_raw: 0.0003 (0.0003)  l_balance: 0.1457 (0.1622)  l_decorr: 0.0003 (0.0003)  moe_temperature: 0.8767 (0.8769)  ema_usage_min: 0.0721 (0.0715)  ema_usage_max: 0.6187 (0.6181)
2026-03-19 16:38:57 | INFO     | crowdcount.trainer:256 - [ep 177][lr 0.0000994][13.47s]
2026-03-19 16:39:09 | INFO     | crowdcount.trainer:297 - [Eval] mae=63.91  mse=91.37  time=10.4s  best_mae=62.45  best_mse=91.37
2026-03-19 16:39:09 | INFO     | crowdcount.trainer:301 - [Eval] density_mae=65.67  density_mse=88.56  best_density_mae=63.55
2026-03-19 16:39:09 | INFO     | crowdcount.trainer:240 - [MoE] epoch=178 training_stage=specialization
2026-03-19 16:39:22 | INFO     | crowdcount.engine:236 - Averaged stats: lr: 0.000099  loss_sum: 0.0681 (0.0783)  losses: 0.0360 (0.0416)  den_loss: 0.0282 (0.0366)  loss_ce: 0.0315 (0.0377)  loss_points: 0.0038 (0.0039)  loss_ce_unscaled: 0.0315 (0.0377)  loss_points_unscaled: 19.0494 (19.7165)  moe_aux_total: 0.0000 (0.0001)  moe_aux_raw: 0.0002 (0.0003)  l_balance: 0.1534 (0.1700)  l_decorr: 0.0002 (0.0003)  moe_temperature: 0.8761 (0.8763)  ema_usage_min: 0.0713 (0.0719)  ema_usage_max: 0.6136 (0.6145)
2026-03-19 16:39:22 | INFO     | crowdcount.trainer:256 - [ep 178][lr 0.0000994][12.57s]
2026-03-19 16:39:23 | INFO     | crowdcount.trainer:240 - [MoE] epoch=179 training_stage=specialization
2026-03-19 16:39:37 | INFO     | crowdcount.engine:236 - Averaged stats: lr: 0.000099  loss_sum: 0.0666 (0.0852)  losses: 0.0381 (0.0431)  den_loss: 0.0309 (0.0421)  loss_ce: 0.0347 (0.0391)  loss_points: 0.0038 (0.0040)  loss_ce_unscaled: 0.0347 (0.0391)  loss_points_unscaled: 19.1619 (19.7554)  moe_aux_total: 0.0001 (0.0001)  moe_aux_raw: 0.0004 (0.0004)  l_balance: 0.1505 (0.1541)  l_decorr: 0.0004 (0.0004)  moe_temperature: 0.8754 (0.8756)  ema_usage_min: 0.0711 (0.0709)  ema_usage_max: 0.6072 (0.6082)
2026-03-19 16:39:37 | INFO     | crowdcount.trainer:256 - [ep 179][lr 0.0000994][13.93s]
2026-03-19 16:39:38 | INFO     | crowdcount.trainer:240 - [MoE] epoch=180 training_stage=specialization
2026-03-19 16:39:51 | INFO     | crowdcount.engine:236 - Averaged stats: lr: 0.000099  loss_sum: 0.0598 (0.0880)  losses: 0.0388 (0.0437)  den_loss: 0.0263 (0.0443)  loss_ce: 0.0346 (0.0399)  loss_points: 0.0038 (0.0038)  loss_ce_unscaled: 0.0346 (0.0399)  loss_points_unscaled: 19.0599 (19.2424)  moe_aux_total: 0.0001 (0.0001)  moe_aux_raw: 0.0003 (0.0003)  l_balance: 0.1211 (0.1346)  l_decorr: 0.0003 (0.0003)  moe_temperature: 0.8748 (0.8750)  ema_usage_min: 0.0797 (0.0770)  ema_usage_max: 0.6136 (0.6122)
2026-03-19 16:39:51 | INFO     | crowdcount.trainer:256 - [ep 180][lr 0.0000994][13.25s]
2026-03-19 16:40:03 | INFO     | crowdcount.trainer:297 - [Eval] mae=72.64  mse=109.73  time=10.3s  best_mae=62.45  best_mse=91.37
2026-03-19 16:40:03 | INFO     | crowdcount.trainer:301 - [Eval] density_mae=71.77  density_mse=97.97  best_density_mae=63.55
2026-03-19 16:40:03 | INFO     | crowdcount.trainer:240 - [MoE] epoch=181 training_stage=specialization
2026-03-19 16:40:16 | INFO     | crowdcount.engine:236 - Averaged stats: lr: 0.000099  loss_sum: 0.0657 (0.0779)  losses: 0.0384 (0.0406)  den_loss: 0.0242 (0.0373)  loss_ce: 0.0349 (0.0368)  loss_points: 0.0038 (0.0039)  loss_ce_unscaled: 0.0349 (0.0368)  loss_points_unscaled: 19.1088 (19.2866)  moe_aux_total: 0.0001 (0.0001)  moe_aux_raw: 0.0003 (0.0004)  l_balance: 0.1500 (0.1602)  l_decorr: 0.0003 (0.0004)  moe_temperature: 0.8742 (0.8743)  ema_usage_min: 0.0805 (0.0811)  ema_usage_max: 0.6175 (0.6165)
2026-03-19 16:40:16 | INFO     | crowdcount.trainer:256 - [ep 181][lr 0.0000993][13.09s]
2026-03-19 16:40:17 | INFO     | crowdcount.trainer:240 - [MoE] epoch=182 training_stage=specialization
2026-03-19 16:40:30 | INFO     | crowdcount.engine:236 - Averaged stats: lr: 0.000099  loss_sum: 0.0709 (0.0850)  losses: 0.0429 (0.0433)  den_loss: 0.0267 (0.0416)  loss_ce: 0.0390 (0.0394)  loss_points: 0.0037 (0.0039)  loss_ce_unscaled: 0.0390 (0.0394)  loss_points_unscaled: 18.5425 (19.4093)  moe_aux_total: 0.0001 (0.0001)  moe_aux_raw: 0.0003 (0.0003)  l_balance: 0.1392 (0.1514)  l_decorr: 0.0003 (0.0003)  moe_temperature: 0.8735 (0.8737)  ema_usage_min: 0.0793 (0.0791)  ema_usage_max: 0.6214 (0.6210)
2026-03-19 16:40:30 | INFO     | crowdcount.trainer:256 - [ep 182][lr 0.0000993][13.01s]
2026-03-19 16:40:32 | INFO     | crowdcount.trainer:240 - [MoE] epoch=183 training_stage=specialization
2026-03-19 16:40:45 | INFO     | crowdcount.engine:236 - Averaged stats: lr: 0.000099  loss_sum: 0.0729 (0.0822)  losses: 0.0410 (0.0428)  den_loss: 0.0323 (0.0394)  loss_ce: 0.0377 (0.0390)  loss_points: 0.0037 (0.0037)  loss_ce_unscaled: 0.0377 (0.0390)  loss_points_unscaled: 18.7066 (18.7401)  moe_aux_total: 0.0001 (0.0001)  moe_aux_raw: 0.0003 (0.0003)  l_balance: 0.1290 (0.1422)  l_decorr: 0.0003 (0.0003)  moe_temperature: 0.8729 (0.8730)  ema_usage_min: 0.0837 (0.0820)  ema_usage_max: 0.6322 (0.6293)
2026-03-19 16:40:45 | INFO     | crowdcount.trainer:256 - [ep 183][lr 0.0000993][13.03s]
2026-03-19 16:40:57 | INFO     | crowdcount.trainer:297 - [Eval] mae=69.07  mse=107.64  time=10.4s  best_mae=62.45  best_mse=91.37
2026-03-19 16:40:57 | INFO     | crowdcount.trainer:301 - [Eval] density_mae=64.24  density_mse=95.38  best_density_mae=63.55
2026-03-19 16:40:57 | INFO     | crowdcount.trainer:240 - [MoE] epoch=184 training_stage=specialization
2026-03-19 16:41:09 | INFO     | crowdcount.engine:236 - Averaged stats: lr: 0.000099  loss_sum: 0.0904 (0.0864)  losses: 0.0462 (0.0447)  den_loss: 0.0433 (0.0416)  loss_ce: 0.0429 (0.0408)  loss_points: 0.0038 (0.0038)  loss_ce_unscaled: 0.0429 (0.0408)  loss_points_unscaled: 19.0091 (19.2370)  moe_aux_total: 0.0001 (0.0001)  moe_aux_raw: 0.0003 (0.0003)  l_balance: 0.1387 (0.1563)  l_decorr: 0.0003 (0.0003)  moe_temperature: 0.8722 (0.8724)  ema_usage_min: 0.0856 (0.0860)  ema_usage_max: 0.6412 (0.6398)
2026-03-19 16:41:09 | INFO     | crowdcount.trainer:256 - [ep 184][lr 0.0000993][12.76s]
2026-03-19 16:41:11 | INFO     | crowdcount.trainer:240 - [MoE] epoch=185 training_stage=specialization
2026-03-19 16:41:24 | INFO     | crowdcount.engine:236 - Averaged stats: lr: 0.000099  loss_sum: 0.0678 (0.0923)  losses: 0.0434 (0.0462)  den_loss: 0.0223 (0.0460)  loss_ce: 0.0402 (0.0424)  loss_points: 0.0036 (0.0038)  loss_ce_unscaled: 0.0402 (0.0424)  loss_points_unscaled: 18.1680 (18.7738)  moe_aux_total: 0.0001 (0.0001)  moe_aux_raw: 0.0003 (0.0004)  l_balance: 0.1255 (0.1393)  l_decorr: 0.0003 (0.0004)  moe_temperature: 0.8716 (0.8717)  ema_usage_min: 0.0858 (0.0849)  ema_usage_max: 0.6435 (0.6428)
2026-03-19 16:41:24 | INFO     | crowdcount.trainer:256 - [ep 185][lr 0.0000993][12.97s]
2026-03-19 16:41:25 | INFO     | crowdcount.trainer:240 - [MoE] epoch=186 training_stage=specialization
2026-03-19 16:41:39 | INFO     | crowdcount.engine:236 - Averaged stats: lr: 0.000099  loss_sum: 0.0633 (0.0828)  losses: 0.0370 (0.0430)  den_loss: 0.0231 (0.0398)  loss_ce: 0.0331 (0.0391)  loss_points: 0.0039 (0.0039)  loss_ce_unscaled: 0.0331 (0.0391)  loss_points_unscaled: 19.3758 (19.4108)  moe_aux_total: 0.0001 (0.0001)  moe_aux_raw: 0.0003 (0.0003)  l_balance: 0.1288 (0.1491)  l_decorr: 0.0003 (0.0003)  moe_temperature: 0.8709 (0.8711)  ema_usage_min: 0.0887 (0.0882)  ema_usage_max: 0.6499 (0.6482)
2026-03-19 16:41:39 | INFO     | crowdcount.trainer:256 - [ep 186][lr 0.0000993][13.45s]
2026-03-19 16:41:51 | INFO     | crowdcount.trainer:297 - [Eval] mae=86.81  mse=126.08  time=10.3s  best_mae=62.45  best_mse=91.37
2026-03-19 16:41:51 | INFO     | crowdcount.trainer:301 - [Eval] density_mae=70.95  density_mse=107.07  best_density_mae=63.55
2026-03-19 16:41:51 | INFO     | crowdcount.trainer:240 - [MoE] epoch=187 training_stage=specialization
2026-03-19 16:42:03 | INFO     | crowdcount.engine:236 - Averaged stats: lr: 0.000099  loss_sum: 0.0877 (0.0845)  losses: 0.0406 (0.0432)  den_loss: 0.0386 (0.0413)  loss_ce: 0.0366 (0.0394)  loss_points: 0.0039 (0.0038)  loss_ce_unscaled: 0.0366 (0.0394)  loss_points_unscaled: 19.2539 (18.8796)  moe_aux_total: 0.0001 (0.0001)  moe_aux_raw: 0.0003 (0.0004)  l_balance: 0.1328 (0.1541)  l_decorr: 0.0003 (0.0004)  moe_temperature: 0.8703 (0.8704)  ema_usage_min: 0.0877 (0.0874)  ema_usage_max: 0.6502 (0.6504)
2026-03-19 16:42:03 | INFO     | crowdcount.trainer:256 - [ep 187][lr 0.0000993][12.59s]
2026-03-19 16:42:05 | INFO     | crowdcount.trainer:240 - [MoE] epoch=188 training_stage=specialization
2026-03-19 16:42:18 | INFO     | crowdcount.engine:236 - Averaged stats: lr: 0.000099  loss_sum: 0.0762 (0.1004)  losses: 0.0400 (0.0469)  den_loss: 0.0356 (0.0534)  loss_ce: 0.0357 (0.0432)  loss_points: 0.0036 (0.0036)  loss_ce_unscaled: 0.0357 (0.0432)  loss_points_unscaled: 17.8642 (18.2409)  moe_aux_total: 0.0001 (0.0001)  moe_aux_raw: 0.0003 (0.0003)  l_balance: 0.1353 (0.1485)  l_decorr: 0.0003 (0.0003)  moe_temperature: 0.8696 (0.8698)  ema_usage_min: 0.0892 (0.0886)  ema_usage_max: 0.6605 (0.6574)
2026-03-19 16:42:18 | INFO     | crowdcount.trainer:256 - [ep 188][lr 0.0000993][13.78s]
2026-03-19 16:42:20 | INFO     | crowdcount.trainer:240 - [MoE] epoch=189 training_stage=specialization
2026-03-19 16:42:33 | INFO     | crowdcount.engine:236 - Averaged stats: lr: 0.000099  loss_sum: 0.0697 (0.0888)  losses: 0.0358 (0.0426)  den_loss: 0.0275 (0.0461)  loss_ce: 0.0332 (0.0389)  loss_points: 0.0038 (0.0038)  loss_ce_unscaled: 0.0332 (0.0389)  loss_points_unscaled: 19.0127 (18.8432)  moe_aux_total: 0.0000 (0.0001)  moe_aux_raw: 0.0002 (0.0003)  l_balance: 0.1755 (0.1773)  l_decorr: 0.0002 (0.0003)  moe_temperature: 0.8690 (0.8691)  ema_usage_min: 0.0880 (0.0883)  ema_usage_max: 0.6731 (0.6704)
2026-03-19 16:42:33 | INFO     | crowdcount.trainer:256 - [ep 189][lr 0.0000993][13.48s]
2026-03-19 16:42:45 | INFO     | crowdcount.trainer:297 - [Eval] mae=73.65  mse=110.76  time=10.2s  best_mae=62.45  best_mse=91.37
2026-03-19 16:42:45 | INFO     | crowdcount.trainer:301 - [Eval] density_mae=90.70  density_mse=118.76  best_density_mae=63.55
2026-03-19 16:42:45 | INFO     | crowdcount.trainer:240 - [MoE] epoch=190 training_stage=specialization
2026-03-19 16:42:58 | INFO     | crowdcount.engine:236 - Averaged stats: lr: 0.000099  loss_sum: 0.0620 (0.0840)  losses: 0.0378 (0.0424)  den_loss: 0.0241 (0.0414)  loss_ce: 0.0338 (0.0386)  loss_points: 0.0036 (0.0039)  loss_ce_unscaled: 0.0338 (0.0386)  loss_points_unscaled: 17.8823 (19.3661)  moe_aux_total: 0.0001 (0.0001)  moe_aux_raw: 0.0003 (0.0006)  l_balance: 0.1701 (0.1631)  l_decorr: 0.0003 (0.0006)  moe_temperature: 0.8683 (0.8685)  ema_usage_min: 0.0841 (0.0842)  ema_usage_max: 0.6804 (0.6793)
2026-03-19 16:42:58 | INFO     | crowdcount.trainer:256 - [ep 190][lr 0.0000993][12.97s]
2026-03-19 16:42:59 | INFO     | crowdcount.trainer:240 - [MoE] epoch=191 training_stage=specialization
2026-03-19 16:43:12 | INFO     | crowdcount.engine:236 - Averaged stats: lr: 0.000099  loss_sum: 0.0678 (0.0818)  losses: 0.0409 (0.0424)  den_loss: 0.0300 (0.0393)  loss_ce: 0.0369 (0.0385)  loss_points: 0.0039 (0.0039)  loss_ce_unscaled: 0.0369 (0.0385)  loss_points_unscaled: 19.3064 (19.4640)  moe_aux_total: 0.0001 (0.0001)  moe_aux_raw: 0.0003 (0.0003)  l_balance: 0.1550 (0.1589)  l_decorr: 0.0003 (0.0003)  moe_temperature: 0.8677 (0.8679)  ema_usage_min: 0.0877 (0.0867)  ema_usage_max: 0.6886 (0.6865)
2026-03-19 16:43:12 | INFO     | crowdcount.trainer:256 - [ep 191][lr 0.0000993][13.24s]
2026-03-19 16:43:13 | INFO     | crowdcount.trainer:240 - [MoE] epoch=192 training_stage=specialization
2026-03-19 16:43:26 | INFO     | crowdcount.engine:236 - Averaged stats: lr: 0.000099  loss_sum: 0.0602 (0.0768)  losses: 0.0363 (0.0404)  den_loss: 0.0236 (0.0364)  loss_ce: 0.0332 (0.0365)  loss_points: 0.0037 (0.0039)  loss_ce_unscaled: 0.0332 (0.0365)  loss_points_unscaled: 18.4315 (19.6515)  moe_aux_total: 0.0000 (0.0001)  moe_aux_raw: 0.0002 (0.0003)  l_balance: 0.1508 (0.1751)  l_decorr: 0.0002 (0.0003)  moe_temperature: 0.8671 (0.8672)  ema_usage_min: 0.0882 (0.0882)  ema_usage_max: 0.7060 (0.7019)
2026-03-19 16:43:26 | INFO     | crowdcount.trainer:256 - [ep 192][lr 0.0000993][12.82s]
2026-03-19 16:43:38 | INFO     | crowdcount.trainer:297 - [Eval] mae=85.47  mse=135.25  time=10.3s  best_mae=62.45  best_mse=91.37
2026-03-19 16:43:38 | INFO     | crowdcount.trainer:301 - [Eval] density_mae=91.76  density_mse=138.01  best_density_mae=63.55
2026-03-19 16:43:38 | INFO     | crowdcount.trainer:240 - [MoE] epoch=193 training_stage=specialization
2026-03-19 16:43:51 | INFO     | crowdcount.engine:236 - Averaged stats: lr: 0.000099  loss_sum: 0.0647 (0.0873)  losses: 0.0384 (0.0428)  den_loss: 0.0236 (0.0445)  loss_ce: 0.0343 (0.0390)  loss_points: 0.0038 (0.0037)  loss_ce_unscaled: 0.0343 (0.0390)  loss_points_unscaled: 19.0477 (18.5826)  moe_aux_total: 0.0000 (0.0001)  moe_aux_raw: 0.0002 (0.0003)  l_balance: 0.1886 (0.1893)  l_decorr: 0.0002 (0.0003)  moe_temperature: 0.8664 (0.8666)  ema_usage_min: 0.0884 (0.0895)  ema_usage_max: 0.7216 (0.7183)
2026-03-19 16:43:51 | INFO     | crowdcount.trainer:256 - [ep 193][lr 0.0000993][13.33s]
2026-03-19 16:43:53 | INFO     | crowdcount.trainer:240 - [MoE] epoch=194 training_stage=specialization
2026-03-19 16:44:06 | INFO     | crowdcount.engine:236 - Averaged stats: lr: 0.000099  loss_sum: 0.0596 (0.0834)  losses: 0.0419 (0.0417)  den_loss: 0.0185 (0.0416)  loss_ce: 0.0373 (0.0380)  loss_points: 0.0036 (0.0037)  loss_ce_unscaled: 0.0373 (0.0380)  loss_points_unscaled: 17.8410 (18.6552)  moe_aux_total: 0.0001 (0.0001)  moe_aux_raw: 0.0003 (0.0003)  l_balance: 0.1765 (0.2043)  l_decorr: 0.0003 (0.0003)  moe_temperature: 0.8658 (0.8659)  ema_usage_min: 0.0858 (0.0867)  ema_usage_max: 0.7347 (0.7326)
2026-03-19 16:44:06 | INFO     | crowdcount.trainer:256 - [ep 194][lr 0.0000993][13.00s]
2026-03-19 16:44:07 | INFO     | crowdcount.trainer:240 - [MoE] epoch=195 training_stage=specialization
2026-03-19 16:44:20 | INFO     | crowdcount.engine:236 - Averaged stats: lr: 0.000099  loss_sum: 0.0747 (0.0848)  losses: 0.0395 (0.0428)  den_loss: 0.0353 (0.0420)  loss_ce: 0.0355 (0.0388)  loss_points: 0.0040 (0.0039)  loss_ce_unscaled: 0.0355 (0.0388)  loss_points_unscaled: 19.7904 (19.7037)  moe_aux_total: 0.0000 (0.0001)  moe_aux_raw: 0.0002 (0.0003)  l_balance: 0.1842 (0.1965)  l_decorr: 0.0002 (0.0003)  moe_temperature: 0.8651 (0.8653)  ema_usage_min: 0.0853 (0.0856)  ema_usage_max: 0.7489 (0.7451)
2026-03-19 16:44:20 | INFO     | crowdcount.trainer:256 - [ep 195][lr 0.0000992][13.17s]
2026-03-19 16:44:32 | INFO     | crowdcount.trainer:297 - [Eval] mae=68.80  mse=108.78  time=10.3s  best_mae=62.45  best_mse=91.37
2026-03-19 16:44:32 | INFO     | crowdcount.trainer:301 - [Eval] density_mae=77.52  density_mse=105.37  best_density_mae=63.55
2026-03-19 16:44:32 | INFO     | crowdcount.trainer:240 - [MoE] epoch=196 training_stage=specialization
2026-03-19 16:44:44 | INFO     | crowdcount.engine:236 - Averaged stats: lr: 0.000099  loss_sum: 0.0594 (0.0715)  losses: 0.0371 (0.0402)  den_loss: 0.0192 (0.0312)  loss_ce: 0.0333 (0.0363)  loss_points: 0.0039 (0.0039)  loss_ce_unscaled: 0.0333 (0.0363)  loss_points_unscaled: 19.2888 (19.5770)  moe_aux_total: 0.0000 (0.0001)  moe_aux_raw: 0.0002 (0.0003)  l_balance: 0.1962 (0.2003)  l_decorr: 0.0002 (0.0003)  moe_temperature: 0.8645 (0.8647)  ema_usage_min: 0.0814 (0.0832)  ema_usage_max: 0.7527 (0.7513)
2026-03-19 16:44:44 | INFO     | crowdcount.trainer:256 - [ep 196][lr 0.0000992][12.42s]
2026-03-19 16:44:45 | INFO     | crowdcount.trainer:240 - [MoE] epoch=197 training_stage=specialization
2026-03-19 16:44:58 | INFO     | crowdcount.engine:236 - Averaged stats: lr: 0.000099  loss_sum: 0.0570 (0.0894)  losses: 0.0356 (0.0425)  den_loss: 0.0208 (0.0468)  loss_ce: 0.0319 (0.0388)  loss_points: 0.0037 (0.0037)  loss_ce_unscaled: 0.0319 (0.0388)  loss_points_unscaled: 18.3628 (18.5770)  moe_aux_total: 0.0001 (0.0001)  moe_aux_raw: 0.0004 (0.0004)  l_balance: 0.1562 (0.1717)  l_decorr: 0.0004 (0.0004)  moe_temperature: 0.8639 (0.8640)  ema_usage_min: 0.0865 (0.0849)  ema_usage_max: 0.7521 (0.7524)
2026-03-19 16:44:58 | INFO     | crowdcount.trainer:256 - [ep 197][lr 0.0000992][13.47s]
2026-03-19 16:45:00 | INFO     | crowdcount.trainer:240 - [MoE] epoch=198 training_stage=specialization
2026-03-19 16:45:13 | INFO     | crowdcount.engine:236 - Averaged stats: lr: 0.000099  loss_sum: 0.0798 (0.0921)  losses: 0.0447 (0.0431)  den_loss: 0.0286 (0.0489)  loss_ce: 0.0414 (0.0393)  loss_points: 0.0039 (0.0038)  loss_ce_unscaled: 0.0414 (0.0393)  loss_points_unscaled: 19.6077 (18.9428)  moe_aux_total: 0.0001 (0.0001)  moe_aux_raw: 0.0003 (0.0004)  l_balance: 0.1863 (0.1840)  l_decorr: 0.0003 (0.0004)  moe_temperature: 0.8632 (0.8634)  ema_usage_min: 0.0908 (0.0894)  ema_usage_max: 0.7553 (0.7544)
2026-03-19 16:45:13 | INFO     | crowdcount.trainer:256 - [ep 198][lr 0.0000992][13.30s]
2026-03-19 16:45:25 | INFO     | crowdcount.trainer:297 - [Eval] mae=57.40  mse=85.62  time=10.4s  best_mae=57.40  best_mse=85.62
2026-03-19 16:45:25 | INFO     | crowdcount.trainer:301 - [Eval] density_mae=66.90  density_mse=93.74  best_density_mae=63.55
2026-03-19 16:45:26 | INFO     | crowdcount.trainer:240 - [MoE] epoch=199 training_stage=specialization
2026-03-19 16:45:39 | INFO     | crowdcount.engine:236 - Averaged stats: lr: 0.000099  loss_sum: 0.0781 (0.0771)  losses: 0.0413 (0.0402)  den_loss: 0.0327 (0.0368)  loss_ce: 0.0375 (0.0363)  loss_points: 0.0039 (0.0038)  loss_ce_unscaled: 0.0375 (0.0363)  loss_points_unscaled: 19.5962 (19.1808)  moe_aux_total: 0.0000 (0.0001)  moe_aux_raw: 0.0002 (0.0003)  l_balance: 0.1556 (0.1722)  l_decorr: 0.0002 (0.0003)  moe_temperature: 0.8626 (0.8627)  ema_usage_min: 0.0917 (0.0916)  ema_usage_max: 0.7532 (0.7548)
2026-03-19 16:45:39 | INFO     | crowdcount.trainer:256 - [ep 199][lr 0.0000992][12.67s]
2026-03-19 16:45:40 | INFO     | crowdcount.trainer:240 - [MoE] epoch=200 training_stage=specialization
2026-03-19 16:45:53 | INFO     | crowdcount.engine:236 - Averaged stats: lr: 0.000099  loss_sum: 0.0749 (0.0900)  losses: 0.0397 (0.0430)  den_loss: 0.0335 (0.0469)  loss_ce: 0.0356 (0.0393)  loss_points: 0.0036 (0.0038)  loss_ce_unscaled: 0.0356 (0.0393)  loss_points_unscaled: 18.0108 (18.7904)  moe_aux_total: 0.0001 (0.0001)  moe_aux_raw: 0.0003 (0.0004)  l_balance: 0.1461 (0.1543)  l_decorr: 0.0003 (0.0004)  moe_temperature: 0.8619 (0.8621)  ema_usage_min: 0.0917 (0.0919)  ema_usage_max: 0.7391 (0.7422)
2026-03-19 16:45:53 | INFO     | crowdcount.trainer:256 - [ep 200][lr 0.0000992][13.01s]
2026-03-19 16:45:54 | INFO     | crowdcount.trainer:240 - [MoE] epoch=201 training_stage=specialization
2026-03-19 16:46:08 | INFO     | crowdcount.engine:236 - Averaged stats: lr: 0.000099  loss_sum: 0.0682 (0.0797)  losses: 0.0433 (0.0418)  den_loss: 0.0269 (0.0378)  loss_ce: 0.0393 (0.0380)  loss_points: 0.0037 (0.0038)  loss_ce_unscaled: 0.0393 (0.0380)  loss_points_unscaled: 18.3505 (19.2086)  moe_aux_total: 0.0000 (0.0001)  moe_aux_raw: 0.0002 (0.0004)  l_balance: 0.1391 (0.1389)  l_decorr: 0.0002 (0.0004)  moe_temperature: 0.8613 (0.8615)  ema_usage_min: 0.0986 (0.0973)  ema_usage_max: 0.7215 (0.7250)
2026-03-19 16:46:08 | INFO     | crowdcount.trainer:256 - [ep 201][lr 0.0000992][13.72s]
2026-03-19 16:46:20 | INFO     | crowdcount.trainer:297 - [Eval] mae=86.69  mse=127.91  time=10.3s  best_mae=57.40  best_mse=85.62
2026-03-19 16:46:20 | INFO     | crowdcount.trainer:301 - [Eval] density_mae=75.47  density_mse=114.26  best_density_mae=63.55
2026-03-19 16:46:20 | INFO     | crowdcount.trainer:240 - [MoE] epoch=202 training_stage=specialization
2026-03-19 16:46:33 | INFO     | crowdcount.engine:236 - Averaged stats: lr: 0.000099  loss_sum: 0.0679 (0.0876)  losses: 0.0401 (0.0429)  den_loss: 0.0280 (0.0446)  loss_ce: 0.0364 (0.0392)  loss_points: 0.0039 (0.0038)  loss_ce_unscaled: 0.0364 (0.0392)  loss_points_unscaled: 19.5764 (18.8473)  moe_aux_total: 0.0000 (0.0001)  moe_aux_raw: 0.0002 (0.0003)  l_balance: 0.1319 (0.1425)  l_decorr: 0.0002 (0.0003)  moe_temperature: 0.8607 (0.8608)  ema_usage_min: 0.1022 (0.1022)  ema_usage_max: 0.7153 (0.7156)
2026-03-19 16:46:33 | INFO     | crowdcount.trainer:256 - [ep 202][lr 0.0000992][13.01s]
2026-03-19 16:46:34 | INFO     | crowdcount.trainer:240 - [MoE] epoch=203 training_stage=specialization
2026-03-19 16:46:47 | INFO     | crowdcount.engine:236 - Averaged stats: lr: 0.000099  loss_sum: 0.0667 (0.0778)  losses: 0.0403 (0.0395)  den_loss: 0.0258 (0.0383)  loss_ce: 0.0365 (0.0357)  loss_points: 0.0036 (0.0038)  loss_ce_unscaled: 0.0365 (0.0357)  loss_points_unscaled: 17.9203 (18.8919)  moe_aux_total: 0.0000 (0.0001)  moe_aux_raw: 0.0002 (0.0003)  l_balance: 0.1611 (0.1509)  l_decorr: 0.0002 (0.0003)  moe_temperature: 0.8600 (0.8602)  ema_usage_min: 0.1020 (0.1033)  ema_usage_max: 0.7094 (0.7109)
2026-03-19 16:46:47 | INFO     | crowdcount.trainer:256 - [ep 203][lr 0.0000992][12.83s]
2026-03-19 16:46:48 | INFO     | crowdcount.trainer:240 - [MoE] epoch=204 training_stage=specialization
2026-03-19 16:47:01 | INFO     | crowdcount.engine:236 - Averaged stats: lr: 0.000099  loss_sum: 0.0651 (0.0870)  losses: 0.0392 (0.0444)  den_loss: 0.0247 (0.0425)  loss_ce: 0.0356 (0.0407)  loss_points: 0.0036 (0.0037)  loss_ce_unscaled: 0.0356 (0.0407)  loss_points_unscaled: 18.1958 (18.5016)  moe_aux_total: 0.0000 (0.0001)  moe_aux_raw: 0.0002 (0.0003)  l_balance: 0.1301 (0.1376)  l_decorr: 0.0002 (0.0003)  moe_temperature: 0.8594 (0.8596)  ema_usage_min: 0.1048 (0.1046)  ema_usage_max: 0.7062 (0.7073)
2026-03-19 16:47:01 | INFO     | crowdcount.trainer:256 - [ep 204][lr 0.0000992][13.28s]
2026-03-19 16:47:13 | INFO     | crowdcount.trainer:297 - [Eval] mae=78.18  mse=113.66  time=10.3s  best_mae=57.40  best_mse=85.62
2026-03-19 16:47:13 | INFO     | crowdcount.trainer:301 - [Eval] density_mae=71.51  density_mse=101.71  best_density_mae=63.55
2026-03-19 16:47:13 | INFO     | crowdcount.trainer:240 - [MoE] epoch=205 training_stage=specialization
2026-03-19 16:47:26 | INFO     | crowdcount.engine:236 - Averaged stats: lr: 0.000099  loss_sum: 0.0639 (0.0775)  losses: 0.0438 (0.0421)  den_loss: 0.0249 (0.0353)  loss_ce: 0.0396 (0.0384)  loss_points: 0.0037 (0.0037)  loss_ce_unscaled: 0.0396 (0.0384)  loss_points_unscaled: 18.4753 (18.4649)  moe_aux_total: 0.0000 (0.0001)  moe_aux_raw: 0.0002 (0.0003)  l_balance: 0.1054 (0.1284)  l_decorr: 0.0002 (0.0003)  moe_temperature: 0.8588 (0.8589)  ema_usage_min: 0.1100 (0.1087)  ema_usage_max: 0.7057 (0.7053)
2026-03-19 16:47:26 | INFO     | crowdcount.trainer:256 - [ep 205][lr 0.0000992][13.19s]
2026-03-19 16:47:27 | INFO     | crowdcount.trainer:240 - [MoE] epoch=206 training_stage=specialization
2026-03-19 16:47:40 | INFO     | crowdcount.engine:236 - Averaged stats: lr: 0.000099  loss_sum: 0.0600 (0.0807)  losses: 0.0356 (0.0421)  den_loss: 0.0245 (0.0385)  loss_ce: 0.0317 (0.0384)  loss_points: 0.0036 (0.0037)  loss_ce_unscaled: 0.0317 (0.0384)  loss_points_unscaled: 18.0352 (18.5405)  moe_aux_total: 0.0000 (0.0001)  moe_aux_raw: 0.0002 (0.0003)  l_balance: 0.1503 (0.1364)  l_decorr: 0.0002 (0.0003)  moe_temperature: 0.8581 (0.8583)  ema_usage_min: 0.1193 (0.1189)  ema_usage_max: 0.7040 (0.7041)
2026-03-19 16:47:40 | INFO     | crowdcount.trainer:256 - [ep 206][lr 0.0000992][12.84s]
2026-03-19 16:47:42 | INFO     | crowdcount.trainer:240 - [MoE] epoch=207 training_stage=specialization
2026-03-19 16:47:55 | INFO     | crowdcount.engine:236 - Averaged stats: lr: 0.000099  loss_sum: 0.0661 (0.0819)  losses: 0.0350 (0.0401)  den_loss: 0.0295 (0.0417)  loss_ce: 0.0311 (0.0363)  loss_points: 0.0038 (0.0038)  loss_ce_unscaled: 0.0311 (0.0363)  loss_points_unscaled: 19.1975 (19.1808)  moe_aux_total: 0.0001 (0.0001)  moe_aux_raw: 0.0003 (0.0004)  l_balance: 0.1072 (0.1309)  l_decorr: 0.0003 (0.0004)  moe_temperature: 0.8575 (0.8576)  ema_usage_min: 0.1253 (0.1224)  ema_usage_max: 0.7003 (0.7018)
2026-03-19 16:47:55 | INFO     | crowdcount.trainer:256 - [ep 207][lr 0.0000991][13.21s]
2026-03-19 16:48:07 | INFO     | crowdcount.trainer:297 - [Eval] mae=58.54  mse=89.77  time=10.4s  best_mae=57.40  best_mse=85.62
2026-03-19 16:48:07 | INFO     | crowdcount.trainer:301 - [Eval] density_mae=67.03  density_mse=94.65  best_density_mae=63.55
2026-03-19 16:48:07 | INFO     | crowdcount.trainer:240 - [MoE] epoch=208 training_stage=specialization
2026-03-19 16:48:20 | INFO     | crowdcount.engine:236 - Averaged stats: lr: 0.000099  loss_sum: 0.0678 (0.0869)  losses: 0.0358 (0.0445)  den_loss: 0.0277 (0.0422)  loss_ce: 0.0319 (0.0408)  loss_points: 0.0037 (0.0038)  loss_ce_unscaled: 0.0319 (0.0408)  loss_points_unscaled: 18.3422 (18.9404)  moe_aux_total: 0.0000 (0.0001)  moe_aux_raw: 0.0002 (0.0003)  l_balance: 0.1243 (0.1278)  l_decorr: 0.0002 (0.0003)  moe_temperature: 0.8569 (0.8570)  ema_usage_min: 0.1327 (0.1291)  ema_usage_max: 0.6950 (0.6950)
2026-03-19 16:48:20 | INFO     | crowdcount.trainer:256 - [ep 208][lr 0.0000991][13.58s]
2026-03-19 16:48:21 | INFO     | crowdcount.trainer:240 - [MoE] epoch=209 training_stage=specialization
2026-03-19 16:48:34 | INFO     | crowdcount.engine:236 - Averaged stats: lr: 0.000099  loss_sum: 0.0762 (0.0764)  losses: 0.0417 (0.0398)  den_loss: 0.0324 (0.0365)  loss_ce: 0.0377 (0.0359)  loss_points: 0.0038 (0.0039)  loss_ce_unscaled: 0.0377 (0.0359)  loss_points_unscaled: 18.9975 (19.4492)  moe_aux_total: 0.0001 (0.0001)  moe_aux_raw: 0.0003 (0.0003)  l_balance: 0.1386 (0.1403)  l_decorr: 0.0003 (0.0003)  moe_temperature: 0.8562 (0.8564)  ema_usage_min: 0.1331 (0.1340)  ema_usage_max: 0.6924 (0.6928)
2026-03-19 16:48:34 | INFO     | crowdcount.trainer:256 - [ep 209][lr 0.0000991][12.71s]
2026-03-19 16:48:36 | INFO     | crowdcount.trainer:240 - [MoE] epoch=210 training_stage=specialization
2026-03-19 16:48:49 | INFO     | crowdcount.engine:236 - Averaged stats: lr: 0.000099  loss_sum: 0.0681 (0.0905)  losses: 0.0398 (0.0422)  den_loss: 0.0303 (0.0482)  loss_ce: 0.0356 (0.0386)  loss_points: 0.0035 (0.0037)  loss_ce_unscaled: 0.0356 (0.0386)  loss_points_unscaled: 17.6700 (18.3734)  moe_aux_total: 0.0001 (0.0001)  moe_aux_raw: 0.0003 (0.0003)  l_balance: 0.1253 (0.1280)  l_decorr: 0.0003 (0.0003)  moe_temperature: 0.8556 (0.8557)  ema_usage_min: 0.1343 (0.1341)  ema_usage_max: 0.6999 (0.6981)
2026-03-19 16:48:49 | INFO     | crowdcount.trainer:256 - [ep 210][lr 0.0000991][13.40s]
2026-03-19 16:49:01 | INFO     | crowdcount.trainer:297 - [Eval] mae=72.00  mse=110.89  time=10.4s  best_mae=57.40  best_mse=85.62
2026-03-19 16:49:01 | INFO     | crowdcount.trainer:301 - [Eval] density_mae=64.05  density_mse=98.30  best_density_mae=63.55
2026-03-19 16:49:01 | INFO     | crowdcount.trainer:240 - [MoE] epoch=211 training_stage=specialization
2026-03-19 16:49:14 | INFO     | crowdcount.engine:236 - Averaged stats: lr: 0.000099  loss_sum: 0.0578 (0.0715)  losses: 0.0391 (0.0388)  den_loss: 0.0204 (0.0327)  loss_ce: 0.0355 (0.0350)  loss_points: 0.0035 (0.0038)  loss_ce_unscaled: 0.0355 (0.0350)  loss_points_unscaled: 17.4841 (18.7766)  moe_aux_total: 0.0000 (0.0001)  moe_aux_raw: 0.0002 (0.0003)  l_balance: 0.1116 (0.1216)  l_decorr: 0.0002 (0.0003)  moe_temperature: 0.8550 (0.8551)  ema_usage_min: 0.1370 (0.1366)  ema_usage_max: 0.6935 (0.6949)
2026-03-19 16:49:14 | INFO     | crowdcount.trainer:256 - [ep 211][lr 0.0000991][12.74s]
2026-03-19 16:49:15 | INFO     | crowdcount.trainer:240 - [MoE] epoch=212 training_stage=specialization
2026-03-19 16:49:28 | INFO     | crowdcount.engine:236 - Averaged stats: lr: 0.000099  loss_sum: 0.0721 (0.0726)  losses: 0.0386 (0.0386)  den_loss: 0.0334 (0.0339)  loss_ce: 0.0345 (0.0349)  loss_points: 0.0035 (0.0037)  loss_ce_unscaled: 0.0345 (0.0349)  loss_points_unscaled: 17.4913 (18.6723)  moe_aux_total: 0.0000 (0.0001)  moe_aux_raw: 0.0002 (0.0003)  l_balance: 0.1050 (0.1191)  l_decorr: 0.0002 (0.0003)  moe_temperature: 0.8543 (0.8545)  ema_usage_min: 0.1338 (0.1344)  ema_usage_max: 0.6813 (0.6844)
2026-03-19 16:49:28 | INFO     | crowdcount.trainer:256 - [ep 212][lr 0.0000991][12.53s]
2026-03-19 16:49:29 | INFO     | crowdcount.trainer:240 - [MoE] epoch=213 training_stage=specialization
2026-03-19 16:49:42 | INFO     | crowdcount.engine:236 - Averaged stats: lr: 0.000099  loss_sum: 0.0593 (0.0774)  losses: 0.0359 (0.0396)  den_loss: 0.0235 (0.0377)  loss_ce: 0.0325 (0.0359)  loss_points: 0.0036 (0.0037)  loss_ce_unscaled: 0.0325 (0.0359)  loss_points_unscaled: 17.7882 (18.6868)  moe_aux_total: 0.0000 (0.0001)  moe_aux_raw: 0.0002 (0.0003)  l_balance: 0.0974 (0.1202)  l_decorr: 0.0002 (0.0003)  moe_temperature: 0.8537 (0.8538)  ema_usage_min: 0.1309 (0.1319)  ema_usage_max: 0.6697 (0.6720)
2026-03-19 16:49:42 | INFO     | crowdcount.trainer:256 - [ep 213][lr 0.0000991][12.66s]
2026-03-19 16:49:53 | INFO     | crowdcount.trainer:297 - [Eval] mae=65.31  mse=100.61  time=10.4s  best_mae=57.40  best_mse=85.62
2026-03-19 16:49:53 | INFO     | crowdcount.trainer:301 - [Eval] density_mae=64.98  density_mse=99.92  best_density_mae=63.55
2026-03-19 16:49:53 | INFO     | crowdcount.trainer:240 - [MoE] epoch=214 training_stage=specialization
2026-03-19 16:50:06 | INFO     | crowdcount.engine:236 - Averaged stats: lr: 0.000099  loss_sum: 0.0655 (0.0820)  losses: 0.0376 (0.0407)  den_loss: 0.0281 (0.0412)  loss_ce: 0.0341 (0.0370)  loss_points: 0.0037 (0.0037)  loss_ce_unscaled: 0.0341 (0.0370)  loss_points_unscaled: 18.2615 (18.6576)  moe_aux_total: 0.0000 (0.0001)  moe_aux_raw: 0.0002 (0.0003)  l_balance: 0.1421 (0.1444)  l_decorr: 0.0002 (0.0003)  moe_temperature: 0.8531 (0.8532)  ema_usage_min: 0.1251 (0.1275)  ema_usage_max: 0.6711 (0.6703)
2026-03-19 16:50:06 | INFO     | crowdcount.trainer:256 - [ep 214][lr 0.0000991][12.94s]
2026-03-19 16:50:08 | INFO     | crowdcount.trainer:240 - [MoE] epoch=215 training_stage=specialization
2026-03-19 16:50:21 | INFO     | crowdcount.engine:236 - Averaged stats: lr: 0.000099  loss_sum: 0.0595 (0.0834)  losses: 0.0355 (0.0418)  den_loss: 0.0241 (0.0415)  loss_ce: 0.0316 (0.0381)  loss_points: 0.0036 (0.0038)  loss_ce_unscaled: 0.0316 (0.0381)  loss_points_unscaled: 18.0674 (18.8593)  moe_aux_total: 0.0000 (0.0001)  moe_aux_raw: 0.0002 (0.0003)  l_balance: 0.1431 (0.1496)  l_decorr: 0.0002 (0.0003)  moe_temperature: 0.8524 (0.8526)  ema_usage_min: 0.1213 (0.1223)  ema_usage_max: 0.6817 (0.6801)
2026-03-19 16:50:21 | INFO     | crowdcount.trainer:256 - [ep 215][lr 0.0000991][12.92s]
2026-03-19 16:50:22 | INFO     | crowdcount.trainer:240 - [MoE] epoch=216 training_stage=specialization
2026-03-19 16:50:35 | INFO     | crowdcount.engine:236 - Averaged stats: lr: 0.000099  loss_sum: 0.0722 (0.0743)  losses: 0.0383 (0.0389)  den_loss: 0.0279 (0.0353)  loss_ce: 0.0342 (0.0351)  loss_points: 0.0037 (0.0038)  loss_ce_unscaled: 0.0342 (0.0351)  loss_points_unscaled: 18.4136 (19.0147)  moe_aux_total: 0.0000 (0.0001)  moe_aux_raw: 0.0002 (0.0003)  l_balance: 0.1494 (0.1530)  l_decorr: 0.0002 (0.0003)  moe_temperature: 0.8518 (0.8520)  ema_usage_min: 0.1141 (0.1156)  ema_usage_max: 0.6882 (0.6860)
2026-03-19 16:50:35 | INFO     | crowdcount.trainer:256 - [ep 216][lr 0.0000991][12.63s]
2026-03-19 16:50:46 | INFO     | crowdcount.trainer:297 - [Eval] mae=71.04  mse=109.31  time=10.3s  best_mae=57.40  best_mse=85.62
2026-03-19 16:50:46 | INFO     | crowdcount.trainer:301 - [Eval] density_mae=65.10  density_mse=104.71  best_density_mae=63.55
2026-03-19 16:50:46 | INFO     | crowdcount.trainer:240 - [MoE] epoch=217 training_stage=specialization
2026-03-19 16:50:59 | INFO     | crowdcount.engine:236 - Averaged stats: lr: 0.000099  loss_sum: 0.0645 (0.0752)  losses: 0.0382 (0.0402)  den_loss: 0.0249 (0.0350)  loss_ce: 0.0345 (0.0364)  loss_points: 0.0035 (0.0037)  loss_ce_unscaled: 0.0345 (0.0364)  loss_points_unscaled: 17.7339 (18.7372)  moe_aux_total: 0.0001 (0.0001)  moe_aux_raw: 0.0003 (0.0003)  l_balance: 0.1457 (0.1509)  l_decorr: 0.0003 (0.0003)  moe_temperature: 0.8512 (0.8513)  ema_usage_min: 0.1075 (0.1108)  ema_usage_max: 0.6936 (0.6936)
2026-03-19 16:50:59 | INFO     | crowdcount.trainer:256 - [ep 217][lr 0.0000991][13.09s]
2026-03-19 16:51:01 | INFO     | crowdcount.trainer:240 - [MoE] epoch=218 training_stage=specialization
2026-03-19 16:51:14 | INFO     | crowdcount.engine:236 - Averaged stats: lr: 0.000099  loss_sum: 0.0608 (0.0820)  losses: 0.0343 (0.0434)  den_loss: 0.0275 (0.0385)  loss_ce: 0.0307 (0.0396)  loss_points: 0.0038 (0.0038)  loss_ce_unscaled: 0.0307 (0.0396)  loss_points_unscaled: 18.7543 (19.0290)  moe_aux_total: 0.0000 (0.0001)  moe_aux_raw: 0.0002 (0.0003)  l_balance: 0.1469 (0.1371)  l_decorr: 0.0002 (0.0003)  moe_temperature: 0.8505 (0.8507)  ema_usage_min: 0.1063 (0.1065)  ema_usage_max: 0.6880 (0.6900)
2026-03-19 16:51:14 | INFO     | crowdcount.trainer:256 - [ep 218][lr 0.0000991][12.93s]
2026-03-19 16:51:15 | INFO     | crowdcount.trainer:240 - [MoE] epoch=219 training_stage=specialization
2026-03-19 16:51:28 | INFO     | crowdcount.engine:236 - Averaged stats: lr: 0.000099  loss_sum: 0.0645 (0.0806)  losses: 0.0386 (0.0410)  den_loss: 0.0246 (0.0395)  loss_ce: 0.0342 (0.0372)  loss_points: 0.0039 (0.0038)  loss_ce_unscaled: 0.0342 (0.0372)  loss_points_unscaled: 19.5238 (19.0327)  moe_aux_total: 0.0000 (0.0001)  moe_aux_raw: 0.0002 (0.0003)  l_balance: 0.1705 (0.1588)  l_decorr: 0.0002 (0.0003)  moe_temperature: 0.8499 (0.8501)  ema_usage_min: 0.1008 (0.1030)  ema_usage_max: 0.6884 (0.6881)
2026-03-19 16:51:28 | INFO     | crowdcount.trainer:256 - [ep 219][lr 0.0000990][13.42s]
2026-03-19 16:51:40 | INFO     | crowdcount.trainer:297 - [Eval] mae=66.63  mse=101.43  time=10.3s  best_mae=57.40  best_mse=85.62
2026-03-19 16:51:40 | INFO     | crowdcount.trainer:301 - [Eval] density_mae=63.34  density_mse=95.91  best_density_mae=63.34
2026-03-19 16:51:40 | INFO     | crowdcount.trainer:240 - [MoE] epoch=220 training_stage=specialization
2026-03-19 16:51:52 | INFO     | crowdcount.engine:236 - Averaged stats: lr: 0.000099  loss_sum: 0.0649 (0.0762)  losses: 0.0395 (0.0403)  den_loss: 0.0278 (0.0358)  loss_ce: 0.0364 (0.0366)  loss_points: 0.0038 (0.0038)  loss_ce_unscaled: 0.0364 (0.0366)  loss_points_unscaled: 18.9786 (18.8915)  moe_aux_total: 0.0000 (0.0001)  moe_aux_raw: 0.0002 (0.0003)  l_balance: 0.1842 (0.1739)  l_decorr: 0.0002 (0.0003)  moe_temperature: 0.8493 (0.8494)  ema_usage_min: 0.0957 (0.0966)  ema_usage_max: 0.7005 (0.6975)
2026-03-19 16:51:52 | INFO     | crowdcount.trainer:256 - [ep 220][lr 0.0000990][12.62s]
2026-03-19 16:51:54 | INFO     | crowdcount.trainer:240 - [MoE] epoch=221 training_stage=specialization
2026-03-19 16:52:07 | INFO     | crowdcount.engine:236 - Averaged stats: lr: 0.000099  loss_sum: 0.0629 (0.0767)  losses: 0.0351 (0.0410)  den_loss: 0.0317 (0.0357)  loss_ce: 0.0311 (0.0373)  loss_points: 0.0035 (0.0037)  loss_ce_unscaled: 0.0311 (0.0373)  loss_points_unscaled: 17.5908 (18.5407)  moe_aux_total: 0.0000 (0.0001)  moe_aux_raw: 0.0002 (0.0003)  l_balance: 0.1617 (0.1684)  l_decorr: 0.0002 (0.0003)  moe_temperature: 0.8487 (0.8488)  ema_usage_min: 0.0955 (0.0954)  ema_usage_max: 0.7179 (0.7128)
2026-03-19 16:52:07 | INFO     | crowdcount.trainer:256 - [ep 221][lr 0.0000990][12.78s]
2026-03-19 16:52:08 | INFO     | crowdcount.trainer:240 - [MoE] epoch=222 training_stage=specialization
2026-03-19 16:52:21 | INFO     | crowdcount.engine:236 - Averaged stats: lr: 0.000099  loss_sum: 0.0660 (0.0811)  losses: 0.0372 (0.0414)  den_loss: 0.0320 (0.0397)  loss_ce: 0.0340 (0.0376)  loss_points: 0.0035 (0.0038)  loss_ce_unscaled: 0.0340 (0.0376)  loss_points_unscaled: 17.6449 (18.7875)  moe_aux_total: 0.0001 (0.0001)  moe_aux_raw: 0.0003 (0.0003)  l_balance: 0.1616 (0.1661)  l_decorr: 0.0003 (0.0003)  moe_temperature: 0.8480 (0.8482)  ema_usage_min: 0.0937 (0.0938)  ema_usage_max: 0.7220 (0.7212)
2026-03-19 16:52:21 | INFO     | crowdcount.trainer:256 - [ep 222][lr 0.0000990][13.03s]
2026-03-19 16:52:33 | INFO     | crowdcount.trainer:297 - [Eval] mae=71.35  mse=108.76  time=10.4s  best_mae=57.40  best_mse=85.62
2026-03-19 16:52:33 | INFO     | crowdcount.trainer:301 - [Eval] density_mae=69.30  density_mse=105.00  best_density_mae=63.34
2026-03-19 16:52:33 | INFO     | crowdcount.trainer:240 - [MoE] epoch=223 training_stage=specialization
2026-03-19 16:52:46 | INFO     | crowdcount.engine:236 - Averaged stats: lr: 0.000099  loss_sum: 0.0656 (0.0849)  losses: 0.0386 (0.0416)  den_loss: 0.0265 (0.0432)  loss_ce: 0.0345 (0.0379)  loss_points: 0.0034 (0.0037)  loss_ce_unscaled: 0.0345 (0.0379)  loss_points_unscaled: 17.0128 (18.4817)  moe_aux_total: 0.0000 (0.0001)  moe_aux_raw: 0.0002 (0.0003)  l_balance: 0.1654 (0.1710)  l_decorr: 0.0002 (0.0003)  moe_temperature: 0.8474 (0.8476)  ema_usage_min: 0.0941 (0.0938)  ema_usage_max: 0.7251 (0.7253)
2026-03-19 16:52:46 | INFO     | crowdcount.trainer:256 - [ep 223][lr 0.0000990][13.06s]
2026-03-19 16:52:47 | INFO     | crowdcount.trainer:240 - [MoE] epoch=224 training_stage=specialization
2026-03-19 16:53:00 | INFO     | crowdcount.engine:236 - Averaged stats: lr: 0.000099  loss_sum: 0.0790 (0.0893)  losses: 0.0439 (0.0421)  den_loss: 0.0367 (0.0471)  loss_ce: 0.0399 (0.0383)  loss_points: 0.0037 (0.0038)  loss_ce_unscaled: 0.0399 (0.0383)  loss_points_unscaled: 18.5138 (18.9584)  moe_aux_total: 0.0000 (0.0001)  moe_aux_raw: 0.0002 (0.0003)  l_balance: 0.1529 (0.1805)  l_decorr: 0.0002 (0.0003)  moe_temperature: 0.8468 (0.8469)  ema_usage_min: 0.0873 (0.0891)  ema_usage_max: 0.7219 (0.7226)
2026-03-19 16:53:00 | INFO     | crowdcount.trainer:256 - [ep 224][lr 0.0000990][13.06s]
2026-03-19 16:53:01 | INFO     | crowdcount.trainer:240 - [MoE] epoch=225 training_stage=specialization
2026-03-19 16:53:14 | INFO     | crowdcount.engine:236 - Averaged stats: lr: 0.000099  loss_sum: 0.0746 (0.0848)  losses: 0.0407 (0.0439)  den_loss: 0.0354 (0.0408)  loss_ce: 0.0375 (0.0403)  loss_points: 0.0033 (0.0037)  loss_ce_unscaled: 0.0375 (0.0403)  loss_points_unscaled: 16.3752 (18.3779)  moe_aux_total: 0.0001 (0.0001)  moe_aux_raw: 0.0003 (0.0003)  l_balance: 0.1611 (0.1753)  l_decorr: 0.0003 (0.0003)  moe_temperature: 0.8461 (0.8463)  ema_usage_min: 0.0858 (0.0866)  ema_usage_max: 0.7284 (0.7277)
2026-03-19 16:53:14 | INFO     | crowdcount.trainer:256 - [ep 225][lr 0.0000990][12.90s]
2026-03-19 16:53:26 | INFO     | crowdcount.trainer:297 - [Eval] mae=79.24  mse=118.83  time=10.4s  best_mae=57.40  best_mse=85.62
2026-03-19 16:53:26 | INFO     | crowdcount.trainer:301 - [Eval] density_mae=73.88  density_mse=101.75  best_density_mae=63.34
2026-03-19 16:53:26 | INFO     | crowdcount.trainer:240 - [MoE] epoch=226 training_stage=specialization
2026-03-19 16:53:39 | INFO     | crowdcount.engine:236 - Averaged stats: lr: 0.000099  loss_sum: 0.0632 (0.0733)  losses: 0.0377 (0.0400)  den_loss: 0.0212 (0.0333)  loss_ce: 0.0344 (0.0362)  loss_points: 0.0036 (0.0038)  loss_ce_unscaled: 0.0344 (0.0362)  loss_points_unscaled: 17.8737 (18.8823)  moe_aux_total: 0.0000 (0.0001)  moe_aux_raw: 0.0002 (0.0003)  l_balance: 0.1777 (0.1824)  l_decorr: 0.0002 (0.0003)  moe_temperature: 0.8455 (0.8457)  ema_usage_min: 0.0868 (0.0866)  ema_usage_max: 0.7323 (0.7316)
2026-03-19 16:53:39 | INFO     | crowdcount.trainer:256 - [ep 226][lr 0.0000990][13.34s]
2026-03-19 16:53:40 | INFO     | crowdcount.trainer:240 - [MoE] epoch=227 training_stage=specialization
2026-03-19 16:53:54 | INFO     | crowdcount.engine:236 - Averaged stats: lr: 0.000099  loss_sum: 0.0614 (0.0836)  losses: 0.0374 (0.0411)  den_loss: 0.0278 (0.0424)  loss_ce: 0.0340 (0.0374)  loss_points: 0.0035 (0.0037)  loss_ce_unscaled: 0.0340 (0.0374)  loss_points_unscaled: 17.4657 (18.4811)  moe_aux_total: 0.0000 (0.0001)  moe_aux_raw: 0.0002 (0.0003)  l_balance: 0.1613 (0.1733)  l_decorr: 0.0002 (0.0003)  moe_temperature: 0.8449 (0.8450)  ema_usage_min: 0.0848 (0.0846)  ema_usage_max: 0.7387 (0.7380)
2026-03-19 16:53:54 | INFO     | crowdcount.trainer:256 - [ep 227][lr 0.0000990][13.71s]
2026-03-19 16:53:56 | INFO     | crowdcount.trainer:240 - [MoE] epoch=228 training_stage=specialization
2026-03-19 16:54:09 | INFO     | crowdcount.engine:236 - Averaged stats: lr: 0.000099  loss_sum: 0.0706 (0.0781)  losses: 0.0404 (0.0405)  den_loss: 0.0278 (0.0375)  loss_ce: 0.0364 (0.0368)  loss_points: 0.0035 (0.0037)  loss_ce_unscaled: 0.0364 (0.0368)  loss_points_unscaled: 17.4789 (18.6995)  moe_aux_total: 0.0001 (0.0001)  moe_aux_raw: 0.0003 (0.0003)  l_balance: 0.1656 (0.1677)  l_decorr: 0.0003 (0.0003)  moe_temperature: 0.8443 (0.8444)  ema_usage_min: 0.0852 (0.0849)  ema_usage_max: 0.7293 (0.7314)
2026-03-19 16:54:09 | INFO     | crowdcount.trainer:256 - [ep 228][lr 0.0000990][13.36s]
2026-03-19 16:54:21 | INFO     | crowdcount.trainer:297 - [Eval] mae=72.69  mse=122.42  time=10.5s  best_mae=57.40  best_mse=85.62
2026-03-19 16:54:21 | INFO     | crowdcount.trainer:301 - [Eval] density_mae=75.79  density_mse=110.82  best_density_mae=63.34
2026-03-19 16:54:21 | INFO     | crowdcount.trainer:240 - [MoE] epoch=229 training_stage=specialization
2026-03-19 16:54:34 | INFO     | crowdcount.engine:236 - Averaged stats: lr: 0.000099  loss_sum: 0.0574 (0.0759)  losses: 0.0384 (0.0404)  den_loss: 0.0221 (0.0355)  loss_ce: 0.0343 (0.0367)  loss_points: 0.0035 (0.0037)  loss_ce_unscaled: 0.0343 (0.0367)  loss_points_unscaled: 17.5452 (18.4949)  moe_aux_total: 0.0001 (0.0001)  moe_aux_raw: 0.0003 (0.0003)  l_balance: 0.1659 (0.1869)  l_decorr: 0.0003 (0.0003)  moe_temperature: 0.8436 (0.8438)  ema_usage_min: 0.0812 (0.0821)  ema_usage_max: 0.7277 (0.7284)
2026-03-19 16:54:34 | INFO     | crowdcount.trainer:256 - [ep 229][lr 0.0000990][12.90s]
2026-03-19 16:54:35 | INFO     | crowdcount.trainer:240 - [MoE] epoch=230 training_stage=specialization
2026-03-19 16:54:48 | INFO     | crowdcount.engine:236 - Averaged stats: lr: 0.000099  loss_sum: 0.0628 (0.0785)  losses: 0.0384 (0.0421)  den_loss: 0.0251 (0.0363)  loss_ce: 0.0342 (0.0384)  loss_points: 0.0036 (0.0037)  loss_ce_unscaled: 0.0342 (0.0384)  loss_points_unscaled: 18.1680 (18.5817)  moe_aux_total: 0.0000 (0.0001)  moe_aux_raw: 0.0002 (0.0003)  l_balance: 0.1560 (0.1600)  l_decorr: 0.0002 (0.0003)  moe_temperature: 0.8430 (0.8432)  ema_usage_min: 0.0798 (0.0798)  ema_usage_max: 0.7157 (0.7186)
2026-03-19 16:54:48 | INFO     | crowdcount.trainer:256 - [ep 230][lr 0.0000989][13.24s]
2026-03-19 16:54:50 | INFO     | crowdcount.trainer:240 - [MoE] epoch=231 training_stage=specialization
2026-03-19 16:55:03 | INFO     | crowdcount.engine:236 - Averaged stats: lr: 0.000099  loss_sum: 0.0594 (0.0771)  losses: 0.0361 (0.0415)  den_loss: 0.0235 (0.0356)  loss_ce: 0.0327 (0.0378)  loss_points: 0.0036 (0.0036)  loss_ce_unscaled: 0.0327 (0.0378)  loss_points_unscaled: 17.7940 (18.2251)  moe_aux_total: 0.0000 (0.0001)  moe_aux_raw: 0.0002 (0.0004)  l_balance: 0.1504 (0.1649)  l_decorr: 0.0002 (0.0004)  moe_temperature: 0.8424 (0.8426)  ema_usage_min: 0.0815 (0.0814)  ema_usage_max: 0.7120 (0.7125)
2026-03-19 16:55:03 | INFO     | crowdcount.trainer:256 - [ep 231][lr 0.0000989][13.05s]
2026-03-19 16:55:15 | INFO     | crowdcount.trainer:297 - [Eval] mae=59.69  mse=92.00  time=10.5s  best_mae=57.40  best_mse=85.62
2026-03-19 16:55:15 | INFO     | crowdcount.trainer:301 - [Eval] density_mae=75.27  density_mse=109.53  best_density_mae=63.34
2026-03-19 16:55:15 | INFO     | crowdcount.trainer:240 - [MoE] epoch=232 training_stage=specialization
2026-03-19 16:55:28 | INFO     | crowdcount.engine:236 - Averaged stats: lr: 0.000099  loss_sum: 0.0699 (0.0823)  losses: 0.0396 (0.0407)  den_loss: 0.0320 (0.0414)  loss_ce: 0.0358 (0.0370)  loss_points: 0.0037 (0.0038)  loss_ce_unscaled: 0.0358 (0.0370)  loss_points_unscaled: 18.4113 (18.7747)  moe_aux_total: 0.0000 (0.0001)  moe_aux_raw: 0.0002 (0.0004)  l_balance: 0.1640 (0.1706)  l_decorr: 0.0002 (0.0004)  moe_temperature: 0.8418 (0.8419)  ema_usage_min: 0.0844 (0.0843)  ema_usage_max: 0.7130 (0.7126)
2026-03-19 16:55:28 | INFO     | crowdcount.trainer:256 - [ep 232][lr 0.0000989][13.23s]
2026-03-19 16:55:29 | INFO     | crowdcount.trainer:240 - [MoE] epoch=233 training_stage=specialization
2026-03-19 16:55:43 | INFO     | crowdcount.engine:236 - Averaged stats: lr: 0.000099  loss_sum: 0.0566 (0.0801)  losses: 0.0348 (0.0396)  den_loss: 0.0212 (0.0404)  loss_ce: 0.0317 (0.0359)  loss_points: 0.0036 (0.0037)  loss_ce_unscaled: 0.0317 (0.0359)  loss_points_unscaled: 18.1527 (18.5031)  moe_aux_total: 0.0001 (0.0001)  moe_aux_raw: 0.0003 (0.0003)  l_balance: 0.1461 (0.1566)  l_decorr: 0.0003 (0.0003)  moe_temperature: 0.8412 (0.8413)  ema_usage_min: 0.0869 (0.0864)  ema_usage_max: 0.7056 (0.7084)
2026-03-19 16:55:43 | INFO     | crowdcount.trainer:256 - [ep 233][lr 0.0000989][13.22s]
2026-03-19 16:55:44 | INFO     | crowdcount.trainer:240 - [MoE] epoch=234 training_stage=specialization
2026-03-19 16:55:58 | INFO     | crowdcount.engine:236 - Averaged stats: lr: 0.000099  loss_sum: 0.0575 (0.0776)  losses: 0.0348 (0.0395)  den_loss: 0.0232 (0.0380)  loss_ce: 0.0306 (0.0357)  loss_points: 0.0037 (0.0038)  loss_ce_unscaled: 0.0306 (0.0357)  loss_points_unscaled: 18.6430 (18.9836)  moe_aux_total: 0.0000 (0.0001)  moe_aux_raw: 0.0002 (0.0003)  l_balance: 0.1611 (0.1464)  l_decorr: 0.0002 (0.0003)  moe_temperature: 0.8405 (0.8407)  ema_usage_min: 0.0912 (0.0913)  ema_usage_max: 0.6992 (0.7009)
2026-03-19 16:55:58 | INFO     | crowdcount.trainer:256 - [ep 234][lr 0.0000989][13.36s]
2026-03-19 16:56:09 | INFO     | crowdcount.trainer:297 - [Eval] mae=74.96  mse=112.78  time=10.4s  best_mae=57.40  best_mse=85.62
2026-03-19 16:56:09 | INFO     | crowdcount.trainer:301 - [Eval] density_mae=77.49  density_mse=109.16  best_density_mae=63.34
2026-03-19 16:56:09 | INFO     | crowdcount.trainer:240 - [MoE] epoch=235 training_stage=specialization
2026-03-19 16:56:23 | INFO     | crowdcount.engine:236 - Averaged stats: lr: 0.000099  loss_sum: 0.0588 (0.0753)  losses: 0.0317 (0.0394)  den_loss: 0.0250 (0.0358)  loss_ce: 0.0281 (0.0357)  loss_points: 0.0036 (0.0038)  loss_ce_unscaled: 0.0281 (0.0357)  loss_points_unscaled: 17.8372 (18.8852)  moe_aux_total: 0.0000 (0.0001)  moe_aux_raw: 0.0002 (0.0003)  l_balance: 0.1290 (0.1530)  l_decorr: 0.0002 (0.0003)  moe_temperature: 0.8399 (0.8401)  ema_usage_min: 0.0904 (0.0899)  ema_usage_max: 0.6926 (0.6935)
2026-03-19 16:56:23 | INFO     | crowdcount.trainer:256 - [ep 235][lr 0.0000989][13.27s]
2026-03-19 16:56:24 | INFO     | crowdcount.trainer:240 - [MoE] epoch=236 training_stage=specialization
2026-03-19 16:56:37 | INFO     | crowdcount.engine:236 - Averaged stats: lr: 0.000099  loss_sum: 0.0630 (0.0837)  losses: 0.0368 (0.0413)  den_loss: 0.0307 (0.0423)  loss_ce: 0.0327 (0.0376)  loss_points: 0.0035 (0.0037)  loss_ce_unscaled: 0.0327 (0.0376)  loss_points_unscaled: 17.5119 (18.6269)  moe_aux_total: 0.0001 (0.0001)  moe_aux_raw: 0.0003 (0.0004)  l_balance: 0.1505 (0.1583)  l_decorr: 0.0003 (0.0004)  moe_temperature: 0.8393 (0.8394)  ema_usage_min: 0.0894 (0.0902)  ema_usage_max: 0.6850 (0.6865)
2026-03-19 16:56:37 | INFO     | crowdcount.trainer:256 - [ep 236][lr 0.0000989][13.05s]
2026-03-19 16:56:39 | INFO     | crowdcount.trainer:240 - [MoE] epoch=237 training_stage=specialization
2026-03-19 16:56:52 | INFO     | crowdcount.engine:236 - Averaged stats: lr: 0.000099  loss_sum: 0.0709 (0.0830)  losses: 0.0397 (0.0426)  den_loss: 0.0278 (0.0404)  loss_ce: 0.0357 (0.0389)  loss_points: 0.0036 (0.0037)  loss_ce_unscaled: 0.0357 (0.0389)  loss_points_unscaled: 18.1658 (18.2739)  moe_aux_total: 0.0000 (0.0001)  moe_aux_raw: 0.0002 (0.0003)  l_balance: 0.1538 (0.1649)  l_decorr: 0.0002 (0.0003)  moe_temperature: 0.8387 (0.8388)  ema_usage_min: 0.0893 (0.0896)  ema_usage_max: 0.6946 (0.6924)
2026-03-19 16:56:52 | INFO     | crowdcount.trainer:256 - [ep 237][lr 0.0000989][13.77s]
2026-03-19 16:57:04 | INFO     | crowdcount.trainer:297 - [Eval] mae=92.91  mse=139.37  time=10.3s  best_mae=57.40  best_mse=85.62
2026-03-19 16:57:04 | INFO     | crowdcount.trainer:301 - [Eval] density_mae=75.51  density_mse=113.20  best_density_mae=63.34
2026-03-19 16:57:04 | INFO     | crowdcount.trainer:240 - [MoE] epoch=238 training_stage=specialization
2026-03-19 16:57:17 | INFO     | crowdcount.engine:236 - Averaged stats: lr: 0.000099  loss_sum: 0.0595 (0.0755)  losses: 0.0344 (0.0402)  den_loss: 0.0243 (0.0352)  loss_ce: 0.0308 (0.0365)  loss_points: 0.0038 (0.0038)  loss_ce_unscaled: 0.0308 (0.0365)  loss_points_unscaled: 18.7829 (18.7519)  moe_aux_total: 0.0000 (0.0001)  moe_aux_raw: 0.0002 (0.0003)  l_balance: 0.1301 (0.1491)  l_decorr: 0.0002 (0.0003)  moe_temperature: 0.8380 (0.8382)  ema_usage_min: 0.0914 (0.0896)  ema_usage_max: 0.6881 (0.6912)
2026-03-19 16:57:17 | INFO     | crowdcount.trainer:256 - [ep 238][lr 0.0000989][12.82s]
2026-03-19 16:57:19 | INFO     | crowdcount.trainer:240 - [MoE] epoch=239 training_stage=specialization
2026-03-19 16:57:32 | INFO     | crowdcount.engine:236 - Averaged stats: lr: 0.000099  loss_sum: 0.0900 (0.0821)  losses: 0.0408 (0.0408)  den_loss: 0.0504 (0.0413)  loss_ce: 0.0368 (0.0370)  loss_points: 0.0037 (0.0038)  loss_ce_unscaled: 0.0368 (0.0370)  loss_points_unscaled: 18.4666 (18.8106)  moe_aux_total: 0.0001 (0.0001)  moe_aux_raw: 0.0003 (0.0003)  l_balance: 0.1290 (0.1400)  l_decorr: 0.0003 (0.0003)  moe_temperature: 0.8374 (0.8376)  ema_usage_min: 0.0932 (0.0924)  ema_usage_max: 0.6816 (0.6824)
2026-03-19 16:57:32 | INFO     | crowdcount.trainer:256 - [ep 239][lr 0.0000989][13.35s]
2026-03-19 16:57:33 | INFO     | crowdcount.trainer:240 - [MoE] epoch=240 training_stage=specialization
2026-03-19 16:57:47 | INFO     | crowdcount.engine:236 - Averaged stats: lr: 0.000099  loss_sum: 0.0449 (0.0711)  losses: 0.0323 (0.0396)  den_loss: 0.0141 (0.0314)  loss_ce: 0.0278 (0.0358)  loss_points: 0.0037 (0.0037)  loss_ce_unscaled: 0.0278 (0.0358)  loss_points_unscaled: 18.5676 (18.7097)  moe_aux_total: 0.0000 (0.0001)  moe_aux_raw: 0.0002 (0.0003)  l_balance: 0.1484 (0.1470)  l_decorr: 0.0002 (0.0003)  moe_temperature: 0.8368 (0.8370)  ema_usage_min: 0.0959 (0.0960)  ema_usage_max: 0.6777 (0.6769)
2026-03-19 16:57:47 | INFO     | crowdcount.trainer:256 - [ep 240][lr 0.0000989][13.27s]
2026-03-19 16:57:59 | INFO     | crowdcount.trainer:297 - [Eval] mae=71.38  mse=113.41  time=10.4s  best_mae=57.40  best_mse=85.62
2026-03-19 16:57:59 | INFO     | crowdcount.trainer:301 - [Eval] density_mae=64.85  density_mse=98.68  best_density_mae=63.34
2026-03-19 16:57:59 | INFO     | crowdcount.trainer:240 - [MoE] epoch=241 training_stage=specialization
2026-03-19 16:58:12 | INFO     | crowdcount.engine:236 - Averaged stats: lr: 0.000099  loss_sum: 0.0614 (0.0756)  losses: 0.0361 (0.0392)  den_loss: 0.0280 (0.0364)  loss_ce: 0.0328 (0.0356)  loss_points: 0.0034 (0.0036)  loss_ce_unscaled: 0.0328 (0.0356)  loss_points_unscaled: 16.8311 (17.9109)  moe_aux_total: 0.0000 (0.0001)  moe_aux_raw: 0.0002 (0.0003)  l_balance: 0.1477 (0.1485)  l_decorr: 0.0002 (0.0003)  moe_temperature: 0.8362 (0.8363)  ema_usage_min: 0.0954 (0.0961)  ema_usage_max: 0.6730 (0.6746)
2026-03-19 16:58:12 | INFO     | crowdcount.trainer:256 - [ep 241][lr 0.0000988][13.09s]
2026-03-19 16:58:13 | INFO     | crowdcount.trainer:240 - [MoE] epoch=242 training_stage=specialization
2026-03-19 16:58:26 | INFO     | crowdcount.engine:236 - Averaged stats: lr: 0.000099  loss_sum: 0.0703 (0.0762)  losses: 0.0379 (0.0392)  den_loss: 0.0288 (0.0370)  loss_ce: 0.0336 (0.0355)  loss_points: 0.0038 (0.0037)  loss_ce_unscaled: 0.0336 (0.0355)  loss_points_unscaled: 18.8108 (18.4874)  moe_aux_total: 0.0000 (0.0001)  moe_aux_raw: 0.0002 (0.0003)  l_balance: 0.1232 (0.1327)  l_decorr: 0.0002 (0.0003)  moe_temperature: 0.8356 (0.8357)  ema_usage_min: 0.1004 (0.0997)  ema_usage_max: 0.6656 (0.6687)
2026-03-19 16:58:26 | INFO     | crowdcount.trainer:256 - [ep 242][lr 0.0000988][13.22s]
2026-03-19 16:58:28 | INFO     | crowdcount.trainer:240 - [MoE] epoch=243 training_stage=specialization
2026-03-19 16:58:41 | INFO     | crowdcount.engine:236 - Averaged stats: lr: 0.000099  loss_sum: 0.0652 (0.0724)  losses: 0.0356 (0.0387)  den_loss: 0.0300 (0.0337)  loss_ce: 0.0316 (0.0348)  loss_points: 0.0038 (0.0039)  loss_ce_unscaled: 0.0316 (0.0348)  loss_points_unscaled: 18.8722 (19.4252)  moe_aux_total: 0.0000 (0.0001)  moe_aux_raw: 0.0002 (0.0003)  l_balance: 0.1185 (0.1323)  l_decorr: 0.0002 (0.0003)  moe_temperature: 0.8350 (0.8351)  ema_usage_min: 0.1072 (0.1055)  ema_usage_max: 0.6604 (0.6615)
2026-03-19 16:58:41 | INFO     | crowdcount.trainer:256 - [ep 243][lr 0.0000988][13.30s]
2026-03-19 16:58:53 | INFO     | crowdcount.trainer:297 - [Eval] mae=66.21  mse=97.84  time=10.4s  best_mae=57.40  best_mse=85.62
2026-03-19 16:58:53 | INFO     | crowdcount.trainer:301 - [Eval] density_mae=62.66  density_mse=93.44  best_density_mae=62.66
2026-03-19 16:58:53 | INFO     | crowdcount.trainer:240 - [MoE] epoch=244 training_stage=specialization
2026-03-19 16:59:07 | INFO     | crowdcount.engine:236 - Averaged stats: lr: 0.000099  loss_sum: 0.0631 (0.0743)  losses: 0.0370 (0.0405)  den_loss: 0.0260 (0.0338)  loss_ce: 0.0332 (0.0366)  loss_points: 0.0037 (0.0038)  loss_ce_unscaled: 0.0332 (0.0366)  loss_points_unscaled: 18.3314 (19.1435)  moe_aux_total: 0.0000 (0.0001)  moe_aux_raw: 0.0002 (0.0003)  l_balance: 0.1184 (0.1449)  l_decorr: 0.0002 (0.0003)  moe_temperature: 0.8343 (0.8345)  ema_usage_min: 0.1076 (0.1069)  ema_usage_max: 0.6652 (0.6642)
2026-03-19 16:59:07 | INFO     | crowdcount.trainer:256 - [ep 244][lr 0.0000988][13.55s]
2026-03-19 16:59:08 | INFO     | crowdcount.trainer:240 - [MoE] epoch=245 training_stage=specialization
2026-03-19 16:59:22 | INFO     | crowdcount.engine:236 - Averaged stats: lr: 0.000099  loss_sum: 0.0740 (0.0855)  losses: 0.0393 (0.0413)  den_loss: 0.0283 (0.0441)  loss_ce: 0.0353 (0.0377)  loss_points: 0.0034 (0.0036)  loss_ce_unscaled: 0.0353 (0.0377)  loss_points_unscaled: 17.1308 (18.1003)  moe_aux_total: 0.0000 (0.0001)  moe_aux_raw: 0.0002 (0.0003)  l_balance: 0.1251 (0.1316)  l_decorr: 0.0002 (0.0003)  moe_temperature: 0.8337 (0.8339)  ema_usage_min: 0.1104 (0.1098)  ema_usage_max: 0.6625 (0.6628)
2026-03-19 16:59:22 | INFO     | crowdcount.trainer:256 - [ep 245][lr 0.0000988][13.72s]
2026-03-19 16:59:23 | INFO     | crowdcount.trainer:240 - [MoE] epoch=246 training_stage=specialization
2026-03-19 16:59:36 | INFO     | crowdcount.engine:236 - Averaged stats: lr: 0.000099  loss_sum: 0.0609 (0.0755)  losses: 0.0371 (0.0396)  den_loss: 0.0272 (0.0359)  loss_ce: 0.0333 (0.0358)  loss_points: 0.0038 (0.0038)  loss_ce_unscaled: 0.0333 (0.0358)  loss_points_unscaled: 18.8296 (18.9812)  moe_aux_total: 0.0001 (0.0001)  moe_aux_raw: 0.0003 (0.0003)  l_balance: 0.1251 (0.1332)  l_decorr: 0.0003 (0.0003)  moe_temperature: 0.8331 (0.8332)  ema_usage_min: 0.1137 (0.1125)  ema_usage_max: 0.6602 (0.6599)
2026-03-19 16:59:36 | INFO     | crowdcount.trainer:256 - [ep 246][lr 0.0000988][13.21s]
2026-03-19 16:59:48 | INFO     | crowdcount.trainer:297 - [Eval] mae=67.54  mse=105.19  time=10.3s  best_mae=57.40  best_mse=85.62
2026-03-19 16:59:48 | INFO     | crowdcount.trainer:301 - [Eval] density_mae=62.68  density_mse=94.05  best_density_mae=62.66
2026-03-19 16:59:48 | INFO     | crowdcount.trainer:240 - [MoE] epoch=247 training_stage=specialization
2026-03-19 17:00:01 | INFO     | crowdcount.engine:236 - Averaged stats: lr: 0.000099  loss_sum: 0.0762 (0.0728)  losses: 0.0422 (0.0389)  den_loss: 0.0361 (0.0338)  loss_ce: 0.0378 (0.0353)  loss_points: 0.0034 (0.0036)  loss_ce_unscaled: 0.0378 (0.0353)  loss_points_unscaled: 17.2228 (18.0956)  moe_aux_total: 0.0001 (0.0001)  moe_aux_raw: 0.0003 (0.0003)  l_balance: 0.1352 (0.1315)  l_decorr: 0.0003 (0.0003)  moe_temperature: 0.8325 (0.8326)  ema_usage_min: 0.1161 (0.1154)  ema_usage_max: 0.6576 (0.6582)
2026-03-19 17:00:01 | INFO     | crowdcount.trainer:256 - [ep 247][lr 0.0000988][12.85s]
2026-03-19 17:00:02 | INFO     | crowdcount.trainer:240 - [MoE] epoch=248 training_stage=specialization
2026-03-19 17:00:15 | INFO     | crowdcount.engine:236 - Averaged stats: lr: 0.000099  loss_sum: 0.0549 (0.0726)  losses: 0.0347 (0.0392)  den_loss: 0.0215 (0.0334)  loss_ce: 0.0310 (0.0354)  loss_points: 0.0037 (0.0038)  loss_ce_unscaled: 0.0310 (0.0354)  loss_points_unscaled: 18.4974 (19.0191)  moe_aux_total: 0.0000 (0.0001)  moe_aux_raw: 0.0002 (0.0003)  l_balance: 0.1448 (0.1441)  l_decorr: 0.0002 (0.0003)  moe_temperature: 0.8319 (0.8320)  ema_usage_min: 0.1151 (0.1151)  ema_usage_max: 0.6573 (0.6573)
2026-03-19 17:00:15 | INFO     | crowdcount.trainer:256 - [ep 248][lr 0.0000988][12.57s]
2026-03-19 17:00:16 | INFO     | crowdcount.trainer:240 - [MoE] epoch=249 training_stage=specialization
2026-03-19 17:00:30 | INFO     | crowdcount.engine:236 - Averaged stats: lr: 0.000099  loss_sum: 0.0691 (0.0957)  losses: 0.0423 (0.0446)  den_loss: 0.0243 (0.0510)  loss_ce: 0.0389 (0.0408)  loss_points: 0.0034 (0.0037)  loss_ce_unscaled: 0.0389 (0.0408)  loss_points_unscaled: 16.9286 (18.7298)  moe_aux_total: 0.0000 (0.0001)  moe_aux_raw: 0.0002 (0.0003)  l_balance: 0.1036 (0.1212)  l_decorr: 0.0002 (0.0003)  moe_temperature: 0.8313 (0.8314)  ema_usage_min: 0.1184 (0.1162)  ema_usage_max: 0.6580 (0.6592)
2026-03-19 17:00:30 | INFO     | crowdcount.trainer:256 - [ep 249][lr 0.0000988][13.46s]
2026-03-19 17:00:42 | INFO     | crowdcount.trainer:297 - [Eval] mae=61.63  mse=103.38  time=10.5s  best_mae=57.40  best_mse=85.62
2026-03-19 17:00:42 | INFO     | crowdcount.trainer:301 - [Eval] density_mae=66.38  density_mse=103.31  best_density_mae=62.66
2026-03-19 17:00:42 | INFO     | crowdcount.trainer:240 - [MoE] epoch=250 training_stage=specialization
2026-03-19 17:00:55 | INFO     | crowdcount.engine:236 - Averaged stats: lr: 0.000099  loss_sum: 0.0662 (0.0768)  losses: 0.0372 (0.0401)  den_loss: 0.0258 (0.0366)  loss_ce: 0.0330 (0.0364)  loss_points: 0.0036 (0.0037)  loss_ce_unscaled: 0.0330 (0.0364)  loss_points_unscaled: 17.8648 (18.6143)  moe_aux_total: 0.0000 (0.0001)  moe_aux_raw: 0.0002 (0.0003)  l_balance: 0.1320 (0.1408)  l_decorr: 0.0002 (0.0003)  moe_temperature: 0.8306 (0.8308)  ema_usage_min: 0.1138 (0.1158)  ema_usage_max: 0.6568 (0.6565)
2026-03-19 17:00:55 | INFO     | crowdcount.trainer:256 - [ep 250][lr 0.0000988][12.73s]
2026-03-19 17:00:56 | INFO     | crowdcount.trainer:240 - [MoE] epoch=251 training_stage=specialization
2026-03-19 17:01:09 | INFO     | crowdcount.engine:236 - Averaged stats: lr: 0.000099  loss_sum: 0.0799 (0.0774)  losses: 0.0400 (0.0405)  den_loss: 0.0336 (0.0368)  loss_ce: 0.0356 (0.0368)  loss_points: 0.0037 (0.0037)  loss_ce_unscaled: 0.0356 (0.0368)  loss_points_unscaled: 18.7401 (18.4278)  moe_aux_total: 0.0000 (0.0001)  moe_aux_raw: 0.0002 (0.0003)  l_balance: 0.1373 (0.1486)  l_decorr: 0.0002 (0.0003)  moe_temperature: 0.8300 (0.8302)  ema_usage_min: 0.1079 (0.1093)  ema_usage_max: 0.6524 (0.6531)
2026-03-19 17:01:09 | INFO     | crowdcount.trainer:256 - [ep 251][lr 0.0000987][12.89s]
2026-03-19 17:01:10 | INFO     | crowdcount.trainer:240 - [MoE] epoch=252 training_stage=specialization
2026-03-19 17:01:23 | INFO     | crowdcount.engine:236 - Averaged stats: lr: 0.000099  loss_sum: 0.0715 (0.0732)  losses: 0.0385 (0.0385)  den_loss: 0.0316 (0.0346)  loss_ce: 0.0345 (0.0347)  loss_points: 0.0038 (0.0038)  loss_ce_unscaled: 0.0345 (0.0347)  loss_points_unscaled: 19.0328 (18.8016)  moe_aux_total: 0.0000 (0.0000)  moe_aux_raw: 0.0002 (0.0002)  l_balance: 0.1376 (0.1370)  l_decorr: 0.0002 (0.0002)  moe_temperature: 0.8294 (0.8296)  ema_usage_min: 0.1004 (0.1023)  ema_usage_max: 0.6355 (0.6408)
2026-03-19 17:01:23 | INFO     | crowdcount.trainer:256 - [ep 252][lr 0.0000987][13.01s]
2026-03-19 17:01:35 | INFO     | crowdcount.trainer:297 - [Eval] mae=59.71  mse=91.36  time=10.4s  best_mae=57.40  best_mse=85.62
2026-03-19 17:01:35 | INFO     | crowdcount.trainer:301 - [Eval] density_mae=78.77  density_mse=104.50  best_density_mae=62.66
2026-03-19 17:01:35 | INFO     | crowdcount.trainer:240 - [MoE] epoch=253 training_stage=specialization
2026-03-19 17:01:49 | INFO     | crowdcount.engine:236 - Averaged stats: lr: 0.000099  loss_sum: 0.0701 (0.0798)  losses: 0.0406 (0.0389)  den_loss: 0.0305 (0.0408)  loss_ce: 0.0373 (0.0352)  loss_points: 0.0037 (0.0037)  loss_ce_unscaled: 0.0373 (0.0352)  loss_points_unscaled: 18.4611 (18.5287)  moe_aux_total: 0.0001 (0.0001)  moe_aux_raw: 0.0003 (0.0003)  l_balance: 0.1526 (0.1607)  l_decorr: 0.0003 (0.0003)  moe_temperature: 0.8288 (0.8289)  ema_usage_min: 0.0915 (0.0937)  ema_usage_max: 0.6299 (0.6310)
2026-03-19 17:01:49 | INFO     | crowdcount.trainer:256 - [ep 253][lr 0.0000987][13.67s]
2026-03-19 17:01:50 | INFO     | crowdcount.trainer:240 - [MoE] epoch=254 training_stage=specialization
2026-03-19 17:02:03 | INFO     | crowdcount.engine:236 - Averaged stats: lr: 0.000099  loss_sum: 0.0744 (0.0840)  losses: 0.0399 (0.0430)  den_loss: 0.0303 (0.0409)  loss_ce: 0.0362 (0.0393)  loss_points: 0.0037 (0.0037)  loss_ce_unscaled: 0.0362 (0.0393)  loss_points_unscaled: 18.4594 (18.5143)  moe_aux_total: 0.0001 (0.0001)  moe_aux_raw: 0.0003 (0.0003)  l_balance: 0.1547 (0.1658)  l_decorr: 0.0003 (0.0003)  moe_temperature: 0.8282 (0.8283)  ema_usage_min: 0.0841 (0.0856)  ema_usage_max: 0.6327 (0.6329)
2026-03-19 17:02:03 | INFO     | crowdcount.trainer:256 - [ep 254][lr 0.0000987][13.31s]
2026-03-19 17:02:05 | INFO     | crowdcount.trainer:240 - [MoE] epoch=255 training_stage=specialization
2026-03-19 17:02:18 | INFO     | crowdcount.engine:236 - Averaged stats: lr: 0.000099  loss_sum: 0.0514 (0.0752)  losses: 0.0337 (0.0399)  den_loss: 0.0213 (0.0352)  loss_ce: 0.0307 (0.0362)  loss_points: 0.0036 (0.0037)  loss_ce_unscaled: 0.0307 (0.0362)  loss_points_unscaled: 18.2294 (18.4564)  moe_aux_total: 0.0000 (0.0001)  moe_aux_raw: 0.0002 (0.0003)  l_balance: 0.1407 (0.1512)  l_decorr: 0.0002 (0.0003)  moe_temperature: 0.8276 (0.8277)  ema_usage_min: 0.0814 (0.0822)  ema_usage_max: 0.6340 (0.6337)
2026-03-19 17:02:18 | INFO     | crowdcount.trainer:256 - [ep 255][lr 0.0000987][12.75s]
2026-03-19 17:02:29 | INFO     | crowdcount.trainer:297 - [Eval] mae=80.49  mse=121.72  time=10.4s  best_mae=57.40  best_mse=85.62
2026-03-19 17:02:29 | INFO     | crowdcount.trainer:301 - [Eval] density_mae=86.79  density_mse=128.17  best_density_mae=62.66
2026-03-19 17:02:29 | INFO     | crowdcount.trainer:240 - [MoE] epoch=256 training_stage=specialization
2026-03-19 17:02:42 | INFO     | crowdcount.engine:236 - Averaged stats: lr: 0.000099  loss_sum: 0.0517 (0.0717)  losses: 0.0352 (0.0391)  den_loss: 0.0235 (0.0325)  loss_ce: 0.0317 (0.0353)  loss_points: 0.0037 (0.0038)  loss_ce_unscaled: 0.0317 (0.0353)  loss_points_unscaled: 18.6963 (19.0949)  moe_aux_total: 0.0000 (0.0001)  moe_aux_raw: 0.0002 (0.0003)  l_balance: 0.1592 (0.1612)  l_decorr: 0.0002 (0.0003)  moe_temperature: 0.8270 (0.8271)  ema_usage_min: 0.0804 (0.0814)  ema_usage_max: 0.6272 (0.6268)
2026-03-19 17:02:42 | INFO     | crowdcount.trainer:256 - [ep 256][lr 0.0000987][12.90s]
2026-03-19 17:02:44 | INFO     | crowdcount.trainer:240 - [MoE] epoch=257 training_stage=specialization
2026-03-19 17:02:58 | INFO     | crowdcount.engine:236 - Averaged stats: lr: 0.000099  loss_sum: 0.0657 (0.0767)  losses: 0.0406 (0.0395)  den_loss: 0.0292 (0.0371)  loss_ce: 0.0366 (0.0358)  loss_points: 0.0035 (0.0037)  loss_ce_unscaled: 0.0366 (0.0358)  loss_points_unscaled: 17.7496 (18.5110)  moe_aux_total: 0.0001 (0.0001)  moe_aux_raw: 0.0003 (0.0003)  l_balance: 0.1585 (0.1673)  l_decorr: 0.0003 (0.0003)  moe_temperature: 0.8263 (0.8265)  ema_usage_min: 0.0769 (0.0776)  ema_usage_max: 0.6311 (0.6304)
2026-03-19 17:02:58 | INFO     | crowdcount.trainer:256 - [ep 257][lr 0.0000987][13.73s]
2026-03-19 17:02:59 | INFO     | crowdcount.trainer:240 - [MoE] epoch=258 training_stage=specialization
2026-03-19 17:03:12 | INFO     | crowdcount.engine:236 - Averaged stats: lr: 0.000099  loss_sum: 0.0577 (0.0705)  losses: 0.0362 (0.0379)  den_loss: 0.0194 (0.0325)  loss_ce: 0.0320 (0.0342)  loss_points: 0.0038 (0.0037)  loss_ce_unscaled: 0.0320 (0.0342)  loss_points_unscaled: 18.8101 (18.4666)  moe_aux_total: 0.0000 (0.0001)  moe_aux_raw: 0.0002 (0.0003)  l_balance: 0.1484 (0.1531)  l_decorr: 0.0002 (0.0003)  moe_temperature: 0.8257 (0.8259)  ema_usage_min: 0.0787 (0.0783)  ema_usage_max: 0.6345 (0.6349)
2026-03-19 17:03:12 | INFO     | crowdcount.trainer:256 - [ep 258][lr 0.0000987][13.41s]
2026-03-19 17:03:24 | INFO     | crowdcount.trainer:297 - [Eval] mae=60.90  mse=95.72  time=10.4s  best_mae=57.40  best_mse=85.62
2026-03-19 17:03:24 | INFO     | crowdcount.trainer:301 - [Eval] density_mae=75.79  density_mse=107.53  best_density_mae=62.66
2026-03-19 17:03:24 | INFO     | crowdcount.trainer:240 - [MoE] epoch=259 training_stage=specialization
2026-03-19 17:03:37 | INFO     | crowdcount.engine:236 - Averaged stats: lr: 0.000099  loss_sum: 0.0815 (0.0804)  losses: 0.0391 (0.0403)  den_loss: 0.0365 (0.0400)  loss_ce: 0.0361 (0.0366)  loss_points: 0.0036 (0.0037)  loss_ce_unscaled: 0.0361 (0.0366)  loss_points_unscaled: 17.8077 (18.5764)  moe_aux_total: 0.0000 (0.0001)  moe_aux_raw: 0.0002 (0.0003)  l_balance: 0.1287 (0.1510)  l_decorr: 0.0002 (0.0003)  moe_temperature: 0.8251 (0.8253)  ema_usage_min: 0.0774 (0.0771)  ema_usage_max: 0.6358 (0.6364)
2026-03-19 17:03:37 | INFO     | crowdcount.trainer:256 - [ep 259][lr 0.0000987][13.14s]
2026-03-19 17:03:38 | INFO     | crowdcount.trainer:240 - [MoE] epoch=260 training_stage=specialization
2026-03-19 17:03:52 | INFO     | crowdcount.engine:236 - Averaged stats: lr: 0.000099  loss_sum: 0.0548 (0.0724)  losses: 0.0337 (0.0402)  den_loss: 0.0186 (0.0322)  loss_ce: 0.0298 (0.0365)  loss_points: 0.0037 (0.0038)  loss_ce_unscaled: 0.0298 (0.0365)  loss_points_unscaled: 18.5862 (18.7694)  moe_aux_total: 0.0000 (0.0001)  moe_aux_raw: 0.0002 (0.0003)  l_balance: 0.1469 (0.1536)  l_decorr: 0.0002 (0.0003)  moe_temperature: 0.8245 (0.8247)  ema_usage_min: 0.0788 (0.0785)  ema_usage_max: 0.6336 (0.6339)
2026-03-19 17:03:52 | INFO     | crowdcount.trainer:256 - [ep 260][lr 0.0000987][13.09s]
2026-03-19 17:03:53 | INFO     | crowdcount.trainer:240 - [MoE] epoch=261 training_stage=specialization
2026-03-19 17:04:06 | INFO     | crowdcount.engine:236 - Averaged stats: lr: 0.000099  loss_sum: 0.0614 (0.0876)  losses: 0.0392 (0.0423)  den_loss: 0.0238 (0.0452)  loss_ce: 0.0364 (0.0387)  loss_points: 0.0036 (0.0037)  loss_ce_unscaled: 0.0364 (0.0387)  loss_points_unscaled: 17.7818 (18.2506)  moe_aux_total: 0.0000 (0.0001)  moe_aux_raw: 0.0002 (0.0003)  l_balance: 0.1461 (0.1555)  l_decorr: 0.0002 (0.0003)  moe_temperature: 0.8239 (0.8241)  ema_usage_min: 0.0778 (0.0777)  ema_usage_max: 0.6356 (0.6336)
2026-03-19 17:04:06 | INFO     | crowdcount.trainer:256 - [ep 261][lr 0.0000986][13.48s]
2026-03-19 17:04:18 | INFO     | crowdcount.trainer:297 - [Eval] mae=95.93  mse=147.17  time=10.5s  best_mae=57.40  best_mse=85.62
2026-03-19 17:04:18 | INFO     | crowdcount.trainer:301 - [Eval] density_mae=76.43  density_mse=109.20  best_density_mae=62.66
2026-03-19 17:04:18 | INFO     | crowdcount.trainer:240 - [MoE] epoch=262 training_stage=specialization
2026-03-19 17:04:32 | INFO     | crowdcount.engine:236 - Averaged stats: lr: 0.000099  loss_sum: 0.0625 (0.0736)  losses: 0.0367 (0.0401)  den_loss: 0.0282 (0.0334)  loss_ce: 0.0319 (0.0364)  loss_points: 0.0038 (0.0037)  loss_ce_unscaled: 0.0319 (0.0364)  loss_points_unscaled: 18.8197 (18.6733)  moe_aux_total: 0.0000 (0.0001)  moe_aux_raw: 0.0002 (0.0003)  l_balance: 0.1495 (0.1784)  l_decorr: 0.0002 (0.0003)  moe_temperature: 0.8233 (0.8234)  ema_usage_min: 0.0733 (0.0745)  ema_usage_max: 0.6445 (0.6415)
2026-03-19 17:04:32 | INFO     | crowdcount.trainer:256 - [ep 262][lr 0.0000986][13.05s]
2026-03-19 17:04:33 | INFO     | crowdcount.trainer:240 - [MoE] epoch=263 training_stage=specialization
2026-03-19 17:04:46 | INFO     | crowdcount.engine:236 - Averaged stats: lr: 0.000099  loss_sum: 0.0627 (0.0787)  losses: 0.0342 (0.0410)  den_loss: 0.0218 (0.0377)  loss_ce: 0.0301 (0.0374)  loss_points: 0.0035 (0.0036)  loss_ce_unscaled: 0.0301 (0.0374)  loss_points_unscaled: 17.4811 (17.9407)  moe_aux_total: 0.0000 (0.0001)  moe_aux_raw: 0.0002 (0.0003)  l_balance: 0.1631 (0.1855)  l_decorr: 0.0002 (0.0003)  moe_temperature: 0.8227 (0.8228)  ema_usage_min: 0.0737 (0.0733)  ema_usage_max: 0.6599 (0.6553)
2026-03-19 17:04:46 | INFO     | crowdcount.trainer:256 - [ep 263][lr 0.0000986][12.77s]
2026-03-19 17:04:47 | INFO     | crowdcount.trainer:240 - [MoE] epoch=264 training_stage=specialization
2026-03-19 17:05:01 | INFO     | crowdcount.engine:236 - Averaged stats: lr: 0.000099  loss_sum: 0.0653 (0.0998)  losses: 0.0391 (0.0440)  den_loss: 0.0261 (0.0557)  loss_ce: 0.0355 (0.0404)  loss_points: 0.0036 (0.0036)  loss_ce_unscaled: 0.0355 (0.0404)  loss_points_unscaled: 17.7564 (17.8237)  moe_aux_total: 0.0000 (0.0001)  moe_aux_raw: 0.0002 (0.0003)  l_balance: 0.1592 (0.1799)  l_decorr: 0.0002 (0.0003)  moe_temperature: 0.8221 (0.8222)  ema_usage_min: 0.0748 (0.0742)  ema_usage_max: 0.6660 (0.6644)
2026-03-19 17:05:01 | INFO     | crowdcount.trainer:256 - [ep 264][lr 0.0000986][13.72s]
2026-03-19 17:05:13 | INFO     | crowdcount.trainer:297 - [Eval] mae=70.85  mse=111.20  time=10.5s  best_mae=57.40  best_mse=85.62
2026-03-19 17:05:13 | INFO     | crowdcount.trainer:301 - [Eval] density_mae=73.85  density_mse=112.50  best_density_mae=62.66
2026-03-19 17:05:13 | INFO     | crowdcount.trainer:240 - [MoE] epoch=265 training_stage=specialization
2026-03-19 17:05:26 | INFO     | crowdcount.engine:236 - Averaged stats: lr: 0.000099  loss_sum: 0.0604 (0.0771)  losses: 0.0360 (0.0400)  den_loss: 0.0242 (0.0371)  loss_ce: 0.0326 (0.0363)  loss_points: 0.0036 (0.0036)  loss_ce_unscaled: 0.0326 (0.0363)  loss_points_unscaled: 18.1796 (18.2344)  moe_aux_total: 0.0000 (0.0001)  moe_aux_raw: 0.0002 (0.0003)  l_balance: 0.1409 (0.1728)  l_decorr: 0.0002 (0.0003)  moe_temperature: 0.8215 (0.8216)  ema_usage_min: 0.0739 (0.0742)  ema_usage_max: 0.6720 (0.6715)
2026-03-19 17:05:26 | INFO     | crowdcount.trainer:256 - [ep 265][lr 0.0000986][13.15s]
2026-03-19 17:05:27 | INFO     | crowdcount.trainer:240 - [MoE] epoch=266 training_stage=specialization
2026-03-19 17:05:40 | INFO     | crowdcount.engine:236 - Averaged stats: lr: 0.000099  loss_sum: 0.0562 (0.0731)  losses: 0.0355 (0.0388)  den_loss: 0.0213 (0.0342)  loss_ce: 0.0320 (0.0350)  loss_points: 0.0036 (0.0038)  loss_ce_unscaled: 0.0320 (0.0350)  loss_points_unscaled: 17.9932 (18.9327)  moe_aux_total: 0.0000 (0.0001)  moe_aux_raw: 0.0002 (0.0003)  l_balance: 0.1842 (0.1911)  l_decorr: 0.0002 (0.0003)  moe_temperature: 0.8209 (0.8210)  ema_usage_min: 0.0731 (0.0739)  ema_usage_max: 0.6759 (0.6740)
2026-03-19 17:05:40 | INFO     | crowdcount.trainer:256 - [ep 266][lr 0.0000986][13.18s]
2026-03-19 17:05:42 | INFO     | crowdcount.trainer:240 - [MoE] epoch=267 training_stage=specialization
2026-03-19 17:05:55 | INFO     | crowdcount.engine:236 - Averaged stats: lr: 0.000099  loss_sum: 0.0602 (0.0781)  losses: 0.0344 (0.0392)  den_loss: 0.0220 (0.0389)  loss_ce: 0.0307 (0.0356)  loss_points: 0.0033 (0.0036)  loss_ce_unscaled: 0.0307 (0.0356)  loss_points_unscaled: 16.6928 (18.0912)  moe_aux_total: 0.0000 (0.0001)  moe_aux_raw: 0.0002 (0.0004)  l_balance: 0.1930 (0.1907)  l_decorr: 0.0002 (0.0004)  moe_temperature: 0.8203 (0.8204)  ema_usage_min: 0.0691 (0.0699)  ema_usage_max: 0.6778 (0.6768)
2026-03-19 17:05:55 | INFO     | crowdcount.trainer:256 - [ep 267][lr 0.0000986][13.68s]
2026-03-19 17:06:07 | INFO     | crowdcount.trainer:297 - [Eval] mae=62.12  mse=98.55  time=10.4s  best_mae=57.40  best_mse=85.62
2026-03-19 17:06:07 | INFO     | crowdcount.trainer:301 - [Eval] density_mae=70.01  density_mse=98.59  best_density_mae=62.66
2026-03-19 17:06:07 | INFO     | crowdcount.trainer:240 - [MoE] epoch=268 training_stage=specialization
2026-03-19 17:06:20 | INFO     | crowdcount.engine:236 - Averaged stats: lr: 0.000099  loss_sum: 0.0791 (0.0768)  losses: 0.0380 (0.0399)  den_loss: 0.0349 (0.0368)  loss_ce: 0.0344 (0.0361)  loss_points: 0.0037 (0.0038)  loss_ce_unscaled: 0.0344 (0.0361)  loss_points_unscaled: 18.4155 (18.7635)  moe_aux_total: 0.0001 (0.0001)  moe_aux_raw: 0.0003 (0.0005)  l_balance: 0.1751 (0.1923)  l_decorr: 0.0003 (0.0005)  moe_temperature: 0.8196 (0.8198)  ema_usage_min: 0.0681 (0.0683)  ema_usage_max: 0.6840 (0.6846)
2026-03-19 17:06:20 | INFO     | crowdcount.trainer:256 - [ep 268][lr 0.0000986][13.30s]
2026-03-19 17:06:22 | INFO     | crowdcount.trainer:240 - [MoE] epoch=269 training_stage=specialization
2026-03-19 17:06:36 | INFO     | crowdcount.engine:236 - Averaged stats: lr: 0.000099  loss_sum: 0.0755 (0.0828)  losses: 0.0406 (0.0392)  den_loss: 0.0315 (0.0436)  loss_ce: 0.0363 (0.0355)  loss_points: 0.0036 (0.0037)  loss_ce_unscaled: 0.0363 (0.0355)  loss_points_unscaled: 18.1358 (18.4632)  moe_aux_total: 0.0001 (0.0001)  moe_aux_raw: 0.0003 (0.0004)  l_balance: 0.1850 (0.1746)  l_decorr: 0.0003 (0.0004)  moe_temperature: 0.8190 (0.8192)  ema_usage_min: 0.0699 (0.0691)  ema_usage_max: 0.6794 (0.6806)
2026-03-19 17:06:36 | INFO     | crowdcount.trainer:256 - [ep 269][lr 0.0000986][13.70s]
2026-03-19 17:06:37 | INFO     | crowdcount.trainer:240 - [MoE] epoch=270 training_stage=specialization
2026-03-19 17:06:51 | INFO     | crowdcount.engine:236 - Averaged stats: lr: 0.000099  loss_sum: 0.0684 (0.0810)  losses: 0.0367 (0.0409)  den_loss: 0.0319 (0.0401)  loss_ce: 0.0329 (0.0372)  loss_points: 0.0035 (0.0037)  loss_ce_unscaled: 0.0329 (0.0372)  loss_points_unscaled: 17.7356 (18.5667)  moe_aux_total: 0.0001 (0.0001)  moe_aux_raw: 0.0003 (0.0003)  l_balance: 0.1592 (0.1793)  l_decorr: 0.0003 (0.0003)  moe_temperature: 0.8184 (0.8186)  ema_usage_min: 0.0659 (0.0671)  ema_usage_max: 0.6734 (0.6768)
2026-03-19 17:06:51 | INFO     | crowdcount.trainer:256 - [ep 270][lr 0.0000986][13.70s]
2026-03-19 17:07:03 | INFO     | crowdcount.trainer:297 - [Eval] mae=59.42  mse=91.40  time=10.3s  best_mae=57.40  best_mse=85.62
2026-03-19 17:07:03 | INFO     | crowdcount.trainer:301 - [Eval] density_mae=72.76  density_mse=106.41  best_density_mae=62.66
2026-03-19 17:07:03 | INFO     | crowdcount.trainer:240 - [MoE] epoch=271 training_stage=specialization
2026-03-19 17:07:16 | INFO     | crowdcount.engine:236 - Averaged stats: lr: 0.000099  loss_sum: 0.0654 (0.0837)  losses: 0.0354 (0.0394)  den_loss: 0.0295 (0.0442)  loss_ce: 0.0318 (0.0358)  loss_points: 0.0036 (0.0037)  loss_ce_unscaled: 0.0318 (0.0358)  loss_points_unscaled: 18.0420 (18.2967)  moe_aux_total: 0.0001 (0.0001)  moe_aux_raw: 0.0003 (0.0004)  l_balance: 0.1696 (0.1818)  l_decorr: 0.0003 (0.0004)  moe_temperature: 0.8178 (0.8180)  ema_usage_min: 0.0658 (0.0655)  ema_usage_max: 0.6684 (0.6695)
2026-03-19 17:07:16 | INFO     | crowdcount.trainer:256 - [ep 271][lr 0.0000985][13.75s]
2026-03-19 17:07:18 | INFO     | crowdcount.trainer:240 - [MoE] epoch=272 training_stage=specialization
2026-03-19 17:07:31 | INFO     | crowdcount.engine:236 - Averaged stats: lr: 0.000099  loss_sum: 0.0664 (0.0779)  losses: 0.0374 (0.0399)  den_loss: 0.0323 (0.0379)  loss_ce: 0.0334 (0.0363)  loss_points: 0.0038 (0.0036)  loss_ce_unscaled: 0.0334 (0.0363)  loss_points_unscaled: 19.1795 (18.1066)  moe_aux_total: 0.0000 (0.0001)  moe_aux_raw: 0.0002 (0.0003)  l_balance: 0.1697 (0.1795)  l_decorr: 0.0002 (0.0003)  moe_temperature: 0.8172 (0.8174)  ema_usage_min: 0.0646 (0.0644)  ema_usage_max: 0.6635 (0.6646)
2026-03-19 17:07:31 | INFO     | crowdcount.trainer:256 - [ep 272][lr 0.0000985][13.31s]
2026-03-19 17:07:33 | INFO     | crowdcount.trainer:240 - [MoE] epoch=273 training_stage=specialization
2026-03-19 17:07:46 | INFO     | crowdcount.engine:236 - Averaged stats: lr: 0.000099  loss_sum: 0.0654 (0.0747)  losses: 0.0397 (0.0389)  den_loss: 0.0281 (0.0357)  loss_ce: 0.0362 (0.0353)  loss_points: 0.0035 (0.0036)  loss_ce_unscaled: 0.0362 (0.0353)  loss_points_unscaled: 17.5504 (17.8208)  moe_aux_total: 0.0000 (0.0001)  moe_aux_raw: 0.0002 (0.0003)  l_balance: 0.1876 (0.1899)  l_decorr: 0.0002 (0.0003)  moe_temperature: 0.8166 (0.8168)  ema_usage_min: 0.0637 (0.0639)  ema_usage_max: 0.6658 (0.6653)
2026-03-19 17:07:46 | INFO     | crowdcount.trainer:256 - [ep 273][lr 0.0000985][13.37s]
2026-03-19 17:07:59 | INFO     | crowdcount.trainer:297 - [Eval] mae=71.25  mse=109.30  time=11.1s  best_mae=57.40  best_mse=85.62
2026-03-19 17:07:59 | INFO     | crowdcount.trainer:301 - [Eval] density_mae=73.39  density_mse=106.35  best_density_mae=62.66
2026-03-19 17:07:59 | INFO     | crowdcount.trainer:240 - [MoE] epoch=274 training_stage=specialization
2026-03-19 17:08:12 | INFO     | crowdcount.engine:236 - Averaged stats: lr: 0.000099  loss_sum: 0.0617 (0.0683)  losses: 0.0372 (0.0377)  den_loss: 0.0257 (0.0305)  loss_ce: 0.0338 (0.0341)  loss_points: 0.0036 (0.0036)  loss_ce_unscaled: 0.0338 (0.0341)  loss_points_unscaled: 17.8028 (18.0185)  moe_aux_total: 0.0000 (0.0000)  moe_aux_raw: 0.0002 (0.0002)  l_balance: 0.1897 (0.1974)  l_decorr: 0.0002 (0.0002)  moe_temperature: 0.8160 (0.8162)  ema_usage_min: 0.0588 (0.0598)  ema_usage_max: 0.6612 (0.6625)
2026-03-19 17:08:12 | INFO     | crowdcount.trainer:256 - [ep 274][lr 0.0000985][13.07s]
2026-03-19 17:08:13 | INFO     | crowdcount.trainer:240 - [MoE] epoch=275 training_stage=specialization
2026-03-19 17:08:26 | INFO     | crowdcount.engine:236 - Averaged stats: lr: 0.000098  loss_sum: 0.0577 (0.0730)  losses: 0.0325 (0.0387)  den_loss: 0.0213 (0.0343)  loss_ce: 0.0291 (0.0350)  loss_points: 0.0035 (0.0036)  loss_ce_unscaled: 0.0291 (0.0350)  loss_points_unscaled: 17.3532 (18.1867)  moe_aux_total: 0.0000 (0.0001)  moe_aux_raw: 0.0002 (0.0003)  l_balance: 0.1876 (0.1993)  l_decorr: 0.0002 (0.0003)  moe_temperature: 0.8154 (0.8156)  ema_usage_min: 0.0572 (0.0572)  ema_usage_max: 0.6634 (0.6627)
2026-03-19 17:08:26 | INFO     | crowdcount.trainer:256 - [ep 275][lr 0.0000985][12.99s]
2026-03-19 17:08:28 | INFO     | crowdcount.trainer:240 - [MoE] epoch=276 training_stage=specialization
2026-03-19 17:08:40 | INFO     | crowdcount.engine:236 - Averaged stats: lr: 0.000098  loss_sum: 0.0554 (0.0645)  losses: 0.0343 (0.0373)  den_loss: 0.0201 (0.0272)  loss_ce: 0.0303 (0.0335)  loss_points: 0.0035 (0.0038)  loss_ce_unscaled: 0.0303 (0.0335)  loss_points_unscaled: 17.7472 (18.9071)  moe_aux_total: 0.0000 (0.0001)  moe_aux_raw: 0.0002 (0.0003)  l_balance: 0.1793 (0.2037)  l_decorr: 0.0002 (0.0003)  moe_temperature: 0.8148 (0.8150)  ema_usage_min: 0.0558 (0.0562)  ema_usage_max: 0.6640 (0.6646)
2026-03-19 17:08:40 | INFO     | crowdcount.trainer:256 - [ep 276][lr 0.0000985][12.77s]
2026-03-19 17:08:52 | INFO     | crowdcount.trainer:297 - [Eval] mae=87.65  mse=133.39  time=10.4s  best_mae=57.40  best_mse=85.62
2026-03-19 17:08:52 | INFO     | crowdcount.trainer:301 - [Eval] density_mae=70.46  density_mse=105.13  best_density_mae=62.66
2026-03-19 17:08:52 | INFO     | crowdcount.trainer:240 - [MoE] epoch=277 training_stage=specialization
2026-03-19 17:09:05 | INFO     | crowdcount.engine:236 - Averaged stats: lr: 0.000098  loss_sum: 0.0659 (0.0802)  losses: 0.0375 (0.0397)  den_loss: 0.0294 (0.0404)  loss_ce: 0.0337 (0.0361)  loss_points: 0.0035 (0.0037)  loss_ce_unscaled: 0.0337 (0.0361)  loss_points_unscaled: 17.6342 (18.2957)  moe_aux_total: 0.0001 (0.0001)  moe_aux_raw: 0.0003 (0.0004)  l_balance: 0.1722 (0.1884)  l_decorr: 0.0003 (0.0004)  moe_temperature: 0.8142 (0.8144)  ema_usage_min: 0.0586 (0.0572)  ema_usage_max: 0.6653 (0.6651)
2026-03-19 17:09:05 | INFO     | crowdcount.trainer:256 - [ep 277][lr 0.0000985][13.30s]
2026-03-19 17:09:07 | INFO     | crowdcount.trainer:240 - [MoE] epoch=278 training_stage=specialization
2026-03-19 17:09:20 | INFO     | crowdcount.engine:236 - Averaged stats: lr: 0.000098  loss_sum: 0.0694 (0.0823)  losses: 0.0384 (0.0409)  den_loss: 0.0316 (0.0413)  loss_ce: 0.0355 (0.0373)  loss_points: 0.0036 (0.0036)  loss_ce_unscaled: 0.0355 (0.0373)  loss_points_unscaled: 18.0367 (17.9873)  moe_aux_total: 0.0000 (0.0001)  moe_aux_raw: 0.0002 (0.0003)  l_balance: 0.1800 (0.1854)  l_decorr: 0.0002 (0.0003)  moe_temperature: 0.8136 (0.8138)  ema_usage_min: 0.0585 (0.0584)  ema_usage_max: 0.6554 (0.6587)
2026-03-19 17:09:20 | INFO     | crowdcount.trainer:256 - [ep 278][lr 0.0000985][13.55s]
2026-03-19 17:09:22 | INFO     | crowdcount.trainer:240 - [MoE] epoch=279 training_stage=specialization
2026-03-19 17:09:35 | INFO     | crowdcount.engine:236 - Averaged stats: lr: 0.000098  loss_sum: 0.0613 (0.0805)  losses: 0.0369 (0.0412)  den_loss: 0.0275 (0.0393)  loss_ce: 0.0329 (0.0375)  loss_points: 0.0036 (0.0037)  loss_ce_unscaled: 0.0329 (0.0375)  loss_points_unscaled: 18.0688 (18.5349)  moe_aux_total: 0.0000 (0.0001)  moe_aux_raw: 0.0002 (0.0003)  l_balance: 0.1817 (0.1836)  l_decorr: 0.0002 (0.0003)  moe_temperature: 0.8130 (0.8131)  ema_usage_min: 0.0612 (0.0602)  ema_usage_max: 0.6523 (0.6531)
2026-03-19 17:09:35 | INFO     | crowdcount.trainer:256 - [ep 279][lr 0.0000985][13.43s]
2026-03-19 17:09:47 | INFO     | crowdcount.trainer:297 - [Eval] mae=69.70  mse=98.93  time=10.5s  best_mae=57.40  best_mse=85.62
2026-03-19 17:09:47 | INFO     | crowdcount.trainer:301 - [Eval] density_mae=64.65  density_mse=103.79  best_density_mae=62.66
2026-03-19 17:09:47 | INFO     | crowdcount.trainer:240 - [MoE] epoch=280 training_stage=specialization
2026-03-19 17:10:00 | INFO     | crowdcount.engine:236 - Averaged stats: lr: 0.000098  loss_sum: 0.0617 (0.0693)  losses: 0.0385 (0.0382)  den_loss: 0.0212 (0.0311)  loss_ce: 0.0348 (0.0344)  loss_points: 0.0037 (0.0038)  loss_ce_unscaled: 0.0348 (0.0344)  loss_points_unscaled: 18.6258 (18.9470)  moe_aux_total: 0.0000 (0.0001)  moe_aux_raw: 0.0002 (0.0003)  l_balance: 0.1757 (0.1773)  l_decorr: 0.0002 (0.0003)  moe_temperature: 0.8124 (0.8125)  ema_usage_min: 0.0621 (0.0618)  ema_usage_max: 0.6504 (0.6514)
2026-03-19 17:10:00 | INFO     | crowdcount.trainer:256 - [ep 280][lr 0.0000984][12.99s]
2026-03-19 17:10:01 | INFO     | crowdcount.trainer:240 - [MoE] epoch=281 training_stage=specialization
2026-03-19 17:10:14 | INFO     | crowdcount.engine:236 - Averaged stats: lr: 0.000098  loss_sum: 0.0657 (0.0716)  losses: 0.0374 (0.0379)  den_loss: 0.0313 (0.0336)  loss_ce: 0.0337 (0.0343)  loss_points: 0.0037 (0.0037)  loss_ce_unscaled: 0.0337 (0.0343)  loss_points_unscaled: 18.5365 (18.3807)  moe_aux_total: 0.0000 (0.0000)  moe_aux_raw: 0.0002 (0.0002)  l_balance: 0.1897 (0.1983)  l_decorr: 0.0002 (0.0002)  moe_temperature: 0.8118 (0.8119)  ema_usage_min: 0.0587 (0.0602)  ema_usage_max: 0.6500 (0.6505)
2026-03-19 17:10:14 | INFO     | crowdcount.trainer:256 - [ep 281][lr 0.0000984][13.35s]
2026-03-19 17:10:16 | INFO     | crowdcount.trainer:240 - [MoE] epoch=282 training_stage=specialization
2026-03-19 17:10:30 | INFO     | crowdcount.engine:236 - Averaged stats: lr: 0.000098  loss_sum: 0.0540 (0.0817)  losses: 0.0381 (0.0406)  den_loss: 0.0224 (0.0411)  loss_ce: 0.0349 (0.0369)  loss_points: 0.0036 (0.0036)  loss_ce_unscaled: 0.0349 (0.0369)  loss_points_unscaled: 17.8274 (18.2194)  moe_aux_total: 0.0000 (0.0001)  moe_aux_raw: 0.0002 (0.0003)  l_balance: 0.1701 (0.1891)  l_decorr: 0.0002 (0.0003)  moe_temperature: 0.8112 (0.8113)  ema_usage_min: 0.0592 (0.0597)  ema_usage_max: 0.6496 (0.6499)
2026-03-19 17:10:30 | INFO     | crowdcount.trainer:256 - [ep 282][lr 0.0000984][13.86s]
2026-03-19 17:10:41 | INFO     | crowdcount.trainer:297 - [Eval] mae=64.49  mse=95.58  time=10.4s  best_mae=57.40  best_mse=85.62
2026-03-19 17:10:41 | INFO     | crowdcount.trainer:301 - [Eval] density_mae=64.41  density_mse=92.73  best_density_mae=62.66
2026-03-19 17:10:41 | INFO     | crowdcount.trainer:240 - [MoE] epoch=283 training_stage=specialization
2026-03-19 17:10:54 | INFO     | crowdcount.engine:236 - Averaged stats: lr: 0.000098  loss_sum: 0.0586 (0.0760)  losses: 0.0344 (0.0388)  den_loss: 0.0228 (0.0371)  loss_ce: 0.0309 (0.0351)  loss_points: 0.0037 (0.0037)  loss_ce_unscaled: 0.0309 (0.0351)  loss_points_unscaled: 18.3979 (18.5155)  moe_aux_total: 0.0000 (0.0001)  moe_aux_raw: 0.0002 (0.0003)  l_balance: 0.1886 (0.1940)  l_decorr: 0.0002 (0.0003)  moe_temperature: 0.8106 (0.8107)  ema_usage_min: 0.0561 (0.0569)  ema_usage_max: 0.6431 (0.6440)
2026-03-19 17:10:54 | INFO     | crowdcount.trainer:256 - [ep 283][lr 0.0000984][12.83s]
2026-03-19 17:10:55 | INFO     | crowdcount.trainer:240 - [MoE] epoch=284 training_stage=specialization
2026-03-19 17:11:08 | INFO     | crowdcount.engine:236 - Averaged stats: lr: 0.000098  loss_sum: 0.0697 (0.0843)  losses: 0.0372 (0.0403)  den_loss: 0.0328 (0.0440)  loss_ce: 0.0342 (0.0367)  loss_points: 0.0035 (0.0036)  loss_ce_unscaled: 0.0342 (0.0367)  loss_points_unscaled: 17.4984 (17.9054)  moe_aux_total: 0.0000 (0.0001)  moe_aux_raw: 0.0002 (0.0003)  l_balance: 0.2112 (0.2033)  l_decorr: 0.0002 (0.0003)  moe_temperature: 0.8100 (0.8101)  ema_usage_min: 0.0544 (0.0546)  ema_usage_max: 0.6404 (0.6408)
2026-03-19 17:11:08 | INFO     | crowdcount.trainer:256 - [ep 284][lr 0.0000984][13.28s]
2026-03-19 17:11:10 | INFO     | crowdcount.trainer:240 - [MoE] epoch=285 training_stage=specialization
2026-03-19 17:11:23 | INFO     | crowdcount.engine:236 - Averaged stats: lr: 0.000098  loss_sum: 0.0621 (0.0794)  losses: 0.0395 (0.0410)  den_loss: 0.0233 (0.0384)  loss_ce: 0.0357 (0.0374)  loss_points: 0.0035 (0.0036)  loss_ce_unscaled: 0.0357 (0.0374)  loss_points_unscaled: 17.5268 (18.2082)  moe_aux_total: 0.0000 (0.0001)  moe_aux_raw: 0.0002 (0.0003)  l_balance: 0.1959 (0.2106)  l_decorr: 0.0002 (0.0003)  moe_temperature: 0.8094 (0.8095)  ema_usage_min: 0.0529 (0.0530)  ema_usage_max: 0.6384 (0.6403)
2026-03-19 17:11:23 | INFO     | crowdcount.trainer:256 - [ep 285][lr 0.0000984][13.21s]
2026-03-19 17:11:35 | INFO     | crowdcount.trainer:297 - [Eval] mae=59.43  mse=96.20  time=10.4s  best_mae=57.40  best_mse=85.62
2026-03-19 17:11:35 | INFO     | crowdcount.trainer:301 - [Eval] density_mae=71.08  density_mse=110.89  best_density_mae=62.66
2026-03-19 17:11:35 | INFO     | crowdcount.trainer:240 - [MoE] epoch=286 training_stage=specialization
2026-03-19 17:11:48 | INFO     | crowdcount.engine:236 - Averaged stats: lr: 0.000098  loss_sum: 0.0635 (0.0728)  losses: 0.0369 (0.0380)  den_loss: 0.0303 (0.0347)  loss_ce: 0.0328 (0.0343)  loss_points: 0.0036 (0.0037)  loss_ce_unscaled: 0.0328 (0.0343)  loss_points_unscaled: 18.2278 (18.5909)  moe_aux_total: 0.0000 (0.0001)  moe_aux_raw: 0.0002 (0.0003)  l_balance: 0.2050 (0.1944)  l_decorr: 0.0002 (0.0003)  moe_temperature: 0.8088 (0.8089)  ema_usage_min: 0.0527 (0.0526)  ema_usage_max: 0.6385 (0.6389)
2026-03-19 17:11:48 | INFO     | crowdcount.trainer:256 - [ep 286][lr 0.0000984][13.28s]
2026-03-19 17:11:50 | INFO     | crowdcount.trainer:240 - [MoE] epoch=287 training_stage=specialization
2026-03-19 17:12:03 | INFO     | crowdcount.engine:236 - Averaged stats: lr: 0.000098  loss_sum: 0.0650 (0.0751)  losses: 0.0377 (0.0393)  den_loss: 0.0266 (0.0357)  loss_ce: 0.0335 (0.0357)  loss_points: 0.0036 (0.0036)  loss_ce_unscaled: 0.0335 (0.0357)  loss_points_unscaled: 17.8034 (17.8219)  moe_aux_total: 0.0000 (0.0001)  moe_aux_raw: 0.0002 (0.0003)  l_balance: 0.1579 (0.1839)  l_decorr: 0.0002 (0.0003)  moe_temperature: 0.8082 (0.8083)  ema_usage_min: 0.0529 (0.0526)  ema_usage_max: 0.6328 (0.6343)
2026-03-19 17:12:03 | INFO     | crowdcount.trainer:256 - [ep 287][lr 0.0000984][13.51s]
2026-03-19 17:12:05 | INFO     | crowdcount.trainer:240 - [MoE] epoch=288 training_stage=specialization
2026-03-19 17:12:18 | INFO     | crowdcount.engine:236 - Averaged stats: lr: 0.000098  loss_sum: 0.0569 (0.0744)  losses: 0.0360 (0.0402)  den_loss: 0.0210 (0.0341)  loss_ce: 0.0321 (0.0366)  loss_points: 0.0037 (0.0036)  loss_ce_unscaled: 0.0321 (0.0366)  loss_points_unscaled: 18.5327 (18.2236)  moe_aux_total: 0.0000 (0.0000)  moe_aux_raw: 0.0002 (0.0002)  l_balance: 0.2015 (0.2051)  l_decorr: 0.0002 (0.0002)  moe_temperature: 0.8076 (0.8078)  ema_usage_min: 0.0530 (0.0536)  ema_usage_max: 0.6404 (0.6381)
2026-03-19 17:12:18 | INFO     | crowdcount.trainer:256 - [ep 288][lr 0.0000984][13.00s]
2026-03-19 17:12:30 | INFO     | crowdcount.trainer:297 - [Eval] mae=59.76  mse=91.70  time=10.5s  best_mae=57.40  best_mse=85.62
2026-03-19 17:12:30 | INFO     | crowdcount.trainer:301 - [Eval] density_mae=62.34  density_mse=92.48  best_density_mae=62.34
2026-03-19 17:12:30 | INFO     | crowdcount.trainer:240 - [MoE] epoch=289 training_stage=specialization
2026-03-19 17:12:43 | INFO     | crowdcount.engine:236 - Averaged stats: lr: 0.000098  loss_sum: 0.0669 (0.0820)  losses: 0.0365 (0.0405)  den_loss: 0.0299 (0.0415)  loss_ce: 0.0328 (0.0368)  loss_points: 0.0039 (0.0037)  loss_ce_unscaled: 0.0328 (0.0368)  loss_points_unscaled: 19.6623 (18.3838)  moe_aux_total: 0.0000 (0.0001)  moe_aux_raw: 0.0002 (0.0003)  l_balance: 0.2027 (0.2029)  l_decorr: 0.0002 (0.0003)  moe_temperature: 0.8070 (0.8072)  ema_usage_min: 0.0522 (0.0525)  ema_usage_max: 0.6473 (0.6459)
2026-03-19 17:12:43 | INFO     | crowdcount.trainer:256 - [ep 289][lr 0.0000983][13.39s]
2026-03-19 17:12:44 | INFO     | crowdcount.trainer:240 - [MoE] epoch=290 training_stage=specialization
2026-03-19 17:12:57 | INFO     | crowdcount.engine:236 - Averaged stats: lr: 0.000098  loss_sum: 0.0511 (0.0679)  losses: 0.0318 (0.0360)  den_loss: 0.0215 (0.0319)  loss_ce: 0.0280 (0.0324)  loss_points: 0.0035 (0.0036)  loss_ce_unscaled: 0.0280 (0.0324)  loss_points_unscaled: 17.5846 (18.1784)  moe_aux_total: 0.0000 (0.0001)  moe_aux_raw: 0.0002 (0.0004)  l_balance: 0.1929 (0.2038)  l_decorr: 0.0002 (0.0004)  moe_temperature: 0.8064 (0.8066)  ema_usage_min: 0.0499 (0.0506)  ema_usage_max: 0.6502 (0.6498)
2026-03-19 17:12:57 | INFO     | crowdcount.trainer:256 - [ep 290][lr 0.0000983][12.79s]
2026-03-19 17:12:59 | INFO     | crowdcount.trainer:240 - [MoE] epoch=291 training_stage=specialization
2026-03-19 17:13:12 | INFO     | crowdcount.engine:236 - Averaged stats: lr: 0.000098  loss_sum: 0.0592 (0.0790)  losses: 0.0332 (0.0396)  den_loss: 0.0257 (0.0393)  loss_ce: 0.0297 (0.0359)  loss_points: 0.0037 (0.0037)  loss_ce_unscaled: 0.0297 (0.0359)  loss_points_unscaled: 18.7013 (18.4235)  moe_aux_total: 0.0000 (0.0001)  moe_aux_raw: 0.0002 (0.0003)  l_balance: 0.1800 (0.1998)  l_decorr: 0.0002 (0.0003)  moe_temperature: 0.8058 (0.8060)  ema_usage_min: 0.0510 (0.0501)  ema_usage_max: 0.6471 (0.6475)
2026-03-19 17:13:12 | INFO     | crowdcount.trainer:256 - [ep 291][lr 0.0000983][13.27s]
2026-03-19 17:13:23 | INFO     | crowdcount.trainer:297 - [Eval] mae=94.17  mse=139.86  time=10.3s  best_mae=57.40  best_mse=85.62
2026-03-19 17:13:23 | INFO     | crowdcount.trainer:301 - [Eval] density_mae=98.39  density_mse=142.89  best_density_mae=62.34
2026-03-19 17:13:23 | INFO     | crowdcount.trainer:240 - [MoE] epoch=292 training_stage=specialization
2026-03-19 17:13:37 | INFO     | crowdcount.engine:236 - Averaged stats: lr: 0.000098  loss_sum: 0.0728 (0.0745)  losses: 0.0377 (0.0395)  den_loss: 0.0331 (0.0350)  loss_ce: 0.0337 (0.0358)  loss_points: 0.0036 (0.0037)  loss_ce_unscaled: 0.0337 (0.0358)  loss_points_unscaled: 17.9384 (18.5387)  moe_aux_total: 0.0000 (0.0001)  moe_aux_raw: 0.0002 (0.0003)  l_balance: 0.1930 (0.1958)  l_decorr: 0.0002 (0.0003)  moe_temperature: 0.8052 (0.8054)  ema_usage_min: 0.0489 (0.0498)  ema_usage_max: 0.6438 (0.6444)
2026-03-19 17:13:37 | INFO     | crowdcount.trainer:256 - [ep 292][lr 0.0000983][13.19s]
2026-03-19 17:13:38 | INFO     | crowdcount.trainer:240 - [MoE] epoch=293 training_stage=specialization
2026-03-19 17:13:51 | INFO     | crowdcount.engine:236 - Averaged stats: lr: 0.000098  loss_sum: 0.0605 (0.0737)  losses: 0.0354 (0.0375)  den_loss: 0.0250 (0.0362)  loss_ce: 0.0317 (0.0337)  loss_points: 0.0037 (0.0038)  loss_ce_unscaled: 0.0317 (0.0337)  loss_points_unscaled: 18.3656 (19.1183)  moe_aux_total: 0.0000 (0.0001)  moe_aux_raw: 0.0002 (0.0003)  l_balance: 0.2033 (0.2002)  l_decorr: 0.0002 (0.0003)  moe_temperature: 0.8046 (0.8048)  ema_usage_min: 0.0537 (0.0530)  ema_usage_max: 0.6436 (0.6422)
2026-03-19 17:13:51 | INFO     | crowdcount.trainer:256 - [ep 293][lr 0.0000983][13.10s]
2026-03-19 17:13:52 | INFO     | crowdcount.trainer:240 - [MoE] epoch=294 training_stage=specialization
2026-03-19 17:14:05 | INFO     | crowdcount.engine:236 - Averaged stats: lr: 0.000098  loss_sum: 0.0643 (0.0664)  losses: 0.0359 (0.0362)  den_loss: 0.0216 (0.0301)  loss_ce: 0.0320 (0.0326)  loss_points: 0.0037 (0.0036)  loss_ce_unscaled: 0.0320 (0.0326)  loss_points_unscaled: 18.3421 (18.1235)  moe_aux_total: 0.0000 (0.0000)  moe_aux_raw: 0.0002 (0.0002)  l_balance: 0.2059 (0.2118)  l_decorr: 0.0002 (0.0002)  moe_temperature: 0.8040 (0.8042)  ema_usage_min: 0.0521 (0.0526)  ema_usage_max: 0.6521 (0.6507)
2026-03-19 17:14:05 | INFO     | crowdcount.trainer:256 - [ep 294][lr 0.0000983][13.00s]
2026-03-19 17:14:17 | INFO     | crowdcount.trainer:297 - [Eval] mae=57.66  mse=91.34  time=10.3s  best_mae=57.40  best_mse=85.62
2026-03-19 17:14:17 | INFO     | crowdcount.trainer:301 - [Eval] density_mae=82.41  density_mse=107.24  best_density_mae=62.34
2026-03-19 17:14:17 | INFO     | crowdcount.trainer:240 - [MoE] epoch=295 training_stage=specialization
2026-03-19 17:14:30 | INFO     | crowdcount.engine:236 - Averaged stats: lr: 0.000098  loss_sum: 0.0615 (0.0726)  losses: 0.0371 (0.0385)  den_loss: 0.0261 (0.0341)  loss_ce: 0.0328 (0.0348)  loss_points: 0.0036 (0.0037)  loss_ce_unscaled: 0.0328 (0.0348)  loss_points_unscaled: 17.9703 (18.5694)  moe_aux_total: 0.0000 (0.0001)  moe_aux_raw: 0.0002 (0.0003)  l_balance: 0.1998 (0.1936)  l_decorr: 0.0002 (0.0003)  moe_temperature: 0.8034 (0.8036)  ema_usage_min: 0.0516 (0.0521)  ema_usage_max: 0.6509 (0.6506)
2026-03-19 17:14:30 | INFO     | crowdcount.trainer:256 - [ep 295][lr 0.0000983][13.09s]
2026-03-19 17:14:31 | INFO     | crowdcount.trainer:240 - [MoE] epoch=296 training_stage=specialization
2026-03-19 17:14:44 | INFO     | crowdcount.engine:236 - Averaged stats: lr: 0.000098  loss_sum: 0.0562 (0.0693)  losses: 0.0321 (0.0371)  den_loss: 0.0219 (0.0322)  loss_ce: 0.0288 (0.0334)  loss_points: 0.0037 (0.0037)  loss_ce_unscaled: 0.0288 (0.0334)  loss_points_unscaled: 18.3059 (18.5862)  moe_aux_total: 0.0000 (0.0001)  moe_aux_raw: 0.0002 (0.0003)  l_balance: 0.2022 (0.2082)  l_decorr: 0.0002 (0.0003)  moe_temperature: 0.8028 (0.8030)  ema_usage_min: 0.0531 (0.0534)  ema_usage_max: 0.6530 (0.6518)
2026-03-19 17:14:44 | INFO     | crowdcount.trainer:256 - [ep 296][lr 0.0000983][13.04s]
2026-03-19 17:14:45 | INFO     | crowdcount.trainer:240 - [MoE] epoch=297 training_stage=specialization
2026-03-19 17:14:59 | INFO     | crowdcount.engine:236 - Averaged stats: lr: 0.000098  loss_sum: 0.0790 (0.0809)  losses: 0.0405 (0.0403)  den_loss: 0.0362 (0.0406)  loss_ce: 0.0367 (0.0366)  loss_points: 0.0035 (0.0037)  loss_ce_unscaled: 0.0367 (0.0366)  loss_points_unscaled: 17.4313 (18.3664)  moe_aux_total: 0.0000 (0.0001)  moe_aux_raw: 0.0002 (0.0004)  l_balance: 0.1968 (0.2193)  l_decorr: 0.0002 (0.0004)  moe_temperature: 0.8022 (0.8024)  ema_usage_min: 0.0510 (0.0511)  ema_usage_max: 0.6557 (0.6549)
2026-03-19 17:14:59 | INFO     | crowdcount.trainer:256 - [ep 297][lr 0.0000983][13.50s]
2026-03-19 17:15:11 | INFO     | crowdcount.trainer:297 - [Eval] mae=67.67  mse=105.82  time=10.4s  best_mae=57.40  best_mse=85.62
2026-03-19 17:15:11 | INFO     | crowdcount.trainer:301 - [Eval] density_mae=75.97  density_mse=103.62  best_density_mae=62.34
2026-03-19 17:15:11 | INFO     | crowdcount.trainer:240 - [MoE] epoch=298 training_stage=specialization
2026-03-19 17:15:24 | INFO     | crowdcount.engine:236 - Averaged stats: lr: 0.000098  loss_sum: 0.0757 (0.0755)  losses: 0.0432 (0.0396)  den_loss: 0.0355 (0.0359)  loss_ce: 0.0388 (0.0359)  loss_points: 0.0036 (0.0036)  loss_ce_unscaled: 0.0388 (0.0359)  loss_points_unscaled: 17.9690 (18.2325)  moe_aux_total: 0.0000 (0.0000)  moe_aux_raw: 0.0002 (0.0002)  l_balance: 0.2185 (0.2453)  l_decorr: 0.0002 (0.0002)  moe_temperature: 0.8017 (0.8018)  ema_usage_min: 0.0471 (0.0480)  ema_usage_max: 0.6637 (0.6607)
2026-03-19 17:15:24 | INFO     | crowdcount.trainer:256 - [ep 298][lr 0.0000982][13.01s]
2026-03-19 17:15:25 | INFO     | crowdcount.trainer:240 - [MoE] epoch=299 training_stage=specialization
2026-03-19 17:15:38 | INFO     | crowdcount.engine:236 - Averaged stats: lr: 0.000098  loss_sum: 0.0591 (0.0715)  losses: 0.0323 (0.0381)  den_loss: 0.0231 (0.0333)  loss_ce: 0.0293 (0.0345)  loss_points: 0.0035 (0.0037)  loss_ce_unscaled: 0.0293 (0.0345)  loss_points_unscaled: 17.7035 (18.4717)  moe_aux_total: 0.0000 (0.0001)  moe_aux_raw: 0.0002 (0.0003)  l_balance: 0.2313 (0.2458)  l_decorr: 0.0002 (0.0003)  moe_temperature: 0.8011 (0.8012)  ema_usage_min: 0.0459 (0.0465)  ema_usage_max: 0.6684 (0.6667)
2026-03-19 17:15:38 | INFO     | crowdcount.trainer:256 - [ep 299][lr 0.0000982][12.95s]
2026-03-19 17:15:39 | INFO     | crowdcount.trainer:240 - [MoE] epoch=300 training_stage=specialization
2026-03-19 17:15:53 | INFO     | crowdcount.engine:236 - Averaged stats: lr: 0.000098  loss_sum: 0.0586 (0.0762)  losses: 0.0365 (0.0406)  den_loss: 0.0192 (0.0355)  loss_ce: 0.0319 (0.0369)  loss_points: 0.0037 (0.0037)  loss_ce_unscaled: 0.0319 (0.0369)  loss_points_unscaled: 18.3177 (18.4278)  moe_aux_total: 0.0000 (0.0000)  moe_aux_raw: 0.0002 (0.0002)  l_balance: 0.2418 (0.2327)  l_decorr: 0.0002 (0.0002)  moe_temperature: 0.8005 (0.8006)  ema_usage_min: 0.0454 (0.0458)  ema_usage_max: 0.6747 (0.6741)
2026-03-19 17:15:53 | INFO     | crowdcount.trainer:256 - [ep 300][lr 0.0000982][13.12s]
2026-03-19 17:16:04 | INFO     | crowdcount.trainer:297 - [Eval] mae=60.71  mse=95.79  time=10.3s  best_mae=57.40  best_mse=85.62
2026-03-19 17:16:04 | INFO     | crowdcount.trainer:301 - [Eval] density_mae=81.45  density_mse=120.62  best_density_mae=62.34
2026-03-19 17:16:04 | INFO     | crowdcount.trainer:240 - [MoE] epoch=301 training_stage=specialization
2026-03-19 17:16:17 | INFO     | crowdcount.engine:236 - Averaged stats: lr: 0.000098  loss_sum: 0.0682 (0.0771)  losses: 0.0385 (0.0401)  den_loss: 0.0296 (0.0369)  loss_ce: 0.0351 (0.0365)  loss_points: 0.0037 (0.0036)  loss_ce_unscaled: 0.0351 (0.0365)  loss_points_unscaled: 18.3455 (18.2004)  moe_aux_total: 0.0000 (0.0001)  moe_aux_raw: 0.0002 (0.0003)  l_balance: 0.2108 (0.2200)  l_decorr: 0.0002 (0.0003)  moe_temperature: 0.7999 (0.8000)  ema_usage_min: 0.0476 (0.0465)  ema_usage_max: 0.6756 (0.6756)
2026-03-19 17:16:17 | INFO     | crowdcount.trainer:256 - [ep 301][lr 0.0000982][12.94s]
2026-03-19 17:16:19 | INFO     | crowdcount.trainer:240 - [MoE] epoch=302 training_stage=specialization
2026-03-19 17:16:32 | INFO     | crowdcount.engine:236 - Averaged stats: lr: 0.000098  loss_sum: 0.0541 (0.0744)  losses: 0.0341 (0.0391)  den_loss: 0.0215 (0.0352)  loss_ce: 0.0303 (0.0354)  loss_points: 0.0035 (0.0037)  loss_ce_unscaled: 0.0303 (0.0354)  loss_points_unscaled: 17.6785 (18.4028)  moe_aux_total: 0.0000 (0.0000)  moe_aux_raw: 0.0002 (0.0002)  l_balance: 0.2027 (0.2351)  l_decorr: 0.0002 (0.0002)  moe_temperature: 0.7993 (0.7994)  ema_usage_min: 0.0472 (0.0474)  ema_usage_max: 0.6752 (0.6743)
2026-03-19 17:16:32 | INFO     | crowdcount.trainer:256 - [ep 302][lr 0.0000982][13.26s]
2026-03-19 17:16:33 | INFO     | crowdcount.trainer:240 - [MoE] epoch=303 training_stage=specialization
2026-03-19 17:16:46 | INFO     | crowdcount.engine:236 - Averaged stats: lr: 0.000098  loss_sum: 0.0630 (0.0665)  losses: 0.0361 (0.0363)  den_loss: 0.0235 (0.0302)  loss_ce: 0.0330 (0.0326)  loss_points: 0.0037 (0.0037)  loss_ce_unscaled: 0.0330 (0.0326)  loss_points_unscaled: 18.5331 (18.5344)  moe_aux_total: 0.0000 (0.0001)  moe_aux_raw: 0.0002 (0.0003)  l_balance: 0.2283 (0.2373)  l_decorr: 0.0002 (0.0003)  moe_temperature: 0.7987 (0.7988)  ema_usage_min: 0.0497 (0.0496)  ema_usage_max: 0.6822 (0.6809)
2026-03-19 17:16:46 | INFO     | crowdcount.trainer:256 - [ep 303][lr 0.0000982][13.12s]
2026-03-19 17:16:58 | INFO     | crowdcount.trainer:297 - [Eval] mae=70.88  mse=106.75  time=10.3s  best_mae=57.40  best_mse=85.62
2026-03-19 17:16:58 | INFO     | crowdcount.trainer:301 - [Eval] density_mae=73.02  density_mse=103.73  best_density_mae=62.34
2026-03-19 17:16:58 | INFO     | crowdcount.trainer:240 - [MoE] epoch=304 training_stage=specialization
2026-03-19 17:17:12 | INFO     | crowdcount.engine:236 - Averaged stats: lr: 0.000098  loss_sum: 0.0613 (0.0822)  losses: 0.0387 (0.0410)  den_loss: 0.0261 (0.0412)  loss_ce: 0.0354 (0.0373)  loss_points: 0.0035 (0.0036)  loss_ce_unscaled: 0.0354 (0.0373)  loss_points_unscaled: 17.6577 (18.1114)  moe_aux_total: 0.0001 (0.0001)  moe_aux_raw: 0.0003 (0.0003)  l_balance: 0.2532 (0.2719)  l_decorr: 0.0003 (0.0003)  moe_temperature: 0.7981 (0.7982)  ema_usage_min: 0.0494 (0.0491)  ema_usage_max: 0.6956 (0.6916)
2026-03-19 17:17:12 | INFO     | crowdcount.trainer:256 - [ep 304][lr 0.0000982][13.67s]
2026-03-19 17:17:13 | INFO     | crowdcount.trainer:240 - [MoE] epoch=305 training_stage=specialization
2026-03-19 17:17:26 | INFO     | crowdcount.engine:236 - Averaged stats: lr: 0.000098  loss_sum: 0.0641 (0.0722)  losses: 0.0369 (0.0393)  den_loss: 0.0299 (0.0328)  loss_ce: 0.0336 (0.0356)  loss_points: 0.0035 (0.0037)  loss_ce_unscaled: 0.0336 (0.0356)  loss_points_unscaled: 17.7317 (18.5053)  moe_aux_total: 0.0000 (0.0001)  moe_aux_raw: 0.0002 (0.0003)  l_balance: 0.2282 (0.2505)  l_decorr: 0.0002 (0.0003)  moe_temperature: 0.7975 (0.7977)  ema_usage_min: 0.0520 (0.0518)  ema_usage_max: 0.7078 (0.7060)
2026-03-19 17:17:26 | INFO     | crowdcount.trainer:256 - [ep 305][lr 0.0000982][13.24s]
2026-03-19 17:17:28 | INFO     | crowdcount.trainer:240 - [MoE] epoch=306 training_stage=specialization
2026-03-19 17:17:41 | INFO     | crowdcount.engine:236 - Averaged stats: lr: 0.000098  loss_sum: 0.0645 (0.0727)  losses: 0.0372 (0.0372)  den_loss: 0.0229 (0.0355)  loss_ce: 0.0336 (0.0335)  loss_points: 0.0035 (0.0036)  loss_ce_unscaled: 0.0336 (0.0335)  loss_points_unscaled: 17.7485 (18.1584)  moe_aux_total: 0.0000 (0.0000)  moe_aux_raw: 0.0002 (0.0002)  l_balance: 0.2515 (0.2679)  l_decorr: 0.0002 (0.0002)  moe_temperature: 0.7969 (0.7971)  ema_usage_min: 0.0505 (0.0508)  ema_usage_max: 0.7194 (0.7176)
2026-03-19 17:17:41 | INFO     | crowdcount.trainer:256 - [ep 306][lr 0.0000981][12.75s]
2026-03-19 17:17:52 | INFO     | crowdcount.trainer:297 - [Eval] mae=72.81  mse=112.02  time=10.5s  best_mae=57.40  best_mse=85.62
2026-03-19 17:17:52 | INFO     | crowdcount.trainer:301 - [Eval] density_mae=67.62  density_mse=99.17  best_density_mae=62.34
2026-03-19 17:17:52 | INFO     | crowdcount.trainer:240 - [MoE] epoch=307 training_stage=specialization
2026-03-19 17:18:05 | INFO     | crowdcount.engine:236 - Averaged stats: lr: 0.000098  loss_sum: 0.0576 (0.0659)  losses: 0.0344 (0.0361)  den_loss: 0.0262 (0.0298)  loss_ce: 0.0305 (0.0323)  loss_points: 0.0035 (0.0037)  loss_ce_unscaled: 0.0305 (0.0323)  loss_points_unscaled: 17.6480 (18.5670)  moe_aux_total: 0.0000 (0.0000)  moe_aux_raw: 0.0002 (0.0002)  l_balance: 0.2612 (0.2721)  l_decorr: 0.0002 (0.0002)  moe_temperature: 0.7963 (0.7965)  ema_usage_min: 0.0481 (0.0492)  ema_usage_max: 0.7289 (0.7277)
2026-03-19 17:18:05 | INFO     | crowdcount.trainer:256 - [ep 307][lr 0.0000981][12.93s]
2026-03-19 17:18:06 | INFO     | crowdcount.trainer:240 - [MoE] epoch=308 training_stage=specialization
2026-03-19 17:18:20 | INFO     | crowdcount.engine:236 - Averaged stats: lr: 0.000098  loss_sum: 0.0715 (0.0806)  losses: 0.0443 (0.0400)  den_loss: 0.0262 (0.0406)  loss_ce: 0.0409 (0.0365)  loss_points: 0.0034 (0.0036)  loss_ce_unscaled: 0.0409 (0.0365)  loss_points_unscaled: 16.8872 (17.8809)  moe_aux_total: 0.0000 (0.0000)  moe_aux_raw: 0.0002 (0.0002)  l_balance: 0.2555 (0.2561)  l_decorr: 0.0002 (0.0002)  moe_temperature: 0.7957 (0.7959)  ema_usage_min: 0.0498 (0.0494)  ema_usage_max: 0.7377 (0.7363)
2026-03-19 17:18:20 | INFO     | crowdcount.trainer:256 - [ep 308][lr 0.0000981][13.50s]
2026-03-19 17:18:21 | INFO     | crowdcount.trainer:240 - [MoE] epoch=309 training_stage=specialization
2026-03-19 17:18:34 | INFO     | crowdcount.engine:236 - Averaged stats: lr: 0.000098  loss_sum: 0.0646 (0.0736)  losses: 0.0329 (0.0381)  den_loss: 0.0316 (0.0355)  loss_ce: 0.0295 (0.0344)  loss_points: 0.0035 (0.0036)  loss_ce_unscaled: 0.0295 (0.0344)  loss_points_unscaled: 17.4641 (18.1828)  moe_aux_total: 0.0000 (0.0001)  moe_aux_raw: 0.0002 (0.0003)  l_balance: 0.2183 (0.2334)  l_decorr: 0.0002 (0.0003)  moe_temperature: 0.7952 (0.7953)  ema_usage_min: 0.0539 (0.0533)  ema_usage_max: 0.7401 (0.7400)
2026-03-19 17:18:34 | INFO     | crowdcount.trainer:256 - [ep 309][lr 0.0000981][13.07s]
2026-03-19 17:18:46 | INFO     | crowdcount.trainer:297 - [Eval] mae=59.13  mse=94.00  time=10.3s  best_mae=57.40  best_mse=85.62
2026-03-19 17:18:46 | INFO     | crowdcount.trainer:301 - [Eval] density_mae=73.54  density_mse=107.49  best_density_mae=62.34
2026-03-19 17:18:46 | INFO     | crowdcount.trainer:240 - [MoE] epoch=310 training_stage=specialization
2026-03-19 17:18:59 | INFO     | crowdcount.engine:236 - Averaged stats: lr: 0.000098  loss_sum: 0.0550 (0.0728)  losses: 0.0332 (0.0369)  den_loss: 0.0204 (0.0358)  loss_ce: 0.0302 (0.0332)  loss_points: 0.0036 (0.0037)  loss_ce_unscaled: 0.0302 (0.0332)  loss_points_unscaled: 18.1631 (18.4926)  moe_aux_total: 0.0000 (0.0001)  moe_aux_raw: 0.0002 (0.0003)  l_balance: 0.2532 (0.2438)  l_decorr: 0.0002 (0.0003)  moe_temperature: 0.7946 (0.7947)  ema_usage_min: 0.0566 (0.0572)  ema_usage_max: 0.7341 (0.7352)
2026-03-19 17:18:59 | INFO     | crowdcount.trainer:256 - [ep 310][lr 0.0000981][13.07s]
2026-03-19 17:19:01 | INFO     | crowdcount.trainer:240 - [MoE] epoch=311 training_stage=specialization
2026-03-19 17:19:14 | INFO     | crowdcount.engine:236 - Averaged stats: lr: 0.000098  loss_sum: 0.0611 (0.0668)  losses: 0.0364 (0.0364)  den_loss: 0.0257 (0.0304)  loss_ce: 0.0326 (0.0327)  loss_points: 0.0036 (0.0037)  loss_ce_unscaled: 0.0326 (0.0327)  loss_points_unscaled: 17.7671 (18.3890)  moe_aux_total: 0.0000 (0.0000)  moe_aux_raw: 0.0001 (0.0002)  l_balance: 0.2855 (0.2756)  l_decorr: 0.0001 (0.0002)  moe_temperature: 0.7940 (0.7941)  ema_usage_min: 0.0561 (0.0565)  ema_usage_max: 0.7419 (0.7405)
2026-03-19 17:19:14 | INFO     | crowdcount.trainer:256 - [ep 311][lr 0.0000981][12.73s]
2026-03-19 17:19:15 | INFO     | crowdcount.trainer:240 - [MoE] epoch=312 training_stage=specialization
2026-03-19 17:19:28 | INFO     | crowdcount.engine:236 - Averaged stats: lr: 0.000098  loss_sum: 0.0641 (0.0712)  losses: 0.0363 (0.0365)  den_loss: 0.0301 (0.0347)  loss_ce: 0.0319 (0.0328)  loss_points: 0.0035 (0.0037)  loss_ce_unscaled: 0.0319 (0.0328)  loss_points_unscaled: 17.7058 (18.3508)  moe_aux_total: 0.0000 (0.0001)  moe_aux_raw: 0.0002 (0.0003)  l_balance: 0.2522 (0.2671)  l_decorr: 0.0002 (0.0003)  moe_temperature: 0.7934 (0.7935)  ema_usage_min: 0.0543 (0.0547)  ema_usage_max: 0.7551 (0.7521)
2026-03-19 17:19:28 | INFO     | crowdcount.trainer:256 - [ep 312][lr 0.0000981][13.32s]
2026-03-19 17:19:40 | INFO     | crowdcount.trainer:297 - [Eval] mae=69.20  mse=103.38  time=10.5s  best_mae=57.40  best_mse=85.62
2026-03-19 17:19:40 | INFO     | crowdcount.trainer:301 - [Eval] density_mae=72.97  density_mse=102.64  best_density_mae=62.34
2026-03-19 17:19:40 | INFO     | crowdcount.trainer:240 - [MoE] epoch=313 training_stage=specialization
2026-03-19 17:19:54 | INFO     | crowdcount.engine:236 - Averaged stats: lr: 0.000098  loss_sum: 0.0600 (0.0727)  losses: 0.0357 (0.0378)  den_loss: 0.0250 (0.0349)  loss_ce: 0.0325 (0.0342)  loss_points: 0.0035 (0.0036)  loss_ce_unscaled: 0.0325 (0.0342)  loss_points_unscaled: 17.6810 (18.0733)  moe_aux_total: 0.0000 (0.0001)  moe_aux_raw: 0.0002 (0.0003)  l_balance: 0.2544 (0.2679)  l_decorr: 0.0002 (0.0003)  moe_temperature: 0.7928 (0.7929)  ema_usage_min: 0.0546 (0.0552)  ema_usage_max: 0.7660 (0.7639)
2026-03-19 17:19:54 | INFO     | crowdcount.trainer:256 - [ep 313][lr 0.0000981][13.29s]
2026-03-19 17:19:55 | INFO     | crowdcount.trainer:240 - [MoE] epoch=314 training_stage=specialization
2026-03-19 17:20:09 | INFO     | crowdcount.engine:236 - Averaged stats: lr: 0.000098  loss_sum: 0.0613 (0.0713)  losses: 0.0366 (0.0374)  den_loss: 0.0245 (0.0339)  loss_ce: 0.0326 (0.0337)  loss_points: 0.0034 (0.0037)  loss_ce_unscaled: 0.0326 (0.0337)  loss_points_unscaled: 17.2375 (18.3068)  moe_aux_total: 0.0000 (0.0000)  moe_aux_raw: 0.0002 (0.0002)  l_balance: 0.2600 (0.2758)  l_decorr: 0.0002 (0.0002)  moe_temperature: 0.7922 (0.7924)  ema_usage_min: 0.0532 (0.0531)  ema_usage_max: 0.7693 (0.7688)
2026-03-19 17:20:09 | INFO     | crowdcount.trainer:256 - [ep 314][lr 0.0000980][13.86s]
2026-03-19 17:20:10 | INFO     | crowdcount.trainer:240 - [MoE] epoch=315 training_stage=specialization
2026-03-19 17:20:24 | INFO     | crowdcount.engine:236 - Averaged stats: lr: 0.000098  loss_sum: 0.0586 (0.0766)  losses: 0.0377 (0.0388)  den_loss: 0.0192 (0.0378)  loss_ce: 0.0332 (0.0352)  loss_points: 0.0035 (0.0036)  loss_ce_unscaled: 0.0332 (0.0352)  loss_points_unscaled: 17.3017 (17.7789)  moe_aux_total: 0.0000 (0.0000)  moe_aux_raw: 0.0002 (0.0002)  l_balance: 0.2633 (0.2551)  l_decorr: 0.0002 (0.0002)  moe_temperature: 0.7916 (0.7918)  ema_usage_min: 0.0568 (0.0566)  ema_usage_max: 0.7691 (0.7680)
2026-03-19 17:20:24 | INFO     | crowdcount.trainer:256 - [ep 315][lr 0.0000980][13.79s]
2026-03-19 17:20:35 | INFO     | crowdcount.trainer:297 - [Eval] mae=65.13  mse=104.00  time=10.4s  best_mae=57.40  best_mse=85.62
2026-03-19 17:20:35 | INFO     | crowdcount.trainer:301 - [Eval] density_mae=64.52  density_mse=100.09  best_density_mae=62.34
2026-03-19 17:20:35 | INFO     | crowdcount.trainer:240 - [MoE] epoch=316 training_stage=specialization
2026-03-19 17:20:49 | INFO     | crowdcount.engine:236 - Averaged stats: lr: 0.000098  loss_sum: 0.0685 (0.0727)  losses: 0.0356 (0.0383)  den_loss: 0.0269 (0.0343)  loss_ce: 0.0318 (0.0348)  loss_points: 0.0037 (0.0035)  loss_ce_unscaled: 0.0318 (0.0348)  loss_points_unscaled: 18.3330 (17.6616)  moe_aux_total: 0.0000 (0.0000)  moe_aux_raw: 0.0002 (0.0002)  l_balance: 0.2734 (0.2540)  l_decorr: 0.0002 (0.0002)  moe_temperature: 0.7910 (0.7912)  ema_usage_min: 0.0587 (0.0585)  ema_usage_max: 0.7722 (0.7721)
2026-03-19 17:20:49 | INFO     | crowdcount.trainer:256 - [ep 316][lr 0.0000980][13.29s]
2026-03-19 17:20:50 | INFO     | crowdcount.trainer:240 - [MoE] epoch=317 training_stage=specialization
2026-03-19 17:21:03 | INFO     | crowdcount.engine:236 - Averaged stats: lr: 0.000098  loss_sum: 0.0555 (0.0709)  losses: 0.0361 (0.0382)  den_loss: 0.0182 (0.0327)  loss_ce: 0.0326 (0.0347)  loss_points: 0.0035 (0.0035)  loss_ce_unscaled: 0.0326 (0.0347)  loss_points_unscaled: 17.5929 (17.6137)  moe_aux_total: 0.0000 (0.0000)  moe_aux_raw: 0.0002 (0.0002)  l_balance: 0.2693 (0.2785)  l_decorr: 0.0002 (0.0002)  moe_temperature: 0.7905 (0.7906)  ema_usage_min: 0.0555 (0.0559)  ema_usage_max: 0.7722 (0.7730)
2026-03-19 17:21:03 | INFO     | crowdcount.trainer:256 - [ep 317][lr 0.0000980][13.00s]
2026-03-19 17:21:05 | INFO     | crowdcount.trainer:240 - [MoE] epoch=318 training_stage=specialization
2026-03-19 17:21:18 | INFO     | crowdcount.engine:236 - Averaged stats: lr: 0.000098  loss_sum: 0.0571 (0.0788)  losses: 0.0344 (0.0385)  den_loss: 0.0193 (0.0403)  loss_ce: 0.0308 (0.0350)  loss_points: 0.0034 (0.0035)  loss_ce_unscaled: 0.0308 (0.0350)  loss_points_unscaled: 17.1036 (17.3913)  moe_aux_total: 0.0000 (0.0000)  moe_aux_raw: 0.0002 (0.0002)  l_balance: 0.2335 (0.2594)  l_decorr: 0.0002 (0.0002)  moe_temperature: 0.7899 (0.7900)  ema_usage_min: 0.0592 (0.0585)  ema_usage_max: 0.7696 (0.7695)
2026-03-19 17:21:18 | INFO     | crowdcount.trainer:256 - [ep 318][lr 0.0000980][13.49s]
2026-03-19 17:21:30 | INFO     | crowdcount.trainer:297 - [Eval] mae=63.32  mse=91.99  time=10.4s  best_mae=57.40  best_mse=85.62
2026-03-19 17:21:30 | INFO     | crowdcount.trainer:301 - [Eval] density_mae=77.12  density_mse=109.93  best_density_mae=62.34
2026-03-19 17:21:30 | INFO     | crowdcount.trainer:240 - [MoE] epoch=319 training_stage=specialization
2026-03-19 17:21:43 | INFO     | crowdcount.engine:236 - Averaged stats: lr: 0.000098  loss_sum: 0.0576 (0.0706)  losses: 0.0367 (0.0375)  den_loss: 0.0210 (0.0331)  loss_ce: 0.0326 (0.0337)  loss_points: 0.0035 (0.0038)  loss_ce_unscaled: 0.0326 (0.0337)  loss_points_unscaled: 17.4091 (18.9351)  moe_aux_total: 0.0000 (0.0000)  moe_aux_raw: 0.0002 (0.0002)  l_balance: 0.2864 (0.2639)  l_decorr: 0.0002 (0.0002)  moe_temperature: 0.7893 (0.7894)  ema_usage_min: 0.0618 (0.0621)  ema_usage_max: 0.7692 (0.7690)
2026-03-19 17:21:43 | INFO     | crowdcount.trainer:256 - [ep 319][lr 0.0000980][13.23s]
2026-03-19 17:21:44 | INFO     | crowdcount.trainer:240 - [MoE] epoch=320 training_stage=specialization
2026-03-19 17:21:58 | INFO     | crowdcount.engine:236 - Averaged stats: lr: 0.000098  loss_sum: 0.0701 (0.0739)  losses: 0.0369 (0.0390)  den_loss: 0.0331 (0.0349)  loss_ce: 0.0337 (0.0354)  loss_points: 0.0035 (0.0035)  loss_ce_unscaled: 0.0337 (0.0354)  loss_points_unscaled: 17.4923 (17.7352)  moe_aux_total: 0.0000 (0.0000)  moe_aux_raw: 0.0002 (0.0002)  l_balance: 0.3010 (0.3085)  l_decorr: 0.0002 (0.0002)  moe_temperature: 0.7887 (0.7888)  ema_usage_min: 0.0587 (0.0600)  ema_usage_max: 0.7840 (0.7807)
2026-03-19 17:21:58 | INFO     | crowdcount.trainer:256 - [ep 320][lr 0.0000980][13.37s]
2026-03-19 17:21:59 | INFO     | crowdcount.trainer:240 - [MoE] epoch=321 training_stage=specialization
2026-03-19 17:22:13 | INFO     | crowdcount.engine:236 - Averaged stats: lr: 0.000098  loss_sum: 0.0600 (0.0684)  losses: 0.0354 (0.0368)  den_loss: 0.0225 (0.0315)  loss_ce: 0.0320 (0.0332)  loss_points: 0.0035 (0.0036)  loss_ce_unscaled: 0.0320 (0.0332)  loss_points_unscaled: 17.2740 (18.2400)  moe_aux_total: 0.0000 (0.0000)  moe_aux_raw: 0.0002 (0.0002)  l_balance: 0.2611 (0.2860)  l_decorr: 0.0002 (0.0002)  moe_temperature: 0.7881 (0.7883)  ema_usage_min: 0.0569 (0.0566)  ema_usage_max: 0.7920 (0.7918)
2026-03-19 17:22:13 | INFO     | crowdcount.trainer:256 - [ep 321][lr 0.0000980][13.25s]
2026-03-19 17:22:24 | INFO     | crowdcount.trainer:297 - [Eval] mae=64.05  mse=97.15  time=10.5s  best_mae=57.40  best_mse=85.62
2026-03-19 17:22:24 | INFO     | crowdcount.trainer:301 - [Eval] density_mae=70.28  density_mse=99.90  best_density_mae=62.34
2026-03-19 17:22:24 | INFO     | crowdcount.trainer:240 - [MoE] epoch=322 training_stage=specialization
2026-03-19 17:22:38 | INFO     | crowdcount.engine:236 - Averaged stats: lr: 0.000098  loss_sum: 0.0713 (0.0858)  losses: 0.0362 (0.0415)  den_loss: 0.0325 (0.0443)  loss_ce: 0.0330 (0.0379)  loss_points: 0.0035 (0.0036)  loss_ce_unscaled: 0.0330 (0.0379)  loss_points_unscaled: 17.3902 (17.9259)  moe_aux_total: 0.0000 (0.0001)  moe_aux_raw: 0.0002 (0.0003)  l_balance: 0.2531 (0.2650)  l_decorr: 0.0002 (0.0003)  moe_temperature: 0.7875 (0.7877)  ema_usage_min: 0.0584 (0.0579)  ema_usage_max: 0.7932 (0.7951)
2026-03-19 17:22:38 | INFO     | crowdcount.trainer:256 - [ep 322][lr 0.0000979][13.72s]
2026-03-19 17:22:39 | INFO     | crowdcount.trainer:240 - [MoE] epoch=323 training_stage=specialization
2026-03-19 17:22:53 | INFO     | crowdcount.engine:236 - Averaged stats: lr: 0.000098  loss_sum: 0.0623 (0.0739)  losses: 0.0359 (0.0386)  den_loss: 0.0260 (0.0352)  loss_ce: 0.0327 (0.0350)  loss_points: 0.0035 (0.0036)  loss_ce_unscaled: 0.0327 (0.0350)  loss_points_unscaled: 17.5455 (18.1690)  moe_aux_total: 0.0000 (0.0001)  moe_aux_raw: 0.0002 (0.0003)  l_balance: 0.2763 (0.2903)  l_decorr: 0.0002 (0.0003)  moe_temperature: 0.7870 (0.7871)  ema_usage_min: 0.0588 (0.0594)  ema_usage_max: 0.7912 (0.7912)
2026-03-19 17:22:53 | INFO     | crowdcount.trainer:256 - [ep 323][lr 0.0000979][13.49s]
2026-03-19 17:22:54 | INFO     | crowdcount.trainer:240 - [MoE] epoch=324 training_stage=specialization
2026-03-19 17:23:08 | INFO     | crowdcount.engine:236 - Averaged stats: lr: 0.000098  loss_sum: 0.0578 (0.0752)  losses: 0.0340 (0.0369)  den_loss: 0.0252 (0.0382)  loss_ce: 0.0309 (0.0331)  loss_points: 0.0037 (0.0038)  loss_ce_unscaled: 0.0309 (0.0331)  loss_points_unscaled: 18.2710 (18.9088)  moe_aux_total: 0.0000 (0.0000)  moe_aux_raw: 0.0002 (0.0002)  l_balance: 0.2729 (0.2709)  l_decorr: 0.0002 (0.0002)  moe_temperature: 0.7864 (0.7865)  ema_usage_min: 0.0563 (0.0572)  ema_usage_max: 0.7895 (0.7905)
2026-03-19 17:23:08 | INFO     | crowdcount.trainer:256 - [ep 324][lr 0.0000979][13.59s]
2026-03-19 17:23:19 | INFO     | crowdcount.trainer:297 - [Eval] mae=69.97  mse=108.44  time=10.2s  best_mae=57.40  best_mse=85.62
2026-03-19 17:23:19 | INFO     | crowdcount.trainer:301 - [Eval] density_mae=69.71  density_mse=106.57  best_density_mae=62.34
2026-03-19 17:23:19 | INFO     | crowdcount.trainer:240 - [MoE] epoch=325 training_stage=specialization
2026-03-19 17:23:33 | INFO     | crowdcount.engine:236 - Averaged stats: lr: 0.000098  loss_sum: 0.0516 (0.0690)  losses: 0.0347 (0.0373)  den_loss: 0.0192 (0.0316)  loss_ce: 0.0313 (0.0336)  loss_points: 0.0036 (0.0038)  loss_ce_unscaled: 0.0313 (0.0336)  loss_points_unscaled: 18.1581 (18.8084)  moe_aux_total: 0.0000 (0.0001)  moe_aux_raw: 0.0002 (0.0003)  l_balance: 0.2633 (0.2571)  l_decorr: 0.0002 (0.0003)  moe_temperature: 0.7858 (0.7859)  ema_usage_min: 0.0554 (0.0561)  ema_usage_max: 0.7785 (0.7809)
2026-03-19 17:23:33 | INFO     | crowdcount.trainer:256 - [ep 325][lr 0.0000979][13.69s]
2026-03-19 17:23:34 | INFO     | crowdcount.trainer:240 - [MoE] epoch=326 training_stage=specialization
2026-03-19 17:23:48 | INFO     | crowdcount.engine:236 - Averaged stats: lr: 0.000098  loss_sum: 0.0607 (0.0761)  losses: 0.0388 (0.0378)  den_loss: 0.0268 (0.0383)  loss_ce: 0.0358 (0.0341)  loss_points: 0.0037 (0.0037)  loss_ce_unscaled: 0.0358 (0.0341)  loss_points_unscaled: 18.5847 (18.2922)  moe_aux_total: 0.0000 (0.0001)  moe_aux_raw: 0.0002 (0.0003)  l_balance: 0.2494 (0.2691)  l_decorr: 0.0002 (0.0003)  moe_temperature: 0.7852 (0.7854)  ema_usage_min: 0.0553 (0.0561)  ema_usage_max: 0.7714 (0.7734)
2026-03-19 17:23:48 | INFO     | crowdcount.trainer:256 - [ep 326][lr 0.0000979][13.39s]
2026-03-19 17:23:49 | INFO     | crowdcount.trainer:240 - [MoE] epoch=327 training_stage=specialization
2026-03-19 17:24:02 | INFO     | crowdcount.engine:236 - Averaged stats: lr: 0.000098  loss_sum: 0.0691 (0.0725)  losses: 0.0372 (0.0374)  den_loss: 0.0288 (0.0350)  loss_ce: 0.0337 (0.0338)  loss_points: 0.0035 (0.0036)  loss_ce_unscaled: 0.0337 (0.0338)  loss_points_unscaled: 17.6687 (18.0104)  moe_aux_total: 0.0000 (0.0000)  moe_aux_raw: 0.0002 (0.0002)  l_balance: 0.2151 (0.2390)  l_decorr: 0.0002 (0.0002)  moe_temperature: 0.7846 (0.7848)  ema_usage_min: 0.0543 (0.0538)  ema_usage_max: 0.7616 (0.7646)
2026-03-19 17:24:02 | INFO     | crowdcount.trainer:256 - [ep 327][lr 0.0000979][13.18s]
2026-03-19 17:24:14 | INFO     | crowdcount.trainer:297 - [Eval] mae=76.47  mse=114.98  time=10.6s  best_mae=57.40  best_mse=85.62
2026-03-19 17:24:14 | INFO     | crowdcount.trainer:301 - [Eval] density_mae=69.49  density_mse=104.10  best_density_mae=62.34
2026-03-19 17:24:14 | INFO     | crowdcount.trainer:240 - [MoE] epoch=328 training_stage=specialization
2026-03-19 17:24:27 | INFO     | crowdcount.engine:236 - Averaged stats: lr: 0.000098  loss_sum: 0.0591 (0.0721)  losses: 0.0342 (0.0371)  den_loss: 0.0252 (0.0350)  loss_ce: 0.0304 (0.0334)  loss_points: 0.0038 (0.0037)  loss_ce_unscaled: 0.0304 (0.0334)  loss_points_unscaled: 19.2349 (18.3059)  moe_aux_total: 0.0000 (0.0000)  moe_aux_raw: 0.0002 (0.0002)  l_balance: 0.1948 (0.2130)  l_decorr: 0.0002 (0.0002)  moe_temperature: 0.7841 (0.7842)  ema_usage_min: 0.0586 (0.0573)  ema_usage_max: 0.7425 (0.7475)
2026-03-19 17:24:27 | INFO     | crowdcount.trainer:256 - [ep 328][lr 0.0000979][12.99s]
2026-03-19 17:24:29 | INFO     | crowdcount.trainer:240 - [MoE] epoch=329 training_stage=specialization
2026-03-19 17:24:42 | INFO     | crowdcount.engine:236 - Averaged stats: lr: 0.000098  loss_sum: 0.0692 (0.0706)  losses: 0.0362 (0.0386)  den_loss: 0.0293 (0.0320)  loss_ce: 0.0328 (0.0349)  loss_points: 0.0037 (0.0037)  loss_ce_unscaled: 0.0328 (0.0349)  loss_points_unscaled: 18.5088 (18.4266)  moe_aux_total: 0.0000 (0.0000)  moe_aux_raw: 0.0002 (0.0002)  l_balance: 0.1751 (0.2092)  l_decorr: 0.0002 (0.0002)  moe_temperature: 0.7835 (0.7836)  ema_usage_min: 0.0595 (0.0590)  ema_usage_max: 0.7302 (0.7351)
2026-03-19 17:24:42 | INFO     | crowdcount.trainer:256 - [ep 329][lr 0.0000979][13.22s]
2026-03-19 17:24:43 | INFO     | crowdcount.trainer:240 - [MoE] epoch=330 training_stage=specialization
2026-03-19 17:24:57 | INFO     | crowdcount.engine:236 - Averaged stats: lr: 0.000098  loss_sum: 0.0661 (0.0748)  losses: 0.0370 (0.0372)  den_loss: 0.0259 (0.0375)  loss_ce: 0.0342 (0.0335)  loss_points: 0.0037 (0.0037)  loss_ce_unscaled: 0.0342 (0.0335)  loss_points_unscaled: 18.3902 (18.5552)  moe_aux_total: 0.0000 (0.0000)  moe_aux_raw: 0.0002 (0.0002)  l_balance: 0.1844 (0.2169)  l_decorr: 0.0002 (0.0002)  moe_temperature: 0.7829 (0.7830)  ema_usage_min: 0.0606 (0.0609)  ema_usage_max: 0.7287 (0.7285)
2026-03-19 17:24:57 | INFO     | crowdcount.trainer:256 - [ep 330][lr 0.0000978][13.77s]
2026-03-19 17:25:08 | INFO     | crowdcount.trainer:297 - [Eval] mae=64.31  mse=100.41  time=10.3s  best_mae=57.40  best_mse=85.62
2026-03-19 17:25:08 | INFO     | crowdcount.trainer:301 - [Eval] density_mae=68.62  density_mse=102.52  best_density_mae=62.34
2026-03-19 17:25:08 | INFO     | crowdcount.trainer:240 - [MoE] epoch=331 training_stage=specialization
2026-03-19 17:25:22 | INFO     | crowdcount.engine:236 - Averaged stats: lr: 0.000098  loss_sum: 0.0735 (0.0792)  losses: 0.0391 (0.0379)  den_loss: 0.0323 (0.0413)  loss_ce: 0.0345 (0.0342)  loss_points: 0.0036 (0.0036)  loss_ce_unscaled: 0.0345 (0.0342)  loss_points_unscaled: 18.2298 (18.2481)  moe_aux_total: 0.0000 (0.0000)  moe_aux_raw: 0.0002 (0.0002)  l_balance: 0.2173 (0.2043)  l_decorr: 0.0002 (0.0002)  moe_temperature: 0.7823 (0.7825)  ema_usage_min: 0.0659 (0.0658)  ema_usage_max: 0.7241 (0.7236)
2026-03-19 17:25:22 | INFO     | crowdcount.trainer:256 - [ep 331][lr 0.0000978][13.64s]
2026-03-19 17:25:23 | INFO     | crowdcount.trainer:240 - [MoE] epoch=332 training_stage=specialization
2026-03-19 17:25:36 | INFO     | crowdcount.engine:236 - Averaged stats: lr: 0.000098  loss_sum: 0.0557 (0.0723)  losses: 0.0348 (0.0375)  den_loss: 0.0207 (0.0347)  loss_ce: 0.0314 (0.0338)  loss_points: 0.0038 (0.0036)  loss_ce_unscaled: 0.0314 (0.0338)  loss_points_unscaled: 18.8777 (18.2120)  moe_aux_total: 0.0000 (0.0001)  moe_aux_raw: 0.0002 (0.0003)  l_balance: 0.2081 (0.2184)  l_decorr: 0.0002 (0.0003)  moe_temperature: 0.7817 (0.7819)  ema_usage_min: 0.0635 (0.0636)  ema_usage_max: 0.7198 (0.7202)
2026-03-19 17:25:36 | INFO     | crowdcount.trainer:256 - [ep 332][lr 0.0000978][13.29s]
2026-03-19 17:25:38 | INFO     | crowdcount.trainer:240 - [MoE] epoch=333 training_stage=specialization
2026-03-19 17:25:51 | INFO     | crowdcount.engine:236 - Averaged stats: lr: 0.000098  loss_sum: 0.0594 (0.0760)  losses: 0.0336 (0.0378)  den_loss: 0.0276 (0.0382)  loss_ce: 0.0302 (0.0342)  loss_points: 0.0035 (0.0036)  loss_ce_unscaled: 0.0302 (0.0342)  loss_points_unscaled: 17.5968 (17.8240)  moe_aux_total: 0.0000 (0.0001)  moe_aux_raw: 0.0002 (0.0003)  l_balance: 0.2228 (0.2226)  l_decorr: 0.0002 (0.0003)  moe_temperature: 0.7812 (0.7813)  ema_usage_min: 0.0588 (0.0603)  ema_usage_max: 0.7198 (0.7197)
2026-03-19 17:25:51 | INFO     | crowdcount.trainer:256 - [ep 333][lr 0.0000978][12.92s]
2026-03-19 17:26:02 | INFO     | crowdcount.trainer:297 - [Eval] mae=64.61  mse=104.96  time=10.4s  best_mae=57.40  best_mse=85.62
2026-03-19 17:26:02 | INFO     | crowdcount.trainer:301 - [Eval] density_mae=85.36  density_mse=130.05  best_density_mae=62.34
2026-03-19 17:26:02 | INFO     | crowdcount.trainer:240 - [MoE] epoch=334 training_stage=specialization
2026-03-19 17:26:16 | INFO     | crowdcount.engine:236 - Averaged stats: lr: 0.000098  loss_sum: 0.0568 (0.0769)  losses: 0.0353 (0.0384)  den_loss: 0.0264 (0.0385)  loss_ce: 0.0318 (0.0349)  loss_points: 0.0035 (0.0035)  loss_ce_unscaled: 0.0318 (0.0349)  loss_points_unscaled: 17.7132 (17.4838)  moe_aux_total: 0.0000 (0.0000)  moe_aux_raw: 0.0002 (0.0002)  l_balance: 0.1653 (0.1920)  l_decorr: 0.0002 (0.0002)  moe_temperature: 0.7806 (0.7807)  ema_usage_min: 0.0599 (0.0593)  ema_usage_max: 0.7113 (0.7143)
2026-03-19 17:26:16 | INFO     | crowdcount.trainer:256 - [ep 334][lr 0.0000978][13.34s]
2026-03-19 17:26:17 | INFO     | crowdcount.trainer:240 - [MoE] epoch=335 training_stage=specialization
2026-03-19 17:26:30 | INFO     | crowdcount.engine:236 - Averaged stats: lr: 0.000098  loss_sum: 0.0574 (0.0748)  losses: 0.0336 (0.0378)  den_loss: 0.0241 (0.0370)  loss_ce: 0.0298 (0.0342)  loss_points: 0.0037 (0.0036)  loss_ce_unscaled: 0.0298 (0.0342)  loss_points_unscaled: 18.5552 (18.1865)  moe_aux_total: 0.0000 (0.0000)  moe_aux_raw: 0.0002 (0.0002)  l_balance: 0.1547 (0.1706)  l_decorr: 0.0002 (0.0002)  moe_temperature: 0.7800 (0.7801)  ema_usage_min: 0.0640 (0.0630)  ema_usage_max: 0.6950 (0.6997)
2026-03-19 17:26:30 | INFO     | crowdcount.trainer:256 - [ep 335][lr 0.0000978][13.11s]
2026-03-19 17:26:32 | INFO     | crowdcount.trainer:240 - [MoE] epoch=336 training_stage=specialization
2026-03-19 17:26:45 | INFO     | crowdcount.engine:236 - Averaged stats: lr: 0.000098  loss_sum: 0.0517 (0.0715)  losses: 0.0322 (0.0376)  den_loss: 0.0197 (0.0338)  loss_ce: 0.0286 (0.0339)  loss_points: 0.0037 (0.0036)  loss_ce_unscaled: 0.0286 (0.0339)  loss_points_unscaled: 18.5015 (18.2495)  moe_aux_total: 0.0000 (0.0000)  moe_aux_raw: 0.0002 (0.0002)  l_balance: 0.1879 (0.1783)  l_decorr: 0.0002 (0.0002)  moe_temperature: 0.7794 (0.7796)  ema_usage_min: 0.0699 (0.0687)  ema_usage_max: 0.6840 (0.6870)
2026-03-19 17:26:45 | INFO     | crowdcount.trainer:256 - [ep 336][lr 0.0000978][13.16s]
2026-03-19 17:26:56 | INFO     | crowdcount.trainer:297 - [Eval] mae=68.32  mse=107.01  time=10.3s  best_mae=57.40  best_mse=85.62
2026-03-19 17:26:56 | INFO     | crowdcount.trainer:301 - [Eval] density_mae=61.81  density_mse=94.85  best_density_mae=61.81
2026-03-19 17:26:56 | INFO     | crowdcount.trainer:240 - [MoE] epoch=337 training_stage=specialization
2026-03-19 17:27:10 | INFO     | crowdcount.engine:236 - Averaged stats: lr: 0.000098  loss_sum: 0.0690 (0.0757)  losses: 0.0365 (0.0389)  den_loss: 0.0300 (0.0367)  loss_ce: 0.0328 (0.0353)  loss_points: 0.0037 (0.0036)  loss_ce_unscaled: 0.0328 (0.0353)  loss_points_unscaled: 18.3524 (17.9533)  moe_aux_total: 0.0001 (0.0001)  moe_aux_raw: 0.0003 (0.0003)  l_balance: 0.1697 (0.1812)  l_decorr: 0.0003 (0.0003)  moe_temperature: 0.7788 (0.7790)  ema_usage_min: 0.0694 (0.0692)  ema_usage_max: 0.6794 (0.6816)
2026-03-19 17:27:10 | INFO     | crowdcount.trainer:256 - [ep 337][lr 0.0000978][13.21s]
2026-03-19 17:27:11 | INFO     | crowdcount.trainer:240 - [MoE] epoch=338 training_stage=specialization
2026-03-19 17:27:24 | INFO     | crowdcount.engine:236 - Averaged stats: lr: 0.000098  loss_sum: 0.0657 (0.0764)  losses: 0.0356 (0.0393)  den_loss: 0.0307 (0.0370)  loss_ce: 0.0325 (0.0357)  loss_points: 0.0035 (0.0036)  loss_ce_unscaled: 0.0325 (0.0357)  loss_points_unscaled: 17.5752 (18.1915)  moe_aux_total: 0.0000 (0.0001)  moe_aux_raw: 0.0002 (0.0003)  l_balance: 0.1918 (0.1671)  l_decorr: 0.0002 (0.0003)  moe_temperature: 0.7783 (0.7784)  ema_usage_min: 0.0730 (0.0724)  ema_usage_max: 0.6782 (0.6777)
2026-03-19 17:27:24 | INFO     | crowdcount.trainer:256 - [ep 338][lr 0.0000977][13.11s]
2026-03-19 17:27:25 | INFO     | crowdcount.trainer:240 - [MoE] epoch=339 training_stage=specialization
2026-03-19 17:27:39 | INFO     | crowdcount.engine:236 - Averaged stats: lr: 0.000098  loss_sum: 0.0684 (0.0770)  losses: 0.0359 (0.0378)  den_loss: 0.0328 (0.0391)  loss_ce: 0.0319 (0.0341)  loss_points: 0.0036 (0.0037)  loss_ce_unscaled: 0.0319 (0.0341)  loss_points_unscaled: 17.9056 (18.3583)  moe_aux_total: 0.0000 (0.0001)  moe_aux_raw: 0.0002 (0.0003)  l_balance: 0.1592 (0.1592)  l_decorr: 0.0002 (0.0003)  moe_temperature: 0.7777 (0.7778)  ema_usage_min: 0.0739 (0.0732)  ema_usage_max: 0.6723 (0.6735)
2026-03-19 17:27:39 | INFO     | crowdcount.trainer:256 - [ep 339][lr 0.0000977][13.41s]
2026-03-19 17:27:51 | INFO     | crowdcount.trainer:297 - [Eval] mae=64.67  mse=102.86  time=10.4s  best_mae=57.40  best_mse=85.62
2026-03-19 17:27:51 | INFO     | crowdcount.trainer:301 - [Eval] density_mae=59.15  density_mse=91.92  best_density_mae=59.15
2026-03-19 17:27:51 | INFO     | crowdcount.trainer:240 - [MoE] epoch=340 training_stage=specialization
2026-03-19 17:28:04 | INFO     | crowdcount.engine:236 - Averaged stats: lr: 0.000098  loss_sum: 0.0654 (0.0773)  losses: 0.0364 (0.0378)  den_loss: 0.0304 (0.0394)  loss_ce: 0.0320 (0.0342)  loss_points: 0.0037 (0.0037)  loss_ce_unscaled: 0.0320 (0.0342)  loss_points_unscaled: 18.4968 (18.3847)  moe_aux_total: 0.0000 (0.0001)  moe_aux_raw: 0.0002 (0.0003)  l_balance: 0.1534 (0.1904)  l_decorr: 0.0002 (0.0003)  moe_temperature: 0.7771 (0.7773)  ema_usage_min: 0.0709 (0.0718)  ema_usage_max: 0.6766 (0.6741)
2026-03-19 17:28:04 | INFO     | crowdcount.trainer:256 - [ep 340][lr 0.0000977][13.56s]
2026-03-19 17:28:05 | INFO     | crowdcount.trainer:240 - [MoE] epoch=341 training_stage=specialization
2026-03-19 17:28:19 | INFO     | crowdcount.engine:236 - Averaged stats: lr: 0.000098  loss_sum: 0.0596 (0.0715)  losses: 0.0350 (0.0372)  den_loss: 0.0241 (0.0342)  loss_ce: 0.0318 (0.0335)  loss_points: 0.0036 (0.0037)  loss_ce_unscaled: 0.0318 (0.0335)  loss_points_unscaled: 17.9044 (18.5768)  moe_aux_total: 0.0000 (0.0000)  moe_aux_raw: 0.0002 (0.0002)  l_balance: 0.1570 (0.1740)  l_decorr: 0.0002 (0.0002)  moe_temperature: 0.7765 (0.7767)  ema_usage_min: 0.0740 (0.0729)  ema_usage_max: 0.6761 (0.6765)
2026-03-19 17:28:19 | INFO     | crowdcount.trainer:256 - [ep 341][lr 0.0000977][13.32s]
2026-03-19 17:28:20 | INFO     | crowdcount.trainer:240 - [MoE] epoch=342 training_stage=specialization
2026-03-19 17:28:34 | INFO     | crowdcount.engine:236 - Averaged stats: lr: 0.000098  loss_sum: 0.0592 (0.0705)  losses: 0.0314 (0.0371)  den_loss: 0.0284 (0.0334)  loss_ce: 0.0284 (0.0336)  loss_points: 0.0035 (0.0035)  loss_ce_unscaled: 0.0284 (0.0336)  loss_points_unscaled: 17.3727 (17.6760)  moe_aux_total: 0.0000 (0.0000)  moe_aux_raw: 0.0002 (0.0002)  l_balance: 0.2037 (0.1946)  l_decorr: 0.0002 (0.0002)  moe_temperature: 0.7760 (0.7761)  ema_usage_min: 0.0727 (0.0735)  ema_usage_max: 0.6855 (0.6823)
2026-03-19 17:28:34 | INFO     | crowdcount.trainer:256 - [ep 342][lr 0.0000977][13.77s]
2026-03-19 17:28:46 | INFO     | crowdcount.trainer:297 - [Eval] mae=61.19  mse=95.65  time=10.3s  best_mae=57.40  best_mse=85.62
2026-03-19 17:28:46 | INFO     | crowdcount.trainer:301 - [Eval] density_mae=64.04  density_mse=102.13  best_density_mae=59.15
2026-03-19 17:28:46 | INFO     | crowdcount.trainer:240 - [MoE] epoch=343 training_stage=specialization
2026-03-19 17:28:59 | INFO     | crowdcount.engine:236 - Averaged stats: lr: 0.000098  loss_sum: 0.0450 (0.0676)  losses: 0.0328 (0.0352)  den_loss: 0.0174 (0.0323)  loss_ce: 0.0291 (0.0316)  loss_points: 0.0037 (0.0036)  loss_ce_unscaled: 0.0291 (0.0316)  loss_points_unscaled: 18.5160 (18.1934)  moe_aux_total: 0.0000 (0.0000)  moe_aux_raw: 0.0002 (0.0002)  l_balance: 0.1993 (0.1869)  l_decorr: 0.0002 (0.0002)  moe_temperature: 0.7754 (0.7755)  ema_usage_min: 0.0700 (0.0714)  ema_usage_max: 0.6912 (0.6903)
2026-03-19 17:28:59 | INFO     | crowdcount.trainer:256 - [ep 343][lr 0.0000977][13.04s]
2026-03-19 17:29:00 | INFO     | crowdcount.trainer:240 - [MoE] epoch=344 training_stage=specialization
2026-03-19 17:29:13 | INFO     | crowdcount.engine:236 - Averaged stats: lr: 0.000098  loss_sum: 0.0646 (0.0735)  losses: 0.0360 (0.0375)  den_loss: 0.0279 (0.0360)  loss_ce: 0.0328 (0.0340)  loss_points: 0.0032 (0.0035)  loss_ce_unscaled: 0.0328 (0.0340)  loss_points_unscaled: 15.8332 (17.5741)  moe_aux_total: 0.0000 (0.0000)  moe_aux_raw: 0.0002 (0.0002)  l_balance: 0.1897 (0.1869)  l_decorr: 0.0002 (0.0002)  moe_temperature: 0.7748 (0.7750)  ema_usage_min: 0.0685 (0.0691)  ema_usage_max: 0.6942 (0.6929)
2026-03-19 17:29:13 | INFO     | crowdcount.trainer:256 - [ep 344][lr 0.0000977][12.90s]
2026-03-19 17:29:15 | INFO     | crowdcount.trainer:240 - [MoE] epoch=345 training_stage=specialization
2026-03-19 17:29:28 | INFO     | crowdcount.engine:236 - Averaged stats: lr: 0.000098  loss_sum: 0.0657 (0.0648)  losses: 0.0368 (0.0368)  den_loss: 0.0261 (0.0279)  loss_ce: 0.0325 (0.0331)  loss_points: 0.0037 (0.0037)  loss_ce_unscaled: 0.0325 (0.0331)  loss_points_unscaled: 18.6898 (18.6058)  moe_aux_total: 0.0000 (0.0000)  moe_aux_raw: 0.0002 (0.0002)  l_balance: 0.2062 (0.1965)  l_decorr: 0.0002 (0.0002)  moe_temperature: 0.7742 (0.7744)  ema_usage_min: 0.0691 (0.0693)  ema_usage_max: 0.6961 (0.6954)
2026-03-19 17:29:28 | INFO     | crowdcount.trainer:256 - [ep 345][lr 0.0000976][13.47s]
2026-03-19 17:29:40 | INFO     | crowdcount.trainer:297 - [Eval] mae=61.23  mse=91.69  time=10.4s  best_mae=57.40  best_mse=85.62
2026-03-19 17:29:40 | INFO     | crowdcount.trainer:301 - [Eval] density_mae=63.69  density_mse=94.50  best_density_mae=59.15
2026-03-19 17:29:40 | INFO     | crowdcount.trainer:240 - [MoE] epoch=346 training_stage=specialization
2026-03-19 17:29:52 | INFO     | crowdcount.engine:236 - Averaged stats: lr: 0.000098  loss_sum: 0.0608 (0.0619)  losses: 0.0340 (0.0347)  den_loss: 0.0227 (0.0272)  loss_ce: 0.0307 (0.0308)  loss_points: 0.0038 (0.0039)  loss_ce_unscaled: 0.0307 (0.0308)  loss_points_unscaled: 19.2330 (19.2673)  moe_aux_total: 0.0000 (0.0001)  moe_aux_raw: 0.0002 (0.0003)  l_balance: 0.1932 (0.1921)  l_decorr: 0.0002 (0.0003)  moe_temperature: 0.7737 (0.7738)  ema_usage_min: 0.0686 (0.0686)  ema_usage_max: 0.6910 (0.6922)
2026-03-19 17:29:52 | INFO     | crowdcount.trainer:256 - [ep 346][lr 0.0000976][12.55s]
2026-03-19 17:29:54 | INFO     | crowdcount.trainer:240 - [MoE] epoch=347 training_stage=specialization
2026-03-19 17:30:07 | INFO     | crowdcount.engine:236 - Averaged stats: lr: 0.000098  loss_sum: 0.0559 (0.0814)  losses: 0.0345 (0.0371)  den_loss: 0.0214 (0.0443)  loss_ce: 0.0315 (0.0335)  loss_points: 0.0034 (0.0036)  loss_ce_unscaled: 0.0315 (0.0335)  loss_points_unscaled: 16.9919 (17.8576)  moe_aux_total: 0.0000 (0.0000)  moe_aux_raw: 0.0001 (0.0002)  l_balance: 0.1883 (0.1999)  l_decorr: 0.0001 (0.0002)  moe_temperature: 0.7731 (0.7732)  ema_usage_min: 0.0677 (0.0675)  ema_usage_max: 0.6948 (0.6954)
2026-03-19 17:30:07 | INFO     | crowdcount.trainer:256 - [ep 347][lr 0.0000976][13.42s]
2026-03-19 17:30:09 | INFO     | crowdcount.trainer:240 - [MoE] epoch=348 training_stage=specialization
2026-03-19 17:30:22 | INFO     | crowdcount.engine:236 - Averaged stats: lr: 0.000098  loss_sum: 0.0651 (0.0706)  losses: 0.0361 (0.0373)  den_loss: 0.0289 (0.0333)  loss_ce: 0.0331 (0.0338)  loss_points: 0.0035 (0.0035)  loss_ce_unscaled: 0.0331 (0.0338)  loss_points_unscaled: 17.4247 (17.5042)  moe_aux_total: 0.0000 (0.0000)  moe_aux_raw: 0.0002 (0.0002)  l_balance: 0.2046 (0.1988)  l_decorr: 0.0002 (0.0002)  moe_temperature: 0.7725 (0.7727)  ema_usage_min: 0.0653 (0.0655)  ema_usage_max: 0.7035 (0.7020)
2026-03-19 17:30:22 | INFO     | crowdcount.trainer:256 - [ep 348][lr 0.0000976][13.34s]
2026-03-19 17:30:34 | INFO     | crowdcount.trainer:297 - [Eval] mae=64.15  mse=97.69  time=10.7s  best_mae=57.40  best_mse=85.62
2026-03-19 17:30:34 | INFO     | crowdcount.trainer:301 - [Eval] density_mae=62.23  density_mse=95.01  best_density_mae=59.15
2026-03-19 17:30:34 | INFO     | crowdcount.trainer:240 - [MoE] epoch=349 training_stage=specialization
2026-03-19 17:30:47 | INFO     | crowdcount.engine:236 - Averaged stats: lr: 0.000098  loss_sum: 0.0637 (0.0715)  losses: 0.0347 (0.0381)  den_loss: 0.0289 (0.0334)  loss_ce: 0.0309 (0.0345)  loss_points: 0.0034 (0.0036)  loss_ce_unscaled: 0.0309 (0.0345)  loss_points_unscaled: 17.1748 (18.0066)  moe_aux_total: 0.0000 (0.0001)  moe_aux_raw: 0.0002 (0.0003)  l_balance: 0.1680 (0.2108)  l_decorr: 0.0002 (0.0003)  moe_temperature: 0.7720 (0.7721)  ema_usage_min: 0.0641 (0.0641)  ema_usage_max: 0.7123 (0.7100)
2026-03-19 17:30:47 | INFO     | crowdcount.trainer:256 - [ep 349][lr 0.0000976][13.29s]
2026-03-19 17:30:49 | INFO     | crowdcount.trainer:240 - [MoE] epoch=350 training_stage=specialization
2026-03-19 17:31:02 | INFO     | crowdcount.engine:236 - Averaged stats: lr: 0.000098  loss_sum: 0.0572 (0.0700)  losses: 0.0338 (0.0369)  den_loss: 0.0244 (0.0331)  loss_ce: 0.0295 (0.0333)  loss_points: 0.0035 (0.0036)  loss_ce_unscaled: 0.0295 (0.0333)  loss_points_unscaled: 17.4165 (17.9857)  moe_aux_total: 0.0000 (0.0000)  moe_aux_raw: 0.0002 (0.0002)  l_balance: 0.2066 (0.2015)  l_decorr: 0.0002 (0.0002)  moe_temperature: 0.7714 (0.7715)  ema_usage_min: 0.0634 (0.0643)  ema_usage_max: 0.7193 (0.7178)
2026-03-19 17:31:02 | INFO     | crowdcount.trainer:256 - [ep 350][lr 0.0000976][13.35s]
2026-03-19 17:31:03 | INFO     | crowdcount.trainer:240 - [MoE] epoch=351 training_stage=specialization
2026-03-19 17:31:17 | INFO     | crowdcount.engine:236 - Averaged stats: lr: 0.000098  loss_sum: 0.0737 (0.0683)  losses: 0.0410 (0.0370)  den_loss: 0.0307 (0.0313)  loss_ce: 0.0368 (0.0333)  loss_points: 0.0036 (0.0037)  loss_ce_unscaled: 0.0368 (0.0333)  loss_points_unscaled: 17.9073 (18.5938)  moe_aux_total: 0.0000 (0.0000)  moe_aux_raw: 0.0002 (0.0002)  l_balance: 0.2066 (0.2083)  l_decorr: 0.0002 (0.0002)  moe_temperature: 0.7708 (0.7710)  ema_usage_min: 0.0607 (0.0615)  ema_usage_max: 0.7226 (0.7214)
2026-03-19 17:31:17 | INFO     | crowdcount.trainer:256 - [ep 351][lr 0.0000976][13.47s]
2026-03-19 17:31:28 | INFO     | crowdcount.trainer:297 - [Eval] mae=60.35  mse=90.30  time=10.2s  best_mae=57.40  best_mse=85.62
2026-03-19 17:31:28 | INFO     | crowdcount.trainer:301 - [Eval] density_mae=71.68  density_mse=99.45  best_density_mae=59.15
2026-03-19 17:31:28 | INFO     | crowdcount.trainer:240 - [MoE] epoch=352 training_stage=specialization
2026-03-19 17:31:42 | INFO     | crowdcount.engine:236 - Averaged stats: lr: 0.000098  loss_sum: 0.0626 (0.0763)  losses: 0.0379 (0.0383)  den_loss: 0.0240 (0.0379)  loss_ce: 0.0344 (0.0347)  loss_points: 0.0036 (0.0036)  loss_ce_unscaled: 0.0344 (0.0347)  loss_points_unscaled: 18.0246 (18.1115)  moe_aux_total: 0.0000 (0.0001)  moe_aux_raw: 0.0002 (0.0003)  l_balance: 0.1653 (0.1882)  l_decorr: 0.0002 (0.0003)  moe_temperature: 0.7702 (0.7704)  ema_usage_min: 0.0619 (0.0607)  ema_usage_max: 0.7178 (0.7203)
2026-03-19 17:31:42 | INFO     | crowdcount.trainer:256 - [ep 352][lr 0.0000975][13.63s]
2026-03-19 17:31:44 | INFO     | crowdcount.trainer:240 - [MoE] epoch=353 training_stage=specialization
2026-03-19 17:31:57 | INFO     | crowdcount.engine:236 - Averaged stats: lr: 0.000098  loss_sum: 0.0639 (0.0709)  losses: 0.0340 (0.0376)  den_loss: 0.0268 (0.0332)  loss_ce: 0.0311 (0.0341)  loss_points: 0.0033 (0.0036)  loss_ce_unscaled: 0.0311 (0.0341)  loss_points_unscaled: 16.4740 (17.8063)  moe_aux_total: 0.0000 (0.0001)  moe_aux_raw: 0.0002 (0.0003)  l_balance: 0.1613 (0.1708)  l_decorr: 0.0002 (0.0003)  moe_temperature: 0.7697 (0.7698)  ema_usage_min: 0.0669 (0.0656)  ema_usage_max: 0.7078 (0.7111)
2026-03-19 17:31:57 | INFO     | crowdcount.trainer:256 - [ep 353][lr 0.0000975][13.76s]
2026-03-19 17:31:59 | INFO     | crowdcount.trainer:240 - [MoE] epoch=354 training_stage=specialization
2026-03-19 17:32:12 | INFO     | crowdcount.engine:236 - Averaged stats: lr: 0.000098  loss_sum: 0.0603 (0.0804)  losses: 0.0351 (0.0380)  den_loss: 0.0244 (0.0423)  loss_ce: 0.0307 (0.0343)  loss_points: 0.0035 (0.0036)  loss_ce_unscaled: 0.0307 (0.0343)  loss_points_unscaled: 17.7175 (18.2447)  moe_aux_total: 0.0000 (0.0001)  moe_aux_raw: 0.0002 (0.0003)  l_balance: 0.1538 (0.1817)  l_decorr: 0.0002 (0.0003)  moe_temperature: 0.7691 (0.7692)  ema_usage_min: 0.0632 (0.0645)  ema_usage_max: 0.6932 (0.6979)
2026-03-19 17:32:12 | INFO     | crowdcount.trainer:256 - [ep 354][lr 0.0000975][13.65s]
2026-03-19 17:32:24 | INFO     | crowdcount.trainer:297 - [Eval] mae=63.74  mse=101.44  time=10.5s  best_mae=57.40  best_mse=85.62
2026-03-19 17:32:24 | INFO     | crowdcount.trainer:301 - [Eval] density_mae=68.15  density_mse=110.27  best_density_mae=59.15
2026-03-19 17:32:24 | INFO     | crowdcount.trainer:240 - [MoE] epoch=355 training_stage=specialization
2026-03-19 17:32:38 | INFO     | crowdcount.engine:236 - Averaged stats: lr: 0.000098  loss_sum: 0.0639 (0.0804)  losses: 0.0389 (0.0386)  den_loss: 0.0258 (0.0417)  loss_ce: 0.0358 (0.0352)  loss_points: 0.0031 (0.0034)  loss_ce_unscaled: 0.0358 (0.0352)  loss_points_unscaled: 15.5947 (17.1423)  moe_aux_total: 0.0000 (0.0001)  moe_aux_raw: 0.0002 (0.0003)  l_balance: 0.1800 (0.1800)  l_decorr: 0.0002 (0.0003)  moe_temperature: 0.7685 (0.7687)  ema_usage_min: 0.0650 (0.0653)  ema_usage_max: 0.6867 (0.6874)
2026-03-19 17:32:38 | INFO     | crowdcount.trainer:256 - [ep 355][lr 0.0000975][13.91s]
2026-03-19 17:32:39 | INFO     | crowdcount.trainer:240 - [MoE] epoch=356 training_stage=specialization
2026-03-19 17:32:53 | INFO     | crowdcount.engine:236 - Averaged stats: lr: 0.000097  loss_sum: 0.0735 (0.0743)  losses: 0.0404 (0.0389)  den_loss: 0.0329 (0.0354)  loss_ce: 0.0363 (0.0354)  loss_points: 0.0034 (0.0035)  loss_ce_unscaled: 0.0363 (0.0354)  loss_points_unscaled: 16.7702 (17.6153)  moe_aux_total: 0.0000 (0.0000)  moe_aux_raw: 0.0002 (0.0002)  l_balance: 0.1572 (0.1634)  l_decorr: 0.0002 (0.0002)  moe_temperature: 0.7680 (0.7681)  ema_usage_min: 0.0667 (0.0665)  ema_usage_max: 0.6805 (0.6818)
2026-03-19 17:32:53 | INFO     | crowdcount.trainer:256 - [ep 356][lr 0.0000975][13.25s]
2026-03-19 17:32:54 | INFO     | crowdcount.trainer:240 - [MoE] epoch=357 training_stage=specialization
2026-03-19 17:33:08 | INFO     | crowdcount.engine:236 - Averaged stats: lr: 0.000097  loss_sum: 0.0606 (0.0754)  losses: 0.0369 (0.0368)  den_loss: 0.0266 (0.0385)  loss_ce: 0.0338 (0.0333)  loss_points: 0.0035 (0.0035)  loss_ce_unscaled: 0.0338 (0.0333)  loss_points_unscaled: 17.4873 (17.7162)  moe_aux_total: 0.0000 (0.0000)  moe_aux_raw: 0.0002 (0.0002)  l_balance: 0.1255 (0.1506)  l_decorr: 0.0002 (0.0002)  moe_temperature: 0.7674 (0.7675)  ema_usage_min: 0.0717 (0.0702)  ema_usage_max: 0.6711 (0.6740)
2026-03-19 17:33:08 | INFO     | crowdcount.trainer:256 - [ep 357][lr 0.0000975][13.36s]
2026-03-19 17:33:19 | INFO     | crowdcount.trainer:297 - [Eval] mae=58.88  mse=88.53  time=10.4s  best_mae=57.40  best_mse=85.62
2026-03-19 17:33:19 | INFO     | crowdcount.trainer:301 - [Eval] density_mae=62.48  density_mse=92.97  best_density_mae=59.15
2026-03-19 17:33:19 | INFO     | crowdcount.trainer:240 - [MoE] epoch=358 training_stage=specialization
2026-03-19 17:33:32 | INFO     | crowdcount.engine:236 - Averaged stats: lr: 0.000097  loss_sum: 0.0734 (0.0687)  losses: 0.0392 (0.0373)  den_loss: 0.0314 (0.0313)  loss_ce: 0.0352 (0.0336)  loss_points: 0.0038 (0.0037)  loss_ce_unscaled: 0.0352 (0.0336)  loss_points_unscaled: 18.8029 (18.3499)  moe_aux_total: 0.0000 (0.0000)  moe_aux_raw: 0.0002 (0.0002)  l_balance: 0.1407 (0.1617)  l_decorr: 0.0002 (0.0002)  moe_temperature: 0.7668 (0.7670)  ema_usage_min: 0.0726 (0.0723)  ema_usage_max: 0.6691 (0.6698)
2026-03-19 17:33:32 | INFO     | crowdcount.trainer:256 - [ep 358][lr 0.0000975][12.85s]
2026-03-19 17:33:34 | INFO     | crowdcount.trainer:240 - [MoE] epoch=359 training_stage=specialization
2026-03-19 17:33:48 | INFO     | crowdcount.engine:236 - Averaged stats: lr: 0.000097  loss_sum: 0.0682 (0.0772)  losses: 0.0364 (0.0392)  den_loss: 0.0258 (0.0379)  loss_ce: 0.0336 (0.0357)  loss_points: 0.0035 (0.0035)  loss_ce_unscaled: 0.0336 (0.0357)  loss_points_unscaled: 17.3858 (17.7126)  moe_aux_total: 0.0000 (0.0001)  moe_aux_raw: 0.0002 (0.0003)  l_balance: 0.1376 (0.1621)  l_decorr: 0.0002 (0.0003)  moe_temperature: 0.7663 (0.7664)  ema_usage_min: 0.0725 (0.0732)  ema_usage_max: 0.6641 (0.6659)
2026-03-19 17:33:48 | INFO     | crowdcount.trainer:256 - [ep 359][lr 0.0000975][13.90s]
2026-03-19 17:33:49 | INFO     | crowdcount.trainer:240 - [MoE] epoch=360 training_stage=specialization
2026-03-19 17:34:02 | INFO     | crowdcount.engine:236 - Averaged stats: lr: 0.000097  loss_sum: 0.0613 (0.0728)  losses: 0.0316 (0.0367)  den_loss: 0.0270 (0.0361)  loss_ce: 0.0286 (0.0331)  loss_points: 0.0035 (0.0036)  loss_ce_unscaled: 0.0286 (0.0331)  loss_points_unscaled: 17.5364 (17.9654)  moe_aux_total: 0.0000 (0.0000)  moe_aux_raw: 0.0002 (0.0002)  l_balance: 0.1575 (0.1677)  l_decorr: 0.0002 (0.0002)  moe_temperature: 0.7657 (0.7658)  ema_usage_min: 0.0725 (0.0734)  ema_usage_max: 0.6613 (0.6613)
2026-03-19 17:34:02 | INFO     | crowdcount.trainer:256 - [ep 360][lr 0.0000974][13.20s]
2026-03-19 17:34:14 | INFO     | crowdcount.trainer:297 - [Eval] mae=59.56  mse=91.68  time=10.4s  best_mae=57.40  best_mse=85.62
2026-03-19 17:34:14 | INFO     | crowdcount.trainer:301 - [Eval] density_mae=64.34  density_mse=98.48  best_density_mae=59.15
2026-03-19 17:34:14 | INFO     | crowdcount.trainer:240 - [MoE] epoch=361 training_stage=specialization
2026-03-19 17:34:28 | INFO     | crowdcount.engine:236 - Averaged stats: lr: 0.000097  loss_sum: 0.0611 (0.0742)  losses: 0.0360 (0.0378)  den_loss: 0.0259 (0.0363)  loss_ce: 0.0319 (0.0342)  loss_points: 0.0038 (0.0036)  loss_ce_unscaled: 0.0319 (0.0342)  loss_points_unscaled: 18.8363 (18.0276)  moe_aux_total: 0.0000 (0.0001)  moe_aux_raw: 0.0002 (0.0003)  l_balance: 0.1450 (0.1576)  l_decorr: 0.0002 (0.0003)  moe_temperature: 0.7651 (0.7653)  ema_usage_min: 0.0746 (0.0742)  ema_usage_max: 0.6576 (0.6577)
2026-03-19 17:34:28 | INFO     | crowdcount.trainer:256 - [ep 361][lr 0.0000974][13.47s]
2026-03-19 17:34:29 | INFO     | crowdcount.trainer:240 - [MoE] epoch=362 training_stage=specialization
2026-03-19 17:34:42 | INFO     | crowdcount.engine:236 - Averaged stats: lr: 0.000097  loss_sum: 0.0568 (0.0668)  losses: 0.0331 (0.0353)  den_loss: 0.0216 (0.0314)  loss_ce: 0.0303 (0.0318)  loss_points: 0.0035 (0.0036)  loss_ce_unscaled: 0.0303 (0.0318)  loss_points_unscaled: 17.3866 (17.8210)  moe_aux_total: 0.0000 (0.0001)  moe_aux_raw: 0.0002 (0.0003)  l_balance: 0.1526 (0.1559)  l_decorr: 0.0002 (0.0003)  moe_temperature: 0.7646 (0.7647)  ema_usage_min: 0.0737 (0.0738)  ema_usage_max: 0.6568 (0.6574)
2026-03-19 17:34:42 | INFO     | crowdcount.trainer:256 - [ep 362][lr 0.0000974][12.89s]
2026-03-19 17:34:43 | INFO     | crowdcount.trainer:240 - [MoE] epoch=363 training_stage=specialization
2026-03-19 17:34:56 | INFO     | crowdcount.engine:236 - Averaged stats: lr: 0.000097  loss_sum: 0.0729 (0.0732)  losses: 0.0354 (0.0375)  den_loss: 0.0321 (0.0356)  loss_ce: 0.0317 (0.0340)  loss_points: 0.0037 (0.0036)  loss_ce_unscaled: 0.0317 (0.0340)  loss_points_unscaled: 18.3241 (17.7624)  moe_aux_total: 0.0000 (0.0000)  moe_aux_raw: 0.0002 (0.0002)  l_balance: 0.1579 (0.1688)  l_decorr: 0.0002 (0.0002)  moe_temperature: 0.7640 (0.7641)  ema_usage_min: 0.0742 (0.0744)  ema_usage_max: 0.6510 (0.6520)
2026-03-19 17:34:56 | INFO     | crowdcount.trainer:256 - [ep 363][lr 0.0000974][12.91s]
2026-03-19 17:35:08 | INFO     | crowdcount.trainer:297 - [Eval] mae=64.37  mse=98.73  time=10.4s  best_mae=57.40  best_mse=85.62
2026-03-19 17:35:08 | INFO     | crowdcount.trainer:301 - [Eval] density_mae=66.80  density_mse=94.23  best_density_mae=59.15
2026-03-19 17:35:08 | INFO     | crowdcount.trainer:240 - [MoE] epoch=364 training_stage=specialization
2026-03-19 17:35:21 | INFO     | crowdcount.engine:236 - Averaged stats: lr: 0.000097  loss_sum: 0.0606 (0.0713)  losses: 0.0352 (0.0366)  den_loss: 0.0217 (0.0347)  loss_ce: 0.0313 (0.0330)  loss_points: 0.0038 (0.0036)  loss_ce_unscaled: 0.0313 (0.0330)  loss_points_unscaled: 19.0770 (18.0760)  moe_aux_total: 0.0000 (0.0001)  moe_aux_raw: 0.0002 (0.0003)  l_balance: 0.1687 (0.1692)  l_decorr: 0.0002 (0.0003)  moe_temperature: 0.7634 (0.7636)  ema_usage_min: 0.0735 (0.0738)  ema_usage_max: 0.6558 (0.6543)
2026-03-19 17:35:21 | INFO     | crowdcount.trainer:256 - [ep 364][lr 0.0000974][13.21s]
2026-03-19 17:35:22 | INFO     | crowdcount.trainer:240 - [MoE] epoch=365 training_stage=specialization
2026-03-19 17:35:36 | INFO     | crowdcount.engine:236 - Averaged stats: lr: 0.000097  loss_sum: 0.0656 (0.0694)  losses: 0.0371 (0.0378)  den_loss: 0.0287 (0.0316)  loss_ce: 0.0332 (0.0341)  loss_points: 0.0036 (0.0037)  loss_ce_unscaled: 0.0332 (0.0341)  loss_points_unscaled: 18.0934 (18.4225)  moe_aux_total: 0.0000 (0.0001)  moe_aux_raw: 0.0002 (0.0003)  l_balance: 0.1842 (0.1802)  l_decorr: 0.0002 (0.0003)  moe_temperature: 0.7629 (0.7630)  ema_usage_min: 0.0729 (0.0735)  ema_usage_max: 0.6579 (0.6586)
2026-03-19 17:35:36 | INFO     | crowdcount.trainer:256 - [ep 365][lr 0.0000974][13.30s]
2026-03-19 17:35:37 | INFO     | crowdcount.trainer:240 - [MoE] epoch=366 training_stage=specialization
2026-03-19 17:35:50 | INFO     | crowdcount.engine:236 - Averaged stats: lr: 0.000097  loss_sum: 0.0551 (0.0805)  losses: 0.0331 (0.0385)  den_loss: 0.0225 (0.0420)  loss_ce: 0.0299 (0.0350)  loss_points: 0.0036 (0.0035)  loss_ce_unscaled: 0.0299 (0.0350)  loss_points_unscaled: 18.1278 (17.2545)  moe_aux_total: 0.0000 (0.0000)  moe_aux_raw: 0.0001 (0.0002)  l_balance: 0.1320 (0.1633)  l_decorr: 0.0001 (0.0002)  moe_temperature: 0.7623 (0.7624)  ema_usage_min: 0.0750 (0.0741)  ema_usage_max: 0.6523 (0.6552)
2026-03-19 17:35:50 | INFO     | crowdcount.trainer:256 - [ep 366][lr 0.0000974][13.36s]
2026-03-19 17:36:02 | INFO     | crowdcount.trainer:297 - [Eval] mae=71.71  mse=109.08  time=10.4s  best_mae=57.40  best_mse=85.62
2026-03-19 17:36:02 | INFO     | crowdcount.trainer:301 - [Eval] density_mae=104.66  density_mse=140.72  best_density_mae=59.15
2026-03-19 17:36:02 | INFO     | crowdcount.trainer:240 - [MoE] epoch=367 training_stage=specialization
2026-03-19 17:36:15 | INFO     | crowdcount.engine:236 - Averaged stats: lr: 0.000097  loss_sum: 0.0586 (0.0696)  losses: 0.0361 (0.0360)  den_loss: 0.0175 (0.0335)  loss_ce: 0.0329 (0.0323)  loss_points: 0.0036 (0.0037)  loss_ce_unscaled: 0.0329 (0.0323)  loss_points_unscaled: 17.9426 (18.5596)  moe_aux_total: 0.0000 (0.0001)  moe_aux_raw: 0.0002 (0.0003)  l_balance: 0.1427 (0.1711)  l_decorr: 0.0002 (0.0003)  moe_temperature: 0.7617 (0.7619)  ema_usage_min: 0.0770 (0.0768)  ema_usage_max: 0.6477 (0.6490)
2026-03-19 17:36:15 | INFO     | crowdcount.trainer:256 - [ep 367][lr 0.0000973][12.84s]
2026-03-19 17:36:16 | INFO     | crowdcount.trainer:240 - [MoE] epoch=368 training_stage=specialization
2026-03-19 17:36:30 | INFO     | crowdcount.engine:236 - Averaged stats: lr: 0.000097  loss_sum: 0.0590 (0.0754)  losses: 0.0361 (0.0385)  den_loss: 0.0249 (0.0369)  loss_ce: 0.0319 (0.0349)  loss_points: 0.0033 (0.0037)  loss_ce_unscaled: 0.0319 (0.0349)  loss_points_unscaled: 16.4689 (18.3410)  moe_aux_total: 0.0000 (0.0000)  moe_aux_raw: 0.0002 (0.0002)  l_balance: 0.1431 (0.1619)  l_decorr: 0.0002 (0.0002)  moe_temperature: 0.7612 (0.7613)  ema_usage_min: 0.0775 (0.0778)  ema_usage_max: 0.6462 (0.6455)
2026-03-19 17:36:30 | INFO     | crowdcount.trainer:256 - [ep 368][lr 0.0000973][13.45s]
2026-03-19 17:36:31 | INFO     | crowdcount.trainer:240 - [MoE] epoch=369 training_stage=specialization
2026-03-19 17:36:44 | INFO     | crowdcount.engine:236 - Averaged stats: lr: 0.000097  loss_sum: 0.0499 (0.0710)  losses: 0.0309 (0.0358)  den_loss: 0.0189 (0.0352)  loss_ce: 0.0272 (0.0322)  loss_points: 0.0037 (0.0036)  loss_ce_unscaled: 0.0272 (0.0322)  loss_points_unscaled: 18.3492 (18.0477)  moe_aux_total: 0.0000 (0.0000)  moe_aux_raw: 0.0002 (0.0002)  l_balance: 0.1425 (0.1736)  l_decorr: 0.0002 (0.0002)  moe_temperature: 0.7606 (0.7608)  ema_usage_min: 0.0774 (0.0771)  ema_usage_max: 0.6472 (0.6470)
2026-03-19 17:36:44 | INFO     | crowdcount.trainer:256 - [ep 369][lr 0.0000973][13.03s]
2026-03-19 17:36:56 | INFO     | crowdcount.trainer:297 - [Eval] mae=59.25  mse=88.19  time=10.4s  best_mae=57.40  best_mse=85.62
2026-03-19 17:36:56 | INFO     | crowdcount.trainer:301 - [Eval] density_mae=60.79  density_mse=90.89  best_density_mae=59.15
2026-03-19 17:36:56 | INFO     | crowdcount.trainer:240 - [MoE] epoch=370 training_stage=specialization
2026-03-19 17:37:09 | INFO     | crowdcount.engine:236 - Averaged stats: lr: 0.000097  loss_sum: 0.0509 (0.0785)  losses: 0.0332 (0.0400)  den_loss: 0.0179 (0.0385)  loss_ce: 0.0299 (0.0364)  loss_points: 0.0034 (0.0036)  loss_ce_unscaled: 0.0299 (0.0364)  loss_points_unscaled: 16.8072 (17.8069)  moe_aux_total: 0.0000 (0.0000)  moe_aux_raw: 0.0002 (0.0002)  l_balance: 0.1716 (0.1965)  l_decorr: 0.0002 (0.0002)  moe_temperature: 0.7601 (0.7602)  ema_usage_min: 0.0768 (0.0769)  ema_usage_max: 0.6584 (0.6567)
2026-03-19 17:37:09 | INFO     | crowdcount.trainer:256 - [ep 370][lr 0.0000973][13.11s]
2026-03-19 17:37:10 | INFO     | crowdcount.trainer:240 - [MoE] epoch=371 training_stage=specialization
2026-03-19 17:37:23 | INFO     | crowdcount.engine:236 - Averaged stats: lr: 0.000097  loss_sum: 0.0580 (0.0760)  losses: 0.0325 (0.0382)  den_loss: 0.0235 (0.0378)  loss_ce: 0.0296 (0.0347)  loss_points: 0.0034 (0.0035)  loss_ce_unscaled: 0.0296 (0.0347)  loss_points_unscaled: 17.0756 (17.6590)  moe_aux_total: 0.0000 (0.0000)  moe_aux_raw: 0.0002 (0.0002)  l_balance: 0.1758 (0.1826)  l_decorr: 0.0002 (0.0002)  moe_temperature: 0.7595 (0.7596)  ema_usage_min: 0.0749 (0.0762)  ema_usage_max: 0.6717 (0.6703)
2026-03-19 17:37:23 | INFO     | crowdcount.trainer:256 - [ep 371][lr 0.0000973][13.08s]
2026-03-19 17:37:25 | INFO     | crowdcount.trainer:240 - [MoE] epoch=372 training_stage=specialization
2026-03-19 17:37:38 | INFO     | crowdcount.engine:236 - Averaged stats: lr: 0.000097  loss_sum: 0.0555 (0.0745)  losses: 0.0344 (0.0367)  den_loss: 0.0211 (0.0377)  loss_ce: 0.0314 (0.0331)  loss_points: 0.0033 (0.0036)  loss_ce_unscaled: 0.0314 (0.0331)  loss_points_unscaled: 16.5011 (18.2039)  moe_aux_total: 0.0000 (0.0000)  moe_aux_raw: 0.0002 (0.0002)  l_balance: 0.1800 (0.1773)  l_decorr: 0.0002 (0.0002)  moe_temperature: 0.7589 (0.7591)  ema_usage_min: 0.0746 (0.0748)  ema_usage_max: 0.6743 (0.6744)
2026-03-19 17:37:38 | INFO     | crowdcount.trainer:256 - [ep 372][lr 0.0000973][13.31s]
2026-03-19 17:37:50 | INFO     | crowdcount.trainer:297 - [Eval] mae=69.45  mse=103.63  time=10.4s  best_mae=57.40  best_mse=85.62
2026-03-19 17:37:50 | INFO     | crowdcount.trainer:301 - [Eval] density_mae=64.91  density_mse=95.47  best_density_mae=59.15
2026-03-19 17:37:50 | INFO     | crowdcount.trainer:240 - [MoE] epoch=373 training_stage=specialization
2026-03-19 17:38:03 | INFO     | crowdcount.engine:236 - Averaged stats: lr: 0.000097  loss_sum: 0.0613 (0.0690)  losses: 0.0344 (0.0369)  den_loss: 0.0251 (0.0320)  loss_ce: 0.0308 (0.0331)  loss_points: 0.0034 (0.0038)  loss_ce_unscaled: 0.0308 (0.0331)  loss_points_unscaled: 17.1744 (19.0085)  moe_aux_total: 0.0000 (0.0000)  moe_aux_raw: 0.0002 (0.0002)  l_balance: 0.1548 (0.1681)  l_decorr: 0.0002 (0.0002)  moe_temperature: 0.7584 (0.7585)  ema_usage_min: 0.0726 (0.0734)  ema_usage_max: 0.6762 (0.6766)
2026-03-19 17:38:03 | INFO     | crowdcount.trainer:256 - [ep 373][lr 0.0000973][13.06s]
2026-03-19 17:38:05 | INFO     | crowdcount.trainer:240 - [MoE] epoch=374 training_stage=specialization
2026-03-19 17:38:19 | INFO     | crowdcount.engine:236 - Averaged stats: lr: 0.000097  loss_sum: 0.0538 (0.0764)  losses: 0.0331 (0.0380)  den_loss: 0.0246 (0.0384)  loss_ce: 0.0292 (0.0344)  loss_points: 0.0037 (0.0036)  loss_ce_unscaled: 0.0292 (0.0344)  loss_points_unscaled: 18.5718 (17.8963)  moe_aux_total: 0.0000 (0.0001)  moe_aux_raw: 0.0002 (0.0003)  l_balance: 0.1526 (0.1659)  l_decorr: 0.0002 (0.0003)  moe_temperature: 0.7578 (0.7579)  ema_usage_min: 0.0781 (0.0784)  ema_usage_max: 0.6729 (0.6740)
2026-03-19 17:38:19 | INFO     | crowdcount.trainer:256 - [ep 374][lr 0.0000972][14.07s]
2026-03-19 17:38:20 | INFO     | crowdcount.trainer:240 - [MoE] epoch=375 training_stage=specialization
2026-03-19 17:38:33 | INFO     | crowdcount.engine:236 - Averaged stats: lr: 0.000097  loss_sum: 0.0587 (0.0716)  losses: 0.0388 (0.0380)  den_loss: 0.0181 (0.0336)  loss_ce: 0.0352 (0.0343)  loss_points: 0.0036 (0.0037)  loss_ce_unscaled: 0.0352 (0.0343)  loss_points_unscaled: 18.2037 (18.3455)  moe_aux_total: 0.0000 (0.0000)  moe_aux_raw: 0.0002 (0.0002)  l_balance: 0.1483 (0.1654)  l_decorr: 0.0002 (0.0002)  moe_temperature: 0.7572 (0.7574)  ema_usage_min: 0.0795 (0.0787)  ema_usage_max: 0.6727 (0.6728)
2026-03-19 17:38:33 | INFO     | crowdcount.trainer:256 - [ep 375][lr 0.0000972][13.35s]
2026-03-19 17:38:45 | INFO     | crowdcount.trainer:297 - [Eval] mae=68.76  mse=105.26  time=10.4s  best_mae=57.40  best_mse=85.62
2026-03-19 17:38:45 | INFO     | crowdcount.trainer:301 - [Eval] density_mae=65.69  density_mse=97.73  best_density_mae=59.15
2026-03-19 17:38:45 | INFO     | crowdcount.trainer:240 - [MoE] epoch=376 training_stage=specialization
2026-03-19 17:38:59 | INFO     | crowdcount.engine:236 - Averaged stats: lr: 0.000097  loss_sum: 0.0761 (0.0722)  losses: 0.0362 (0.0370)  den_loss: 0.0433 (0.0351)  loss_ce: 0.0329 (0.0334)  loss_points: 0.0034 (0.0036)  loss_ce_unscaled: 0.0329 (0.0334)  loss_points_unscaled: 17.1614 (17.9853)  moe_aux_total: 0.0000 (0.0000)  moe_aux_raw: 0.0002 (0.0002)  l_balance: 0.1457 (0.1707)  l_decorr: 0.0002 (0.0002)  moe_temperature: 0.7567 (0.7568)  ema_usage_min: 0.0779 (0.0781)  ema_usage_max: 0.6738 (0.6737)
2026-03-19 17:38:59 | INFO     | crowdcount.trainer:256 - [ep 376][lr 0.0000972][13.57s]
2026-03-19 17:39:00 | INFO     | crowdcount.trainer:240 - [MoE] epoch=377 training_stage=specialization
2026-03-19 17:39:14 | INFO     | crowdcount.engine:236 - Averaged stats: lr: 0.000097  loss_sum: 0.0594 (0.0688)  losses: 0.0365 (0.0368)  den_loss: 0.0203 (0.0319)  loss_ce: 0.0330 (0.0331)  loss_points: 0.0034 (0.0037)  loss_ce_unscaled: 0.0330 (0.0331)  loss_points_unscaled: 17.1002 (18.2840)  moe_aux_total: 0.0000 (0.0000)  moe_aux_raw: 0.0001 (0.0002)  l_balance: 0.2086 (0.1835)  l_decorr: 0.0001 (0.0002)  moe_temperature: 0.7561 (0.7563)  ema_usage_min: 0.0782 (0.0784)  ema_usage_max: 0.6772 (0.6772)
2026-03-19 17:39:14 | INFO     | crowdcount.trainer:256 - [ep 377][lr 0.0000972][13.45s]
2026-03-19 17:39:15 | INFO     | crowdcount.trainer:240 - [MoE] epoch=378 training_stage=specialization
2026-03-19 17:39:28 | INFO     | crowdcount.engine:236 - Averaged stats: lr: 0.000097  loss_sum: 0.0705 (0.0719)  losses: 0.0378 (0.0367)  den_loss: 0.0318 (0.0352)  loss_ce: 0.0345 (0.0330)  loss_points: 0.0034 (0.0036)  loss_ce_unscaled: 0.0345 (0.0330)  loss_points_unscaled: 17.0284 (18.2140)  moe_aux_total: 0.0000 (0.0000)  moe_aux_raw: 0.0002 (0.0002)  l_balance: 0.1613 (0.1764)  l_decorr: 0.0002 (0.0002)  moe_temperature: 0.7556 (0.7557)  ema_usage_min: 0.0745 (0.0745)  ema_usage_max: 0.6856 (0.6841)
2026-03-19 17:39:28 | INFO     | crowdcount.trainer:256 - [ep 378][lr 0.0000972][13.51s]
2026-03-19 17:39:40 | INFO     | crowdcount.trainer:297 - [Eval] mae=74.99  mse=111.49  time=10.5s  best_mae=57.40  best_mse=85.62
2026-03-19 17:39:40 | INFO     | crowdcount.trainer:301 - [Eval] density_mae=65.30  density_mse=97.34  best_density_mae=59.15
2026-03-19 17:39:40 | INFO     | crowdcount.trainer:240 - [MoE] epoch=379 training_stage=specialization
2026-03-19 17:39:53 | INFO     | crowdcount.engine:236 - Averaged stats: lr: 0.000097  loss_sum: 0.0706 (0.0702)  losses: 0.0389 (0.0361)  den_loss: 0.0283 (0.0340)  loss_ce: 0.0358 (0.0325)  loss_points: 0.0034 (0.0036)  loss_ce_unscaled: 0.0358 (0.0325)  loss_points_unscaled: 17.0850 (18.0840)  moe_aux_total: 0.0000 (0.0000)  moe_aux_raw: 0.0002 (0.0002)  l_balance: 0.1820 (0.1788)  l_decorr: 0.0002 (0.0002)  moe_temperature: 0.7550 (0.7551)  ema_usage_min: 0.0764 (0.0767)  ema_usage_max: 0.6874 (0.6862)
2026-03-19 17:39:53 | INFO     | crowdcount.trainer:256 - [ep 379][lr 0.0000972][13.03s]
2026-03-19 17:39:54 | INFO     | crowdcount.trainer:240 - [MoE] epoch=380 training_stage=specialization
2026-03-19 17:40:08 | INFO     | crowdcount.engine:236 - Averaged stats: lr: 0.000097  loss_sum: 0.0540 (0.0722)  losses: 0.0318 (0.0369)  den_loss: 0.0208 (0.0352)  loss_ce: 0.0283 (0.0334)  loss_points: 0.0035 (0.0035)  loss_ce_unscaled: 0.0283 (0.0334)  loss_points_unscaled: 17.2997 (17.4696)  moe_aux_total: 0.0000 (0.0000)  moe_aux_raw: 0.0002 (0.0002)  l_balance: 0.1868 (0.1802)  l_decorr: 0.0002 (0.0002)  moe_temperature: 0.7545 (0.7546)  ema_usage_min: 0.0770 (0.0769)  ema_usage_max: 0.6881 (0.6876)
2026-03-19 17:40:08 | INFO     | crowdcount.trainer:256 - [ep 380][lr 0.0000971][13.48s]
2026-03-19 17:40:09 | INFO     | crowdcount.trainer:240 - [MoE] epoch=381 training_stage=specialization
2026-03-19 17:40:22 | INFO     | crowdcount.engine:236 - Averaged stats: lr: 0.000097  loss_sum: 0.0739 (0.0684)  losses: 0.0346 (0.0364)  den_loss: 0.0356 (0.0320)  loss_ce: 0.0307 (0.0328)  loss_points: 0.0035 (0.0036)  loss_ce_unscaled: 0.0307 (0.0328)  loss_points_unscaled: 17.6277 (17.7820)  moe_aux_total: 0.0000 (0.0000)  moe_aux_raw: 0.0002 (0.0002)  l_balance: 0.1779 (0.1806)  l_decorr: 0.0002 (0.0002)  moe_temperature: 0.7539 (0.7540)  ema_usage_min: 0.0778 (0.0782)  ema_usage_max: 0.6900 (0.6888)
2026-03-19 17:40:22 | INFO     | crowdcount.trainer:256 - [ep 381][lr 0.0000971][13.28s]
2026-03-19 17:40:34 | INFO     | crowdcount.trainer:297 - [Eval] mae=60.89  mse=96.38  time=10.4s  best_mae=57.40  best_mse=85.62
2026-03-19 17:40:34 | INFO     | crowdcount.trainer:301 - [Eval] density_mae=79.51  density_mse=109.54  best_density_mae=59.15
2026-03-19 17:40:34 | INFO     | crowdcount.trainer:240 - [MoE] epoch=382 training_stage=specialization
2026-03-19 17:40:47 | INFO     | crowdcount.engine:236 - Averaged stats: lr: 0.000097  loss_sum: 0.0681 (0.0704)  losses: 0.0385 (0.0369)  den_loss: 0.0294 (0.0335)  loss_ce: 0.0346 (0.0333)  loss_points: 0.0038 (0.0036)  loss_ce_unscaled: 0.0346 (0.0333)  loss_points_unscaled: 18.8199 (18.1727)  moe_aux_total: 0.0000 (0.0000)  moe_aux_raw: 0.0002 (0.0002)  l_balance: 0.1653 (0.1740)  l_decorr: 0.0002 (0.0002)  moe_temperature: 0.7533 (0.7535)  ema_usage_min: 0.0788 (0.0790)  ema_usage_max: 0.6954 (0.6936)
2026-03-19 17:40:47 | INFO     | crowdcount.trainer:256 - [ep 382][lr 0.0000971][13.47s]
2026-03-19 17:40:49 | INFO     | crowdcount.trainer:240 - [MoE] epoch=383 training_stage=specialization
2026-03-19 17:41:02 | INFO     | crowdcount.engine:236 - Averaged stats: lr: 0.000097  loss_sum: 0.0670 (0.0701)  losses: 0.0378 (0.0368)  den_loss: 0.0302 (0.0333)  loss_ce: 0.0346 (0.0333)  loss_points: 0.0035 (0.0035)  loss_ce_unscaled: 0.0346 (0.0333)  loss_points_unscaled: 17.2750 (17.2575)  moe_aux_total: 0.0000 (0.0000)  moe_aux_raw: 0.0002 (0.0002)  l_balance: 0.1821 (0.1828)  l_decorr: 0.0002 (0.0002)  moe_temperature: 0.7528 (0.7529)  ema_usage_min: 0.0779 (0.0783)  ema_usage_max: 0.6986 (0.6984)
2026-03-19 17:41:02 | INFO     | crowdcount.trainer:256 - [ep 383][lr 0.0000971][13.18s]
2026-03-19 17:41:03 | INFO     | crowdcount.trainer:240 - [MoE] epoch=384 training_stage=specialization
2026-03-19 17:41:16 | INFO     | crowdcount.engine:236 - Averaged stats: lr: 0.000097  loss_sum: 0.0625 (0.0727)  losses: 0.0352 (0.0365)  den_loss: 0.0266 (0.0361)  loss_ce: 0.0316 (0.0329)  loss_points: 0.0036 (0.0036)  loss_ce_unscaled: 0.0316 (0.0329)  loss_points_unscaled: 17.8434 (18.2159)  moe_aux_total: 0.0000 (0.0000)  moe_aux_raw: 0.0002 (0.0002)  l_balance: 0.1610 (0.1746)  l_decorr: 0.0002 (0.0002)  moe_temperature: 0.7522 (0.7524)  ema_usage_min: 0.0796 (0.0785)  ema_usage_max: 0.7007 (0.7001)
2026-03-19 17:41:16 | INFO     | crowdcount.trainer:256 - [ep 384][lr 0.0000971][13.01s]
2026-03-19 17:41:28 | INFO     | crowdcount.trainer:297 - [Eval] mae=75.71  mse=115.85  time=10.4s  best_mae=57.40  best_mse=85.62
2026-03-19 17:41:28 | INFO     | crowdcount.trainer:301 - [Eval] density_mae=65.53  density_mse=98.57  best_density_mae=59.15
2026-03-19 17:41:28 | INFO     | crowdcount.trainer:240 - [MoE] epoch=385 training_stage=specialization
2026-03-19 17:41:41 | INFO     | crowdcount.engine:236 - Averaged stats: lr: 0.000097  loss_sum: 0.0547 (0.0701)  losses: 0.0330 (0.0357)  den_loss: 0.0239 (0.0343)  loss_ce: 0.0294 (0.0323)  loss_points: 0.0034 (0.0035)  loss_ce_unscaled: 0.0294 (0.0323)  loss_points_unscaled: 16.9220 (17.2734)  moe_aux_total: 0.0000 (0.0000)  moe_aux_raw: 0.0001 (0.0002)  l_balance: 0.1716 (0.1790)  l_decorr: 0.0001 (0.0002)  moe_temperature: 0.7517 (0.7518)  ema_usage_min: 0.0828 (0.0821)  ema_usage_max: 0.6977 (0.6979)
2026-03-19 17:41:42 | INFO     | crowdcount.trainer:256 - [ep 385][lr 0.0000971][13.27s]
2026-03-19 17:41:43 | INFO     | crowdcount.trainer:240 - [MoE] epoch=386 training_stage=specialization
2026-03-19 17:41:56 | INFO     | crowdcount.engine:236 - Averaged stats: lr: 0.000097  loss_sum: 0.0726 (0.0739)  losses: 0.0301 (0.0368)  den_loss: 0.0309 (0.0371)  loss_ce: 0.0269 (0.0332)  loss_points: 0.0031 (0.0035)  loss_ce_unscaled: 0.0269 (0.0332)  loss_points_unscaled: 15.5091 (17.6611)  moe_aux_total: 0.0000 (0.0000)  moe_aux_raw: 0.0002 (0.0002)  l_balance: 0.1781 (0.1967)  l_decorr: 0.0002 (0.0002)  moe_temperature: 0.7511 (0.7512)  ema_usage_min: 0.0780 (0.0792)  ema_usage_max: 0.7011 (0.7005)
2026-03-19 17:41:56 | INFO     | crowdcount.trainer:256 - [ep 386][lr 0.0000971][13.37s]
2026-03-19 17:41:58 | INFO     | crowdcount.trainer:240 - [MoE] epoch=387 training_stage=specialization
2026-03-19 17:42:12 | INFO     | crowdcount.engine:236 - Averaged stats: lr: 0.000097  loss_sum: 0.0731 (0.0715)  losses: 0.0403 (0.0371)  den_loss: 0.0339 (0.0344)  loss_ce: 0.0368 (0.0336)  loss_points: 0.0035 (0.0035)  loss_ce_unscaled: 0.0368 (0.0336)  loss_points_unscaled: 17.5086 (17.3519)  moe_aux_total: 0.0000 (0.0000)  moe_aux_raw: 0.0002 (0.0002)  l_balance: 0.1757 (0.1822)  l_decorr: 0.0002 (0.0002)  moe_temperature: 0.7506 (0.7507)  ema_usage_min: 0.0770 (0.0770)  ema_usage_max: 0.6929 (0.6936)
2026-03-19 17:42:12 | INFO     | crowdcount.trainer:256 - [ep 387][lr 0.0000970][14.07s]
2026-03-19 17:42:24 | INFO     | crowdcount.trainer:297 - [Eval] mae=62.44  mse=94.96  time=10.5s  best_mae=57.40  best_mse=85.62
2026-03-19 17:42:24 | INFO     | crowdcount.trainer:301 - [Eval] density_mae=69.87  density_mse=98.13  best_density_mae=59.15
2026-03-19 17:42:24 | INFO     | crowdcount.trainer:240 - [MoE] epoch=388 training_stage=specialization
2026-03-19 17:42:37 | INFO     | crowdcount.engine:236 - Averaged stats: lr: 0.000097  loss_sum: 0.0509 (0.0689)  losses: 0.0308 (0.0365)  den_loss: 0.0187 (0.0323)  loss_ce: 0.0272 (0.0329)  loss_points: 0.0033 (0.0036)  loss_ce_unscaled: 0.0272 (0.0329)  loss_points_unscaled: 16.6000 (18.0003)  moe_aux_total: 0.0000 (0.0000)  moe_aux_raw: 0.0001 (0.0002)  l_balance: 0.1757 (0.1824)  l_decorr: 0.0001 (0.0002)  moe_temperature: 0.7500 (0.7501)  ema_usage_min: 0.0762 (0.0766)  ema_usage_max: 0.6873 (0.6886)
2026-03-19 17:42:37 | INFO     | crowdcount.trainer:256 - [ep 388][lr 0.0000970][13.37s]
2026-03-19 17:42:38 | INFO     | crowdcount.trainer:240 - [MoE] epoch=389 training_stage=specialization
2026-03-19 17:42:51 | INFO     | crowdcount.engine:236 - Averaged stats: lr: 0.000097  loss_sum: 0.0580 (0.0726)  losses: 0.0325 (0.0365)  den_loss: 0.0255 (0.0361)  loss_ce: 0.0295 (0.0330)  loss_points: 0.0036 (0.0034)  loss_ce_unscaled: 0.0295 (0.0330)  loss_points_unscaled: 17.8060 (17.1483)  moe_aux_total: 0.0000 (0.0000)  moe_aux_raw: 0.0001 (0.0002)  l_balance: 0.1499 (0.1769)  l_decorr: 0.0001 (0.0002)  moe_temperature: 0.7494 (0.7496)  ema_usage_min: 0.0791 (0.0785)  ema_usage_max: 0.6796 (0.6816)
2026-03-19 17:42:51 | INFO     | crowdcount.trainer:256 - [ep 389][lr 0.0000970][13.17s]
2026-03-19 17:42:53 | INFO     | crowdcount.trainer:240 - [MoE] epoch=390 training_stage=specialization
2026-03-19 17:43:06 | INFO     | crowdcount.engine:236 - Averaged stats: lr: 0.000097  loss_sum: 0.0596 (0.0731)  losses: 0.0360 (0.0378)  den_loss: 0.0269 (0.0352)  loss_ce: 0.0327 (0.0344)  loss_points: 0.0032 (0.0034)  loss_ce_unscaled: 0.0327 (0.0344)  loss_points_unscaled: 16.0766 (17.2205)  moe_aux_total: 0.0000 (0.0000)  moe_aux_raw: 0.0002 (0.0002)  l_balance: 0.1922 (0.1959)  l_decorr: 0.0002 (0.0002)  moe_temperature: 0.7489 (0.7490)  ema_usage_min: 0.0778 (0.0782)  ema_usage_max: 0.6767 (0.6769)
2026-03-19 17:43:06 | INFO     | crowdcount.trainer:256 - [ep 390][lr 0.0000970][13.50s]
2026-03-19 17:43:18 | INFO     | crowdcount.trainer:297 - [Eval] mae=75.29  mse=113.41  time=10.4s  best_mae=57.40  best_mse=85.62
2026-03-19 17:43:18 | INFO     | crowdcount.trainer:301 - [Eval] density_mae=65.52  density_mse=97.85  best_density_mae=59.15
2026-03-19 17:43:18 | INFO     | crowdcount.trainer:240 - [MoE] epoch=391 training_stage=specialization
2026-03-19 17:43:31 | INFO     | crowdcount.engine:236 - Averaged stats: lr: 0.000097  loss_sum: 0.0583 (0.0720)  losses: 0.0344 (0.0355)  den_loss: 0.0250 (0.0364)  loss_ce: 0.0305 (0.0319)  loss_points: 0.0036 (0.0036)  loss_ce_unscaled: 0.0305 (0.0319)  loss_points_unscaled: 17.7632 (18.1585)  moe_aux_total: 0.0000 (0.0001)  moe_aux_raw: 0.0002 (0.0003)  l_balance: 0.1563 (0.1775)  l_decorr: 0.0002 (0.0003)  moe_temperature: 0.7483 (0.7485)  ema_usage_min: 0.0781 (0.0782)  ema_usage_max: 0.6757 (0.6767)
2026-03-19 17:43:31 | INFO     | crowdcount.trainer:256 - [ep 391][lr 0.0000970][13.28s]
2026-03-19 17:43:32 | INFO     | crowdcount.trainer:240 - [MoE] epoch=392 training_stage=specialization
2026-03-19 17:43:46 | INFO     | crowdcount.engine:236 - Averaged stats: lr: 0.000097  loss_sum: 0.0663 (0.0683)  losses: 0.0325 (0.0368)  den_loss: 0.0317 (0.0315)  loss_ce: 0.0295 (0.0332)  loss_points: 0.0034 (0.0036)  loss_ce_unscaled: 0.0295 (0.0332)  loss_points_unscaled: 17.0689 (18.0694)  moe_aux_total: 0.0000 (0.0000)  moe_aux_raw: 0.0002 (0.0002)  l_balance: 0.1925 (0.1832)  l_decorr: 0.0002 (0.0002)  moe_temperature: 0.7478 (0.7479)  ema_usage_min: 0.0764 (0.0774)  ema_usage_max: 0.6734 (0.6742)
2026-03-19 17:43:46 | INFO     | crowdcount.trainer:256 - [ep 392][lr 0.0000970][13.18s]
2026-03-19 17:43:47 | INFO     | crowdcount.trainer:240 - [MoE] epoch=393 training_stage=specialization
2026-03-19 17:44:01 | INFO     | crowdcount.engine:236 - Averaged stats: lr: 0.000097  loss_sum: 0.0605 (0.0733)  losses: 0.0337 (0.0363)  den_loss: 0.0322 (0.0369)  loss_ce: 0.0295 (0.0328)  loss_points: 0.0034 (0.0035)  loss_ce_unscaled: 0.0295 (0.0328)  loss_points_unscaled: 17.0064 (17.4553)  moe_aux_total: 0.0000 (0.0000)  moe_aux_raw: 0.0002 (0.0002)  l_balance: 0.1855 (0.1895)  l_decorr: 0.0002 (0.0002)  moe_temperature: 0.7472 (0.7474)  ema_usage_min: 0.0782 (0.0783)  ema_usage_max: 0.6760 (0.6750)
2026-03-19 17:44:01 | INFO     | crowdcount.trainer:256 - [ep 393][lr 0.0000970][13.58s]
2026-03-19 17:44:12 | INFO     | crowdcount.trainer:297 - [Eval] mae=67.25  mse=106.14  time=10.5s  best_mae=57.40  best_mse=85.62
2026-03-19 17:44:12 | INFO     | crowdcount.trainer:301 - [Eval] density_mae=69.15  density_mse=101.35  best_density_mae=59.15
2026-03-19 17:44:12 | INFO     | crowdcount.trainer:240 - [MoE] epoch=394 training_stage=specialization
2026-03-19 17:44:25 | INFO     | crowdcount.engine:236 - Averaged stats: lr: 0.000097  loss_sum: 0.0688 (0.0811)  losses: 0.0384 (0.0376)  den_loss: 0.0291 (0.0434)  loss_ce: 0.0357 (0.0340)  loss_points: 0.0034 (0.0036)  loss_ce_unscaled: 0.0357 (0.0340)  loss_points_unscaled: 17.2014 (17.7874)  moe_aux_total: 0.0000 (0.0000)  moe_aux_raw: 0.0002 (0.0002)  l_balance: 0.1758 (0.1936)  l_decorr: 0.0002 (0.0002)  moe_temperature: 0.7467 (0.7468)  ema_usage_min: 0.0796 (0.0786)  ema_usage_max: 0.6772 (0.6776)
2026-03-19 17:44:25 | INFO     | crowdcount.trainer:256 - [ep 394][lr 0.0000969][13.09s]
2026-03-19 17:44:27 | INFO     | crowdcount.trainer:240 - [MoE] epoch=395 training_stage=specialization
2026-03-19 17:44:40 | INFO     | crowdcount.engine:236 - Averaged stats: lr: 0.000097  loss_sum: 0.0500 (0.0664)  losses: 0.0363 (0.0353)  den_loss: 0.0175 (0.0310)  loss_ce: 0.0320 (0.0318)  loss_points: 0.0036 (0.0036)  loss_ce_unscaled: 0.0320 (0.0318)  loss_points_unscaled: 17.8151 (17.8162)  moe_aux_total: 0.0000 (0.0000)  moe_aux_raw: 0.0001 (0.0002)  l_balance: 0.2302 (0.2309)  l_decorr: 0.0001 (0.0002)  moe_temperature: 0.7461 (0.7463)  ema_usage_min: 0.0753 (0.0767)  ema_usage_max: 0.6860 (0.6852)
2026-03-19 17:44:40 | INFO     | crowdcount.trainer:256 - [ep 395][lr 0.0000969][13.46s]
2026-03-19 17:44:42 | INFO     | crowdcount.trainer:240 - [MoE] epoch=396 training_stage=specialization
2026-03-19 17:44:55 | INFO     | crowdcount.engine:236 - Averaged stats: lr: 0.000097  loss_sum: 0.0571 (0.0680)  losses: 0.0331 (0.0360)  den_loss: 0.0213 (0.0320)  loss_ce: 0.0295 (0.0323)  loss_points: 0.0033 (0.0037)  loss_ce_unscaled: 0.0295 (0.0323)  loss_points_unscaled: 16.7082 (18.3639)  moe_aux_total: 0.0000 (0.0000)  moe_aux_raw: 0.0001 (0.0002)  l_balance: 0.2081 (0.2007)  l_decorr: 0.0001 (0.0002)  moe_temperature: 0.7456 (0.7457)  ema_usage_min: 0.0740 (0.0740)  ema_usage_max: 0.6915 (0.6903)
2026-03-19 17:44:55 | INFO     | crowdcount.trainer:256 - [ep 396][lr 0.0000969][12.93s]
2026-03-19 17:45:07 | INFO     | crowdcount.trainer:297 - [Eval] mae=65.40  mse=97.05  time=10.5s  best_mae=57.40  best_mse=85.62
2026-03-19 17:45:07 | INFO     | crowdcount.trainer:301 - [Eval] density_mae=72.41  density_mse=99.94  best_density_mae=59.15
2026-03-19 17:45:07 | INFO     | crowdcount.trainer:240 - [MoE] epoch=397 training_stage=specialization
2026-03-19 17:45:20 | INFO     | crowdcount.engine:236 - Averaged stats: lr: 0.000097  loss_sum: 0.0635 (0.0718)  losses: 0.0382 (0.0368)  den_loss: 0.0306 (0.0350)  loss_ce: 0.0349 (0.0332)  loss_points: 0.0034 (0.0036)  loss_ce_unscaled: 0.0349 (0.0332)  loss_points_unscaled: 17.1746 (17.7573)  moe_aux_total: 0.0000 (0.0000)  moe_aux_raw: 0.0001 (0.0002)  l_balance: 0.1855 (0.1906)  l_decorr: 0.0001 (0.0002)  moe_temperature: 0.7450 (0.7452)  ema_usage_min: 0.0789 (0.0782)  ema_usage_max: 0.6962 (0.6951)
2026-03-19 17:45:20 | INFO     | crowdcount.trainer:256 - [ep 397][lr 0.0000969][13.57s]
2026-03-19 17:45:22 | INFO     | crowdcount.trainer:240 - [MoE] epoch=398 training_stage=specialization
2026-03-19 17:45:35 | INFO     | crowdcount.engine:236 - Averaged stats: lr: 0.000097  loss_sum: 0.0577 (0.0708)  losses: 0.0331 (0.0355)  den_loss: 0.0243 (0.0353)  loss_ce: 0.0298 (0.0319)  loss_points: 0.0034 (0.0036)  loss_ce_unscaled: 0.0298 (0.0319)  loss_points_unscaled: 16.9003 (17.9456)  moe_aux_total: 0.0000 (0.0000)  moe_aux_raw: 0.0002 (0.0002)  l_balance: 0.2064 (0.2162)  l_decorr: 0.0002 (0.0002)  moe_temperature: 0.7445 (0.7446)  ema_usage_min: 0.0767 (0.0776)  ema_usage_max: 0.6911 (0.6933)
2026-03-19 17:45:35 | INFO     | crowdcount.trainer:256 - [ep 398][lr 0.0000969][13.52s]
2026-03-19 17:45:37 | INFO     | crowdcount.trainer:240 - [MoE] epoch=399 training_stage=specialization
2026-03-19 17:45:50 | INFO     | crowdcount.engine:236 - Averaged stats: lr: 0.000097  loss_sum: 0.0537 (0.0694)  losses: 0.0339 (0.0356)  den_loss: 0.0229 (0.0339)  loss_ce: 0.0298 (0.0320)  loss_points: 0.0034 (0.0035)  loss_ce_unscaled: 0.0298 (0.0320)  loss_points_unscaled: 17.1642 (17.5409)  moe_aux_total: 0.0000 (0.0000)  moe_aux_raw: 0.0001 (0.0002)  l_balance: 0.1781 (0.2035)  l_decorr: 0.0001 (0.0002)  moe_temperature: 0.7439 (0.7441)  ema_usage_min: 0.0781 (0.0770)  ema_usage_max: 0.6826 (0.6859)
2026-03-19 17:45:50 | INFO     | crowdcount.trainer:256 - [ep 399][lr 0.0000969][13.02s]
2026-03-19 17:46:02 | INFO     | crowdcount.trainer:297 - [Eval] mae=94.46  mse=147.02  time=10.5s  best_mae=57.40  best_mse=85.62
2026-03-19 17:46:02 | INFO     | crowdcount.trainer:301 - [Eval] density_mae=96.54  density_mse=148.54  best_density_mae=59.15
2026-03-19 17:46:02 | INFO     | crowdcount.trainer:240 - [MoE] epoch=400 training_stage=specialization
2026-03-19 17:46:15 | INFO     | crowdcount.engine:236 - Averaged stats: lr: 0.000097  loss_sum: 0.0595 (0.0722)  losses: 0.0346 (0.0369)  den_loss: 0.0234 (0.0353)  loss_ce: 0.0319 (0.0333)  loss_points: 0.0036 (0.0035)  loss_ce_unscaled: 0.0319 (0.0333)  loss_points_unscaled: 17.8321 (17.7250)  moe_aux_total: 0.0000 (0.0000)  moe_aux_raw: 0.0002 (0.0002)  l_balance: 0.1873 (0.2125)  l_decorr: 0.0002 (0.0002)  moe_temperature: 0.7434 (0.7435)  ema_usage_min: 0.0746 (0.0750)  ema_usage_max: 0.6804 (0.6808)
2026-03-19 17:46:15 | INFO     | crowdcount.trainer:256 - [ep 400][lr 0.0000968][13.68s]
2026-03-19 17:46:17 | INFO     | crowdcount.trainer:240 - [MoE] epoch=401 training_stage=specialization
2026-03-19 17:46:30 | INFO     | crowdcount.engine:236 - Averaged stats: lr: 0.000097  loss_sum: 0.0613 (0.0680)  losses: 0.0364 (0.0362)  den_loss: 0.0239 (0.0318)  loss_ce: 0.0330 (0.0326)  loss_points: 0.0036 (0.0036)  loss_ce_unscaled: 0.0330 (0.0326)  loss_points_unscaled: 17.8722 (17.8027)  moe_aux_total: 0.0000 (0.0000)  moe_aux_raw: 0.0002 (0.0002)  l_balance: 0.2081 (0.2120)  l_decorr: 0.0002 (0.0002)  moe_temperature: 0.7428 (0.7430)  ema_usage_min: 0.0727 (0.0738)  ema_usage_max: 0.6799 (0.6794)
2026-03-19 17:46:30 | INFO     | crowdcount.trainer:256 - [ep 401][lr 0.0000968][13.33s]
2026-03-19 17:46:31 | INFO     | crowdcount.trainer:240 - [MoE] epoch=402 training_stage=specialization
2026-03-19 17:46:44 | INFO     | crowdcount.engine:236 - Averaged stats: lr: 0.000097  loss_sum: 0.0503 (0.0645)  losses: 0.0298 (0.0341)  den_loss: 0.0202 (0.0304)  loss_ce: 0.0258 (0.0306)  loss_points: 0.0036 (0.0035)  loss_ce_unscaled: 0.0258 (0.0306)  loss_points_unscaled: 17.9540 (17.4108)  moe_aux_total: 0.0000 (0.0000)  moe_aux_raw: 0.0001 (0.0002)  l_balance: 0.2088 (0.2079)  l_decorr: 0.0001 (0.0002)  moe_temperature: 0.7423 (0.7424)  ema_usage_min: 0.0682 (0.0688)  ema_usage_max: 0.6820 (0.6828)
2026-03-19 17:46:44 | INFO     | crowdcount.trainer:256 - [ep 402][lr 0.0000968][13.15s]
2026-03-19 17:46:57 | INFO     | crowdcount.trainer:297 - [Eval] mae=66.55  mse=101.72  time=10.7s  best_mae=57.40  best_mse=85.62
2026-03-19 17:46:57 | INFO     | crowdcount.trainer:301 - [Eval] density_mae=68.99  density_mse=99.08  best_density_mae=59.15
2026-03-19 17:46:57 | INFO     | crowdcount.trainer:240 - [MoE] epoch=403 training_stage=specialization
2026-03-19 17:47:09 | INFO     | crowdcount.engine:236 - Averaged stats: lr: 0.000097  loss_sum: 0.0495 (0.0621)  losses: 0.0316 (0.0348)  den_loss: 0.0192 (0.0273)  loss_ce: 0.0277 (0.0312)  loss_points: 0.0034 (0.0036)  loss_ce_unscaled: 0.0277 (0.0312)  loss_points_unscaled: 17.2393 (17.8492)  moe_aux_total: 0.0000 (0.0000)  moe_aux_raw: 0.0001 (0.0002)  l_balance: 0.1862 (0.2066)  l_decorr: 0.0001 (0.0002)  moe_temperature: 0.7417 (0.7419)  ema_usage_min: 0.0667 (0.0669)  ema_usage_max: 0.6835 (0.6846)
2026-03-19 17:47:09 | INFO     | crowdcount.trainer:256 - [ep 403][lr 0.0000968][12.66s]
2026-03-19 17:47:11 | INFO     | crowdcount.trainer:240 - [MoE] epoch=404 training_stage=specialization
2026-03-19 17:47:24 | INFO     | crowdcount.engine:236 - Averaged stats: lr: 0.000097  loss_sum: 0.0511 (0.0717)  losses: 0.0322 (0.0374)  den_loss: 0.0200 (0.0342)  loss_ce: 0.0285 (0.0338)  loss_points: 0.0034 (0.0036)  loss_ce_unscaled: 0.0285 (0.0338)  loss_points_unscaled: 16.8906 (17.8665)  moe_aux_total: 0.0000 (0.0000)  moe_aux_raw: 0.0002 (0.0002)  l_balance: 0.1905 (0.2084)  l_decorr: 0.0002 (0.0002)  moe_temperature: 0.7412 (0.7413)  ema_usage_min: 0.0638 (0.0645)  ema_usage_max: 0.6815 (0.6809)
2026-03-19 17:47:24 | INFO     | crowdcount.trainer:256 - [ep 404][lr 0.0000968][13.00s]
2026-03-19 17:47:25 | INFO     | crowdcount.trainer:240 - [MoE] epoch=405 training_stage=specialization
2026-03-19 17:47:39 | INFO     | crowdcount.engine:236 - Averaged stats: lr: 0.000097  loss_sum: 0.0537 (0.0767)  losses: 0.0342 (0.0381)  den_loss: 0.0291 (0.0385)  loss_ce: 0.0306 (0.0345)  loss_points: 0.0034 (0.0036)  loss_ce_unscaled: 0.0306 (0.0345)  loss_points_unscaled: 17.2185 (17.8922)  moe_aux_total: 0.0000 (0.0000)  moe_aux_raw: 0.0002 (0.0002)  l_balance: 0.1922 (0.2213)  l_decorr: 0.0002 (0.0002)  moe_temperature: 0.7406 (0.7408)  ema_usage_min: 0.0587 (0.0594)  ema_usage_max: 0.6843 (0.6831)
2026-03-19 17:47:39 | INFO     | crowdcount.trainer:256 - [ep 405][lr 0.0000968][13.71s]
2026-03-19 17:47:50 | INFO     | crowdcount.trainer:297 - [Eval] mae=83.34  mse=126.07  time=10.3s  best_mae=57.40  best_mse=85.62
2026-03-19 17:47:50 | INFO     | crowdcount.trainer:301 - [Eval] density_mae=81.30  density_mse=106.02  best_density_mae=59.15
2026-03-19 17:47:50 | INFO     | crowdcount.trainer:240 - [MoE] epoch=406 training_stage=specialization
2026-03-19 17:48:04 | INFO     | crowdcount.engine:236 - Averaged stats: lr: 0.000097  loss_sum: 0.0870 (0.0792)  losses: 0.0408 (0.0378)  den_loss: 0.0439 (0.0413)  loss_ce: 0.0376 (0.0343)  loss_points: 0.0033 (0.0035)  loss_ce_unscaled: 0.0376 (0.0343)  loss_points_unscaled: 16.5489 (17.4712)  moe_aux_total: 0.0000 (0.0000)  moe_aux_raw: 0.0002 (0.0002)  l_balance: 0.2246 (0.2285)  l_decorr: 0.0002 (0.0002)  moe_temperature: 0.7401 (0.7402)  ema_usage_min: 0.0579 (0.0584)  ema_usage_max: 0.6913 (0.6893)
2026-03-19 17:48:04 | INFO     | crowdcount.trainer:256 - [ep 406][lr 0.0000967][13.99s]
2026-03-19 17:48:05 | INFO     | crowdcount.trainer:240 - [MoE] epoch=407 training_stage=specialization
2026-03-19 17:48:18 | INFO     | crowdcount.engine:236 - Averaged stats: lr: 0.000097  loss_sum: 0.0566 (0.0662)  losses: 0.0314 (0.0348)  den_loss: 0.0195 (0.0313)  loss_ce: 0.0286 (0.0312)  loss_points: 0.0035 (0.0036)  loss_ce_unscaled: 0.0286 (0.0312)  loss_points_unscaled: 17.3380 (18.1500)  moe_aux_total: 0.0000 (0.0000)  moe_aux_raw: 0.0002 (0.0002)  l_balance: 0.1867 (0.2186)  l_decorr: 0.0002 (0.0002)  moe_temperature: 0.7395 (0.7397)  ema_usage_min: 0.0559 (0.0562)  ema_usage_max: 0.6936 (0.6946)
2026-03-19 17:48:18 | INFO     | crowdcount.trainer:256 - [ep 407][lr 0.0000967][12.35s]
2026-03-19 17:48:19 | INFO     | crowdcount.trainer:240 - [MoE] epoch=408 training_stage=specialization
2026-03-19 17:48:32 | INFO     | crowdcount.engine:236 - Averaged stats: lr: 0.000097  loss_sum: 0.0603 (0.0715)  losses: 0.0346 (0.0360)  den_loss: 0.0274 (0.0355)  loss_ce: 0.0315 (0.0324)  loss_points: 0.0035 (0.0036)  loss_ce_unscaled: 0.0315 (0.0324)  loss_points_unscaled: 17.4243 (17.7747)  moe_aux_total: 0.0000 (0.0000)  moe_aux_raw: 0.0002 (0.0002)  l_balance: 0.2491 (0.2254)  l_decorr: 0.0002 (0.0002)  moe_temperature: 0.7390 (0.7391)  ema_usage_min: 0.0544 (0.0551)  ema_usage_max: 0.6918 (0.6932)
2026-03-19 17:48:32 | INFO     | crowdcount.trainer:256 - [ep 408][lr 0.0000967][13.31s]
2026-03-19 17:48:44 | INFO     | crowdcount.trainer:297 - [Eval] mae=91.42  mse=141.51  time=10.6s  best_mae=57.40  best_mse=85.62
2026-03-19 17:48:44 | INFO     | crowdcount.trainer:301 - [Eval] density_mae=64.08  density_mse=93.84  best_density_mae=59.15
2026-03-19 17:48:44 | INFO     | crowdcount.trainer:240 - [MoE] epoch=409 training_stage=specialization
2026-03-19 17:48:58 | INFO     | crowdcount.engine:236 - Averaged stats: lr: 0.000097  loss_sum: 0.0680 (0.0685)  losses: 0.0374 (0.0354)  den_loss: 0.0306 (0.0331)  loss_ce: 0.0334 (0.0319)  loss_points: 0.0035 (0.0036)  loss_ce_unscaled: 0.0334 (0.0319)  loss_points_unscaled: 17.5675 (17.8587)  moe_aux_total: 0.0000 (0.0000)  moe_aux_raw: 0.0002 (0.0002)  l_balance: 0.2061 (0.2109)  l_decorr: 0.0002 (0.0002)  moe_temperature: 0.7384 (0.7386)  ema_usage_min: 0.0534 (0.0537)  ema_usage_max: 0.6962 (0.6953)
2026-03-19 17:48:58 | INFO     | crowdcount.trainer:256 - [ep 409][lr 0.0000967][13.57s]
2026-03-19 17:48:59 | INFO     | crowdcount.trainer:240 - [MoE] epoch=410 training_stage=specialization
2026-03-19 17:49:12 | INFO     | crowdcount.engine:236 - Averaged stats: lr: 0.000097  loss_sum: 0.0530 (0.0657)  losses: 0.0286 (0.0337)  den_loss: 0.0208 (0.0319)  loss_ce: 0.0253 (0.0300)  loss_points: 0.0036 (0.0037)  loss_ce_unscaled: 0.0253 (0.0300)  loss_points_unscaled: 17.9260 (18.5274)  moe_aux_total: 0.0000 (0.0001)  moe_aux_raw: 0.0001 (0.0003)  l_balance: 0.2087 (0.2269)  l_decorr: 0.0001 (0.0003)  moe_temperature: 0.7379 (0.7380)  ema_usage_min: 0.0540 (0.0539)  ema_usage_max: 0.7011 (0.6984)
2026-03-19 17:49:12 | INFO     | crowdcount.trainer:256 - [ep 410][lr 0.0000967][12.79s]
2026-03-19 17:49:13 | INFO     | crowdcount.trainer:240 - [MoE] epoch=411 training_stage=specialization
2026-03-19 17:49:27 | INFO     | crowdcount.engine:236 - Averaged stats: lr: 0.000097  loss_sum: 0.0595 (0.0787)  losses: 0.0335 (0.0382)  den_loss: 0.0244 (0.0404)  loss_ce: 0.0307 (0.0347)  loss_points: 0.0031 (0.0035)  loss_ce_unscaled: 0.0307 (0.0347)  loss_points_unscaled: 15.6378 (17.6331)  moe_aux_total: 0.0000 (0.0000)  moe_aux_raw: 0.0002 (0.0002)  l_balance: 0.2108 (0.2290)  l_decorr: 0.0002 (0.0002)  moe_temperature: 0.7373 (0.7375)  ema_usage_min: 0.0499 (0.0503)  ema_usage_max: 0.7090 (0.7074)
2026-03-19 17:49:27 | INFO     | crowdcount.trainer:256 - [ep 411][lr 0.0000967][13.53s]
2026-03-19 17:49:39 | INFO     | crowdcount.trainer:297 - [Eval] mae=73.05  mse=110.42  time=10.5s  best_mae=57.40  best_mse=85.62
2026-03-19 17:49:39 | INFO     | crowdcount.trainer:301 - [Eval] density_mae=70.16  density_mse=102.43  best_density_mae=59.15
2026-03-19 17:49:39 | INFO     | crowdcount.trainer:240 - [MoE] epoch=412 training_stage=specialization
2026-03-19 17:49:52 | INFO     | crowdcount.engine:236 - Averaged stats: lr: 0.000097  loss_sum: 0.0629 (0.0706)  losses: 0.0349 (0.0370)  den_loss: 0.0230 (0.0336)  loss_ce: 0.0309 (0.0333)  loss_points: 0.0036 (0.0036)  loss_ce_unscaled: 0.0309 (0.0333)  loss_points_unscaled: 17.8927 (18.1551)  moe_aux_total: 0.0000 (0.0000)  moe_aux_raw: 0.0002 (0.0002)  l_balance: 0.2380 (0.2329)  l_decorr: 0.0002 (0.0002)  moe_temperature: 0.7368 (0.7369)  ema_usage_min: 0.0500 (0.0495)  ema_usage_max: 0.7085 (0.7085)
2026-03-19 17:49:52 | INFO     | crowdcount.trainer:256 - [ep 412][lr 0.0000967][13.28s]
2026-03-19 17:49:54 | INFO     | crowdcount.trainer:240 - [MoE] epoch=413 training_stage=specialization
2026-03-19 17:50:07 | INFO     | crowdcount.engine:236 - Averaged stats: lr: 0.000097  loss_sum: 0.0669 (0.0700)  losses: 0.0347 (0.0358)  den_loss: 0.0293 (0.0342)  loss_ce: 0.0310 (0.0322)  loss_points: 0.0037 (0.0035)  loss_ce_unscaled: 0.0310 (0.0322)  loss_points_unscaled: 18.5461 (17.5874)  moe_aux_total: 0.0000 (0.0000)  moe_aux_raw: 0.0001 (0.0002)  l_balance: 0.2492 (0.2291)  l_decorr: 0.0001 (0.0002)  moe_temperature: 0.7363 (0.7364)  ema_usage_min: 0.0525 (0.0523)  ema_usage_max: 0.7111 (0.7113)
2026-03-19 17:50:07 | INFO     | crowdcount.trainer:256 - [ep 413][lr 0.0000966][13.35s]
2026-03-19 17:50:08 | INFO     | crowdcount.trainer:240 - [MoE] epoch=414 training_stage=specialization
2026-03-19 17:50:22 | INFO     | crowdcount.engine:236 - Averaged stats: lr: 0.000097  loss_sum: 0.0715 (0.0722)  losses: 0.0397 (0.0365)  den_loss: 0.0294 (0.0357)  loss_ce: 0.0363 (0.0330)  loss_points: 0.0034 (0.0035)  loss_ce_unscaled: 0.0363 (0.0330)  loss_points_unscaled: 16.8361 (17.4467)  moe_aux_total: 0.0000 (0.0000)  moe_aux_raw: 0.0002 (0.0002)  l_balance: 0.1998 (0.2062)  l_decorr: 0.0002 (0.0002)  moe_temperature: 0.7357 (0.7358)  ema_usage_min: 0.0558 (0.0554)  ema_usage_max: 0.7130 (0.7131)
2026-03-19 17:50:22 | INFO     | crowdcount.trainer:256 - [ep 414][lr 0.0000966][13.42s]
2026-03-19 17:50:33 | INFO     | crowdcount.trainer:297 - [Eval] mae=65.27  mse=103.74  time=10.4s  best_mae=57.40  best_mse=85.62
2026-03-19 17:50:33 | INFO     | crowdcount.trainer:301 - [Eval] density_mae=62.97  density_mse=97.02  best_density_mae=59.15
2026-03-19 17:50:33 | INFO     | crowdcount.trainer:240 - [MoE] epoch=415 training_stage=specialization
2026-03-19 17:50:47 | INFO     | crowdcount.engine:236 - Averaged stats: lr: 0.000097  loss_sum: 0.0653 (0.0739)  losses: 0.0334 (0.0367)  den_loss: 0.0275 (0.0371)  loss_ce: 0.0302 (0.0332)  loss_points: 0.0035 (0.0034)  loss_ce_unscaled: 0.0302 (0.0332)  loss_points_unscaled: 17.6983 (17.2285)  moe_aux_total: 0.0000 (0.0000)  moe_aux_raw: 0.0002 (0.0002)  l_balance: 0.2299 (0.2143)  l_decorr: 0.0002 (0.0002)  moe_temperature: 0.7352 (0.7353)  ema_usage_min: 0.0586 (0.0587)  ema_usage_max: 0.7098 (0.7100)
2026-03-19 17:50:47 | INFO     | crowdcount.trainer:256 - [ep 415][lr 0.0000966][13.61s]
2026-03-19 17:50:48 | INFO     | crowdcount.trainer:240 - [MoE] epoch=416 training_stage=specialization
2026-03-19 17:51:01 | INFO     | crowdcount.engine:236 - Averaged stats: lr: 0.000097  loss_sum: 0.0693 (0.0684)  losses: 0.0352 (0.0351)  den_loss: 0.0338 (0.0333)  loss_ce: 0.0314 (0.0314)  loss_points: 0.0037 (0.0036)  loss_ce_unscaled: 0.0314 (0.0314)  loss_points_unscaled: 18.2792 (18.2350)  moe_aux_total: 0.0000 (0.0000)  moe_aux_raw: 0.0002 (0.0002)  l_balance: 0.1916 (0.2120)  l_decorr: 0.0002 (0.0002)  moe_temperature: 0.7346 (0.7348)  ema_usage_min: 0.0552 (0.0564)  ema_usage_max: 0.7067 (0.7077)
2026-03-19 17:51:01 | INFO     | crowdcount.trainer:256 - [ep 416][lr 0.0000966][13.14s]
2026-03-19 17:51:03 | INFO     | crowdcount.trainer:240 - [MoE] epoch=417 training_stage=specialization
2026-03-19 17:51:17 | INFO     | crowdcount.engine:236 - Averaged stats: lr: 0.000097  loss_sum: 0.0695 (0.0816)  losses: 0.0325 (0.0382)  den_loss: 0.0307 (0.0434)  loss_ce: 0.0290 (0.0347)  loss_points: 0.0035 (0.0035)  loss_ce_unscaled: 0.0290 (0.0347)  loss_points_unscaled: 17.4205 (17.6053)  moe_aux_total: 0.0000 (0.0000)  moe_aux_raw: 0.0001 (0.0002)  l_balance: 0.2228 (0.2311)  l_decorr: 0.0001 (0.0002)  moe_temperature: 0.7341 (0.7342)  ema_usage_min: 0.0527 (0.0545)  ema_usage_max: 0.7038 (0.7037)
2026-03-19 17:51:17 | INFO     | crowdcount.trainer:256 - [ep 417][lr 0.0000966][13.70s]
2026-03-19 17:51:29 | INFO     | crowdcount.trainer:297 - [Eval] mae=65.53  mse=105.31  time=10.5s  best_mae=57.40  best_mse=85.62
2026-03-19 17:51:29 | INFO     | crowdcount.trainer:301 - [Eval] density_mae=63.69  density_mse=97.47  best_density_mae=59.15
2026-03-19 17:51:29 | INFO     | crowdcount.trainer:240 - [MoE] epoch=418 training_stage=specialization
2026-03-19 17:51:42 | INFO     | crowdcount.engine:236 - Averaged stats: lr: 0.000097  loss_sum: 0.0724 (0.0730)  losses: 0.0394 (0.0369)  den_loss: 0.0301 (0.0360)  loss_ce: 0.0362 (0.0335)  loss_points: 0.0035 (0.0035)  loss_ce_unscaled: 0.0362 (0.0335)  loss_points_unscaled: 17.7445 (17.3463)  moe_aux_total: 0.0000 (0.0000)  moe_aux_raw: 0.0002 (0.0002)  l_balance: 0.2300 (0.2370)  l_decorr: 0.0002 (0.0002)  moe_temperature: 0.7335 (0.7337)  ema_usage_min: 0.0475 (0.0493)  ema_usage_max: 0.7020 (0.7029)
2026-03-19 17:51:42 | INFO     | crowdcount.trainer:256 - [ep 418][lr 0.0000966][13.86s]
2026-03-19 17:51:44 | INFO     | crowdcount.trainer:240 - [MoE] epoch=419 training_stage=specialization
2026-03-19 17:51:58 | INFO     | crowdcount.engine:236 - Averaged stats: lr: 0.000097  loss_sum: 0.0630 (0.0727)  losses: 0.0354 (0.0369)  den_loss: 0.0269 (0.0358)  loss_ce: 0.0317 (0.0333)  loss_points: 0.0036 (0.0036)  loss_ce_unscaled: 0.0317 (0.0333)  loss_points_unscaled: 17.8897 (17.9062)  moe_aux_total: 0.0000 (0.0000)  moe_aux_raw: 0.0001 (0.0002)  l_balance: 0.2403 (0.2517)  l_decorr: 0.0001 (0.0002)  moe_temperature: 0.7330 (0.7331)  ema_usage_min: 0.0444 (0.0451)  ema_usage_max: 0.7075 (0.7059)
2026-03-19 17:51:58 | INFO     | crowdcount.trainer:256 - [ep 419][lr 0.0000965][14.53s]
2026-03-19 17:52:00 | INFO     | crowdcount.trainer:240 - [MoE] epoch=420 training_stage=specialization
2026-03-19 17:52:13 | INFO     | crowdcount.engine:236 - Averaged stats: lr: 0.000097  loss_sum: 0.0585 (0.0692)  losses: 0.0341 (0.0355)  den_loss: 0.0226 (0.0336)  loss_ce: 0.0307 (0.0319)  loss_points: 0.0034 (0.0036)  loss_ce_unscaled: 0.0307 (0.0319)  loss_points_unscaled: 17.2287 (18.0111)  moe_aux_total: 0.0000 (0.0000)  moe_aux_raw: 0.0001 (0.0002)  l_balance: 0.2217 (0.2449)  l_decorr: 0.0001 (0.0002)  moe_temperature: 0.7324 (0.7326)  ema_usage_min: 0.0458 (0.0444)  ema_usage_max: 0.7075 (0.7086)
2026-03-19 17:52:13 | INFO     | crowdcount.trainer:256 - [ep 420][lr 0.0000965][13.69s]
2026-03-19 17:52:25 | INFO     | crowdcount.trainer:297 - [Eval] mae=85.88  mse=135.86  time=10.5s  best_mae=57.40  best_mse=85.62
2026-03-19 17:52:25 | INFO     | crowdcount.trainer:301 - [Eval] density_mae=75.78  density_mse=117.80  best_density_mae=59.15
2026-03-19 17:52:25 | INFO     | crowdcount.trainer:240 - [MoE] epoch=421 training_stage=specialization
2026-03-19 17:52:38 | INFO     | crowdcount.engine:236 - Averaged stats: lr: 0.000097  loss_sum: 0.0506 (0.0623)  losses: 0.0321 (0.0344)  den_loss: 0.0162 (0.0279)  loss_ce: 0.0287 (0.0308)  loss_points: 0.0032 (0.0036)  loss_ce_unscaled: 0.0287 (0.0308)  loss_points_unscaled: 15.9745 (17.8069)  moe_aux_total: 0.0000 (0.0000)  moe_aux_raw: 0.0001 (0.0002)  l_balance: 0.2243 (0.2524)  l_decorr: 0.0001 (0.0002)  moe_temperature: 0.7319 (0.7320)  ema_usage_min: 0.0432 (0.0435)  ema_usage_max: 0.7116 (0.7106)
2026-03-19 17:52:38 | INFO     | crowdcount.trainer:256 - [ep 421][lr 0.0000965][12.99s]
2026-03-19 17:52:39 | INFO     | crowdcount.trainer:240 - [MoE] epoch=422 training_stage=specialization
2026-03-19 17:52:52 | INFO     | crowdcount.engine:236 - Averaged stats: lr: 0.000096  loss_sum: 0.0651 (0.0751)  losses: 0.0349 (0.0361)  den_loss: 0.0295 (0.0389)  loss_ce: 0.0316 (0.0326)  loss_points: 0.0034 (0.0035)  loss_ce_unscaled: 0.0316 (0.0326)  loss_points_unscaled: 16.9901 (17.7067)  moe_aux_total: 0.0000 (0.0000)  moe_aux_raw: 0.0001 (0.0002)  l_balance: 0.2231 (0.2469)  l_decorr: 0.0001 (0.0002)  moe_temperature: 0.7314 (0.7315)  ema_usage_min: 0.0407 (0.0414)  ema_usage_max: 0.7072 (0.7088)
2026-03-19 17:52:52 | INFO     | crowdcount.trainer:256 - [ep 422][lr 0.0000965][13.03s]
2026-03-19 17:52:54 | INFO     | crowdcount.trainer:240 - [MoE] epoch=423 training_stage=specialization
2026-03-19 17:53:07 | INFO     | crowdcount.engine:236 - Averaged stats: lr: 0.000096  loss_sum: 0.0589 (0.0673)  losses: 0.0338 (0.0364)  den_loss: 0.0237 (0.0308)  loss_ce: 0.0298 (0.0328)  loss_points: 0.0035 (0.0036)  loss_ce_unscaled: 0.0298 (0.0328)  loss_points_unscaled: 17.4121 (18.0753)  moe_aux_total: 0.0000 (0.0000)  moe_aux_raw: 0.0002 (0.0002)  l_balance: 0.2459 (0.2508)  l_decorr: 0.0002 (0.0002)  moe_temperature: 0.7308 (0.7310)  ema_usage_min: 0.0422 (0.0420)  ema_usage_max: 0.7023 (0.7029)
2026-03-19 17:53:07 | INFO     | crowdcount.trainer:256 - [ep 423][lr 0.0000965][13.14s]
2026-03-19 17:53:19 | INFO     | crowdcount.trainer:297 - [Eval] mae=70.44  mse=110.23  time=10.5s  best_mae=57.40  best_mse=85.62
2026-03-19 17:53:19 | INFO     | crowdcount.trainer:301 - [Eval] density_mae=71.45  density_mse=100.87  best_density_mae=59.15
2026-03-19 17:53:19 | INFO     | crowdcount.trainer:240 - [MoE] epoch=424 training_stage=specialization
2026-03-19 17:53:32 | INFO     | crowdcount.engine:236 - Averaged stats: lr: 0.000096  loss_sum: 0.0561 (0.0696)  losses: 0.0319 (0.0361)  den_loss: 0.0220 (0.0335)  loss_ce: 0.0286 (0.0325)  loss_points: 0.0034 (0.0035)  loss_ce_unscaled: 0.0286 (0.0325)  loss_points_unscaled: 17.0486 (17.5644)  moe_aux_total: 0.0000 (0.0000)  moe_aux_raw: 0.0002 (0.0002)  l_balance: 0.2404 (0.2595)  l_decorr: 0.0002 (0.0002)  moe_temperature: 0.7303 (0.7304)  ema_usage_min: 0.0391 (0.0394)  ema_usage_max: 0.6982 (0.6988)
2026-03-19 17:53:32 | INFO     | crowdcount.trainer:256 - [ep 424][lr 0.0000965][13.06s]
2026-03-19 17:53:33 | INFO     | crowdcount.trainer:240 - [MoE] epoch=425 training_stage=specialization
2026-03-19 17:53:46 | INFO     | crowdcount.engine:236 - Averaged stats: lr: 0.000096  loss_sum: 0.0614 (0.0707)  losses: 0.0365 (0.0362)  den_loss: 0.0248 (0.0344)  loss_ce: 0.0326 (0.0325)  loss_points: 0.0035 (0.0037)  loss_ce_unscaled: 0.0326 (0.0325)  loss_points_unscaled: 17.4184 (18.3540)  moe_aux_total: 0.0000 (0.0000)  moe_aux_raw: 0.0002 (0.0002)  l_balance: 0.2531 (0.2518)  l_decorr: 0.0002 (0.0002)  moe_temperature: 0.7297 (0.7299)  ema_usage_min: 0.0397 (0.0391)  ema_usage_max: 0.6950 (0.6965)
2026-03-19 17:53:46 | INFO     | crowdcount.trainer:256 - [ep 425][lr 0.0000964][12.73s]
2026-03-19 17:53:47 | INFO     | crowdcount.trainer:240 - [MoE] epoch=426 training_stage=specialization
2026-03-19 17:54:00 | INFO     | crowdcount.engine:236 - Averaged stats: lr: 0.000096  loss_sum: 0.0684 (0.0641)  losses: 0.0363 (0.0337)  den_loss: 0.0275 (0.0303)  loss_ce: 0.0326 (0.0300)  loss_points: 0.0036 (0.0037)  loss_ce_unscaled: 0.0326 (0.0300)  loss_points_unscaled: 18.0432 (18.3912)  moe_aux_total: 0.0000 (0.0000)  moe_aux_raw: 0.0001 (0.0002)  l_balance: 0.2394 (0.2565)  l_decorr: 0.0001 (0.0002)  moe_temperature: 0.7292 (0.7293)  ema_usage_min: 0.0400 (0.0398)  ema_usage_max: 0.6949 (0.6954)
2026-03-19 17:54:00 | INFO     | crowdcount.trainer:256 - [ep 426][lr 0.0000964][13.18s]
2026-03-19 17:54:13 | INFO     | crowdcount.trainer:297 - [Eval] mae=68.77  mse=106.52  time=10.7s  best_mae=57.40  best_mse=85.62
2026-03-19 17:54:13 | INFO     | crowdcount.trainer:301 - [Eval] density_mae=66.40  density_mse=96.14  best_density_mae=59.15
2026-03-19 17:54:13 | INFO     | crowdcount.trainer:240 - [MoE] epoch=427 training_stage=specialization
2026-03-19 17:54:26 | INFO     | crowdcount.engine:236 - Averaged stats: lr: 0.000096  loss_sum: 0.0475 (0.0701)  losses: 0.0271 (0.0354)  den_loss: 0.0180 (0.0347)  loss_ce: 0.0240 (0.0320)  loss_points: 0.0035 (0.0035)  loss_ce_unscaled: 0.0240 (0.0320)  loss_points_unscaled: 17.3275 (17.2950)  moe_aux_total: 0.0000 (0.0000)  moe_aux_raw: 0.0001 (0.0002)  l_balance: 0.2283 (0.2533)  l_decorr: 0.0001 (0.0002)  moe_temperature: 0.7287 (0.7288)  ema_usage_min: 0.0420 (0.0411)  ema_usage_max: 0.6941 (0.6954)
2026-03-19 17:54:26 | INFO     | crowdcount.trainer:256 - [ep 427][lr 0.0000964][13.33s]
2026-03-19 17:54:27 | INFO     | crowdcount.trainer:240 - [MoE] epoch=428 training_stage=specialization
2026-03-19 17:54:40 | INFO     | crowdcount.engine:236 - Averaged stats: lr: 0.000096  loss_sum: 0.0787 (0.0759)  losses: 0.0363 (0.0369)  den_loss: 0.0470 (0.0389)  loss_ce: 0.0329 (0.0335)  loss_points: 0.0032 (0.0035)  loss_ce_unscaled: 0.0329 (0.0335)  loss_points_unscaled: 15.9865 (17.3556)  moe_aux_total: 0.0000 (0.0001)  moe_aux_raw: 0.0002 (0.0004)  l_balance: 0.2667 (0.2684)  l_decorr: 0.0002 (0.0004)  moe_temperature: 0.7281 (0.7283)  ema_usage_min: 0.0426 (0.0419)  ema_usage_max: 0.6939 (0.6943)
2026-03-19 17:54:40 | INFO     | crowdcount.trainer:256 - [ep 428][lr 0.0000964][13.15s]
2026-03-19 17:54:42 | INFO     | crowdcount.trainer:240 - [MoE] epoch=429 training_stage=specialization
2026-03-19 17:54:55 | INFO     | crowdcount.engine:236 - Averaged stats: lr: 0.000096  loss_sum: 0.0504 (0.0766)  losses: 0.0315 (0.0364)  den_loss: 0.0188 (0.0402)  loss_ce: 0.0276 (0.0328)  loss_points: 0.0034 (0.0036)  loss_ce_unscaled: 0.0276 (0.0328)  loss_points_unscaled: 16.8127 (18.2079)  moe_aux_total: 0.0000 (0.0000)  moe_aux_raw: 0.0001 (0.0002)  l_balance: 0.2893 (0.2947)  l_decorr: 0.0001 (0.0002)  moe_temperature: 0.7276 (0.7277)  ema_usage_min: 0.0421 (0.0419)  ema_usage_max: 0.7033 (0.7010)
2026-03-19 17:54:55 | INFO     | crowdcount.trainer:256 - [ep 429][lr 0.0000964][13.31s]
2026-03-19 17:55:07 | INFO     | crowdcount.trainer:297 - [Eval] mae=70.46  mse=111.24  time=10.4s  best_mae=57.40  best_mse=85.62
2026-03-19 17:55:07 | INFO     | crowdcount.trainer:301 - [Eval] density_mae=64.45  density_mse=98.38  best_density_mae=59.15
2026-03-19 17:55:07 | INFO     | crowdcount.trainer:240 - [MoE] epoch=430 training_stage=specialization
2026-03-19 17:55:20 | INFO     | crowdcount.engine:236 - Averaged stats: lr: 0.000096  loss_sum: 0.0484 (0.0640)  losses: 0.0308 (0.0352)  den_loss: 0.0187 (0.0288)  loss_ce: 0.0273 (0.0317)  loss_points: 0.0034 (0.0035)  loss_ce_unscaled: 0.0273 (0.0317)  loss_points_unscaled: 17.0341 (17.4088)  moe_aux_total: 0.0000 (0.0000)  moe_aux_raw: 0.0002 (0.0002)  l_balance: 0.3166 (0.2950)  l_decorr: 0.0002 (0.0002)  moe_temperature: 0.7270 (0.7272)  ema_usage_min: 0.0431 (0.0429)  ema_usage_max: 0.7035 (0.7043)
2026-03-19 17:55:20 | INFO     | crowdcount.trainer:256 - [ep 430][lr 0.0000964][12.96s]
2026-03-19 17:55:21 | INFO     | crowdcount.trainer:240 - [MoE] epoch=431 training_stage=specialization
2026-03-19 17:55:34 | INFO     | crowdcount.engine:236 - Averaged stats: lr: 0.000096  loss_sum: 0.0645 (0.0711)  losses: 0.0355 (0.0362)  den_loss: 0.0269 (0.0348)  loss_ce: 0.0313 (0.0326)  loss_points: 0.0036 (0.0036)  loss_ce_unscaled: 0.0313 (0.0326)  loss_points_unscaled: 17.9519 (18.2307)  moe_aux_total: 0.0000 (0.0000)  moe_aux_raw: 0.0002 (0.0002)  l_balance: 0.2829 (0.2820)  l_decorr: 0.0002 (0.0002)  moe_temperature: 0.7265 (0.7266)  ema_usage_min: 0.0426 (0.0424)  ema_usage_max: 0.7092 (0.7082)
2026-03-19 17:55:34 | INFO     | crowdcount.trainer:256 - [ep 431][lr 0.0000963][13.20s]
2026-03-19 17:55:36 | INFO     | crowdcount.trainer:240 - [MoE] epoch=432 training_stage=specialization
2026-03-19 17:55:49 | INFO     | crowdcount.engine:236 - Averaged stats: lr: 0.000096  loss_sum: 0.0539 (0.0713)  losses: 0.0318 (0.0360)  den_loss: 0.0180 (0.0353)  loss_ce: 0.0293 (0.0324)  loss_points: 0.0035 (0.0036)  loss_ce_unscaled: 0.0293 (0.0324)  loss_points_unscaled: 17.2747 (17.9374)  moe_aux_total: 0.0000 (0.0000)  moe_aux_raw: 0.0001 (0.0002)  l_balance: 0.3140 (0.3045)  l_decorr: 0.0001 (0.0002)  moe_temperature: 0.7260 (0.7261)  ema_usage_min: 0.0403 (0.0413)  ema_usage_max: 0.7158 (0.7136)
2026-03-19 17:55:49 | INFO     | crowdcount.trainer:256 - [ep 432][lr 0.0000963][13.20s]
2026-03-19 17:56:01 | INFO     | crowdcount.trainer:297 - [Eval] mae=69.85  mse=108.60  time=10.4s  best_mae=57.40  best_mse=85.62
2026-03-19 17:56:01 | INFO     | crowdcount.trainer:301 - [Eval] density_mae=67.66  density_mse=99.35  best_density_mae=59.15
2026-03-19 17:56:01 | INFO     | crowdcount.trainer:240 - [MoE] epoch=433 training_stage=specialization
2026-03-19 17:56:14 | INFO     | crowdcount.engine:236 - Averaged stats: lr: 0.000096  loss_sum: 0.0534 (0.0711)  losses: 0.0326 (0.0355)  den_loss: 0.0213 (0.0356)  loss_ce: 0.0285 (0.0319)  loss_points: 0.0035 (0.0035)  loss_ce_unscaled: 0.0285 (0.0319)  loss_points_unscaled: 17.3263 (17.7498)  moe_aux_total: 0.0000 (0.0000)  moe_aux_raw: 0.0002 (0.0002)  l_balance: 0.3146 (0.2922)  l_decorr: 0.0002 (0.0002)  moe_temperature: 0.7254 (0.7256)  ema_usage_min: 0.0365 (0.0375)  ema_usage_max: 0.7137 (0.7139)
2026-03-19 17:56:14 | INFO     | crowdcount.trainer:256 - [ep 433][lr 0.0000963][13.01s]
2026-03-19 17:56:15 | INFO     | crowdcount.trainer:240 - [MoE] epoch=434 training_stage=specialization
2026-03-19 17:56:28 | INFO     | crowdcount.engine:236 - Averaged stats: lr: 0.000096  loss_sum: 0.0645 (0.0681)  losses: 0.0352 (0.0360)  den_loss: 0.0288 (0.0320)  loss_ce: 0.0320 (0.0324)  loss_points: 0.0036 (0.0036)  loss_ce_unscaled: 0.0320 (0.0324)  loss_points_unscaled: 18.2020 (17.8722)  moe_aux_total: 0.0000 (0.0000)  moe_aux_raw: 0.0002 (0.0002)  l_balance: 0.3346 (0.3226)  l_decorr: 0.0002 (0.0002)  moe_temperature: 0.7249 (0.7250)  ema_usage_min: 0.0340 (0.0346)  ema_usage_max: 0.7297 (0.7257)
2026-03-19 17:56:28 | INFO     | crowdcount.trainer:256 - [ep 434][lr 0.0000963][13.19s]
2026-03-19 17:56:29 | INFO     | crowdcount.trainer:240 - [MoE] epoch=435 training_stage=specialization
2026-03-19 17:56:43 | INFO     | crowdcount.engine:236 - Averaged stats: lr: 0.000096  loss_sum: 0.0524 (0.0698)  losses: 0.0338 (0.0359)  den_loss: 0.0196 (0.0338)  loss_ce: 0.0292 (0.0324)  loss_points: 0.0035 (0.0035)  loss_ce_unscaled: 0.0292 (0.0324)  loss_points_unscaled: 17.4734 (17.3992)  moe_aux_total: 0.0000 (0.0001)  moe_aux_raw: 0.0002 (0.0003)  l_balance: 0.2579 (0.3129)  l_decorr: 0.0002 (0.0003)  moe_temperature: 0.7244 (0.7245)  ema_usage_min: 0.0342 (0.0340)  ema_usage_max: 0.7462 (0.7435)
2026-03-19 17:56:43 | INFO     | crowdcount.trainer:256 - [ep 435][lr 0.0000963][13.25s]
2026-03-19 17:56:54 | INFO     | crowdcount.trainer:297 - [Eval] mae=65.40  mse=96.50  time=10.4s  best_mae=57.40  best_mse=85.62
2026-03-19 17:56:54 | INFO     | crowdcount.trainer:301 - [Eval] density_mae=68.86  density_mse=96.57  best_density_mae=59.15
2026-03-19 17:56:54 | INFO     | crowdcount.trainer:240 - [MoE] epoch=436 training_stage=specialization
2026-03-19 17:57:08 | INFO     | crowdcount.engine:236 - Averaged stats: lr: 0.000096  loss_sum: 0.0556 (0.0663)  losses: 0.0333 (0.0365)  den_loss: 0.0203 (0.0298)  loss_ce: 0.0295 (0.0329)  loss_points: 0.0034 (0.0035)  loss_ce_unscaled: 0.0295 (0.0329)  loss_points_unscaled: 16.8528 (17.7213)  moe_aux_total: 0.0000 (0.0000)  moe_aux_raw: 0.0001 (0.0002)  l_balance: 0.3262 (0.3350)  l_decorr: 0.0001 (0.0002)  moe_temperature: 0.7238 (0.7240)  ema_usage_min: 0.0313 (0.0326)  ema_usage_max: 0.7579 (0.7539)
2026-03-19 17:57:08 | INFO     | crowdcount.trainer:256 - [ep 436][lr 0.0000963][13.14s]
2026-03-19 17:57:09 | INFO     | crowdcount.trainer:240 - [MoE] epoch=437 training_stage=specialization
2026-03-19 17:57:22 | INFO     | crowdcount.engine:236 - Averaged stats: lr: 0.000096  loss_sum: 0.0546 (0.0693)  losses: 0.0314 (0.0362)  den_loss: 0.0243 (0.0330)  loss_ce: 0.0274 (0.0326)  loss_points: 0.0034 (0.0036)  loss_ce_unscaled: 0.0274 (0.0326)  loss_points_unscaled: 17.1784 (18.1226)  moe_aux_total: 0.0000 (0.0000)  moe_aux_raw: 0.0002 (0.0002)  l_balance: 0.3220 (0.3274)  l_decorr: 0.0002 (0.0002)  moe_temperature: 0.7233 (0.7234)  ema_usage_min: 0.0328 (0.0327)  ema_usage_max: 0.7657 (0.7639)
2026-03-19 17:57:22 | INFO     | crowdcount.trainer:256 - [ep 437][lr 0.0000962][13.16s]
2026-03-19 17:57:24 | INFO     | crowdcount.trainer:240 - [MoE] epoch=438 training_stage=specialization
2026-03-19 17:57:37 | INFO     | crowdcount.engine:236 - Averaged stats: lr: 0.000096  loss_sum: 0.0543 (0.0731)  losses: 0.0330 (0.0365)  den_loss: 0.0207 (0.0366)  loss_ce: 0.0294 (0.0330)  loss_points: 0.0035 (0.0035)  loss_ce_unscaled: 0.0294 (0.0330)  loss_points_unscaled: 17.5135 (17.5354)  moe_aux_total: 0.0000 (0.0000)  moe_aux_raw: 0.0002 (0.0002)  l_balance: 0.3970 (0.4019)  l_decorr: 0.0002 (0.0002)  moe_temperature: 0.7228 (0.7229)  ema_usage_min: 0.0309 (0.0311)  ema_usage_max: 0.7860 (0.7816)
2026-03-19 17:57:37 | INFO     | crowdcount.trainer:256 - [ep 438][lr 0.0000962][13.77s]
2026-03-19 17:57:50 | INFO     | crowdcount.trainer:297 - [Eval] mae=61.60  mse=95.88  time=10.7s  best_mae=57.40  best_mse=85.62
2026-03-19 17:57:50 | INFO     | crowdcount.trainer:301 - [Eval] density_mae=67.42  density_mse=96.12  best_density_mae=59.15
2026-03-19 17:57:50 | INFO     | crowdcount.trainer:240 - [MoE] epoch=439 training_stage=specialization
2026-03-19 17:58:03 | INFO     | crowdcount.engine:236 - Averaged stats: lr: 0.000096  loss_sum: 0.0572 (0.0709)  losses: 0.0334 (0.0347)  den_loss: 0.0208 (0.0361)  loss_ce: 0.0297 (0.0312)  loss_points: 0.0036 (0.0035)  loss_ce_unscaled: 0.0297 (0.0312)  loss_points_unscaled: 17.7657 (17.4500)  moe_aux_total: 0.0000 (0.0001)  moe_aux_raw: 0.0002 (0.0003)  l_balance: 0.4261 (0.4060)  l_decorr: 0.0002 (0.0003)  moe_temperature: 0.7222 (0.7224)  ema_usage_min: 0.0319 (0.0318)  ema_usage_max: 0.8004 (0.7979)
2026-03-19 17:58:03 | INFO     | crowdcount.trainer:256 - [ep 439][lr 0.0000962][13.70s]
2026-03-19 17:58:05 | INFO     | crowdcount.trainer:240 - [MoE] epoch=440 training_stage=specialization
2026-03-19 17:58:18 | INFO     | crowdcount.engine:236 - Averaged stats: lr: 0.000096  loss_sum: 0.0578 (0.0720)  losses: 0.0335 (0.0362)  den_loss: 0.0236 (0.0358)  loss_ce: 0.0302 (0.0326)  loss_points: 0.0033 (0.0036)  loss_ce_unscaled: 0.0302 (0.0326)  loss_points_unscaled: 16.3757 (17.9999)  moe_aux_total: 0.0000 (0.0000)  moe_aux_raw: 0.0002 (0.0002)  l_balance: 0.4332 (0.4039)  l_decorr: 0.0002 (0.0002)  moe_temperature: 0.7217 (0.7218)  ema_usage_min: 0.0355 (0.0348)  ema_usage_max: 0.8176 (0.8149)
2026-03-19 17:58:18 | INFO     | crowdcount.trainer:256 - [ep 440][lr 0.0000962][13.38s]
2026-03-19 17:58:20 | INFO     | crowdcount.trainer:240 - [MoE] epoch=441 training_stage=specialization
2026-03-19 17:58:33 | INFO     | crowdcount.engine:236 - Averaged stats: lr: 0.000096  loss_sum: 0.0687 (0.0702)  losses: 0.0358 (0.0368)  den_loss: 0.0321 (0.0333)  loss_ce: 0.0321 (0.0332)  loss_points: 0.0035 (0.0036)  loss_ce_unscaled: 0.0321 (0.0332)  loss_points_unscaled: 17.2884 (18.0181)  moe_aux_total: 0.0000 (0.0000)  moe_aux_raw: 0.0001 (0.0002)  l_balance: 0.4260 (0.4353)  l_decorr: 0.0001 (0.0002)  moe_temperature: 0.7212 (0.7213)  ema_usage_min: 0.0351 (0.0361)  ema_usage_max: 0.8283 (0.8259)
2026-03-19 17:58:33 | INFO     | crowdcount.trainer:256 - [ep 441][lr 0.0000962][13.29s]
2026-03-19 17:58:45 | INFO     | crowdcount.trainer:297 - [Eval] mae=76.51  mse=117.12  time=10.4s  best_mae=57.40  best_mse=85.62
2026-03-19 17:58:45 | INFO     | crowdcount.trainer:301 - [Eval] density_mae=72.32  density_mse=111.39  best_density_mae=59.15
2026-03-19 17:58:45 | INFO     | crowdcount.trainer:240 - [MoE] epoch=442 training_stage=specialization
2026-03-19 17:58:58 | INFO     | crowdcount.engine:236 - Averaged stats: lr: 0.000096  loss_sum: 0.0676 (0.0710)  losses: 0.0352 (0.0358)  den_loss: 0.0301 (0.0352)  loss_ce: 0.0314 (0.0322)  loss_points: 0.0034 (0.0036)  loss_ce_unscaled: 0.0314 (0.0322)  loss_points_unscaled: 16.9861 (18.1538)  moe_aux_total: 0.0000 (0.0000)  moe_aux_raw: 0.0002 (0.0002)  l_balance: 0.4088 (0.4389)  l_decorr: 0.0002 (0.0002)  moe_temperature: 0.7206 (0.7207)  ema_usage_min: 0.0330 (0.0339)  ema_usage_max: 0.8373 (0.8352)
2026-03-19 17:58:58 | INFO     | crowdcount.trainer:256 - [ep 442][lr 0.0000962][13.38s]
2026-03-19 17:59:00 | INFO     | crowdcount.trainer:240 - [MoE] epoch=443 training_stage=specialization
2026-03-19 17:59:13 | INFO     | crowdcount.engine:236 - Averaged stats: lr: 0.000096  loss_sum: 0.0642 (0.0697)  losses: 0.0333 (0.0353)  den_loss: 0.0337 (0.0343)  loss_ce: 0.0294 (0.0317)  loss_points: 0.0037 (0.0036)  loss_ce_unscaled: 0.0294 (0.0317)  loss_points_unscaled: 18.6336 (17.8336)  moe_aux_total: 0.0000 (0.0000)  moe_aux_raw: 0.0002 (0.0002)  l_balance: 0.4534 (0.4226)  l_decorr: 0.0002 (0.0002)  moe_temperature: 0.7201 (0.7202)  ema_usage_min: 0.0333 (0.0334)  ema_usage_max: 0.8448 (0.8437)
2026-03-19 17:59:13 | INFO     | crowdcount.trainer:256 - [ep 443][lr 0.0000961][13.36s]
2026-03-19 17:59:14 | INFO     | crowdcount.trainer:240 - [MoE] epoch=444 training_stage=specialization
2026-03-19 17:59:28 | INFO     | crowdcount.engine:236 - Averaged stats: lr: 0.000096  loss_sum: 0.0549 (0.0674)  losses: 0.0341 (0.0361)  den_loss: 0.0194 (0.0313)  loss_ce: 0.0310 (0.0325)  loss_points: 0.0035 (0.0036)  loss_ce_unscaled: 0.0310 (0.0325)  loss_points_unscaled: 17.6275 (18.0500)  moe_aux_total: 0.0000 (0.0000)  moe_aux_raw: 0.0001 (0.0002)  l_balance: 0.4386 (0.4495)  l_decorr: 0.0001 (0.0002)  moe_temperature: 0.7196 (0.7197)  ema_usage_min: 0.0323 (0.0322)  ema_usage_max: 0.8533 (0.8516)
2026-03-19 17:59:28 | INFO     | crowdcount.trainer:256 - [ep 444][lr 0.0000961][13.58s]
2026-03-19 17:59:40 | INFO     | crowdcount.trainer:297 - [Eval] mae=71.16  mse=109.63  time=10.6s  best_mae=57.40  best_mse=85.62
2026-03-19 17:59:40 | INFO     | crowdcount.trainer:301 - [Eval] density_mae=71.31  density_mse=103.79  best_density_mae=59.15
2026-03-19 17:59:40 | INFO     | crowdcount.trainer:240 - [MoE] epoch=445 training_stage=specialization
2026-03-19 17:59:53 | INFO     | crowdcount.engine:236 - Averaged stats: lr: 0.000096  loss_sum: 0.0526 (0.0688)  losses: 0.0332 (0.0352)  den_loss: 0.0194 (0.0336)  loss_ce: 0.0293 (0.0315)  loss_points: 0.0036 (0.0037)  loss_ce_unscaled: 0.0293 (0.0315)  loss_points_unscaled: 17.8348 (18.3316)  moe_aux_total: 0.0000 (0.0000)  moe_aux_raw: 0.0001 (0.0002)  l_balance: 0.4289 (0.4182)  l_decorr: 0.0001 (0.0002)  moe_temperature: 0.7190 (0.7192)  ema_usage_min: 0.0326 (0.0323)  ema_usage_max: 0.8575 (0.8580)
2026-03-19 17:59:53 | INFO     | crowdcount.trainer:256 - [ep 445][lr 0.0000961][13.49s]
2026-03-19 17:59:55 | INFO     | crowdcount.trainer:240 - [MoE] epoch=446 training_stage=specialization
2026-03-19 18:00:09 | INFO     | crowdcount.engine:236 - Averaged stats: lr: 0.000096  loss_sum: 0.0509 (0.0682)  losses: 0.0306 (0.0353)  den_loss: 0.0183 (0.0329)  loss_ce: 0.0272 (0.0318)  loss_points: 0.0036 (0.0035)  loss_ce_unscaled: 0.0272 (0.0318)  loss_points_unscaled: 18.2306 (17.4856)  moe_aux_total: 0.0000 (0.0000)  moe_aux_raw: 0.0001 (0.0002)  l_balance: 0.3879 (0.4115)  l_decorr: 0.0001 (0.0002)  moe_temperature: 0.7185 (0.7186)  ema_usage_min: 0.0342 (0.0336)  ema_usage_max: 0.8607 (0.8605)
2026-03-19 18:00:09 | INFO     | crowdcount.trainer:256 - [ep 446][lr 0.0000961][13.60s]
2026-03-19 18:00:10 | INFO     | crowdcount.trainer:240 - [MoE] epoch=447 training_stage=specialization
2026-03-19 18:00:23 | INFO     | crowdcount.engine:236 - Averaged stats: lr: 0.000096  loss_sum: 0.0456 (0.0674)  losses: 0.0320 (0.0338)  den_loss: 0.0153 (0.0336)  loss_ce: 0.0291 (0.0301)  loss_points: 0.0034 (0.0036)  loss_ce_unscaled: 0.0291 (0.0301)  loss_points_unscaled: 17.2484 (18.1913)  moe_aux_total: 0.0000 (0.0000)  moe_aux_raw: 0.0001 (0.0002)  l_balance: 0.4278 (0.4437)  l_decorr: 0.0001 (0.0002)  moe_temperature: 0.7180 (0.7181)  ema_usage_min: 0.0335 (0.0338)  ema_usage_max: 0.8575 (0.8587)
2026-03-19 18:00:23 | INFO     | crowdcount.trainer:256 - [ep 447][lr 0.0000961][13.37s]
2026-03-19 18:00:35 | INFO     | crowdcount.trainer:297 - [Eval] mae=68.85  mse=104.33  time=10.5s  best_mae=57.40  best_mse=85.62
2026-03-19 18:00:35 | INFO     | crowdcount.trainer:301 - [Eval] density_mae=70.06  density_mse=99.02  best_density_mae=59.15
2026-03-19 18:00:35 | INFO     | crowdcount.trainer:240 - [MoE] epoch=448 training_stage=specialization
2026-03-19 18:00:49 | INFO     | crowdcount.engine:236 - Averaged stats: lr: 0.000096  loss_sum: 0.0669 (0.0743)  losses: 0.0370 (0.0372)  den_loss: 0.0309 (0.0371)  loss_ce: 0.0326 (0.0334)  loss_points: 0.0037 (0.0037)  loss_ce_unscaled: 0.0326 (0.0334)  loss_points_unscaled: 18.7108 (18.7481)  moe_aux_total: 0.0000 (0.0000)  moe_aux_raw: 0.0001 (0.0002)  l_balance: 0.4020 (0.4214)  l_decorr: 0.0001 (0.0002)  moe_temperature: 0.7174 (0.7176)  ema_usage_min: 0.0333 (0.0334)  ema_usage_max: 0.8487 (0.8505)
2026-03-19 18:00:49 | INFO     | crowdcount.trainer:256 - [ep 448][lr 0.0000961][13.65s]
2026-03-19 18:00:50 | INFO     | crowdcount.trainer:240 - [MoE] epoch=449 training_stage=specialization
2026-03-19 18:01:03 | INFO     | crowdcount.engine:236 - Averaged stats: lr: 0.000096  loss_sum: 0.0579 (0.0652)  losses: 0.0346 (0.0355)  den_loss: 0.0233 (0.0296)  loss_ce: 0.0300 (0.0320)  loss_points: 0.0036 (0.0036)  loss_ce_unscaled: 0.0300 (0.0320)  loss_points_unscaled: 17.8792 (17.9061)  moe_aux_total: 0.0000 (0.0000)  moe_aux_raw: 0.0001 (0.0002)  l_balance: 0.3096 (0.3543)  l_decorr: 0.0001 (0.0002)  moe_temperature: 0.7169 (0.7170)  ema_usage_min: 0.0331 (0.0330)  ema_usage_max: 0.8387 (0.8408)
2026-03-19 18:01:03 | INFO     | crowdcount.trainer:256 - [ep 449][lr 0.0000960][13.37s]
2026-03-19 18:01:05 | INFO     | crowdcount.trainer:240 - [MoE] epoch=450 training_stage=specialization
2026-03-19 18:01:19 | INFO     | crowdcount.engine:236 - Averaged stats: lr: 0.000096  loss_sum: 0.0530 (0.0728)  losses: 0.0326 (0.0358)  den_loss: 0.0263 (0.0370)  loss_ce: 0.0288 (0.0323)  loss_points: 0.0036 (0.0035)  loss_ce_unscaled: 0.0288 (0.0323)  loss_points_unscaled: 18.2445 (17.5231)  moe_aux_total: 0.0000 (0.0000)  moe_aux_raw: 0.0002 (0.0002)  l_balance: 0.3108 (0.3086)  l_decorr: 0.0002 (0.0002)  moe_temperature: 0.7164 (0.7165)  ema_usage_min: 0.0385 (0.0380)  ema_usage_max: 0.8179 (0.8214)
2026-03-19 18:01:19 | INFO     | crowdcount.trainer:256 - [ep 450][lr 0.0000960][13.92s]
2026-03-19 18:01:31 | INFO     | crowdcount.trainer:297 - [Eval] mae=70.93  mse=107.28  time=10.3s  best_mae=57.40  best_mse=85.62
2026-03-19 18:01:31 | INFO     | crowdcount.trainer:301 - [Eval] density_mae=72.72  density_mse=102.56  best_density_mae=59.15
2026-03-19 18:01:31 | INFO     | crowdcount.trainer:240 - [MoE] epoch=451 training_stage=specialization
2026-03-19 18:01:44 | INFO     | crowdcount.engine:236 - Averaged stats: lr: 0.000096  loss_sum: 0.0507 (0.0655)  losses: 0.0318 (0.0349)  den_loss: 0.0198 (0.0306)  loss_ce: 0.0279 (0.0312)  loss_points: 0.0038 (0.0037)  loss_ce_unscaled: 0.0279 (0.0312)  loss_points_unscaled: 19.0804 (18.6333)  moe_aux_total: 0.0000 (0.0000)  moe_aux_raw: 0.0001 (0.0002)  l_balance: 0.3718 (0.3867)  l_decorr: 0.0001 (0.0002)  moe_temperature: 0.7158 (0.7160)  ema_usage_min: 0.0347 (0.0355)  ema_usage_max: 0.8150 (0.8147)
2026-03-19 18:01:44 | INFO     | crowdcount.trainer:256 - [ep 451][lr 0.0000960][13.04s]
2026-03-19 18:01:45 | INFO     | crowdcount.trainer:240 - [MoE] epoch=452 training_stage=specialization
2026-03-19 18:01:59 | INFO     | crowdcount.engine:236 - Averaged stats: lr: 0.000096  loss_sum: 0.0586 (0.0767)  losses: 0.0357 (0.0380)  den_loss: 0.0228 (0.0387)  loss_ce: 0.0321 (0.0344)  loss_points: 0.0037 (0.0036)  loss_ce_unscaled: 0.0321 (0.0344)  loss_points_unscaled: 18.2876 (18.2164)  moe_aux_total: 0.0000 (0.0000)  moe_aux_raw: 0.0001 (0.0002)  l_balance: 0.4006 (0.3690)  l_decorr: 0.0001 (0.0002)  moe_temperature: 0.7153 (0.7154)  ema_usage_min: 0.0396 (0.0383)  ema_usage_max: 0.8207 (0.8186)
2026-03-19 18:01:59 | INFO     | crowdcount.trainer:256 - [ep 452][lr 0.0000960][13.91s]
2026-03-19 18:02:01 | INFO     | crowdcount.trainer:240 - [MoE] epoch=453 training_stage=specialization
2026-03-19 18:02:14 | INFO     | crowdcount.engine:236 - Averaged stats: lr: 0.000096  loss_sum: 0.0563 (0.0673)  losses: 0.0328 (0.0358)  den_loss: 0.0220 (0.0314)  loss_ce: 0.0295 (0.0321)  loss_points: 0.0035 (0.0037)  loss_ce_unscaled: 0.0295 (0.0321)  loss_points_unscaled: 17.5237 (18.4459)  moe_aux_total: 0.0000 (0.0001)  moe_aux_raw: 0.0002 (0.0003)  l_balance: 0.3314 (0.3519)  l_decorr: 0.0002 (0.0003)  moe_temperature: 0.7148 (0.7149)  ema_usage_min: 0.0422 (0.0412)  ema_usage_max: 0.8240 (0.8231)
2026-03-19 18:02:14 | INFO     | crowdcount.trainer:256 - [ep 453][lr 0.0000960][13.61s]
2026-03-19 18:02:26 | INFO     | crowdcount.trainer:297 - [Eval] mae=91.63  mse=134.87  time=10.5s  best_mae=57.40  best_mse=85.62
2026-03-19 18:02:26 | INFO     | crowdcount.trainer:301 - [Eval] density_mae=73.52  density_mse=111.04  best_density_mae=59.15
2026-03-19 18:02:26 | INFO     | crowdcount.trainer:240 - [MoE] epoch=454 training_stage=specialization
2026-03-19 18:02:39 | INFO     | crowdcount.engine:236 - Averaged stats: lr: 0.000096  loss_sum: 0.0509 (0.0662)  losses: 0.0313 (0.0360)  den_loss: 0.0214 (0.0302)  loss_ce: 0.0282 (0.0324)  loss_points: 0.0036 (0.0036)  loss_ce_unscaled: 0.0282 (0.0324)  loss_points_unscaled: 18.2337 (17.9414)  moe_aux_total: 0.0000 (0.0000)  moe_aux_raw: 0.0002 (0.0002)  l_balance: 0.3867 (0.3816)  l_decorr: 0.0002 (0.0002)  moe_temperature: 0.7142 (0.7144)  ema_usage_min: 0.0439 (0.0439)  ema_usage_max: 0.8319 (0.8300)
2026-03-19 18:02:39 | INFO     | crowdcount.trainer:256 - [ep 454][lr 0.0000959][13.18s]
2026-03-19 18:02:41 | INFO     | crowdcount.trainer:240 - [MoE] epoch=455 training_stage=specialization
2026-03-19 18:02:54 | INFO     | crowdcount.engine:236 - Averaged stats: lr: 0.000096  loss_sum: 0.0704 (0.0733)  losses: 0.0342 (0.0366)  den_loss: 0.0343 (0.0367)  loss_ce: 0.0311 (0.0331)  loss_points: 0.0033 (0.0035)  loss_ce_unscaled: 0.0311 (0.0331)  loss_points_unscaled: 16.2762 (17.2589)  moe_aux_total: 0.0000 (0.0000)  moe_aux_raw: 0.0002 (0.0002)  l_balance: 0.3652 (0.3831)  l_decorr: 0.0002 (0.0002)  moe_temperature: 0.7137 (0.7138)  ema_usage_min: 0.0426 (0.0429)  ema_usage_max: 0.8403 (0.8388)
2026-03-19 18:02:54 | INFO     | crowdcount.trainer:256 - [ep 455][lr 0.0000959][13.47s]
2026-03-19 18:02:56 | INFO     | crowdcount.trainer:240 - [MoE] epoch=456 training_stage=specialization
2026-03-19 18:03:09 | INFO     | crowdcount.engine:236 - Averaged stats: lr: 0.000096  loss_sum: 0.0540 (0.0640)  losses: 0.0316 (0.0337)  den_loss: 0.0237 (0.0302)  loss_ce: 0.0284 (0.0301)  loss_points: 0.0036 (0.0036)  loss_ce_unscaled: 0.0284 (0.0301)  loss_points_unscaled: 17.8837 (17.9045)  moe_aux_total: 0.0000 (0.0000)  moe_aux_raw: 0.0001 (0.0002)  l_balance: 0.4035 (0.4062)  l_decorr: 0.0001 (0.0002)  moe_temperature: 0.7132 (0.7133)  ema_usage_min: 0.0446 (0.0441)  ema_usage_max: 0.8393 (0.8406)
2026-03-19 18:03:09 | INFO     | crowdcount.trainer:256 - [ep 456][lr 0.0000959][13.45s]
2026-03-19 18:03:21 | INFO     | crowdcount.trainer:297 - [Eval] mae=74.17  mse=120.36  time=10.5s  best_mae=57.40  best_mse=85.62
2026-03-19 18:03:21 | INFO     | crowdcount.trainer:301 - [Eval] density_mae=73.29  density_mse=109.34  best_density_mae=59.15
2026-03-19 18:03:21 | INFO     | crowdcount.trainer:240 - [MoE] epoch=457 training_stage=specialization
2026-03-19 18:03:34 | INFO     | crowdcount.engine:236 - Averaged stats: lr: 0.000096  loss_sum: 0.0542 (0.0692)  losses: 0.0335 (0.0357)  den_loss: 0.0224 (0.0334)  loss_ce: 0.0298 (0.0321)  loss_points: 0.0035 (0.0036)  loss_ce_unscaled: 0.0298 (0.0321)  loss_points_unscaled: 17.3838 (18.0334)  moe_aux_total: 0.0000 (0.0000)  moe_aux_raw: 0.0001 (0.0002)  l_balance: 0.4004 (0.4156)  l_decorr: 0.0001 (0.0002)  moe_temperature: 0.7127 (0.7128)  ema_usage_min: 0.0432 (0.0438)  ema_usage_max: 0.8371 (0.8367)
2026-03-19 18:03:34 | INFO     | crowdcount.trainer:256 - [ep 457][lr 0.0000959][13.20s]
2026-03-19 18:03:36 | INFO     | crowdcount.trainer:240 - [MoE] epoch=458 training_stage=specialization
2026-03-19 18:03:49 | INFO     | crowdcount.engine:236 - Averaged stats: lr: 0.000096  loss_sum: 0.0549 (0.0618)  losses: 0.0331 (0.0331)  den_loss: 0.0217 (0.0287)  loss_ce: 0.0295 (0.0295)  loss_points: 0.0036 (0.0036)  loss_ce_unscaled: 0.0295 (0.0295)  loss_points_unscaled: 17.9752 (18.1601)  moe_aux_total: 0.0000 (0.0000)  moe_aux_raw: 0.0001 (0.0002)  l_balance: 0.4064 (0.4364)  l_decorr: 0.0001 (0.0002)  moe_temperature: 0.7121 (0.7123)  ema_usage_min: 0.0401 (0.0413)  ema_usage_max: 0.8354 (0.8357)
2026-03-19 18:03:49 | INFO     | crowdcount.trainer:256 - [ep 458][lr 0.0000959][12.95s]
2026-03-19 18:03:50 | INFO     | crowdcount.trainer:240 - [MoE] epoch=459 training_stage=specialization
2026-03-19 18:04:04 | INFO     | crowdcount.engine:236 - Averaged stats: lr: 0.000096  loss_sum: 0.0514 (0.0687)  losses: 0.0319 (0.0357)  den_loss: 0.0208 (0.0330)  loss_ce: 0.0271 (0.0321)  loss_points: 0.0035 (0.0036)  loss_ce_unscaled: 0.0271 (0.0321)  loss_points_unscaled: 17.4831 (17.9833)  moe_aux_total: 0.0000 (0.0000)  moe_aux_raw: 0.0001 (0.0002)  l_balance: 0.3789 (0.3952)  l_decorr: 0.0001 (0.0002)  moe_temperature: 0.7116 (0.7117)  ema_usage_min: 0.0398 (0.0402)  ema_usage_max: 0.8296 (0.8316)
2026-03-19 18:04:04 | INFO     | crowdcount.trainer:256 - [ep 459][lr 0.0000959][13.81s]
2026-03-19 18:04:16 | INFO     | crowdcount.trainer:297 - [Eval] mae=59.63  mse=94.13  time=10.4s  best_mae=57.40  best_mse=85.62
2026-03-19 18:04:16 | INFO     | crowdcount.trainer:301 - [Eval] density_mae=68.17  density_mse=103.45  best_density_mae=59.15
2026-03-19 18:04:16 | INFO     | crowdcount.trainer:240 - [MoE] epoch=460 training_stage=specialization
2026-03-19 18:04:29 | INFO     | crowdcount.engine:236 - Averaged stats: lr: 0.000096  loss_sum: 0.0536 (0.0694)  losses: 0.0313 (0.0356)  den_loss: 0.0212 (0.0338)  loss_ce: 0.0277 (0.0320)  loss_points: 0.0035 (0.0036)  loss_ce_unscaled: 0.0277 (0.0320)  loss_points_unscaled: 17.4664 (17.8612)  moe_aux_total: 0.0000 (0.0000)  moe_aux_raw: 0.0001 (0.0002)  l_balance: 0.3777 (0.4008)  l_decorr: 0.0001 (0.0002)  moe_temperature: 0.7111 (0.7112)  ema_usage_min: 0.0422 (0.0418)  ema_usage_max: 0.8310 (0.8301)
2026-03-19 18:04:29 | INFO     | crowdcount.trainer:256 - [ep 460][lr 0.0000958][13.43s]
2026-03-19 18:04:30 | INFO     | crowdcount.trainer:240 - [MoE] epoch=461 training_stage=specialization
2026-03-19 18:04:44 | INFO     | crowdcount.engine:236 - Averaged stats: lr: 0.000096  loss_sum: 0.0535 (0.0644)  losses: 0.0314 (0.0345)  den_loss: 0.0241 (0.0299)  loss_ce: 0.0276 (0.0310)  loss_points: 0.0035 (0.0035)  loss_ce_unscaled: 0.0276 (0.0310)  loss_points_unscaled: 17.6270 (17.6276)  moe_aux_total: 0.0000 (0.0000)  moe_aux_raw: 0.0002 (0.0002)  l_balance: 0.3890 (0.4035)  l_decorr: 0.0002 (0.0002)  moe_temperature: 0.7106 (0.7107)  ema_usage_min: 0.0441 (0.0435)  ema_usage_max: 0.8319 (0.8318)
2026-03-19 18:04:44 | INFO     | crowdcount.trainer:256 - [ep 461][lr 0.0000958][13.65s]
2026-03-19 18:04:45 | INFO     | crowdcount.trainer:240 - [MoE] epoch=462 training_stage=specialization
2026-03-19 18:04:59 | INFO     | crowdcount.engine:236 - Averaged stats: lr: 0.000096  loss_sum: 0.0592 (0.0722)  losses: 0.0346 (0.0360)  den_loss: 0.0235 (0.0362)  loss_ce: 0.0309 (0.0325)  loss_points: 0.0034 (0.0035)  loss_ce_unscaled: 0.0309 (0.0325)  loss_points_unscaled: 16.8401 (17.3721)  moe_aux_total: 0.0000 (0.0000)  moe_aux_raw: 0.0001 (0.0002)  l_balance: 0.3745 (0.4062)  l_decorr: 0.0001 (0.0002)  moe_temperature: 0.7100 (0.7102)  ema_usage_min: 0.0433 (0.0438)  ema_usage_max: 0.8351 (0.8342)
2026-03-19 18:04:59 | INFO     | crowdcount.trainer:256 - [ep 462][lr 0.0000958][14.06s]
2026-03-19 18:05:12 | INFO     | crowdcount.trainer:297 - [Eval] mae=67.91  mse=107.82  time=10.6s  best_mae=57.40  best_mse=85.62
2026-03-19 18:05:12 | INFO     | crowdcount.trainer:301 - [Eval] density_mae=75.36  density_mse=109.85  best_density_mae=59.15
2026-03-19 18:05:12 | INFO     | crowdcount.trainer:240 - [MoE] epoch=463 training_stage=specialization
2026-03-19 18:05:25 | INFO     | crowdcount.engine:236 - Averaged stats: lr: 0.000096  loss_sum: 0.0596 (0.0721)  losses: 0.0368 (0.0349)  den_loss: 0.0198 (0.0372)  loss_ce: 0.0337 (0.0313)  loss_points: 0.0033 (0.0035)  loss_ce_unscaled: 0.0337 (0.0313)  loss_points_unscaled: 16.4592 (17.5412)  moe_aux_total: 0.0000 (0.0000)  moe_aux_raw: 0.0002 (0.0002)  l_balance: 0.3970 (0.3719)  l_decorr: 0.0002 (0.0002)  moe_temperature: 0.7095 (0.7096)  ema_usage_min: 0.0421 (0.0425)  ema_usage_max: 0.8352 (0.8357)
2026-03-19 18:05:25 | INFO     | crowdcount.trainer:256 - [ep 463][lr 0.0000958][13.14s]
2026-03-19 18:05:26 | INFO     | crowdcount.trainer:240 - [MoE] epoch=464 training_stage=specialization
2026-03-19 18:05:40 | INFO     | crowdcount.engine:236 - Averaged stats: lr: 0.000096  loss_sum: 0.0561 (0.0702)  losses: 0.0312 (0.0349)  den_loss: 0.0216 (0.0353)  loss_ce: 0.0282 (0.0315)  loss_points: 0.0035 (0.0035)  loss_ce_unscaled: 0.0282 (0.0315)  loss_points_unscaled: 17.3091 (17.4097)  moe_aux_total: 0.0000 (0.0000)  moe_aux_raw: 0.0002 (0.0002)  l_balance: 0.4032 (0.4047)  l_decorr: 0.0002 (0.0002)  moe_temperature: 0.7090 (0.7091)  ema_usage_min: 0.0397 (0.0404)  ema_usage_max: 0.8386 (0.8382)
2026-03-19 18:05:40 | INFO     | crowdcount.trainer:256 - [ep 464][lr 0.0000958][13.32s]
2026-03-19 18:05:41 | INFO     | crowdcount.trainer:240 - [MoE] epoch=465 training_stage=specialization
2026-03-19 18:05:54 | INFO     | crowdcount.engine:236 - Averaged stats: lr: 0.000096  loss_sum: 0.0429 (0.0542)  losses: 0.0287 (0.0316)  den_loss: 0.0139 (0.0226)  loss_ce: 0.0248 (0.0280)  loss_points: 0.0035 (0.0036)  loss_ce_unscaled: 0.0248 (0.0280)  loss_points_unscaled: 17.3998 (18.1362)  moe_aux_total: 0.0000 (0.0000)  moe_aux_raw: 0.0001 (0.0001)  l_balance: 0.3871 (0.4103)  l_decorr: 0.0001 (0.0001)  moe_temperature: 0.7085 (0.7086)  ema_usage_min: 0.0394 (0.0389)  ema_usage_max: 0.8396 (0.8395)
2026-03-19 18:05:54 | INFO     | crowdcount.trainer:256 - [ep 465][lr 0.0000958][13.25s]
2026-03-19 18:06:06 | INFO     | crowdcount.trainer:297 - [Eval] mae=57.98  mse=91.97  time=10.5s  best_mae=57.40  best_mse=85.62
2026-03-19 18:06:06 | INFO     | crowdcount.trainer:301 - [Eval] density_mae=71.11  density_mse=99.33  best_density_mae=59.15
2026-03-19 18:06:06 | INFO     | crowdcount.trainer:240 - [MoE] epoch=466 training_stage=specialization
2026-03-19 18:06:20 | INFO     | crowdcount.engine:236 - Averaged stats: lr: 0.000096  loss_sum: 0.0684 (0.0687)  losses: 0.0366 (0.0357)  den_loss: 0.0294 (0.0330)  loss_ce: 0.0328 (0.0323)  loss_points: 0.0032 (0.0035)  loss_ce_unscaled: 0.0328 (0.0323)  loss_points_unscaled: 15.8324 (17.2721)  moe_aux_total: 0.0000 (0.0000)  moe_aux_raw: 0.0002 (0.0002)  l_balance: 0.4159 (0.4015)  l_decorr: 0.0002 (0.0002)  moe_temperature: 0.7079 (0.7081)  ema_usage_min: 0.0425 (0.0416)  ema_usage_max: 0.8426 (0.8413)
2026-03-19 18:06:20 | INFO     | crowdcount.trainer:256 - [ep 466][lr 0.0000957][13.62s]
2026-03-19 18:06:21 | INFO     | crowdcount.trainer:240 - [MoE] epoch=467 training_stage=specialization
2026-03-19 18:06:35 | INFO     | crowdcount.engine:236 - Averaged stats: lr: 0.000096  loss_sum: 0.0526 (0.0652)  losses: 0.0313 (0.0345)  den_loss: 0.0212 (0.0306)  loss_ce: 0.0283 (0.0310)  loss_points: 0.0036 (0.0035)  loss_ce_unscaled: 0.0283 (0.0310)  loss_points_unscaled: 17.9188 (17.5693)  moe_aux_total: 0.0000 (0.0000)  moe_aux_raw: 0.0001 (0.0002)  l_balance: 0.4064 (0.3738)  l_decorr: 0.0001 (0.0002)  moe_temperature: 0.7074 (0.7075)  ema_usage_min: 0.0498 (0.0486)  ema_usage_max: 0.8374 (0.8395)
2026-03-19 18:06:35 | INFO     | crowdcount.trainer:256 - [ep 467][lr 0.0000957][13.59s]
2026-03-19 18:06:37 | INFO     | crowdcount.trainer:240 - [MoE] epoch=468 training_stage=specialization
2026-03-19 18:06:50 | INFO     | crowdcount.engine:236 - Averaged stats: lr: 0.000096  loss_sum: 0.0504 (0.0634)  losses: 0.0344 (0.0346)  den_loss: 0.0183 (0.0288)  loss_ce: 0.0305 (0.0311)  loss_points: 0.0034 (0.0035)  loss_ce_unscaled: 0.0305 (0.0311)  loss_points_unscaled: 17.0332 (17.5676)  moe_aux_total: 0.0000 (0.0000)  moe_aux_raw: 0.0001 (0.0002)  l_balance: 0.3542 (0.3708)  l_decorr: 0.0001 (0.0002)  moe_temperature: 0.7069 (0.7070)  ema_usage_min: 0.0502 (0.0498)  ema_usage_max: 0.8298 (0.8329)
2026-03-19 18:06:50 | INFO     | crowdcount.trainer:256 - [ep 468][lr 0.0000957][13.60s]
2026-03-19 18:07:02 | INFO     | crowdcount.trainer:297 - [Eval] mae=61.04  mse=89.55  time=10.3s  best_mae=57.40  best_mse=85.62
2026-03-19 18:07:02 | INFO     | crowdcount.trainer:301 - [Eval] density_mae=62.26  density_mse=91.74  best_density_mae=59.15
2026-03-19 18:07:02 | INFO     | crowdcount.trainer:240 - [MoE] epoch=469 training_stage=specialization
2026-03-19 18:07:15 | INFO     | crowdcount.engine:236 - Averaged stats: lr: 0.000096  loss_sum: 0.0585 (0.0692)  losses: 0.0350 (0.0361)  den_loss: 0.0245 (0.0330)  loss_ce: 0.0314 (0.0327)  loss_points: 0.0035 (0.0034)  loss_ce_unscaled: 0.0314 (0.0327)  loss_points_unscaled: 17.5667 (17.1500)  moe_aux_total: 0.0000 (0.0000)  moe_aux_raw: 0.0001 (0.0002)  l_balance: 0.3146 (0.3330)  l_decorr: 0.0001 (0.0002)  moe_temperature: 0.7064 (0.7065)  ema_usage_min: 0.0505 (0.0506)  ema_usage_max: 0.8123 (0.8164)
2026-03-19 18:07:15 | INFO     | crowdcount.trainer:256 - [ep 469][lr 0.0000957][13.31s]
2026-03-19 18:07:16 | INFO     | crowdcount.trainer:240 - [MoE] epoch=470 training_stage=specialization
2026-03-19 18:07:30 | INFO     | crowdcount.engine:236 - Averaged stats: lr: 0.000096  loss_sum: 0.0616 (0.0668)  losses: 0.0359 (0.0343)  den_loss: 0.0252 (0.0325)  loss_ce: 0.0323 (0.0309)  loss_points: 0.0035 (0.0034)  loss_ce_unscaled: 0.0323 (0.0309)  loss_points_unscaled: 17.3385 (17.1288)  moe_aux_total: 0.0000 (0.0000)  moe_aux_raw: 0.0002 (0.0002)  l_balance: 0.3041 (0.3399)  l_decorr: 0.0002 (0.0002)  moe_temperature: 0.7058 (0.7060)  ema_usage_min: 0.0487 (0.0491)  ema_usage_max: 0.8022 (0.8055)
2026-03-19 18:07:30 | INFO     | crowdcount.trainer:256 - [ep 470][lr 0.0000957][13.35s]
2026-03-19 18:07:31 | INFO     | crowdcount.trainer:240 - [MoE] epoch=471 training_stage=specialization
2026-03-19 18:07:45 | INFO     | crowdcount.engine:236 - Averaged stats: lr: 0.000096  loss_sum: 0.0674 (0.0661)  losses: 0.0336 (0.0344)  den_loss: 0.0273 (0.0317)  loss_ce: 0.0304 (0.0308)  loss_points: 0.0034 (0.0035)  loss_ce_unscaled: 0.0304 (0.0308)  loss_points_unscaled: 17.1424 (17.6688)  moe_aux_total: 0.0000 (0.0000)  moe_aux_raw: 0.0001 (0.0002)  l_balance: 0.2829 (0.2913)  l_decorr: 0.0001 (0.0002)  moe_temperature: 0.7053 (0.7054)  ema_usage_min: 0.0460 (0.0472)  ema_usage_max: 0.7860 (0.7894)
2026-03-19 18:07:45 | INFO     | crowdcount.trainer:256 - [ep 471][lr 0.0000956][13.84s]
2026-03-19 18:07:56 | INFO     | crowdcount.trainer:297 - [Eval] mae=67.93  mse=107.97  time=10.4s  best_mae=57.40  best_mse=85.62
2026-03-19 18:07:56 | INFO     | crowdcount.trainer:301 - [Eval] density_mae=63.04  density_mse=94.33  best_density_mae=59.15
2026-03-19 18:07:56 | INFO     | crowdcount.trainer:240 - [MoE] epoch=472 training_stage=specialization
2026-03-19 18:08:10 | INFO     | crowdcount.engine:236 - Averaged stats: lr: 0.000096  loss_sum: 0.0594 (0.0630)  losses: 0.0348 (0.0337)  den_loss: 0.0256 (0.0293)  loss_ce: 0.0317 (0.0302)  loss_points: 0.0034 (0.0035)  loss_ce_unscaled: 0.0317 (0.0302)  loss_points_unscaled: 17.1465 (17.7285)  moe_aux_total: 0.0000 (0.0000)  moe_aux_raw: 0.0002 (0.0002)  l_balance: 0.2696 (0.2863)  l_decorr: 0.0002 (0.0002)  moe_temperature: 0.7048 (0.7049)  ema_usage_min: 0.0455 (0.0455)  ema_usage_max: 0.7701 (0.7736)
2026-03-19 18:08:10 | INFO     | crowdcount.trainer:256 - [ep 472][lr 0.0000956][13.49s]
2026-03-19 18:08:11 | INFO     | crowdcount.trainer:240 - [MoE] epoch=473 training_stage=specialization
2026-03-19 18:08:24 | INFO     | crowdcount.engine:236 - Averaged stats: lr: 0.000096  loss_sum: 0.0564 (0.0655)  losses: 0.0317 (0.0350)  den_loss: 0.0252 (0.0305)  loss_ce: 0.0280 (0.0315)  loss_points: 0.0034 (0.0035)  loss_ce_unscaled: 0.0280 (0.0315)  loss_points_unscaled: 17.2284 (17.6936)  moe_aux_total: 0.0000 (0.0000)  moe_aux_raw: 0.0001 (0.0001)  l_balance: 0.2431 (0.2743)  l_decorr: 0.0001 (0.0001)  moe_temperature: 0.7043 (0.7044)  ema_usage_min: 0.0455 (0.0451)  ema_usage_max: 0.7617 (0.7626)
2026-03-19 18:08:24 | INFO     | crowdcount.trainer:256 - [ep 473][lr 0.0000956][13.24s]
2026-03-19 18:08:26 | INFO     | crowdcount.trainer:240 - [MoE] epoch=474 training_stage=specialization
2026-03-19 18:08:40 | INFO     | crowdcount.engine:236 - Averaged stats: lr: 0.000096  loss_sum: 0.0718 (0.0715)  losses: 0.0359 (0.0353)  den_loss: 0.0346 (0.0361)  loss_ce: 0.0329 (0.0319)  loss_points: 0.0034 (0.0034)  loss_ce_unscaled: 0.0329 (0.0319)  loss_points_unscaled: 16.9354 (17.0340)  moe_aux_total: 0.0000 (0.0000)  moe_aux_raw: 0.0002 (0.0002)  l_balance: 0.2809 (0.2799)  l_decorr: 0.0002 (0.0002)  moe_temperature: 0.7038 (0.7039)  ema_usage_min: 0.0446 (0.0447)  ema_usage_max: 0.7519 (0.7529)
2026-03-19 18:08:40 | INFO     | crowdcount.trainer:256 - [ep 474][lr 0.0000956][14.17s]
2026-03-19 18:08:52 | INFO     | crowdcount.trainer:297 - [Eval] mae=74.40  mse=114.23  time=10.3s  best_mae=57.40  best_mse=85.62
2026-03-19 18:08:52 | INFO     | crowdcount.trainer:301 - [Eval] density_mae=66.99  density_mse=93.96  best_density_mae=59.15
2026-03-19 18:08:52 | INFO     | crowdcount.trainer:240 - [MoE] epoch=475 training_stage=specialization
2026-03-19 18:09:05 | INFO     | crowdcount.engine:236 - Averaged stats: lr: 0.000096  loss_sum: 0.0573 (0.0677)  losses: 0.0325 (0.0354)  den_loss: 0.0259 (0.0323)  loss_ce: 0.0290 (0.0318)  loss_points: 0.0035 (0.0036)  loss_ce_unscaled: 0.0290 (0.0318)  loss_points_unscaled: 17.3212 (17.8699)  moe_aux_total: 0.0000 (0.0000)  moe_aux_raw: 0.0001 (0.0002)  l_balance: 0.2530 (0.2685)  l_decorr: 0.0001 (0.0002)  moe_temperature: 0.7032 (0.7034)  ema_usage_min: 0.0429 (0.0426)  ema_usage_max: 0.7434 (0.7463)
2026-03-19 18:09:05 | INFO     | crowdcount.trainer:256 - [ep 475][lr 0.0000956][13.31s]
2026-03-19 18:09:06 | INFO     | crowdcount.trainer:240 - [MoE] epoch=476 training_stage=specialization
2026-03-19 18:09:20 | INFO     | crowdcount.engine:236 - Averaged stats: lr: 0.000096  loss_sum: 0.0696 (0.0700)  losses: 0.0367 (0.0357)  den_loss: 0.0342 (0.0343)  loss_ce: 0.0330 (0.0322)  loss_points: 0.0033 (0.0035)  loss_ce_unscaled: 0.0330 (0.0322)  loss_points_unscaled: 16.3242 (17.4665)  moe_aux_total: 0.0000 (0.0000)  moe_aux_raw: 0.0001 (0.0002)  l_balance: 0.2846 (0.2930)  l_decorr: 0.0001 (0.0002)  moe_temperature: 0.7027 (0.7028)  ema_usage_min: 0.0418 (0.0420)  ema_usage_max: 0.7394 (0.7396)
2026-03-19 18:09:20 | INFO     | crowdcount.trainer:256 - [ep 476][lr 0.0000956][13.53s]
2026-03-19 18:09:21 | INFO     | crowdcount.trainer:240 - [MoE] epoch=477 training_stage=specialization
2026-03-19 18:09:34 | INFO     | crowdcount.engine:236 - Averaged stats: lr: 0.000096  loss_sum: 0.0602 (0.0645)  losses: 0.0332 (0.0335)  den_loss: 0.0263 (0.0310)  loss_ce: 0.0297 (0.0299)  loss_points: 0.0037 (0.0037)  loss_ce_unscaled: 0.0297 (0.0299)  loss_points_unscaled: 18.3775 (18.2566)  moe_aux_total: 0.0000 (0.0000)  moe_aux_raw: 0.0001 (0.0002)  l_balance: 0.2693 (0.2740)  l_decorr: 0.0001 (0.0002)  moe_temperature: 0.7022 (0.7023)  ema_usage_min: 0.0441 (0.0434)  ema_usage_max: 0.7309 (0.7339)
2026-03-19 18:09:34 | INFO     | crowdcount.trainer:256 - [ep 477][lr 0.0000955][13.50s]
2026-03-19 18:09:46 | INFO     | crowdcount.trainer:297 - [Eval] mae=66.46  mse=100.22  time=10.5s  best_mae=57.40  best_mse=85.62
2026-03-19 18:09:46 | INFO     | crowdcount.trainer:301 - [Eval] density_mae=70.26  density_mse=96.10  best_density_mae=59.15
2026-03-19 18:09:46 | INFO     | crowdcount.trainer:240 - [MoE] epoch=478 training_stage=specialization
2026-03-19 18:10:00 | INFO     | crowdcount.engine:236 - Averaged stats: lr: 0.000096  loss_sum: 0.0564 (0.0651)  losses: 0.0313 (0.0339)  den_loss: 0.0221 (0.0311)  loss_ce: 0.0279 (0.0304)  loss_points: 0.0036 (0.0035)  loss_ce_unscaled: 0.0279 (0.0304)  loss_points_unscaled: 17.8537 (17.5359)  moe_aux_total: 0.0000 (0.0000)  moe_aux_raw: 0.0001 (0.0002)  l_balance: 0.2720 (0.3022)  l_decorr: 0.0001 (0.0002)  moe_temperature: 0.7017 (0.7018)  ema_usage_min: 0.0425 (0.0429)  ema_usage_max: 0.7321 (0.7321)
2026-03-19 18:10:00 | INFO     | crowdcount.trainer:256 - [ep 478][lr 0.0000955][13.42s]
2026-03-19 18:10:01 | INFO     | crowdcount.trainer:240 - [MoE] epoch=479 training_stage=specialization
2026-03-19 18:10:15 | INFO     | crowdcount.engine:236 - Averaged stats: lr: 0.000095  loss_sum: 0.0691 (0.0648)  losses: 0.0348 (0.0343)  den_loss: 0.0319 (0.0305)  loss_ce: 0.0308 (0.0307)  loss_points: 0.0033 (0.0035)  loss_ce_unscaled: 0.0308 (0.0307)  loss_points_unscaled: 16.3833 (17.6201)  moe_aux_total: 0.0000 (0.0000)  moe_aux_raw: 0.0002 (0.0002)  l_balance: 0.2955 (0.2793)  l_decorr: 0.0002 (0.0002)  moe_temperature: 0.7012 (0.7013)  ema_usage_min: 0.0426 (0.0428)  ema_usage_max: 0.7291 (0.7304)
2026-03-19 18:10:15 | INFO     | crowdcount.trainer:256 - [ep 479][lr 0.0000955][13.57s]
2026-03-19 18:10:16 | INFO     | crowdcount.trainer:240 - [MoE] epoch=480 training_stage=specialization
2026-03-19 18:10:29 | INFO     | crowdcount.engine:236 - Averaged stats: lr: 0.000095  loss_sum: 0.0686 (0.0747)  losses: 0.0361 (0.0361)  den_loss: 0.0264 (0.0385)  loss_ce: 0.0329 (0.0325)  loss_points: 0.0034 (0.0036)  loss_ce_unscaled: 0.0329 (0.0325)  loss_points_unscaled: 17.2278 (18.0529)  moe_aux_total: 0.0000 (0.0000)  moe_aux_raw: 0.0001 (0.0002)  l_balance: 0.2683 (0.2965)  l_decorr: 0.0001 (0.0002)  moe_temperature: 0.7006 (0.7008)  ema_usage_min: 0.0421 (0.0419)  ema_usage_max: 0.7344 (0.7328)
2026-03-19 18:10:29 | INFO     | crowdcount.trainer:256 - [ep 480][lr 0.0000955][13.40s]
2026-03-19 18:10:41 | INFO     | crowdcount.trainer:297 - [Eval] mae=60.64  mse=97.10  time=10.4s  best_mae=57.40  best_mse=85.62
2026-03-19 18:10:41 | INFO     | crowdcount.trainer:301 - [Eval] density_mae=63.73  density_mse=95.93  best_density_mae=59.15
2026-03-19 18:10:41 | INFO     | crowdcount.trainer:240 - [MoE] epoch=481 training_stage=specialization
2026-03-19 18:10:55 | INFO     | crowdcount.engine:236 - Averaged stats: lr: 0.000095  loss_sum: 0.0531 (0.0719)  losses: 0.0347 (0.0358)  den_loss: 0.0205 (0.0360)  loss_ce: 0.0319 (0.0323)  loss_points: 0.0031 (0.0034)  loss_ce_unscaled: 0.0319 (0.0323)  loss_points_unscaled: 15.6924 (17.1446)  moe_aux_total: 0.0000 (0.0000)  moe_aux_raw: 0.0002 (0.0002)  l_balance: 0.2802 (0.2859)  l_decorr: 0.0002 (0.0002)  moe_temperature: 0.7001 (0.7002)  ema_usage_min: 0.0416 (0.0417)  ema_usage_max: 0.7326 (0.7345)
2026-03-19 18:10:55 | INFO     | crowdcount.trainer:256 - [ep 481][lr 0.0000955][13.38s]
2026-03-19 18:10:56 | INFO     | crowdcount.trainer:240 - [MoE] epoch=482 training_stage=specialization
2026-03-19 18:11:09 | INFO     | crowdcount.engine:236 - Averaged stats: lr: 0.000095  loss_sum: 0.0621 (0.0691)  losses: 0.0339 (0.0355)  den_loss: 0.0271 (0.0335)  loss_ce: 0.0312 (0.0321)  loss_points: 0.0035 (0.0034)  loss_ce_unscaled: 0.0312 (0.0321)  loss_points_unscaled: 17.4367 (16.9677)  moe_aux_total: 0.0000 (0.0000)  moe_aux_raw: 0.0002 (0.0002)  l_balance: 0.2511 (0.2837)  l_decorr: 0.0002 (0.0002)  moe_temperature: 0.6996 (0.6997)  ema_usage_min: 0.0443 (0.0430)  ema_usage_max: 0.7326 (0.7326)
2026-03-19 18:11:09 | INFO     | crowdcount.trainer:256 - [ep 482][lr 0.0000954][13.28s]
2026-03-19 18:11:11 | INFO     | crowdcount.trainer:240 - [MoE] epoch=483 training_stage=specialization
2026-03-19 18:11:24 | INFO     | crowdcount.engine:236 - Averaged stats: lr: 0.000095  loss_sum: 0.0512 (0.0648)  losses: 0.0311 (0.0330)  den_loss: 0.0205 (0.0318)  loss_ce: 0.0267 (0.0295)  loss_points: 0.0033 (0.0035)  loss_ce_unscaled: 0.0267 (0.0295)  loss_points_unscaled: 16.4067 (17.3825)  moe_aux_total: 0.0000 (0.0000)  moe_aux_raw: 0.0001 (0.0002)  l_balance: 0.2717 (0.2919)  l_decorr: 0.0001 (0.0002)  moe_temperature: 0.6991 (0.6992)  ema_usage_min: 0.0441 (0.0441)  ema_usage_max: 0.7361 (0.7349)
2026-03-19 18:11:24 | INFO     | crowdcount.trainer:256 - [ep 483][lr 0.0000954][13.25s]
2026-03-19 18:11:35 | INFO     | crowdcount.trainer:297 - [Eval] mae=69.92  mse=108.97  time=10.4s  best_mae=57.40  best_mse=85.62
2026-03-19 18:11:35 | INFO     | crowdcount.trainer:301 - [Eval] density_mae=74.49  density_mse=108.89  best_density_mae=59.15
2026-03-19 18:11:35 | INFO     | crowdcount.trainer:240 - [MoE] epoch=484 training_stage=specialization
2026-03-19 18:11:49 | INFO     | crowdcount.engine:236 - Averaged stats: lr: 0.000095  loss_sum: 0.0507 (0.0653)  losses: 0.0324 (0.0342)  den_loss: 0.0183 (0.0310)  loss_ce: 0.0285 (0.0306)  loss_points: 0.0037 (0.0036)  loss_ce_unscaled: 0.0285 (0.0306)  loss_points_unscaled: 18.3292 (18.2214)  moe_aux_total: 0.0000 (0.0000)  moe_aux_raw: 0.0001 (0.0002)  l_balance: 0.2577 (0.2624)  l_decorr: 0.0001 (0.0002)  moe_temperature: 0.6986 (0.6987)  ema_usage_min: 0.0422 (0.0427)  ema_usage_max: 0.7277 (0.7300)
2026-03-19 18:11:49 | INFO     | crowdcount.trainer:256 - [ep 484][lr 0.0000954][13.63s]
2026-03-19 18:11:50 | INFO     | crowdcount.trainer:240 - [MoE] epoch=485 training_stage=specialization
2026-03-19 18:12:04 | INFO     | crowdcount.engine:236 - Averaged stats: lr: 0.000095  loss_sum: 0.0416 (0.0580)  losses: 0.0265 (0.0320)  den_loss: 0.0162 (0.0259)  loss_ce: 0.0227 (0.0284)  loss_points: 0.0036 (0.0036)  loss_ce_unscaled: 0.0227 (0.0284)  loss_points_unscaled: 17.9106 (18.0957)  moe_aux_total: 0.0000 (0.0000)  moe_aux_raw: 0.0002 (0.0002)  l_balance: 0.2404 (0.2648)  l_decorr: 0.0002 (0.0002)  moe_temperature: 0.6981 (0.6982)  ema_usage_min: 0.0423 (0.0422)  ema_usage_max: 0.7254 (0.7258)
2026-03-19 18:12:04 | INFO     | crowdcount.trainer:256 - [ep 485][lr 0.0000954][13.37s]
2026-03-19 18:12:05 | INFO     | crowdcount.trainer:240 - [MoE] epoch=486 training_stage=specialization
2026-03-19 18:12:18 | INFO     | crowdcount.engine:236 - Averaged stats: lr: 0.000095  loss_sum: 0.0486 (0.0640)  losses: 0.0301 (0.0336)  den_loss: 0.0195 (0.0304)  loss_ce: 0.0258 (0.0300)  loss_points: 0.0037 (0.0036)  loss_ce_unscaled: 0.0258 (0.0300)  loss_points_unscaled: 18.3644 (18.2389)  moe_aux_total: 0.0000 (0.0000)  moe_aux_raw: 0.0001 (0.0002)  l_balance: 0.2373 (0.2489)  l_decorr: 0.0001 (0.0002)  moe_temperature: 0.6975 (0.6977)  ema_usage_min: 0.0429 (0.0428)  ema_usage_max: 0.7210 (0.7223)
2026-03-19 18:12:18 | INFO     | crowdcount.trainer:256 - [ep 486][lr 0.0000954][13.35s]
2026-03-19 18:12:30 | INFO     | crowdcount.trainer:297 - [Eval] mae=58.88  mse=90.52  time=10.4s  best_mae=57.40  best_mse=85.62
2026-03-19 18:12:30 | INFO     | crowdcount.trainer:301 - [Eval] density_mae=62.98  density_mse=92.13  best_density_mae=59.15
2026-03-19 18:12:30 | INFO     | crowdcount.trainer:240 - [MoE] epoch=487 training_stage=specialization
2026-03-19 18:12:44 | INFO     | crowdcount.engine:236 - Averaged stats: lr: 0.000095  loss_sum: 0.0614 (0.0713)  losses: 0.0364 (0.0362)  den_loss: 0.0250 (0.0351)  loss_ce: 0.0330 (0.0327)  loss_points: 0.0034 (0.0035)  loss_ce_unscaled: 0.0330 (0.0327)  loss_points_unscaled: 17.0268 (17.4156)  moe_aux_total: 0.0000 (0.0000)  moe_aux_raw: 0.0001 (0.0002)  l_balance: 0.2151 (0.2397)  l_decorr: 0.0001 (0.0002)  moe_temperature: 0.6970 (0.6971)  ema_usage_min: 0.0443 (0.0439)  ema_usage_max: 0.7124 (0.7141)
2026-03-19 18:12:44 | INFO     | crowdcount.trainer:256 - [ep 487][lr 0.0000953][13.36s]
2026-03-19 18:12:45 | INFO     | crowdcount.trainer:240 - [MoE] epoch=488 training_stage=specialization
2026-03-19 18:12:58 | INFO     | crowdcount.engine:236 - Averaged stats: lr: 0.000095  loss_sum: 0.0603 (0.0681)  losses: 0.0350 (0.0356)  den_loss: 0.0292 (0.0324)  loss_ce: 0.0318 (0.0322)  loss_points: 0.0033 (0.0035)  loss_ce_unscaled: 0.0318 (0.0322)  loss_points_unscaled: 16.4614 (17.3999)  moe_aux_total: 0.0000 (0.0000)  moe_aux_raw: 0.0002 (0.0002)  l_balance: 0.2174 (0.2453)  l_decorr: 0.0002 (0.0002)  moe_temperature: 0.6965 (0.6966)  ema_usage_min: 0.0456 (0.0447)  ema_usage_max: 0.7122 (0.7125)
2026-03-19 18:12:58 | INFO     | crowdcount.trainer:256 - [ep 488][lr 0.0000953][13.34s]
2026-03-19 18:13:00 | INFO     | crowdcount.trainer:240 - [MoE] epoch=489 training_stage=specialization
2026-03-19 18:13:13 | INFO     | crowdcount.engine:236 - Averaged stats: lr: 0.000095  loss_sum: 0.0574 (0.0647)  losses: 0.0333 (0.0339)  den_loss: 0.0261 (0.0308)  loss_ce: 0.0290 (0.0303)  loss_points: 0.0036 (0.0036)  loss_ce_unscaled: 0.0290 (0.0303)  loss_points_unscaled: 18.0324 (18.0508)  moe_aux_total: 0.0000 (0.0000)  moe_aux_raw: 0.0001 (0.0002)  l_balance: 0.2352 (0.2499)  l_decorr: 0.0001 (0.0002)  moe_temperature: 0.6960 (0.6961)  ema_usage_min: 0.0492 (0.0493)  ema_usage_max: 0.7129 (0.7118)
2026-03-19 18:13:13 | INFO     | crowdcount.trainer:256 - [ep 489][lr 0.0000953][13.49s]
2026-03-19 18:13:25 | INFO     | crowdcount.trainer:297 - [Eval] mae=64.83  mse=98.40  time=10.4s  best_mae=57.40  best_mse=85.62
2026-03-19 18:13:25 | INFO     | crowdcount.trainer:301 - [Eval] density_mae=67.88  density_mse=99.64  best_density_mae=59.15
2026-03-19 18:13:25 | INFO     | crowdcount.trainer:240 - [MoE] epoch=490 training_stage=specialization
2026-03-19 18:13:39 | INFO     | crowdcount.engine:236 - Averaged stats: lr: 0.000095  loss_sum: 0.0446 (0.0638)  losses: 0.0294 (0.0331)  den_loss: 0.0187 (0.0306)  loss_ce: 0.0268 (0.0295)  loss_points: 0.0033 (0.0036)  loss_ce_unscaled: 0.0268 (0.0295)  loss_points_unscaled: 16.2746 (18.2455)  moe_aux_total: 0.0000 (0.0000)  moe_aux_raw: 0.0001 (0.0002)  l_balance: 0.2418 (0.2574)  l_decorr: 0.0001 (0.0002)  moe_temperature: 0.6955 (0.6956)  ema_usage_min: 0.0480 (0.0480)  ema_usage_max: 0.7123 (0.7120)
2026-03-19 18:13:39 | INFO     | crowdcount.trainer:256 - [ep 490][lr 0.0000953][13.56s]
2026-03-19 18:13:40 | INFO     | crowdcount.trainer:240 - [MoE] epoch=491 training_stage=specialization
2026-03-19 18:13:53 | INFO     | crowdcount.engine:236 - Averaged stats: lr: 0.000095  loss_sum: 0.0534 (0.0681)  losses: 0.0334 (0.0356)  den_loss: 0.0189 (0.0325)  loss_ce: 0.0296 (0.0321)  loss_points: 0.0034 (0.0035)  loss_ce_unscaled: 0.0296 (0.0321)  loss_points_unscaled: 17.1781 (17.5919)  moe_aux_total: 0.0000 (0.0000)  moe_aux_raw: 0.0001 (0.0002)  l_balance: 0.2034 (0.2350)  l_decorr: 0.0001 (0.0002)  moe_temperature: 0.6950 (0.6951)  ema_usage_min: 0.0486 (0.0481)  ema_usage_max: 0.7103 (0.7109)
2026-03-19 18:13:53 | INFO     | crowdcount.trainer:256 - [ep 491][lr 0.0000953][13.49s]
2026-03-19 18:13:55 | INFO     | crowdcount.trainer:240 - [MoE] epoch=492 training_stage=specialization
2026-03-19 18:14:08 | INFO     | crowdcount.engine:236 - Averaged stats: lr: 0.000095  loss_sum: 0.0626 (0.0740)  losses: 0.0360 (0.0363)  den_loss: 0.0227 (0.0377)  loss_ce: 0.0329 (0.0327)  loss_points: 0.0034 (0.0036)  loss_ce_unscaled: 0.0329 (0.0327)  loss_points_unscaled: 17.0514 (17.9775)  moe_aux_total: 0.0000 (0.0000)  moe_aux_raw: 0.0002 (0.0002)  l_balance: 0.1722 (0.2092)  l_decorr: 0.0002 (0.0002)  moe_temperature: 0.6944 (0.6946)  ema_usage_min: 0.0501 (0.0497)  ema_usage_max: 0.7043 (0.7055)
2026-03-19 18:14:08 | INFO     | crowdcount.trainer:256 - [ep 492][lr 0.0000953][13.63s]
2026-03-19 18:14:20 | INFO     | crowdcount.trainer:297 - [Eval] mae=66.46  mse=101.76  time=10.4s  best_mae=57.40  best_mse=85.62
2026-03-19 18:14:20 | INFO     | crowdcount.trainer:301 - [Eval] density_mae=67.65  density_mse=99.52  best_density_mae=59.15
2026-03-19 18:14:20 | INFO     | crowdcount.trainer:240 - [MoE] epoch=493 training_stage=specialization
2026-03-19 18:14:34 | INFO     | crowdcount.engine:236 - Averaged stats: lr: 0.000095  loss_sum: 0.0480 (0.0634)  losses: 0.0326 (0.0348)  den_loss: 0.0184 (0.0286)  loss_ce: 0.0293 (0.0314)  loss_points: 0.0032 (0.0035)  loss_ce_unscaled: 0.0293 (0.0314)  loss_points_unscaled: 15.9009 (17.3501)  moe_aux_total: 0.0000 (0.0000)  moe_aux_raw: 0.0002 (0.0002)  l_balance: 0.2228 (0.2356)  l_decorr: 0.0002 (0.0002)  moe_temperature: 0.6939 (0.6941)  ema_usage_min: 0.0530 (0.0529)  ema_usage_max: 0.7062 (0.7055)
2026-03-19 18:14:34 | INFO     | crowdcount.trainer:256 - [ep 493][lr 0.0000952][13.50s]
2026-03-19 18:14:34 | INFO     | crowdcount.trainer:240 - [MoE] epoch=494 training_stage=specialization
2026-03-19 18:14:48 | INFO     | crowdcount.engine:236 - Averaged stats: lr: 0.000095  loss_sum: 0.0553 (0.0711)  losses: 0.0329 (0.0360)  den_loss: 0.0251 (0.0351)  loss_ce: 0.0295 (0.0325)  loss_points: 0.0034 (0.0035)  loss_ce_unscaled: 0.0295 (0.0325)  loss_points_unscaled: 16.8752 (17.3364)  moe_aux_total: 0.0000 (0.0000)  moe_aux_raw: 0.0001 (0.0002)  l_balance: 0.2028 (0.2096)  l_decorr: 0.0001 (0.0002)  moe_temperature: 0.6934 (0.6935)  ema_usage_min: 0.0531 (0.0528)  ema_usage_max: 0.6941 (0.6969)
2026-03-19 18:14:48 | INFO     | crowdcount.trainer:256 - [ep 494][lr 0.0000952][13.78s]
2026-03-19 18:14:50 | INFO     | crowdcount.trainer:240 - [MoE] epoch=495 training_stage=specialization
2026-03-19 18:15:03 | INFO     | crowdcount.engine:236 - Averaged stats: lr: 0.000095  loss_sum: 0.0438 (0.0646)  losses: 0.0299 (0.0342)  den_loss: 0.0160 (0.0303)  loss_ce: 0.0264 (0.0307)  loss_points: 0.0035 (0.0035)  loss_ce_unscaled: 0.0264 (0.0307)  loss_points_unscaled: 17.4784 (17.5604)  moe_aux_total: 0.0000 (0.0000)  moe_aux_raw: 0.0001 (0.0002)  l_balance: 0.2178 (0.2073)  l_decorr: 0.0001 (0.0002)  moe_temperature: 0.6929 (0.6930)  ema_usage_min: 0.0545 (0.0546)  ema_usage_max: 0.6735 (0.6771)
2026-03-19 18:15:03 | INFO     | crowdcount.trainer:256 - [ep 495][lr 0.0000952][13.21s]
2026-03-19 18:15:14 | INFO     | crowdcount.trainer:297 - [Eval] mae=64.54  mse=96.77  time=10.4s  best_mae=57.40  best_mse=85.62
2026-03-19 18:15:14 | INFO     | crowdcount.trainer:301 - [Eval] density_mae=64.51  density_mse=97.68  best_density_mae=59.15
2026-03-19 18:15:14 | INFO     | crowdcount.trainer:240 - [MoE] epoch=496 training_stage=specialization
2026-03-19 18:15:28 | INFO     | crowdcount.engine:236 - Averaged stats: lr: 0.000095  loss_sum: 0.0594 (0.0671)  losses: 0.0320 (0.0348)  den_loss: 0.0279 (0.0322)  loss_ce: 0.0289 (0.0313)  loss_points: 0.0035 (0.0035)  loss_ce_unscaled: 0.0289 (0.0313)  loss_points_unscaled: 17.3518 (17.6274)  moe_aux_total: 0.0000 (0.0000)  moe_aux_raw: 0.0001 (0.0002)  l_balance: 0.1836 (0.2019)  l_decorr: 0.0001 (0.0002)  moe_temperature: 0.6924 (0.6925)  ema_usage_min: 0.0540 (0.0538)  ema_usage_max: 0.6662 (0.6677)
2026-03-19 18:15:28 | INFO     | crowdcount.trainer:256 - [ep 496][lr 0.0000952][13.88s]
2026-03-19 18:15:30 | INFO     | crowdcount.trainer:240 - [MoE] epoch=497 training_stage=specialization
2026-03-19 18:15:43 | INFO     | crowdcount.engine:236 - Averaged stats: lr: 0.000095  loss_sum: 0.0554 (0.0651)  losses: 0.0335 (0.0339)  den_loss: 0.0212 (0.0311)  loss_ce: 0.0304 (0.0304)  loss_points: 0.0035 (0.0035)  loss_ce_unscaled: 0.0304 (0.0304)  loss_points_unscaled: 17.4110 (17.6574)  moe_aux_total: 0.0000 (0.0000)  moe_aux_raw: 0.0001 (0.0002)  l_balance: 0.2522 (0.2289)  l_decorr: 0.0001 (0.0002)  moe_temperature: 0.6919 (0.6920)  ema_usage_min: 0.0564 (0.0566)  ema_usage_max: 0.6650 (0.6631)
2026-03-19 18:15:43 | INFO     | crowdcount.trainer:256 - [ep 497][lr 0.0000952][13.48s]
2026-03-19 18:15:44 | INFO     | crowdcount.trainer:240 - [MoE] epoch=498 training_stage=specialization
2026-03-19 18:15:58 | INFO     | crowdcount.engine:236 - Averaged stats: lr: 0.000095  loss_sum: 0.0539 (0.0657)  losses: 0.0305 (0.0342)  den_loss: 0.0219 (0.0314)  loss_ce: 0.0275 (0.0308)  loss_points: 0.0034 (0.0035)  loss_ce_unscaled: 0.0275 (0.0308)  loss_points_unscaled: 17.0984 (17.3994)  moe_aux_total: 0.0000 (0.0000)  moe_aux_raw: 0.0001 (0.0002)  l_balance: 0.2095 (0.2269)  l_decorr: 0.0001 (0.0002)  moe_temperature: 0.6914 (0.6915)  ema_usage_min: 0.0528 (0.0532)  ema_usage_max: 0.6679 (0.6671)
2026-03-19 18:15:58 | INFO     | crowdcount.trainer:256 - [ep 498][lr 0.0000951][13.32s]
2026-03-19 18:16:10 | INFO     | crowdcount.trainer:297 - [Eval] mae=72.57  mse=109.30  time=10.4s  best_mae=57.40  best_mse=85.62
2026-03-19 18:16:10 | INFO     | crowdcount.trainer:301 - [Eval] density_mae=75.58  density_mse=104.10  best_density_mae=59.15
2026-03-19 18:16:10 | INFO     | crowdcount.trainer:240 - [MoE] epoch=499 training_stage=specialization
2026-03-19 18:16:23 | INFO     | crowdcount.engine:236 - Averaged stats: lr: 0.000095  loss_sum: 0.0525 (0.0648)  losses: 0.0326 (0.0336)  den_loss: 0.0225 (0.0312)  loss_ce: 0.0290 (0.0301)  loss_points: 0.0033 (0.0034)  loss_ce_unscaled: 0.0290 (0.0301)  loss_points_unscaled: 16.4629 (17.1801)  moe_aux_total: 0.0000 (0.0000)  moe_aux_raw: 0.0001 (0.0002)  l_balance: 0.2403 (0.2277)  l_decorr: 0.0001 (0.0002)  moe_temperature: 0.6909 (0.6910)  ema_usage_min: 0.0545 (0.0544)  ema_usage_max: 0.6701 (0.6699)
2026-03-19 18:16:23 | INFO     | crowdcount.trainer:256 - [ep 499][lr 0.0000951][13.27s]
2026-03-19 18:16:24 | INFO     | crowdcount.trainer:240 - [MoE] epoch=500 training_stage=specialization
2026-03-19 18:16:38 | INFO     | crowdcount.engine:236 - Averaged stats: lr: 0.000095  loss_sum: 0.0616 (0.0625)  losses: 0.0308 (0.0338)  den_loss: 0.0244 (0.0287)  loss_ce: 0.0276 (0.0303)  loss_points: 0.0034 (0.0035)  loss_ce_unscaled: 0.0276 (0.0303)  loss_points_unscaled: 16.8897 (17.4378)  moe_aux_total: 0.0000 (0.0000)  moe_aux_raw: 0.0001 (0.0001)  l_balance: 0.2431 (0.2527)  l_decorr: 0.0001 (0.0001)  moe_temperature: 0.6903 (0.6905)  ema_usage_min: 0.0509 (0.0517)  ema_usage_max: 0.6800 (0.6769)
2026-03-19 18:16:38 | INFO     | crowdcount.trainer:256 - [ep 500][lr 0.0000951][13.35s]
2026-03-19 18:16:39 | INFO     | crowdcount.trainer:240 - [MoE] epoch=501 training_stage=specialization
2026-03-19 18:16:52 | INFO     | crowdcount.engine:236 - Averaged stats: lr: 0.000095  loss_sum: 0.0615 (0.0710)  losses: 0.0345 (0.0363)  den_loss: 0.0264 (0.0346)  loss_ce: 0.0312 (0.0328)  loss_points: 0.0034 (0.0035)  loss_ce_unscaled: 0.0312 (0.0328)  loss_points_unscaled: 17.2442 (17.4121)  moe_aux_total: 0.0000 (0.0000)  moe_aux_raw: 0.0001 (0.0002)  l_balance: 0.3037 (0.3069)  l_decorr: 0.0001 (0.0002)  moe_temperature: 0.6898 (0.6900)  ema_usage_min: 0.0486 (0.0498)  ema_usage_max: 0.7094 (0.7017)
2026-03-19 18:16:52 | INFO     | crowdcount.trainer:256 - [ep 501][lr 0.0000951][13.41s]
2026-03-19 18:17:04 | INFO     | crowdcount.trainer:297 - [Eval] mae=64.24  mse=97.57  time=10.3s  best_mae=57.40  best_mse=85.62
2026-03-19 18:17:04 | INFO     | crowdcount.trainer:301 - [Eval] density_mae=62.17  density_mse=96.32  best_density_mae=59.15
2026-03-19 18:17:04 | INFO     | crowdcount.trainer:240 - [MoE] epoch=502 training_stage=specialization
2026-03-19 18:17:18 | INFO     | crowdcount.engine:236 - Averaged stats: lr: 0.000095  loss_sum: 0.0670 (0.0725)  losses: 0.0350 (0.0367)  den_loss: 0.0279 (0.0358)  loss_ce: 0.0317 (0.0331)  loss_points: 0.0034 (0.0036)  loss_ce_unscaled: 0.0317 (0.0331)  loss_points_unscaled: 16.7539 (18.0180)  moe_aux_total: 0.0000 (0.0000)  moe_aux_raw: 0.0002 (0.0002)  l_balance: 0.2709 (0.2916)  l_decorr: 0.0002 (0.0002)  moe_temperature: 0.6893 (0.6894)  ema_usage_min: 0.0487 (0.0487)  ema_usage_max: 0.7254 (0.7235)
2026-03-19 18:17:18 | INFO     | crowdcount.trainer:256 - [ep 502][lr 0.0000951][14.30s]
2026-03-19 18:17:19 | INFO     | crowdcount.trainer:240 - [MoE] epoch=503 training_stage=specialization
2026-03-19 18:17:32 | INFO     | crowdcount.engine:236 - Averaged stats: lr: 0.000095  loss_sum: 0.0565 (0.0682)  losses: 0.0345 (0.0348)  den_loss: 0.0219 (0.0334)  loss_ce: 0.0311 (0.0312)  loss_points: 0.0034 (0.0035)  loss_ce_unscaled: 0.0311 (0.0312)  loss_points_unscaled: 16.7929 (17.7321)  moe_aux_total: 0.0000 (0.0000)  moe_aux_raw: 0.0001 (0.0002)  l_balance: 0.3186 (0.3078)  l_decorr: 0.0001 (0.0002)  moe_temperature: 0.6888 (0.6889)  ema_usage_min: 0.0473 (0.0478)  ema_usage_max: 0.7387 (0.7351)
2026-03-19 18:17:32 | INFO     | crowdcount.trainer:256 - [ep 503][lr 0.0000950][13.22s]
2026-03-19 18:17:34 | INFO     | crowdcount.trainer:240 - [MoE] epoch=504 training_stage=specialization
2026-03-19 18:17:47 | INFO     | crowdcount.engine:236 - Averaged stats: lr: 0.000095  loss_sum: 0.0602 (0.0626)  losses: 0.0348 (0.0335)  den_loss: 0.0265 (0.0291)  loss_ce: 0.0316 (0.0300)  loss_points: 0.0035 (0.0036)  loss_ce_unscaled: 0.0316 (0.0300)  loss_points_unscaled: 17.4224 (17.7699)  moe_aux_total: 0.0000 (0.0000)  moe_aux_raw: 0.0001 (0.0002)  l_balance: 0.3663 (0.3593)  l_decorr: 0.0001 (0.0002)  moe_temperature: 0.6883 (0.6884)  ema_usage_min: 0.0449 (0.0447)  ema_usage_max: 0.7515 (0.7493)
2026-03-19 18:17:47 | INFO     | crowdcount.trainer:256 - [ep 504][lr 0.0000950][13.09s]
2026-03-19 18:17:59 | INFO     | crowdcount.trainer:297 - [Eval] mae=75.61  mse=112.65  time=10.4s  best_mae=57.40  best_mse=85.62
2026-03-19 18:17:59 | INFO     | crowdcount.trainer:301 - [Eval] density_mae=68.25  density_mse=99.78  best_density_mae=59.15
2026-03-19 18:17:59 | INFO     | crowdcount.trainer:240 - [MoE] epoch=505 training_stage=specialization
2026-03-19 18:18:12 | INFO     | crowdcount.engine:236 - Averaged stats: lr: 0.000095  loss_sum: 0.0510 (0.0669)  losses: 0.0300 (0.0348)  den_loss: 0.0210 (0.0321)  loss_ce: 0.0267 (0.0312)  loss_points: 0.0033 (0.0036)  loss_ce_unscaled: 0.0267 (0.0312)  loss_points_unscaled: 16.6694 (17.9531)  moe_aux_total: 0.0000 (0.0000)  moe_aux_raw: 0.0002 (0.0002)  l_balance: 0.3745 (0.3591)  l_decorr: 0.0002 (0.0002)  moe_temperature: 0.6878 (0.6879)  ema_usage_min: 0.0425 (0.0433)  ema_usage_max: 0.7637 (0.7624)
2026-03-19 18:18:12 | INFO     | crowdcount.trainer:256 - [ep 505][lr 0.0000950][13.38s]
2026-03-19 18:18:13 | INFO     | crowdcount.trainer:240 - [MoE] epoch=506 training_stage=specialization
2026-03-19 18:18:27 | INFO     | crowdcount.engine:236 - Averaged stats: lr: 0.000095  loss_sum: 0.0603 (0.0684)  losses: 0.0321 (0.0353)  den_loss: 0.0247 (0.0330)  loss_ce: 0.0288 (0.0317)  loss_points: 0.0034 (0.0036)  loss_ce_unscaled: 0.0288 (0.0317)  loss_points_unscaled: 16.8264 (17.8235)  moe_aux_total: 0.0000 (0.0000)  moe_aux_raw: 0.0002 (0.0002)  l_balance: 0.3173 (0.3280)  l_decorr: 0.0002 (0.0002)  moe_temperature: 0.6873 (0.6874)  ema_usage_min: 0.0413 (0.0414)  ema_usage_max: 0.7651 (0.7655)
2026-03-19 18:18:27 | INFO     | crowdcount.trainer:256 - [ep 506][lr 0.0000950][13.65s]
2026-03-19 18:18:29 | INFO     | crowdcount.trainer:240 - [MoE] epoch=507 training_stage=specialization
2026-03-19 18:18:42 | INFO     | crowdcount.engine:236 - Averaged stats: lr: 0.000095  loss_sum: 0.0570 (0.0621)  losses: 0.0336 (0.0335)  den_loss: 0.0223 (0.0286)  loss_ce: 0.0302 (0.0300)  loss_points: 0.0034 (0.0035)  loss_ce_unscaled: 0.0302 (0.0300)  loss_points_unscaled: 16.8894 (17.4362)  moe_aux_total: 0.0000 (0.0001)  moe_aux_raw: 0.0002 (0.0003)  l_balance: 0.2667 (0.3026)  l_decorr: 0.0002 (0.0003)  moe_temperature: 0.6868 (0.6869)  ema_usage_min: 0.0395 (0.0399)  ema_usage_max: 0.7520 (0.7558)
2026-03-19 18:18:42 | INFO     | crowdcount.trainer:256 - [ep 507][lr 0.0000950][13.50s]
2026-03-19 18:18:54 | INFO     | crowdcount.trainer:297 - [Eval] mae=65.48  mse=97.14  time=10.4s  best_mae=57.40  best_mse=85.62
2026-03-19 18:18:54 | INFO     | crowdcount.trainer:301 - [Eval] density_mae=67.51  density_mse=97.20  best_density_mae=59.15
2026-03-19 18:18:54 | INFO     | crowdcount.trainer:240 - [MoE] epoch=508 training_stage=specialization
2026-03-19 18:19:08 | INFO     | crowdcount.engine:236 - Averaged stats: lr: 0.000095  loss_sum: 0.0541 (0.0704)  losses: 0.0313 (0.0346)  den_loss: 0.0224 (0.0358)  loss_ce: 0.0275 (0.0312)  loss_points: 0.0035 (0.0035)  loss_ce_unscaled: 0.0275 (0.0312)  loss_points_unscaled: 17.6267 (17.4107)  moe_aux_total: 0.0000 (0.0000)  moe_aux_raw: 0.0001 (0.0002)  l_balance: 0.2965 (0.2986)  l_decorr: 0.0001 (0.0002)  moe_temperature: 0.6863 (0.6864)  ema_usage_min: 0.0401 (0.0399)  ema_usage_max: 0.7371 (0.7407)
2026-03-19 18:19:08 | INFO     | crowdcount.trainer:256 - [ep 508][lr 0.0000949][13.79s]
2026-03-19 18:19:09 | INFO     | crowdcount.trainer:240 - [MoE] epoch=509 training_stage=specialization
2026-03-19 18:19:22 | INFO     | crowdcount.engine:236 - Averaged stats: lr: 0.000095  loss_sum: 0.0530 (0.0711)  losses: 0.0331 (0.0358)  den_loss: 0.0184 (0.0353)  loss_ce: 0.0296 (0.0324)  loss_points: 0.0033 (0.0034)  loss_ce_unscaled: 0.0296 (0.0324)  loss_points_unscaled: 16.4195 (16.9847)  moe_aux_total: 0.0000 (0.0000)  moe_aux_raw: 0.0001 (0.0002)  l_balance: 0.2403 (0.2773)  l_decorr: 0.0001 (0.0002)  moe_temperature: 0.6858 (0.6859)  ema_usage_min: 0.0372 (0.0375)  ema_usage_max: 0.7278 (0.7295)
2026-03-19 18:19:22 | INFO     | crowdcount.trainer:256 - [ep 509][lr 0.0000949][13.36s]
2026-03-19 18:19:24 | INFO     | crowdcount.trainer:240 - [MoE] epoch=510 training_stage=specialization
2026-03-19 18:19:37 | INFO     | crowdcount.engine:236 - Averaged stats: lr: 0.000095  loss_sum: 0.0591 (0.0670)  losses: 0.0332 (0.0337)  den_loss: 0.0231 (0.0333)  loss_ce: 0.0297 (0.0302)  loss_points: 0.0035 (0.0035)  loss_ce_unscaled: 0.0297 (0.0302)  loss_points_unscaled: 17.4798 (17.5351)  moe_aux_total: 0.0000 (0.0000)  moe_aux_raw: 0.0002 (0.0002)  l_balance: 0.2515 (0.2503)  l_decorr: 0.0002 (0.0002)  moe_temperature: 0.6853 (0.6854)  ema_usage_min: 0.0374 (0.0382)  ema_usage_max: 0.7084 (0.7138)
2026-03-19 18:19:37 | INFO     | crowdcount.trainer:256 - [ep 510][lr 0.0000949][13.49s]
2026-03-19 18:19:49 | INFO     | crowdcount.trainer:297 - [Eval] mae=61.92  mse=94.07  time=10.4s  best_mae=57.40  best_mse=85.62
2026-03-19 18:19:49 | INFO     | crowdcount.trainer:301 - [Eval] density_mae=76.92  density_mse=103.39  best_density_mae=59.15
2026-03-19 18:19:49 | INFO     | crowdcount.trainer:240 - [MoE] epoch=511 training_stage=specialization
2026-03-19 18:20:02 | INFO     | crowdcount.engine:236 - Averaged stats: lr: 0.000095  loss_sum: 0.0526 (0.0649)  losses: 0.0326 (0.0348)  den_loss: 0.0225 (0.0301)  loss_ce: 0.0287 (0.0311)  loss_points: 0.0034 (0.0036)  loss_ce_unscaled: 0.0287 (0.0311)  loss_points_unscaled: 16.7729 (18.1282)  moe_aux_total: 0.0000 (0.0000)  moe_aux_raw: 0.0002 (0.0002)  l_balance: 0.2161 (0.2316)  l_decorr: 0.0002 (0.0002)  moe_temperature: 0.6847 (0.6849)  ema_usage_min: 0.0415 (0.0402)  ema_usage_max: 0.6946 (0.6962)
2026-03-19 18:20:02 | INFO     | crowdcount.trainer:256 - [ep 511][lr 0.0000949][13.21s]
2026-03-19 18:20:04 | INFO     | crowdcount.trainer:240 - [MoE] epoch=512 training_stage=specialization
2026-03-19 18:20:17 | INFO     | crowdcount.engine:236 - Averaged stats: lr: 0.000095  loss_sum: 0.0584 (0.0693)  losses: 0.0309 (0.0347)  den_loss: 0.0225 (0.0346)  loss_ce: 0.0277 (0.0311)  loss_points: 0.0034 (0.0036)  loss_ce_unscaled: 0.0277 (0.0311)  loss_points_unscaled: 17.0968 (18.0156)  moe_aux_total: 0.0000 (0.0000)  moe_aux_raw: 0.0001 (0.0002)  l_balance: 0.2622 (0.2629)  l_decorr: 0.0001 (0.0002)  moe_temperature: 0.6842 (0.6844)  ema_usage_min: 0.0432 (0.0435)  ema_usage_max: 0.6898 (0.6900)
2026-03-19 18:20:17 | INFO     | crowdcount.trainer:256 - [ep 512][lr 0.0000949][13.64s]
2026-03-19 18:20:19 | INFO     | crowdcount.trainer:240 - [MoE] epoch=513 training_stage=specialization
2026-03-19 18:20:32 | INFO     | crowdcount.engine:236 - Averaged stats: lr: 0.000095  loss_sum: 0.0634 (0.0634)  losses: 0.0351 (0.0337)  den_loss: 0.0276 (0.0297)  loss_ce: 0.0315 (0.0301)  loss_points: 0.0036 (0.0035)  loss_ce_unscaled: 0.0315 (0.0301)  loss_points_unscaled: 18.0090 (17.7386)  moe_aux_total: 0.0000 (0.0000)  moe_aux_raw: 0.0001 (0.0002)  l_balance: 0.3045 (0.3064)  l_decorr: 0.0001 (0.0002)  moe_temperature: 0.6837 (0.6839)  ema_usage_min: 0.0399 (0.0404)  ema_usage_max: 0.6963 (0.6939)
2026-03-19 18:20:32 | INFO     | crowdcount.trainer:256 - [ep 513][lr 0.0000948][13.46s]
2026-03-19 18:20:44 | INFO     | crowdcount.trainer:297 - [Eval] mae=77.43  mse=114.75  time=10.4s  best_mae=57.40  best_mse=85.62
2026-03-19 18:20:44 | INFO     | crowdcount.trainer:301 - [Eval] density_mae=67.03  density_mse=101.45  best_density_mae=59.15
2026-03-19 18:20:44 | INFO     | crowdcount.trainer:240 - [MoE] epoch=514 training_stage=specialization
2026-03-19 18:20:58 | INFO     | crowdcount.engine:236 - Averaged stats: lr: 0.000095  loss_sum: 0.0466 (0.0667)  losses: 0.0297 (0.0336)  den_loss: 0.0161 (0.0331)  loss_ce: 0.0261 (0.0301)  loss_points: 0.0035 (0.0035)  loss_ce_unscaled: 0.0261 (0.0301)  loss_points_unscaled: 17.4195 (17.4973)  moe_aux_total: 0.0000 (0.0000)  moe_aux_raw: 0.0001 (0.0002)  l_balance: 0.2591 (0.2815)  l_decorr: 0.0001 (0.0002)  moe_temperature: 0.6832 (0.6834)  ema_usage_min: 0.0375 (0.0377)  ema_usage_max: 0.6923 (0.6946)
2026-03-19 18:20:58 | INFO     | crowdcount.trainer:256 - [ep 514][lr 0.0000948][13.53s]
2026-03-19 18:20:59 | INFO     | crowdcount.trainer:240 - [MoE] epoch=515 training_stage=specialization
2026-03-19 18:21:13 | INFO     | crowdcount.engine:236 - Averaged stats: lr: 0.000095  loss_sum: 0.0705 (0.0698)  losses: 0.0339 (0.0361)  den_loss: 0.0294 (0.0337)  loss_ce: 0.0305 (0.0327)  loss_points: 0.0033 (0.0035)  loss_ce_unscaled: 0.0305 (0.0327)  loss_points_unscaled: 16.5279 (17.2691)  moe_aux_total: 0.0000 (0.0000)  moe_aux_raw: 0.0001 (0.0002)  l_balance: 0.2802 (0.2786)  l_decorr: 0.0001 (0.0002)  moe_temperature: 0.6827 (0.6828)  ema_usage_min: 0.0378 (0.0379)  ema_usage_max: 0.6905 (0.6904)
2026-03-19 18:21:13 | INFO     | crowdcount.trainer:256 - [ep 515][lr 0.0000948][13.45s]
2026-03-19 18:21:14 | INFO     | crowdcount.trainer:240 - [MoE] epoch=516 training_stage=specialization
2026-03-19 18:21:28 | INFO     | crowdcount.engine:236 - Averaged stats: lr: 0.000095  loss_sum: 0.0593 (0.0665)  losses: 0.0347 (0.0341)  den_loss: 0.0252 (0.0324)  loss_ce: 0.0315 (0.0307)  loss_points: 0.0032 (0.0034)  loss_ce_unscaled: 0.0315 (0.0307)  loss_points_unscaled: 16.1227 (16.8109)  moe_aux_total: 0.0000 (0.0000)  moe_aux_raw: 0.0001 (0.0002)  l_balance: 0.2720 (0.2823)  l_decorr: 0.0001 (0.0002)  moe_temperature: 0.6822 (0.6823)  ema_usage_min: 0.0367 (0.0365)  ema_usage_max: 0.6944 (0.6938)
2026-03-19 18:21:28 | INFO     | crowdcount.trainer:256 - [ep 516][lr 0.0000948][13.71s]
2026-03-19 18:21:40 | INFO     | crowdcount.trainer:297 - [Eval] mae=65.02  mse=99.19  time=10.5s  best_mae=57.40  best_mse=85.62
2026-03-19 18:21:40 | INFO     | crowdcount.trainer:301 - [Eval] density_mae=66.53  density_mse=97.76  best_density_mae=59.15
2026-03-19 18:21:40 | INFO     | crowdcount.trainer:240 - [MoE] epoch=517 training_stage=specialization
2026-03-19 18:21:53 | INFO     | crowdcount.engine:236 - Averaged stats: lr: 0.000095  loss_sum: 0.0488 (0.0629)  losses: 0.0312 (0.0341)  den_loss: 0.0189 (0.0288)  loss_ce: 0.0281 (0.0305)  loss_points: 0.0035 (0.0036)  loss_ce_unscaled: 0.0281 (0.0305)  loss_points_unscaled: 17.3786 (18.0605)  moe_aux_total: 0.0000 (0.0000)  moe_aux_raw: 0.0001 (0.0002)  l_balance: 0.2538 (0.2470)  l_decorr: 0.0001 (0.0002)  moe_temperature: 0.6817 (0.6818)  ema_usage_min: 0.0377 (0.0379)  ema_usage_max: 0.6877 (0.6912)
2026-03-19 18:21:53 | INFO     | crowdcount.trainer:256 - [ep 517][lr 0.0000948][13.02s]
2026-03-19 18:21:54 | INFO     | crowdcount.trainer:240 - [MoE] epoch=518 training_stage=specialization
2026-03-19 18:22:07 | INFO     | crowdcount.engine:236 - Averaged stats: lr: 0.000095  loss_sum: 0.0490 (0.0579)  losses: 0.0292 (0.0329)  den_loss: 0.0177 (0.0249)  loss_ce: 0.0254 (0.0294)  loss_points: 0.0036 (0.0034)  loss_ce_unscaled: 0.0254 (0.0294)  loss_points_unscaled: 18.0679 (17.1747)  moe_aux_total: 0.0000 (0.0000)  moe_aux_raw: 0.0001 (0.0002)  l_balance: 0.2515 (0.2592)  l_decorr: 0.0001 (0.0002)  moe_temperature: 0.6812 (0.6813)  ema_usage_min: 0.0396 (0.0392)  ema_usage_max: 0.6855 (0.6859)
2026-03-19 18:22:07 | INFO     | crowdcount.trainer:256 - [ep 518][lr 0.0000947][12.95s]
2026-03-19 18:22:09 | INFO     | crowdcount.trainer:240 - [MoE] epoch=519 training_stage=specialization
2026-03-19 18:22:22 | INFO     | crowdcount.engine:236 - Averaged stats: lr: 0.000095  loss_sum: 0.0651 (0.0678)  losses: 0.0317 (0.0344)  den_loss: 0.0287 (0.0334)  loss_ce: 0.0281 (0.0308)  loss_points: 0.0036 (0.0035)  loss_ce_unscaled: 0.0281 (0.0308)  loss_points_unscaled: 18.1700 (17.6247)  moe_aux_total: 0.0000 (0.0000)  moe_aux_raw: 0.0001 (0.0002)  l_balance: 0.2766 (0.2603)  l_decorr: 0.0001 (0.0002)  moe_temperature: 0.6807 (0.6808)  ema_usage_min: 0.0391 (0.0394)  ema_usage_max: 0.6849 (0.6848)
2026-03-19 18:22:22 | INFO     | crowdcount.trainer:256 - [ep 519][lr 0.0000947][13.61s]
2026-03-19 18:22:35 | INFO     | crowdcount.trainer:297 - [Eval] mae=76.13  mse=114.98  time=10.7s  best_mae=57.40  best_mse=85.62
2026-03-19 18:22:35 | INFO     | crowdcount.trainer:301 - [Eval] density_mae=73.91  density_mse=105.53  best_density_mae=59.15
2026-03-19 18:22:35 | INFO     | crowdcount.trainer:240 - [MoE] epoch=520 training_stage=specialization
2026-03-19 18:22:48 | INFO     | crowdcount.engine:236 - Averaged stats: lr: 0.000095  loss_sum: 0.0631 (0.0723)  losses: 0.0367 (0.0359)  den_loss: 0.0300 (0.0364)  loss_ce: 0.0340 (0.0325)  loss_points: 0.0033 (0.0034)  loss_ce_unscaled: 0.0340 (0.0325)  loss_points_unscaled: 16.5404 (17.0406)  moe_aux_total: 0.0000 (0.0000)  moe_aux_raw: 0.0002 (0.0002)  l_balance: 0.2802 (0.2612)  l_decorr: 0.0002 (0.0002)  moe_temperature: 0.6802 (0.6803)  ema_usage_min: 0.0379 (0.0388)  ema_usage_max: 0.6877 (0.6853)
2026-03-19 18:22:48 | INFO     | crowdcount.trainer:256 - [ep 520][lr 0.0000947][13.40s]
2026-03-19 18:22:49 | INFO     | crowdcount.trainer:240 - [MoE] epoch=521 training_stage=specialization
2026-03-19 18:23:02 | INFO     | crowdcount.engine:236 - Averaged stats: lr: 0.000095  loss_sum: 0.0619 (0.0696)  losses: 0.0335 (0.0355)  den_loss: 0.0233 (0.0341)  loss_ce: 0.0306 (0.0321)  loss_points: 0.0034 (0.0034)  loss_ce_unscaled: 0.0306 (0.0321)  loss_points_unscaled: 17.0500 (17.0002)  moe_aux_total: 0.0000 (0.0000)  moe_aux_raw: 0.0001 (0.0002)  l_balance: 0.2846 (0.2637)  l_decorr: 0.0001 (0.0002)  moe_temperature: 0.6797 (0.6798)  ema_usage_min: 0.0377 (0.0379)  ema_usage_max: 0.6925 (0.6920)
2026-03-19 18:23:02 | INFO     | crowdcount.trainer:256 - [ep 521][lr 0.0000947][12.95s]
2026-03-19 18:23:04 | INFO     | crowdcount.trainer:240 - [MoE] epoch=522 training_stage=specialization
2026-03-19 18:23:17 | INFO     | crowdcount.engine:236 - Averaged stats: lr: 0.000095  loss_sum: 0.0544 (0.0664)  losses: 0.0330 (0.0335)  den_loss: 0.0195 (0.0328)  loss_ce: 0.0291 (0.0300)  loss_points: 0.0036 (0.0035)  loss_ce_unscaled: 0.0291 (0.0300)  loss_points_unscaled: 17.9826 (17.5309)  moe_aux_total: 0.0000 (0.0000)  moe_aux_raw: 0.0001 (0.0002)  l_balance: 0.2681 (0.2773)  l_decorr: 0.0001 (0.0002)  moe_temperature: 0.6792 (0.6793)  ema_usage_min: 0.0372 (0.0377)  ema_usage_max: 0.7057 (0.7017)
2026-03-19 18:23:17 | INFO     | crowdcount.trainer:256 - [ep 522][lr 0.0000947][13.52s]
2026-03-19 18:23:29 | INFO     | crowdcount.trainer:297 - [Eval] mae=68.84  mse=102.17  time=10.4s  best_mae=57.40  best_mse=85.62
2026-03-19 18:23:29 | INFO     | crowdcount.trainer:301 - [Eval] density_mae=64.37  density_mse=98.12  best_density_mae=59.15
2026-03-19 18:23:29 | INFO     | crowdcount.trainer:240 - [MoE] epoch=523 training_stage=specialization
2026-03-19 18:23:42 | INFO     | crowdcount.engine:236 - Averaged stats: lr: 0.000095  loss_sum: 0.0621 (0.0687)  losses: 0.0297 (0.0351)  den_loss: 0.0272 (0.0336)  loss_ce: 0.0262 (0.0316)  loss_points: 0.0035 (0.0035)  loss_ce_unscaled: 0.0262 (0.0316)  loss_points_unscaled: 17.2791 (17.4550)  moe_aux_total: 0.0000 (0.0000)  moe_aux_raw: 0.0001 (0.0002)  l_balance: 0.2802 (0.2932)  l_decorr: 0.0001 (0.0002)  moe_temperature: 0.6787 (0.6788)  ema_usage_min: 0.0354 (0.0355)  ema_usage_max: 0.7122 (0.7101)
2026-03-19 18:23:42 | INFO     | crowdcount.trainer:256 - [ep 523][lr 0.0000946][13.60s]
2026-03-19 18:23:44 | INFO     | crowdcount.trainer:240 - [MoE] epoch=524 training_stage=specialization
2026-03-19 18:23:57 | INFO     | crowdcount.engine:236 - Averaged stats: lr: 0.000095  loss_sum: 0.0660 (0.0725)  losses: 0.0347 (0.0368)  den_loss: 0.0319 (0.0356)  loss_ce: 0.0308 (0.0335)  loss_points: 0.0033 (0.0033)  loss_ce_unscaled: 0.0308 (0.0335)  loss_points_unscaled: 16.6141 (16.6701)  moe_aux_total: 0.0000 (0.0000)  moe_aux_raw: 0.0001 (0.0002)  l_balance: 0.2835 (0.2656)  l_decorr: 0.0001 (0.0002)  moe_temperature: 0.6782 (0.6783)  ema_usage_min: 0.0352 (0.0359)  ema_usage_max: 0.7130 (0.7140)
2026-03-19 18:23:57 | INFO     | crowdcount.trainer:256 - [ep 524][lr 0.0000946][13.57s]
2026-03-19 18:23:59 | INFO     | crowdcount.trainer:211 - [MoE] Stage 2 (coordination): gating LR → 3.00e-04
2026-03-19 18:23:59 | INFO     | crowdcount.trainer:240 - [MoE] epoch=525 training_stage=coordination
2026-03-19 18:24:12 | INFO     | crowdcount.engine:236 - Averaged stats: lr: 0.000095  loss_sum: 0.0784 (0.0979)  losses: 0.0339 (0.0345)  den_loss: 0.0193 (0.0323)  loss_ce: 0.0301 (0.0310)  loss_points: 0.0035 (0.0035)  loss_ce_unscaled: 0.0301 (0.0310)  loss_points_unscaled: 17.6212 (17.4199)  moe_aux_total: 0.0138 (0.0312)  moe_aux_raw: 0.0691 (0.1559)  l_balance: 0.0825 (0.1863)  l_decorr: 0.0002 (0.0003)  moe_temperature: 0.6777 (0.6778)  ema_usage_min: 0.0426 (0.0401)  ema_usage_max: 0.7022 (0.7048)
2026-03-19 18:24:12 | INFO     | crowdcount.trainer:256 - [ep 525][lr 0.0000946][13.28s]
2026-03-19 18:24:24 | INFO     | crowdcount.trainer:297 - [Eval] mae=74.96  mse=118.75  time=10.5s  best_mae=57.40  best_mse=85.62
2026-03-19 18:24:24 | INFO     | crowdcount.trainer:301 - [Eval] density_mae=64.60  density_mse=94.75  best_density_mae=59.15
2026-03-19 18:24:24 | INFO     | crowdcount.trainer:240 - [MoE] epoch=526 training_stage=coordination
2026-03-19 18:24:37 | INFO     | crowdcount.engine:236 - Averaged stats: lr: 0.000095  loss_sum: 0.0746 (0.0831)  losses: 0.0332 (0.0349)  den_loss: 0.0239 (0.0312)  loss_ce: 0.0293 (0.0313)  loss_points: 0.0035 (0.0036)  loss_ce_unscaled: 0.0293 (0.0313)  loss_points_unscaled: 17.4894 (18.1400)  moe_aux_total: 0.0116 (0.0170)  moe_aux_raw: 0.0581 (0.0849)  l_balance: 0.0693 (0.1014)  l_decorr: 0.0002 (0.0002)  moe_temperature: 0.6772 (0.6773)  ema_usage_min: 0.1032 (0.0906)  ema_usage_max: 0.6458 (0.6588)
2026-03-19 18:24:37 | INFO     | crowdcount.trainer:256 - [ep 526][lr 0.0000946][13.46s]
2026-03-19 18:24:39 | INFO     | crowdcount.trainer:240 - [MoE] epoch=527 training_stage=coordination
2026-03-19 18:24:53 | INFO     | crowdcount.engine:236 - Averaged stats: lr: 0.000095  loss_sum: 0.0710 (0.0830)  losses: 0.0345 (0.0344)  den_loss: 0.0261 (0.0352)  loss_ce: 0.0310 (0.0309)  loss_points: 0.0035 (0.0035)  loss_ce_unscaled: 0.0310 (0.0309)  loss_points_unscaled: 17.6721 (17.3746)  moe_aux_total: 0.0110 (0.0134)  moe_aux_raw: 0.0550 (0.0671)  l_balance: 0.0657 (0.0801)  l_decorr: 0.0002 (0.0003)  moe_temperature: 0.6767 (0.6768)  ema_usage_min: 0.1225 (0.1189)  ema_usage_max: 0.6150 (0.6199)
2026-03-19 18:24:53 | INFO     | crowdcount.trainer:256 - [ep 527][lr 0.0000946][13.62s]
2026-03-19 18:24:54 | INFO     | crowdcount.trainer:240 - [MoE] epoch=528 training_stage=coordination
2026-03-19 18:25:08 | INFO     | crowdcount.engine:236 - Averaged stats: lr: 0.000095  loss_sum: 0.0617 (0.0777)  losses: 0.0309 (0.0348)  den_loss: 0.0249 (0.0352)  loss_ce: 0.0280 (0.0312)  loss_points: 0.0036 (0.0035)  loss_ce_unscaled: 0.0280 (0.0312)  loss_points_unscaled: 17.9658 (17.6600)  moe_aux_total: 0.0058 (0.0077)  moe_aux_raw: 0.0289 (0.0386)  l_balance: 0.0344 (0.0459)  l_decorr: 0.0002 (0.0003)  moe_temperature: 0.6762 (0.6763)  ema_usage_min: 0.1493 (0.1421)  ema_usage_max: 0.5806 (0.5892)
2026-03-19 18:25:08 | INFO     | crowdcount.trainer:256 - [ep 528][lr 0.0000945][13.60s]
2026-03-19 18:25:20 | INFO     | crowdcount.trainer:297 - [Eval] mae=62.84  mse=99.98  time=10.5s  best_mae=57.40  best_mse=85.62
2026-03-19 18:25:20 | INFO     | crowdcount.trainer:301 - [Eval] density_mae=63.75  density_mse=93.03  best_density_mae=59.15
2026-03-19 18:25:20 | INFO     | crowdcount.trainer:240 - [MoE] epoch=529 training_stage=coordination
2026-03-19 18:25:33 | INFO     | crowdcount.engine:236 - Averaged stats: lr: 0.000095  loss_sum: 0.0586 (0.0778)  losses: 0.0316 (0.0351)  den_loss: 0.0181 (0.0333)  loss_ce: 0.0278 (0.0314)  loss_points: 0.0034 (0.0036)  loss_ce_unscaled: 0.0278 (0.0314)  loss_points_unscaled: 17.1901 (18.2252)  moe_aux_total: 0.0067 (0.0095)  moe_aux_raw: 0.0337 (0.0473)  l_balance: 0.0400 (0.0563)  l_decorr: 0.0002 (0.0003)  moe_temperature: 0.6757 (0.6758)  ema_usage_min: 0.1837 (0.1761)  ema_usage_max: 0.5521 (0.5565)
2026-03-19 18:25:33 | INFO     | crowdcount.trainer:256 - [ep 529][lr 0.0000945][13.36s]
2026-03-19 18:25:34 | INFO     | crowdcount.trainer:240 - [MoE] epoch=530 training_stage=coordination
2026-03-19 18:25:48 | INFO     | crowdcount.engine:236 - Averaged stats: lr: 0.000095  loss_sum: 0.0648 (0.0800)  losses: 0.0336 (0.0356)  den_loss: 0.0244 (0.0350)  loss_ce: 0.0284 (0.0320)  loss_points: 0.0034 (0.0035)  loss_ce_unscaled: 0.0284 (0.0320)  loss_points_unscaled: 17.1663 (17.7489)  moe_aux_total: 0.0081 (0.0094)  moe_aux_raw: 0.0403 (0.0471)  l_balance: 0.0475 (0.0560)  l_decorr: 0.0002 (0.0003)  moe_temperature: 0.6752 (0.6753)  ema_usage_min: 0.1964 (0.1958)  ema_usage_max: 0.5265 (0.5308)
2026-03-19 18:25:48 | INFO     | crowdcount.trainer:256 - [ep 530][lr 0.0000945][13.49s]
2026-03-19 18:25:49 | INFO     | crowdcount.trainer:240 - [MoE] epoch=531 training_stage=coordination
2026-03-19 18:26:03 | INFO     | crowdcount.engine:236 - Averaged stats: lr: 0.000094  loss_sum: 0.0759 (0.0788)  losses: 0.0322 (0.0352)  den_loss: 0.0254 (0.0327)  loss_ce: 0.0291 (0.0317)  loss_points: 0.0034 (0.0035)  loss_ce_unscaled: 0.0291 (0.0317)  loss_points_unscaled: 17.1997 (17.5027)  moe_aux_total: 0.0108 (0.0109)  moe_aux_raw: 0.0539 (0.0545)  l_balance: 0.0641 (0.0650)  l_decorr: 0.0002 (0.0002)  moe_temperature: 0.6747 (0.6748)  ema_usage_min: 0.1960 (0.1959)  ema_usage_max: 0.5104 (0.5149)
2026-03-19 18:26:03 | INFO     | crowdcount.trainer:256 - [ep 531][lr 0.0000945][13.50s]
2026-03-19 18:26:14 | INFO     | crowdcount.trainer:297 - [Eval] mae=72.42  mse=113.75  time=10.5s  best_mae=57.40  best_mse=85.62
2026-03-19 18:26:14 | INFO     | crowdcount.trainer:301 - [Eval] density_mae=72.07  density_mse=102.55  best_density_mae=59.15
2026-03-19 18:26:14 | INFO     | crowdcount.trainer:240 - [MoE] epoch=532 training_stage=coordination
2026-03-19 18:26:27 | INFO     | crowdcount.engine:236 - Averaged stats: lr: 0.000094  loss_sum: 0.0766 (0.0710)  losses: 0.0359 (0.0348)  den_loss: 0.0242 (0.0285)  loss_ce: 0.0324 (0.0314)  loss_points: 0.0034 (0.0034)  loss_ce_unscaled: 0.0324 (0.0314)  loss_points_unscaled: 17.2220 (16.9669)  moe_aux_total: 0.0059 (0.0077)  moe_aux_raw: 0.0294 (0.0383)  l_balance: 0.0348 (0.0456)  l_decorr: 0.0002 (0.0002)  moe_temperature: 0.6742 (0.6743)  ema_usage_min: 0.1983 (0.1979)  ema_usage_max: 0.5001 (0.5027)
2026-03-19 18:26:27 | INFO     | crowdcount.trainer:256 - [ep 532][lr 0.0000945][13.20s]
2026-03-19 18:26:29 | INFO     | crowdcount.trainer:240 - [MoE] epoch=533 training_stage=coordination
2026-03-19 18:26:42 | INFO     | crowdcount.engine:236 - Averaged stats: lr: 0.000094  loss_sum: 0.0520 (0.0632)  losses: 0.0288 (0.0336)  den_loss: 0.0162 (0.0263)  loss_ce: 0.0250 (0.0300)  loss_points: 0.0036 (0.0036)  loss_ce_unscaled: 0.0250 (0.0300)  loss_points_unscaled: 17.8319 (18.1400)  moe_aux_total: 0.0015 (0.0033)  moe_aux_raw: 0.0074 (0.0164)  l_balance: 0.0087 (0.0193)  l_decorr: 0.0002 (0.0002)  moe_temperature: 0.6737 (0.6738)  ema_usage_min: 0.2577 (0.2430)  ema_usage_max: 0.4852 (0.4903)
2026-03-19 18:26:42 | INFO     | crowdcount.trainer:256 - [ep 533][lr 0.0000944][13.48s]
2026-03-19 18:26:44 | INFO     | crowdcount.trainer:240 - [MoE] epoch=534 training_stage=coordination
2026-03-19 18:26:57 | INFO     | crowdcount.engine:236 - Averaged stats: lr: 0.000094  loss_sum: 0.0581 (0.0672)  losses: 0.0321 (0.0343)  den_loss: 0.0197 (0.0297)  loss_ce: 0.0286 (0.0307)  loss_points: 0.0034 (0.0036)  loss_ce_unscaled: 0.0286 (0.0307)  loss_points_unscaled: 17.0829 (17.8520)  moe_aux_total: 0.0029 (0.0032)  moe_aux_raw: 0.0144 (0.0162)  l_balance: 0.0168 (0.0191)  l_decorr: 0.0002 (0.0002)  moe_temperature: 0.6732 (0.6733)  ema_usage_min: 0.2962 (0.2877)  ema_usage_max: 0.4753 (0.4759)
2026-03-19 18:26:57 | INFO     | crowdcount.trainer:256 - [ep 534][lr 0.0000944][12.93s]
2026-03-19 18:27:09 | INFO     | crowdcount.trainer:297 - [Eval] mae=67.63  mse=102.10  time=10.5s  best_mae=57.40  best_mse=85.62
2026-03-19 18:27:09 | INFO     | crowdcount.trainer:301 - [Eval] density_mae=71.85  density_mse=105.42  best_density_mae=59.15
2026-03-19 18:27:09 | INFO     | crowdcount.trainer:240 - [MoE] epoch=535 training_stage=coordination
2026-03-19 18:27:22 | INFO     | crowdcount.engine:236 - Averaged stats: lr: 0.000094  loss_sum: 0.0624 (0.0699)  losses: 0.0323 (0.0358)  den_loss: 0.0270 (0.0304)  loss_ce: 0.0287 (0.0322)  loss_points: 0.0035 (0.0036)  loss_ce_unscaled: 0.0287 (0.0322)  loss_points_unscaled: 17.6911 (17.9293)  moe_aux_total: 0.0038 (0.0037)  moe_aux_raw: 0.0191 (0.0184)  l_balance: 0.0225 (0.0218)  l_decorr: 0.0002 (0.0002)  moe_temperature: 0.6727 (0.6728)  ema_usage_min: 0.3357 (0.3261)  ema_usage_max: 0.4525 (0.4604)
2026-03-19 18:27:22 | INFO     | crowdcount.trainer:256 - [ep 535][lr 0.0000944][13.35s]
2026-03-19 18:27:23 | INFO     | crowdcount.trainer:240 - [MoE] epoch=536 training_stage=coordination
2026-03-19 18:27:37 | INFO     | crowdcount.engine:236 - Averaged stats: lr: 0.000094  loss_sum: 0.0640 (0.0757)  losses: 0.0328 (0.0359)  den_loss: 0.0280 (0.0366)  loss_ce: 0.0291 (0.0324)  loss_points: 0.0034 (0.0035)  loss_ce_unscaled: 0.0291 (0.0324)  loss_points_unscaled: 17.1675 (17.2529)  moe_aux_total: 0.0022 (0.0032)  moe_aux_raw: 0.0109 (0.0162)  l_balance: 0.0129 (0.0192)  l_decorr: 0.0002 (0.0002)  moe_temperature: 0.6722 (0.6723)  ema_usage_min: 0.3567 (0.3551)  ema_usage_max: 0.4455 (0.4475)
2026-03-19 18:27:37 | INFO     | crowdcount.trainer:256 - [ep 536][lr 0.0000944][13.37s]
2026-03-19 18:27:38 | INFO     | crowdcount.trainer:240 - [MoE] epoch=537 training_stage=coordination
2026-03-19 18:27:51 | INFO     | crowdcount.engine:236 - Averaged stats: lr: 0.000094  loss_sum: 0.0547 (0.0710)  losses: 0.0300 (0.0347)  den_loss: 0.0193 (0.0329)  loss_ce: 0.0269 (0.0313)  loss_points: 0.0034 (0.0035)  loss_ce_unscaled: 0.0269 (0.0313)  loss_points_unscaled: 16.9722 (17.2717)  moe_aux_total: 0.0025 (0.0034)  moe_aux_raw: 0.0127 (0.0169)  l_balance: 0.0147 (0.0200)  l_decorr: 0.0002 (0.0002)  moe_temperature: 0.6717 (0.6718)  ema_usage_min: 0.3624 (0.3619)  ema_usage_max: 0.4289 (0.4325)
2026-03-19 18:27:51 | INFO     | crowdcount.trainer:256 - [ep 537][lr 0.0000944][13.35s]
2026-03-19 18:28:03 | INFO     | crowdcount.trainer:297 - [Eval] mae=71.09  mse=114.69  time=10.3s  best_mae=57.40  best_mse=85.62
2026-03-19 18:28:03 | INFO     | crowdcount.trainer:301 - [Eval] density_mae=64.21  density_mse=91.99  best_density_mae=59.15
2026-03-19 18:28:03 | INFO     | crowdcount.trainer:240 - [MoE] epoch=538 training_stage=coordination
2026-03-19 18:28:17 | INFO     | crowdcount.engine:236 - Averaged stats: lr: 0.000094  loss_sum: 0.0658 (0.0712)  losses: 0.0310 (0.0340)  den_loss: 0.0247 (0.0323)  loss_ce: 0.0274 (0.0306)  loss_points: 0.0033 (0.0035)  loss_ce_unscaled: 0.0274 (0.0306)  loss_points_unscaled: 16.4405 (17.2852)  moe_aux_total: 0.0039 (0.0049)  moe_aux_raw: 0.0194 (0.0244)  l_balance: 0.0231 (0.0290)  l_decorr: 0.0002 (0.0002)  moe_temperature: 0.6712 (0.6713)  ema_usage_min: 0.3410 (0.3479)  ema_usage_max: 0.4344 (0.4320)
2026-03-19 18:28:17 | INFO     | crowdcount.trainer:256 - [ep 538][lr 0.0000943][13.37s]
2026-03-19 18:28:18 | INFO     | crowdcount.trainer:240 - [MoE] epoch=539 training_stage=coordination
2026-03-19 18:28:31 | INFO     | crowdcount.engine:236 - Averaged stats: lr: 0.000094  loss_sum: 0.0596 (0.0758)  losses: 0.0313 (0.0358)  den_loss: 0.0219 (0.0350)  loss_ce: 0.0279 (0.0325)  loss_points: 0.0032 (0.0033)  loss_ce_unscaled: 0.0279 (0.0325)  loss_points_unscaled: 16.0786 (16.5950)  moe_aux_total: 0.0031 (0.0050)  moe_aux_raw: 0.0155 (0.0252)  l_balance: 0.0184 (0.0300)  l_decorr: 0.0002 (0.0002)  moe_temperature: 0.6707 (0.6708)  ema_usage_min: 0.3227 (0.3280)  ema_usage_max: 0.4358 (0.4364)
2026-03-19 18:28:31 | INFO     | crowdcount.trainer:256 - [ep 539][lr 0.0000943][13.48s]
2026-03-19 18:28:33 | INFO     | crowdcount.trainer:240 - [MoE] epoch=540 training_stage=coordination
2026-03-19 18:28:47 | INFO     | crowdcount.engine:236 - Averaged stats: lr: 0.000094  loss_sum: 0.0723 (0.0814)  losses: 0.0377 (0.0371)  den_loss: 0.0288 (0.0394)  loss_ce: 0.0348 (0.0335)  loss_points: 0.0036 (0.0035)  loss_ce_unscaled: 0.0348 (0.0335)  loss_points_unscaled: 18.0347 (17.7259)  moe_aux_total: 0.0052 (0.0049)  moe_aux_raw: 0.0261 (0.0247)  l_balance: 0.0311 (0.0293)  l_decorr: 0.0002 (0.0002)  moe_temperature: 0.6702 (0.6703)  ema_usage_min: 0.3192 (0.3213)  ema_usage_max: 0.4405 (0.4399)
2026-03-19 18:28:47 | INFO     | crowdcount.trainer:256 - [ep 540][lr 0.0000943][13.90s]
2026-03-19 18:28:58 | INFO     | crowdcount.trainer:297 - [Eval] mae=69.66  mse=106.86  time=10.4s  best_mae=57.40  best_mse=85.62
2026-03-19 18:28:58 | INFO     | crowdcount.trainer:301 - [Eval] density_mae=65.12  density_mse=92.50  best_density_mae=59.15
2026-03-19 18:28:58 | INFO     | crowdcount.trainer:240 - [MoE] epoch=541 training_stage=coordination
2026-03-19 18:29:11 | INFO     | crowdcount.engine:236 - Averaged stats: lr: 0.000094  loss_sum: 0.0612 (0.0757)  losses: 0.0339 (0.0364)  den_loss: 0.0281 (0.0360)  loss_ce: 0.0311 (0.0330)  loss_points: 0.0033 (0.0035)  loss_ce_unscaled: 0.0311 (0.0330)  loss_points_unscaled: 16.4356 (17.2654)  moe_aux_total: 0.0020 (0.0032)  moe_aux_raw: 0.0099 (0.0159)  l_balance: 0.0116 (0.0188)  l_decorr: 0.0002 (0.0002)  moe_temperature: 0.6697 (0.6698)  ema_usage_min: 0.3277 (0.3226)  ema_usage_max: 0.4454 (0.4465)
2026-03-19 18:29:11 | INFO     | crowdcount.trainer:256 - [ep 541][lr 0.0000943][13.36s]
2026-03-19 18:29:13 | INFO     | crowdcount.trainer:240 - [MoE] epoch=542 training_stage=coordination
2026-03-19 18:29:27 | INFO     | crowdcount.engine:236 - Averaged stats: lr: 0.000094  loss_sum: 0.0635 (0.0708)  losses: 0.0340 (0.0346)  den_loss: 0.0249 (0.0336)  loss_ce: 0.0302 (0.0312)  loss_points: 0.0033 (0.0035)  loss_ce_unscaled: 0.0302 (0.0312)  loss_points_unscaled: 16.7043 (17.3146)  moe_aux_total: 0.0019 (0.0026)  moe_aux_raw: 0.0096 (0.0132)  l_balance: 0.0112 (0.0156)  l_decorr: 0.0002 (0.0002)  moe_temperature: 0.6692 (0.6693)  ema_usage_min: 0.3663 (0.3562)  ema_usage_max: 0.4397 (0.4402)
2026-03-19 18:29:27 | INFO     | crowdcount.trainer:256 - [ep 542][lr 0.0000943][13.76s]
2026-03-19 18:29:28 | INFO     | crowdcount.trainer:240 - [MoE] epoch=543 training_stage=coordination
2026-03-19 18:29:42 | INFO     | crowdcount.engine:236 - Averaged stats: lr: 0.000094  loss_sum: 0.0562 (0.0757)  losses: 0.0318 (0.0365)  den_loss: 0.0202 (0.0365)  loss_ce: 0.0287 (0.0332)  loss_points: 0.0033 (0.0033)  loss_ce_unscaled: 0.0287 (0.0332)  loss_points_unscaled: 16.3602 (16.5877)  moe_aux_total: 0.0021 (0.0027)  moe_aux_raw: 0.0106 (0.0135)  l_balance: 0.0126 (0.0159)  l_decorr: 0.0002 (0.0002)  moe_temperature: 0.6687 (0.6688)  ema_usage_min: 0.3828 (0.3792)  ema_usage_max: 0.4352 (0.4349)
2026-03-19 18:29:42 | INFO     | crowdcount.trainer:256 - [ep 543][lr 0.0000942][13.47s]
2026-03-19 18:29:53 | INFO     | crowdcount.trainer:297 - [Eval] mae=64.05  mse=102.63  time=10.5s  best_mae=57.40  best_mse=85.62
2026-03-19 18:29:53 | INFO     | crowdcount.trainer:301 - [Eval] density_mae=67.81  density_mse=102.59  best_density_mae=59.15
2026-03-19 18:29:53 | INFO     | crowdcount.trainer:240 - [MoE] epoch=544 training_stage=coordination
2026-03-19 18:30:06 | INFO     | crowdcount.engine:236 - Averaged stats: lr: 0.000094  loss_sum: 0.0662 (0.0665)  losses: 0.0360 (0.0345)  den_loss: 0.0311 (0.0294)  loss_ce: 0.0319 (0.0309)  loss_points: 0.0035 (0.0036)  loss_ce_unscaled: 0.0319 (0.0309)  loss_points_unscaled: 17.6569 (17.8949)  moe_aux_total: 0.0020 (0.0025)  moe_aux_raw: 0.0100 (0.0126)  l_balance: 0.0118 (0.0149)  l_decorr: 0.0001 (0.0002)  moe_temperature: 0.6682 (0.6683)  ema_usage_min: 0.3750 (0.3768)  ema_usage_max: 0.4298 (0.4331)
2026-03-19 18:30:06 | INFO     | crowdcount.trainer:256 - [ep 544][lr 0.0000942][12.69s]
2026-03-19 18:30:08 | INFO     | crowdcount.trainer:240 - [MoE] epoch=545 training_stage=coordination
2026-03-19 18:30:20 | INFO     | crowdcount.engine:236 - Averaged stats: lr: 0.000094  loss_sum: 0.0551 (0.0721)  losses: 0.0305 (0.0344)  den_loss: 0.0210 (0.0352)  loss_ce: 0.0273 (0.0309)  loss_points: 0.0034 (0.0035)  loss_ce_unscaled: 0.0273 (0.0309)  loss_points_unscaled: 17.1607 (17.3572)  moe_aux_total: 0.0021 (0.0026)  moe_aux_raw: 0.0106 (0.0131)  l_balance: 0.0116 (0.0154)  l_decorr: 0.0001 (0.0002)  moe_temperature: 0.6677 (0.6679)  ema_usage_min: 0.3653 (0.3678)  ema_usage_max: 0.4263 (0.4270)
2026-03-19 18:30:20 | INFO     | crowdcount.trainer:256 - [ep 545][lr 0.0000942][12.28s]
2026-03-19 18:30:21 | INFO     | crowdcount.trainer:240 - [MoE] epoch=546 training_stage=coordination
2026-03-19 18:30:34 | INFO     | crowdcount.engine:236 - Averaged stats: lr: 0.000094  loss_sum: 0.0593 (0.0680)  losses: 0.0322 (0.0348)  den_loss: 0.0195 (0.0306)  loss_ce: 0.0284 (0.0313)  loss_points: 0.0035 (0.0035)  loss_ce_unscaled: 0.0284 (0.0313)  loss_points_unscaled: 17.6595 (17.3268)  moe_aux_total: 0.0016 (0.0026)  moe_aux_raw: 0.0078 (0.0128)  l_balance: 0.0093 (0.0151)  l_decorr: 0.0002 (0.0002)  moe_temperature: 0.6672 (0.6674)  ema_usage_min: 0.3655 (0.3647)  ema_usage_max: 0.4291 (0.4295)
2026-03-19 18:30:34 | INFO     | crowdcount.trainer:256 - [ep 546][lr 0.0000942][12.77s]
2026-03-19 18:30:46 | INFO     | crowdcount.trainer:297 - [Eval] mae=62.16  mse=96.13  time=10.5s  best_mae=57.40  best_mse=85.62
2026-03-19 18:30:46 | INFO     | crowdcount.trainer:301 - [Eval] density_mae=68.64  density_mse=96.54  best_density_mae=59.15
2026-03-19 18:30:46 | INFO     | crowdcount.trainer:240 - [MoE] epoch=547 training_stage=coordination
2026-03-19 18:30:59 | INFO     | crowdcount.engine:236 - Averaged stats: lr: 0.000094  loss_sum: 0.0775 (0.0752)  losses: 0.0350 (0.0360)  den_loss: 0.0387 (0.0366)  loss_ce: 0.0318 (0.0324)  loss_points: 0.0034 (0.0036)  loss_ce_unscaled: 0.0318 (0.0324)  loss_points_unscaled: 17.1980 (18.1124)  moe_aux_total: 0.0022 (0.0026)  moe_aux_raw: 0.0109 (0.0128)  l_balance: 0.0126 (0.0151)  l_decorr: 0.0002 (0.0002)  moe_temperature: 0.6667 (0.6669)  ema_usage_min: 0.3718 (0.3708)  ema_usage_max: 0.4233 (0.4245)
2026-03-19 18:30:59 | INFO     | crowdcount.trainer:256 - [ep 547][lr 0.0000942][13.26s]
2026-03-19 18:31:00 | INFO     | crowdcount.trainer:240 - [MoE] epoch=548 training_stage=coordination
2026-03-19 18:31:13 | INFO     | crowdcount.engine:236 - Averaged stats: lr: 0.000094  loss_sum: 0.0591 (0.0720)  losses: 0.0324 (0.0351)  den_loss: 0.0224 (0.0336)  loss_ce: 0.0293 (0.0317)  loss_points: 0.0035 (0.0034)  loss_ce_unscaled: 0.0293 (0.0317)  loss_points_unscaled: 17.5028 (17.1531)  moe_aux_total: 0.0028 (0.0033)  moe_aux_raw: 0.0138 (0.0163)  l_balance: 0.0162 (0.0192)  l_decorr: 0.0002 (0.0002)  moe_temperature: 0.6663 (0.6664)  ema_usage_min: 0.3829 (0.3787)  ema_usage_max: 0.4136 (0.4177)
2026-03-19 18:31:13 | INFO     | crowdcount.trainer:256 - [ep 548][lr 0.0000941][12.99s]
2026-03-19 18:31:15 | INFO     | crowdcount.trainer:240 - [MoE] epoch=549 training_stage=coordination
2026-03-19 18:31:28 | INFO     | crowdcount.engine:236 - Averaged stats: lr: 0.000094  loss_sum: 0.0714 (0.0699)  losses: 0.0357 (0.0356)  den_loss: 0.0315 (0.0322)  loss_ce: 0.0321 (0.0322)  loss_points: 0.0033 (0.0035)  loss_ce_unscaled: 0.0321 (0.0322)  loss_points_unscaled: 16.6075 (17.3162)  moe_aux_total: 0.0014 (0.0021)  moe_aux_raw: 0.0069 (0.0104)  l_balance: 0.0080 (0.0121)  l_decorr: 0.0002 (0.0002)  moe_temperature: 0.6658 (0.6659)  ema_usage_min: 0.3816 (0.3823)  ema_usage_max: 0.4143 (0.4151)
2026-03-19 18:31:28 | INFO     | crowdcount.trainer:256 - [ep 549][lr 0.0000941][13.18s]
2026-03-19 18:31:40 | INFO     | crowdcount.trainer:297 - [Eval] mae=73.79  mse=114.33  time=10.5s  best_mae=57.40  best_mse=85.62
2026-03-19 18:31:40 | INFO     | crowdcount.trainer:301 - [Eval] density_mae=68.56  density_mse=97.93  best_density_mae=59.15
2026-03-19 18:31:40 | INFO     | crowdcount.trainer:240 - [MoE] epoch=550 training_stage=coordination
2026-03-19 18:31:53 | INFO     | crowdcount.engine:236 - Averaged stats: lr: 0.000094  loss_sum: 0.0602 (0.0760)  losses: 0.0339 (0.0376)  den_loss: 0.0224 (0.0358)  loss_ce: 0.0305 (0.0341)  loss_points: 0.0035 (0.0035)  loss_ce_unscaled: 0.0305 (0.0341)  loss_points_unscaled: 17.3640 (17.3775)  moe_aux_total: 0.0021 (0.0026)  moe_aux_raw: 0.0107 (0.0131)  l_balance: 0.0126 (0.0153)  l_decorr: 0.0002 (0.0003)  moe_temperature: 0.6653 (0.6654)  ema_usage_min: 0.3759 (0.3783)  ema_usage_max: 0.4132 (0.4126)
2026-03-19 18:31:53 | INFO     | crowdcount.trainer:256 - [ep 550][lr 0.0000941][13.14s]
2026-03-19 18:31:55 | INFO     | crowdcount.trainer:240 - [MoE] epoch=551 training_stage=coordination
2026-03-19 18:32:08 | INFO     | crowdcount.engine:236 - Averaged stats: lr: 0.000094  loss_sum: 0.0582 (0.0740)  losses: 0.0347 (0.0367)  den_loss: 0.0220 (0.0339)  loss_ce: 0.0314 (0.0332)  loss_points: 0.0033 (0.0035)  loss_ce_unscaled: 0.0314 (0.0332)  loss_points_unscaled: 16.6245 (17.3697)  moe_aux_total: 0.0015 (0.0034)  moe_aux_raw: 0.0077 (0.0170)  l_balance: 0.0087 (0.0201)  l_decorr: 0.0002 (0.0002)  moe_temperature: 0.6648 (0.6649)  ema_usage_min: 0.3767 (0.3754)  ema_usage_max: 0.4150 (0.4145)
2026-03-19 18:32:08 | INFO     | crowdcount.trainer:256 - [ep 551][lr 0.0000941][13.48s]
2026-03-19 18:32:10 | INFO     | crowdcount.trainer:240 - [MoE] epoch=552 training_stage=coordination
2026-03-19 18:32:23 | INFO     | crowdcount.engine:236 - Averaged stats: lr: 0.000094  loss_sum: 0.0509 (0.0701)  losses: 0.0291 (0.0347)  den_loss: 0.0194 (0.0329)  loss_ce: 0.0252 (0.0312)  loss_points: 0.0034 (0.0035)  loss_ce_unscaled: 0.0252 (0.0312)  loss_points_unscaled: 17.1440 (17.5256)  moe_aux_total: 0.0017 (0.0025)  moe_aux_raw: 0.0087 (0.0125)  l_balance: 0.0101 (0.0147)  l_decorr: 0.0002 (0.0002)  moe_temperature: 0.6643 (0.6644)  ema_usage_min: 0.3800 (0.3795)  ema_usage_max: 0.4148 (0.4166)
2026-03-19 18:32:23 | INFO     | crowdcount.trainer:256 - [ep 552][lr 0.0000940][13.32s]
2026-03-19 18:32:34 | INFO     | crowdcount.trainer:297 - [Eval] mae=67.27  mse=110.07  time=10.6s  best_mae=57.40  best_mse=85.62
2026-03-19 18:32:34 | INFO     | crowdcount.trainer:301 - [Eval] density_mae=65.04  density_mse=96.53  best_density_mae=59.15
2026-03-19 18:32:34 | INFO     | crowdcount.trainer:240 - [MoE] epoch=553 training_stage=coordination
2026-03-19 18:32:48 | INFO     | crowdcount.engine:236 - Averaged stats: lr: 0.000094  loss_sum: 0.0640 (0.0687)  losses: 0.0341 (0.0353)  den_loss: 0.0274 (0.0306)  loss_ce: 0.0309 (0.0319)  loss_points: 0.0032 (0.0034)  loss_ce_unscaled: 0.0309 (0.0319)  loss_points_unscaled: 15.9609 (16.9539)  moe_aux_total: 0.0019 (0.0027)  moe_aux_raw: 0.0097 (0.0137)  l_balance: 0.0114 (0.0161)  l_decorr: 0.0002 (0.0003)  moe_temperature: 0.6638 (0.6639)  ema_usage_min: 0.3864 (0.3852)  ema_usage_max: 0.4113 (0.4113)
2026-03-19 18:32:48 | INFO     | crowdcount.trainer:256 - [ep 553][lr 0.0000940][13.39s]
2026-03-19 18:32:49 | INFO     | crowdcount.trainer:240 - [MoE] epoch=554 training_stage=coordination
2026-03-19 18:33:03 | INFO     | crowdcount.engine:236 - Averaged stats: lr: 0.000094  loss_sum: 0.0625 (0.0703)  losses: 0.0347 (0.0353)  den_loss: 0.0261 (0.0327)  loss_ce: 0.0305 (0.0318)  loss_points: 0.0036 (0.0035)  loss_ce_unscaled: 0.0305 (0.0318)  loss_points_unscaled: 17.8904 (17.5955)  moe_aux_total: 0.0019 (0.0023)  moe_aux_raw: 0.0096 (0.0113)  l_balance: 0.0112 (0.0133)  l_decorr: 0.0002 (0.0003)  moe_temperature: 0.6633 (0.6634)  ema_usage_min: 0.3907 (0.3898)  ema_usage_max: 0.4076 (0.4070)
2026-03-19 18:33:03 | INFO     | crowdcount.trainer:256 - [ep 554][lr 0.0000940][13.45s]
2026-03-19 18:33:04 | INFO     | crowdcount.trainer:240 - [MoE] epoch=555 training_stage=coordination
2026-03-19 18:33:18 | INFO     | crowdcount.engine:236 - Averaged stats: lr: 0.000094  loss_sum: 0.0713 (0.0695)  losses: 0.0349 (0.0349)  den_loss: 0.0279 (0.0320)  loss_ce: 0.0310 (0.0315)  loss_points: 0.0035 (0.0034)  loss_ce_unscaled: 0.0310 (0.0315)  loss_points_unscaled: 17.6225 (17.1608)  moe_aux_total: 0.0022 (0.0026)  moe_aux_raw: 0.0111 (0.0130)  l_balance: 0.0130 (0.0153)  l_decorr: 0.0002 (0.0002)  moe_temperature: 0.6628 (0.6629)  ema_usage_min: 0.3899 (0.3918)  ema_usage_max: 0.4109 (0.4084)
2026-03-19 18:33:18 | INFO     | crowdcount.trainer:256 - [ep 555][lr 0.0000940][13.66s]
2026-03-19 18:33:30 | INFO     | crowdcount.trainer:297 - [Eval] mae=61.66  mse=97.92  time=10.4s  best_mae=57.40  best_mse=85.62
2026-03-19 18:33:30 | INFO     | crowdcount.trainer:301 - [Eval] density_mae=63.57  density_mse=94.14  best_density_mae=59.15
2026-03-19 18:33:30 | INFO     | crowdcount.trainer:240 - [MoE] epoch=556 training_stage=coordination
2026-03-19 18:33:43 | INFO     | crowdcount.engine:236 - Averaged stats: lr: 0.000094  loss_sum: 0.0557 (0.0729)  losses: 0.0342 (0.0359)  den_loss: 0.0150 (0.0344)  loss_ce: 0.0306 (0.0325)  loss_points: 0.0035 (0.0035)  loss_ce_unscaled: 0.0306 (0.0325)  loss_points_unscaled: 17.4312 (17.3517)  moe_aux_total: 0.0020 (0.0027)  moe_aux_raw: 0.0101 (0.0133)  l_balance: 0.0116 (0.0156)  l_decorr: 0.0002 (0.0003)  moe_temperature: 0.6623 (0.6624)  ema_usage_min: 0.3888 (0.3900)  ema_usage_max: 0.4227 (0.4189)
2026-03-19 18:33:43 | INFO     | crowdcount.trainer:256 - [ep 556][lr 0.0000940][13.11s]
2026-03-19 18:33:44 | INFO     | crowdcount.trainer:240 - [MoE] epoch=557 training_stage=coordination
2026-03-19 18:33:58 | INFO     | crowdcount.engine:236 - Averaged stats: lr: 0.000094  loss_sum: 0.0477 (0.0730)  losses: 0.0315 (0.0365)  den_loss: 0.0173 (0.0344)  loss_ce: 0.0277 (0.0329)  loss_points: 0.0036 (0.0035)  loss_ce_unscaled: 0.0277 (0.0329)  loss_points_unscaled: 17.7953 (17.7311)  moe_aux_total: 0.0014 (0.0022)  moe_aux_raw: 0.0070 (0.0109)  l_balance: 0.0081 (0.0127)  l_decorr: 0.0002 (0.0002)  moe_temperature: 0.6618 (0.6620)  ema_usage_min: 0.3844 (0.3834)  ema_usage_max: 0.4188 (0.4224)
2026-03-19 18:33:58 | INFO     | crowdcount.trainer:256 - [ep 557][lr 0.0000939][14.06s]
2026-03-19 18:33:59 | INFO     | crowdcount.trainer:240 - [MoE] epoch=558 training_stage=coordination
2026-03-19 18:34:13 | INFO     | crowdcount.engine:236 - Averaged stats: lr: 0.000094  loss_sum: 0.0628 (0.0625)  losses: 0.0345 (0.0334)  den_loss: 0.0266 (0.0272)  loss_ce: 0.0310 (0.0298)  loss_points: 0.0035 (0.0035)  loss_ce_unscaled: 0.0310 (0.0298)  loss_points_unscaled: 17.6823 (17.7364)  moe_aux_total: 0.0013 (0.0020)  moe_aux_raw: 0.0067 (0.0099)  l_balance: 0.0078 (0.0116)  l_decorr: 0.0002 (0.0002)  moe_temperature: 0.6613 (0.6615)  ema_usage_min: 0.3833 (0.3834)  ema_usage_max: 0.4125 (0.4138)
2026-03-19 18:34:13 | INFO     | crowdcount.trainer:256 - [ep 558][lr 0.0000939][13.58s]
2026-03-19 18:34:24 | INFO     | crowdcount.trainer:297 - [Eval] mae=72.24  mse=113.45  time=10.5s  best_mae=57.40  best_mse=85.62
2026-03-19 18:34:24 | INFO     | crowdcount.trainer:301 - [Eval] density_mae=68.23  density_mse=97.79  best_density_mae=59.15
2026-03-19 18:34:24 | INFO     | crowdcount.trainer:240 - [MoE] epoch=559 training_stage=coordination
2026-03-19 18:34:38 | INFO     | crowdcount.engine:236 - Averaged stats: lr: 0.000094  loss_sum: 0.0706 (0.0694)  losses: 0.0358 (0.0353)  den_loss: 0.0304 (0.0314)  loss_ce: 0.0321 (0.0318)  loss_points: 0.0035 (0.0035)  loss_ce_unscaled: 0.0321 (0.0318)  loss_points_unscaled: 17.3993 (17.6228)  moe_aux_total: 0.0020 (0.0027)  moe_aux_raw: 0.0100 (0.0134)  l_balance: 0.0116 (0.0157)  l_decorr: 0.0002 (0.0002)  moe_temperature: 0.6609 (0.6610)  ema_usage_min: 0.3840 (0.3849)  ema_usage_max: 0.4221 (0.4182)
2026-03-19 18:34:38 | INFO     | crowdcount.trainer:256 - [ep 559][lr 0.0000939][13.60s]
2026-03-19 18:34:39 | INFO     | crowdcount.trainer:240 - [MoE] epoch=560 training_stage=coordination
2026-03-19 18:34:53 | INFO     | crowdcount.engine:236 - Averaged stats: lr: 0.000094  loss_sum: 0.0599 (0.0688)  losses: 0.0320 (0.0353)  den_loss: 0.0193 (0.0315)  loss_ce: 0.0281 (0.0317)  loss_points: 0.0035 (0.0036)  loss_ce_unscaled: 0.0281 (0.0317)  loss_points_unscaled: 17.3825 (17.9980)  moe_aux_total: 0.0016 (0.0020)  moe_aux_raw: 0.0079 (0.0099)  l_balance: 0.0093 (0.0115)  l_decorr: 0.0002 (0.0002)  moe_temperature: 0.6604 (0.6605)  ema_usage_min: 0.3908 (0.3880)  ema_usage_max: 0.4244 (0.4253)
2026-03-19 18:34:53 | INFO     | crowdcount.trainer:256 - [ep 560][lr 0.0000939][13.60s]
2026-03-19 18:34:54 | INFO     | crowdcount.trainer:240 - [MoE] epoch=561 training_stage=coordination
2026-03-19 18:35:08 | INFO     | crowdcount.engine:236 - Averaged stats: lr: 0.000094  loss_sum: 0.0642 (0.0690)  losses: 0.0347 (0.0343)  den_loss: 0.0245 (0.0321)  loss_ce: 0.0308 (0.0308)  loss_points: 0.0033 (0.0035)  loss_ce_unscaled: 0.0308 (0.0308)  loss_points_unscaled: 16.6728 (17.4510)  moe_aux_total: 0.0023 (0.0026)  moe_aux_raw: 0.0115 (0.0132)  l_balance: 0.0135 (0.0156)  l_decorr: 0.0002 (0.0002)  moe_temperature: 0.6599 (0.6600)  ema_usage_min: 0.3899 (0.3891)  ema_usage_max: 0.4233 (0.4226)
2026-03-19 18:35:08 | INFO     | crowdcount.trainer:256 - [ep 561][lr 0.0000939][13.57s]
2026-03-19 18:35:20 | INFO     | crowdcount.trainer:297 - [Eval] mae=59.01  mse=91.29  time=10.4s  best_mae=57.40  best_mse=85.62
2026-03-19 18:35:20 | INFO     | crowdcount.trainer:301 - [Eval] density_mae=63.66  density_mse=90.37  best_density_mae=59.15
2026-03-19 18:35:20 | INFO     | crowdcount.trainer:240 - [MoE] epoch=562 training_stage=coordination
2026-03-19 18:35:33 | INFO     | crowdcount.engine:236 - Averaged stats: lr: 0.000094  loss_sum: 0.0601 (0.0719)  losses: 0.0375 (0.0356)  den_loss: 0.0219 (0.0344)  loss_ce: 0.0338 (0.0321)  loss_points: 0.0035 (0.0035)  loss_ce_unscaled: 0.0338 (0.0321)  loss_points_unscaled: 17.6045 (17.2951)  moe_aux_total: 0.0011 (0.0019)  moe_aux_raw: 0.0057 (0.0094)  l_balance: 0.0065 (0.0109)  l_decorr: 0.0002 (0.0002)  moe_temperature: 0.6594 (0.6595)  ema_usage_min: 0.3835 (0.3855)  ema_usage_max: 0.4173 (0.4194)
2026-03-19 18:35:33 | INFO     | crowdcount.trainer:256 - [ep 562][lr 0.0000938][13.63s]
2026-03-19 18:35:35 | INFO     | crowdcount.trainer:240 - [MoE] epoch=563 training_stage=coordination
2026-03-19 18:35:48 | INFO     | crowdcount.engine:236 - Averaged stats: lr: 0.000094  loss_sum: 0.0562 (0.0641)  losses: 0.0293 (0.0324)  den_loss: 0.0207 (0.0293)  loss_ce: 0.0257 (0.0289)  loss_points: 0.0036 (0.0035)  loss_ce_unscaled: 0.0257 (0.0289)  loss_points_unscaled: 17.7631 (17.5241)  moe_aux_total: 0.0016 (0.0024)  moe_aux_raw: 0.0079 (0.0120)  l_balance: 0.0093 (0.0141)  l_decorr: 0.0002 (0.0002)  moe_temperature: 0.6589 (0.6590)  ema_usage_min: 0.3785 (0.3801)  ema_usage_max: 0.4143 (0.4147)
2026-03-19 18:35:48 | INFO     | crowdcount.trainer:256 - [ep 563][lr 0.0000938][13.38s]
2026-03-19 18:35:50 | INFO     | crowdcount.trainer:240 - [MoE] epoch=564 training_stage=coordination
2026-03-19 18:36:03 | INFO     | crowdcount.engine:236 - Averaged stats: lr: 0.000094  loss_sum: 0.0670 (0.0705)  losses: 0.0341 (0.0343)  den_loss: 0.0300 (0.0339)  loss_ce: 0.0305 (0.0308)  loss_points: 0.0033 (0.0035)  loss_ce_unscaled: 0.0305 (0.0308)  loss_points_unscaled: 16.3056 (17.6872)  moe_aux_total: 0.0023 (0.0023)  moe_aux_raw: 0.0115 (0.0115)  l_balance: 0.0135 (0.0135)  l_decorr: 0.0002 (0.0002)  moe_temperature: 0.6584 (0.6585)  ema_usage_min: 0.3731 (0.3761)  ema_usage_max: 0.4129 (0.4136)
2026-03-19 18:36:03 | INFO     | crowdcount.trainer:256 - [ep 564][lr 0.0000938][13.47s]
2026-03-19 18:36:15 | INFO     | crowdcount.trainer:297 - [Eval] mae=66.07  mse=103.08  time=10.4s  best_mae=57.40  best_mse=85.62
2026-03-19 18:36:15 | INFO     | crowdcount.trainer:301 - [Eval] density_mae=70.68  density_mse=101.71  best_density_mae=59.15
2026-03-19 18:36:15 | INFO     | crowdcount.trainer:240 - [MoE] epoch=565 training_stage=coordination
2026-03-19 18:36:28 | INFO     | crowdcount.engine:236 - Averaged stats: lr: 0.000094  loss_sum: 0.0580 (0.0684)  losses: 0.0329 (0.0343)  den_loss: 0.0225 (0.0318)  loss_ce: 0.0295 (0.0308)  loss_points: 0.0034 (0.0035)  loss_ce_unscaled: 0.0295 (0.0308)  loss_points_unscaled: 17.0967 (17.5046)  moe_aux_total: 0.0014 (0.0023)  moe_aux_raw: 0.0069 (0.0117)  l_balance: 0.0080 (0.0138)  l_decorr: 0.0001 (0.0002)  moe_temperature: 0.6579 (0.6580)  ema_usage_min: 0.3663 (0.3666)  ema_usage_max: 0.4175 (0.4173)
2026-03-19 18:36:28 | INFO     | crowdcount.trainer:256 - [ep 565][lr 0.0000938][13.59s]
2026-03-19 18:36:30 | INFO     | crowdcount.trainer:240 - [MoE] epoch=566 training_stage=coordination
2026-03-19 18:36:44 | INFO     | crowdcount.engine:236 - Averaged stats: lr: 0.000094  loss_sum: 0.0720 (0.0751)  losses: 0.0339 (0.0355)  den_loss: 0.0311 (0.0373)  loss_ce: 0.0303 (0.0321)  loss_points: 0.0033 (0.0034)  loss_ce_unscaled: 0.0303 (0.0321)  loss_points_unscaled: 16.4924 (16.9572)  moe_aux_total: 0.0020 (0.0024)  moe_aux_raw: 0.0100 (0.0120)  l_balance: 0.0118 (0.0141)  l_decorr: 0.0002 (0.0003)  moe_temperature: 0.6574 (0.6576)  ema_usage_min: 0.3648 (0.3656)  ema_usage_max: 0.4164 (0.4156)
2026-03-19 18:36:44 | INFO     | crowdcount.trainer:256 - [ep 566][lr 0.0000937][14.12s]
2026-03-19 18:36:45 | INFO     | crowdcount.trainer:240 - [MoE] epoch=567 training_stage=coordination
2026-03-19 18:36:59 | INFO     | crowdcount.engine:236 - Averaged stats: lr: 0.000094  loss_sum: 0.0680 (0.0831)  losses: 0.0349 (0.0373)  den_loss: 0.0293 (0.0434)  loss_ce: 0.0317 (0.0339)  loss_points: 0.0037 (0.0034)  loss_ce_unscaled: 0.0317 (0.0339)  loss_points_unscaled: 18.6475 (17.0716)  moe_aux_total: 0.0019 (0.0024)  moe_aux_raw: 0.0095 (0.0122)  l_balance: 0.0112 (0.0144)  l_decorr: 0.0002 (0.0002)  moe_temperature: 0.6570 (0.6571)  ema_usage_min: 0.3547 (0.3565)  ema_usage_max: 0.4150 (0.4155)
2026-03-19 18:36:59 | INFO     | crowdcount.trainer:256 - [ep 567][lr 0.0000937][13.93s]
2026-03-19 18:37:11 | INFO     | crowdcount.trainer:297 - [Eval] mae=61.88  mse=96.86  time=10.4s  best_mae=57.40  best_mse=85.62
2026-03-19 18:37:11 | INFO     | crowdcount.trainer:301 - [Eval] density_mae=60.04  density_mse=88.75  best_density_mae=59.15
2026-03-19 18:37:11 | INFO     | crowdcount.trainer:240 - [MoE] epoch=568 training_stage=coordination
2026-03-19 18:37:24 | INFO     | crowdcount.engine:236 - Averaged stats: lr: 0.000094  loss_sum: 0.0569 (0.0706)  losses: 0.0334 (0.0356)  den_loss: 0.0209 (0.0325)  loss_ce: 0.0299 (0.0321)  loss_points: 0.0034 (0.0034)  loss_ce_unscaled: 0.0299 (0.0321)  loss_points_unscaled: 16.8055 (17.1276)  moe_aux_total: 0.0021 (0.0026)  moe_aux_raw: 0.0107 (0.0130)  l_balance: 0.0126 (0.0153)  l_decorr: 0.0002 (0.0003)  moe_temperature: 0.6565 (0.6566)  ema_usage_min: 0.3499 (0.3517)  ema_usage_max: 0.4172 (0.4156)
2026-03-19 18:37:24 | INFO     | crowdcount.trainer:256 - [ep 568][lr 0.0000937][13.39s]
2026-03-19 18:37:26 | INFO     | crowdcount.trainer:240 - [MoE] epoch=569 training_stage=coordination
2026-03-19 18:37:39 | INFO     | crowdcount.engine:236 - Averaged stats: lr: 0.000094  loss_sum: 0.0619 (0.0699)  losses: 0.0337 (0.0353)  den_loss: 0.0258 (0.0322)  loss_ce: 0.0301 (0.0317)  loss_points: 0.0037 (0.0035)  loss_ce_unscaled: 0.0301 (0.0317)  loss_points_unscaled: 18.2968 (17.7362)  moe_aux_total: 0.0017 (0.0025)  moe_aux_raw: 0.0086 (0.0126)  l_balance: 0.0100 (0.0148)  l_decorr: 0.0002 (0.0003)  moe_temperature: 0.6560 (0.6561)  ema_usage_min: 0.3500 (0.3494)  ema_usage_max: 0.4223 (0.4216)
2026-03-19 18:37:39 | INFO     | crowdcount.trainer:256 - [ep 569][lr 0.0000937][13.56s]
2026-03-19 18:37:40 | INFO     | crowdcount.trainer:240 - [MoE] epoch=570 training_stage=coordination
2026-03-19 18:37:54 | INFO     | crowdcount.engine:236 - Averaged stats: lr: 0.000094  loss_sum: 0.0478 (0.0668)  losses: 0.0289 (0.0338)  den_loss: 0.0188 (0.0308)  loss_ce: 0.0248 (0.0304)  loss_points: 0.0034 (0.0034)  loss_ce_unscaled: 0.0248 (0.0304)  loss_points_unscaled: 16.9741 (16.8917)  moe_aux_total: 0.0015 (0.0022)  moe_aux_raw: 0.0076 (0.0110)  l_balance: 0.0087 (0.0129)  l_decorr: 0.0002 (0.0002)  moe_temperature: 0.6555 (0.6556)  ema_usage_min: 0.3566 (0.3543)  ema_usage_max: 0.4235 (0.4256)
2026-03-19 18:37:54 | INFO     | crowdcount.trainer:256 - [ep 570][lr 0.0000937][13.44s]
2026-03-19 18:38:05 | INFO     | crowdcount.trainer:297 - [Eval] mae=62.95  mse=101.06  time=10.5s  best_mae=57.40  best_mse=85.62
2026-03-19 18:38:05 | INFO     | crowdcount.trainer:301 - [Eval] density_mae=66.38  density_mse=101.55  best_density_mae=59.15
2026-03-19 18:38:05 | INFO     | crowdcount.trainer:240 - [MoE] epoch=571 training_stage=coordination
2026-03-19 18:38:19 | INFO     | crowdcount.engine:236 - Averaged stats: lr: 0.000094  loss_sum: 0.0517 (0.0697)  losses: 0.0312 (0.0352)  den_loss: 0.0211 (0.0329)  loss_ce: 0.0277 (0.0318)  loss_points: 0.0034 (0.0034)  loss_ce_unscaled: 0.0277 (0.0318)  loss_points_unscaled: 17.1122 (17.0862)  moe_aux_total: 0.0011 (0.0016)  moe_aux_raw: 0.0057 (0.0082)  l_balance: 0.0065 (0.0096)  l_decorr: 0.0002 (0.0002)  moe_temperature: 0.6550 (0.6551)  ema_usage_min: 0.3730 (0.3707)  ema_usage_max: 0.4155 (0.4172)
2026-03-19 18:38:19 | INFO     | crowdcount.trainer:256 - [ep 571][lr 0.0000936][13.53s]
2026-03-19 18:38:20 | INFO     | crowdcount.trainer:240 - [MoE] epoch=572 training_stage=coordination
2026-03-19 18:38:34 | INFO     | crowdcount.engine:236 - Averaged stats: lr: 0.000094  loss_sum: 0.0608 (0.0710)  losses: 0.0351 (0.0359)  den_loss: 0.0238 (0.0333)  loss_ce: 0.0314 (0.0323)  loss_points: 0.0034 (0.0035)  loss_ce_unscaled: 0.0314 (0.0323)  loss_points_unscaled: 17.1406 (17.5835)  moe_aux_total: 0.0015 (0.0018)  moe_aux_raw: 0.0074 (0.0090)  l_balance: 0.0087 (0.0105)  l_decorr: 0.0002 (0.0002)  moe_temperature: 0.6545 (0.6546)  ema_usage_min: 0.3872 (0.3834)  ema_usage_max: 0.4111 (0.4120)
2026-03-19 18:38:34 | INFO     | crowdcount.trainer:256 - [ep 572][lr 0.0000936][13.32s]
2026-03-19 18:38:35 | INFO     | crowdcount.trainer:240 - [MoE] epoch=573 training_stage=coordination
2026-03-19 18:38:48 | INFO     | crowdcount.engine:236 - Averaged stats: lr: 0.000094  loss_sum: 0.0590 (0.0645)  losses: 0.0324 (0.0336)  den_loss: 0.0211 (0.0287)  loss_ce: 0.0287 (0.0300)  loss_points: 0.0036 (0.0036)  loss_ce_unscaled: 0.0287 (0.0300)  loss_points_unscaled: 17.8393 (18.0118)  moe_aux_total: 0.0017 (0.0022)  moe_aux_raw: 0.0085 (0.0112)  l_balance: 0.0100 (0.0132)  l_decorr: 0.0001 (0.0002)  moe_temperature: 0.6540 (0.6542)  ema_usage_min: 0.3904 (0.3923)  ema_usage_max: 0.4057 (0.4068)
2026-03-19 18:38:48 | INFO     | crowdcount.trainer:256 - [ep 573][lr 0.0000936][13.33s]
2026-03-19 18:39:01 | INFO     | crowdcount.trainer:297 - [Eval] mae=65.24  mse=106.96  time=10.6s  best_mae=57.40  best_mse=85.62
2026-03-19 18:39:01 | INFO     | crowdcount.trainer:301 - [Eval] density_mae=67.57  density_mse=103.49  best_density_mae=59.15
2026-03-19 18:39:01 | INFO     | crowdcount.trainer:240 - [MoE] epoch=574 training_stage=coordination
2026-03-19 18:39:14 | INFO     | crowdcount.engine:236 - Averaged stats: lr: 0.000094  loss_sum: 0.0546 (0.0693)  losses: 0.0307 (0.0349)  den_loss: 0.0215 (0.0323)  loss_ce: 0.0271 (0.0315)  loss_points: 0.0035 (0.0034)  loss_ce_unscaled: 0.0271 (0.0315)  loss_points_unscaled: 17.3504 (17.1533)  moe_aux_total: 0.0014 (0.0021)  moe_aux_raw: 0.0069 (0.0104)  l_balance: 0.0081 (0.0122)  l_decorr: 0.0002 (0.0002)  moe_temperature: 0.6536 (0.6537)  ema_usage_min: 0.3892 (0.3886)  ema_usage_max: 0.4065 (0.4064)
2026-03-19 18:39:14 | INFO     | crowdcount.trainer:256 - [ep 574][lr 0.0000936][13.66s]
2026-03-19 18:39:16 | INFO     | crowdcount.trainer:240 - [MoE] epoch=575 training_stage=coordination
2026-03-19 18:39:29 | INFO     | crowdcount.engine:236 - Averaged stats: lr: 0.000094  loss_sum: 0.0665 (0.0693)  losses: 0.0344 (0.0343)  den_loss: 0.0263 (0.0328)  loss_ce: 0.0314 (0.0309)  loss_points: 0.0031 (0.0034)  loss_ce_unscaled: 0.0314 (0.0309)  loss_points_unscaled: 15.4015 (16.9944)  moe_aux_total: 0.0014 (0.0023)  moe_aux_raw: 0.0068 (0.0113)  l_balance: 0.0080 (0.0132)  l_decorr: 0.0002 (0.0002)  moe_temperature: 0.6531 (0.6532)  ema_usage_min: 0.3872 (0.3885)  ema_usage_max: 0.4095 (0.4087)
2026-03-19 18:39:29 | INFO     | crowdcount.trainer:256 - [ep 575][lr 0.0000936][13.59s]
2026-03-19 18:39:31 | INFO     | crowdcount.trainer:240 - [MoE] epoch=576 training_stage=coordination
2026-03-19 18:39:45 | INFO     | crowdcount.engine:236 - Averaged stats: lr: 0.000094  loss_sum: 0.0596 (0.0780)  losses: 0.0323 (0.0356)  den_loss: 0.0236 (0.0401)  loss_ce: 0.0288 (0.0321)  loss_points: 0.0034 (0.0035)  loss_ce_unscaled: 0.0288 (0.0321)  loss_points_unscaled: 16.8805 (17.2678)  moe_aux_total: 0.0016 (0.0023)  moe_aux_raw: 0.0079 (0.0115)  l_balance: 0.0093 (0.0135)  l_decorr: 0.0002 (0.0002)  moe_temperature: 0.6526 (0.6527)  ema_usage_min: 0.3836 (0.3837)  ema_usage_max: 0.4144 (0.4131)
2026-03-19 18:39:45 | INFO     | crowdcount.trainer:256 - [ep 576][lr 0.0000935][14.18s]
2026-03-19 18:39:57 | INFO     | crowdcount.trainer:297 - [Eval] mae=59.59  mse=94.36  time=10.5s  best_mae=57.40  best_mse=85.62
2026-03-19 18:39:57 | INFO     | crowdcount.trainer:301 - [Eval] density_mae=66.48  density_mse=99.01  best_density_mae=59.15
2026-03-19 18:39:57 | INFO     | crowdcount.trainer:240 - [MoE] epoch=577 training_stage=coordination
2026-03-19 18:40:11 | INFO     | crowdcount.engine:236 - Averaged stats: lr: 0.000094  loss_sum: 0.0569 (0.0661)  losses: 0.0323 (0.0339)  den_loss: 0.0239 (0.0303)  loss_ce: 0.0284 (0.0304)  loss_points: 0.0034 (0.0035)  loss_ce_unscaled: 0.0284 (0.0304)  loss_points_unscaled: 17.0639 (17.4990)  moe_aux_total: 0.0014 (0.0019)  moe_aux_raw: 0.0071 (0.0096)  l_balance: 0.0081 (0.0113)  l_decorr: 0.0002 (0.0002)  moe_temperature: 0.6521 (0.6522)  ema_usage_min: 0.3838 (0.3834)  ema_usage_max: 0.4126 (0.4128)
2026-03-19 18:40:11 | INFO     | crowdcount.trainer:256 - [ep 577][lr 0.0000935][13.35s]
2026-03-19 18:40:12 | INFO     | crowdcount.trainer:240 - [MoE] epoch=578 training_stage=coordination
2026-03-19 18:40:26 | INFO     | crowdcount.engine:236 - Averaged stats: lr: 0.000093  loss_sum: 0.0666 (0.0714)  losses: 0.0342 (0.0348)  den_loss: 0.0315 (0.0346)  loss_ce: 0.0314 (0.0314)  loss_points: 0.0033 (0.0034)  loss_ce_unscaled: 0.0314 (0.0314)  loss_points_unscaled: 16.6955 (16.9121)  moe_aux_total: 0.0014 (0.0021)  moe_aux_raw: 0.0069 (0.0103)  l_balance: 0.0078 (0.0121)  l_decorr: 0.0002 (0.0002)  moe_temperature: 0.6516 (0.6517)  ema_usage_min: 0.3748 (0.3773)  ema_usage_max: 0.4104 (0.4115)
2026-03-19 18:40:26 | INFO     | crowdcount.trainer:256 - [ep 578][lr 0.0000935][13.55s]
2026-03-19 18:40:27 | INFO     | crowdcount.trainer:240 - [MoE] epoch=579 training_stage=coordination
2026-03-19 18:40:41 | INFO     | crowdcount.engine:236 - Averaged stats: lr: 0.000093  loss_sum: 0.0536 (0.0718)  losses: 0.0307 (0.0357)  den_loss: 0.0225 (0.0339)  loss_ce: 0.0277 (0.0321)  loss_points: 0.0035 (0.0036)  loss_ce_unscaled: 0.0277 (0.0321)  loss_points_unscaled: 17.4917 (17.8366)  moe_aux_total: 0.0021 (0.0022)  moe_aux_raw: 0.0107 (0.0109)  l_balance: 0.0114 (0.0128)  l_decorr: 0.0002 (0.0003)  moe_temperature: 0.6511 (0.6513)  ema_usage_min: 0.3698 (0.3723)  ema_usage_max: 0.4151 (0.4137)
2026-03-19 18:40:41 | INFO     | crowdcount.trainer:256 - [ep 579][lr 0.0000935][13.49s]
2026-03-19 18:40:53 | INFO     | crowdcount.trainer:297 - [Eval] mae=73.36  mse=118.60  time=10.5s  best_mae=57.40  best_mse=85.62
2026-03-19 18:40:53 | INFO     | crowdcount.trainer:301 - [Eval] density_mae=64.41  density_mse=95.44  best_density_mae=59.15
2026-03-19 18:40:53 | INFO     | crowdcount.trainer:240 - [MoE] epoch=580 training_stage=coordination
2026-03-19 18:41:06 | INFO     | crowdcount.engine:236 - Averaged stats: lr: 0.000093  loss_sum: 0.0582 (0.0667)  losses: 0.0317 (0.0328)  den_loss: 0.0250 (0.0311)  loss_ce: 0.0278 (0.0293)  loss_points: 0.0035 (0.0035)  loss_ce_unscaled: 0.0278 (0.0293)  loss_points_unscaled: 17.4233 (17.4982)  moe_aux_total: 0.0028 (0.0028)  moe_aux_raw: 0.0142 (0.0140)  l_balance: 0.0168 (0.0165)  l_decorr: 0.0002 (0.0002)  moe_temperature: 0.6507 (0.6508)  ema_usage_min: 0.3569 (0.3620)  ema_usage_max: 0.4270 (0.4219)
2026-03-19 18:41:06 | INFO     | crowdcount.trainer:256 - [ep 580][lr 0.0000934][13.41s]
2026-03-19 18:41:08 | INFO     | crowdcount.trainer:240 - [MoE] epoch=581 training_stage=coordination
2026-03-19 18:41:22 | INFO     | crowdcount.engine:236 - Averaged stats: lr: 0.000093  loss_sum: 0.0549 (0.0808)  losses: 0.0326 (0.0367)  den_loss: 0.0188 (0.0421)  loss_ce: 0.0291 (0.0333)  loss_points: 0.0033 (0.0034)  loss_ce_unscaled: 0.0291 (0.0333)  loss_points_unscaled: 16.6517 (17.1374)  moe_aux_total: 0.0012 (0.0020)  moe_aux_raw: 0.0058 (0.0098)  l_balance: 0.0067 (0.0115)  l_decorr: 0.0002 (0.0002)  moe_temperature: 0.6502 (0.6503)  ema_usage_min: 0.3567 (0.3561)  ema_usage_max: 0.4308 (0.4307)
2026-03-19 18:41:22 | INFO     | crowdcount.trainer:256 - [ep 581][lr 0.0000934][14.13s]
2026-03-19 18:41:23 | INFO     | crowdcount.trainer:240 - [MoE] epoch=582 training_stage=coordination
2026-03-19 18:41:37 | INFO     | crowdcount.engine:236 - Averaged stats: lr: 0.000093  loss_sum: 0.0558 (0.0645)  losses: 0.0319 (0.0334)  den_loss: 0.0219 (0.0288)  loss_ce: 0.0283 (0.0300)  loss_points: 0.0035 (0.0034)  loss_ce_unscaled: 0.0283 (0.0300)  loss_points_unscaled: 17.3861 (17.0876)  moe_aux_total: 0.0019 (0.0022)  moe_aux_raw: 0.0097 (0.0112)  l_balance: 0.0114 (0.0132)  l_decorr: 0.0002 (0.0002)  moe_temperature: 0.6497 (0.6498)  ema_usage_min: 0.3608 (0.3610)  ema_usage_max: 0.4258 (0.4269)
2026-03-19 18:41:37 | INFO     | crowdcount.trainer:256 - [ep 582][lr 0.0000934][14.20s]
2026-03-19 18:41:49 | INFO     | crowdcount.trainer:297 - [Eval] mae=59.51  mse=94.97  time=10.5s  best_mae=57.40  best_mse=85.62
2026-03-19 18:41:49 | INFO     | crowdcount.trainer:301 - [Eval] density_mae=77.49  density_mse=106.75  best_density_mae=59.15
2026-03-19 18:41:49 | INFO     | crowdcount.trainer:240 - [MoE] epoch=583 training_stage=coordination
2026-03-19 18:42:03 | INFO     | crowdcount.engine:236 - Averaged stats: lr: 0.000093  loss_sum: 0.0514 (0.0711)  losses: 0.0316 (0.0350)  den_loss: 0.0180 (0.0317)  loss_ce: 0.0277 (0.0316)  loss_points: 0.0033 (0.0034)  loss_ce_unscaled: 0.0277 (0.0316)  loss_points_unscaled: 16.2805 (16.7763)  moe_aux_total: 0.0027 (0.0043)  moe_aux_raw: 0.0133 (0.0217)  l_balance: 0.0158 (0.0257)  l_decorr: 0.0002 (0.0002)  moe_temperature: 0.6492 (0.6493)  ema_usage_min: 0.3443 (0.3496)  ema_usage_max: 0.4218 (0.4230)
2026-03-19 18:42:03 | INFO     | crowdcount.trainer:256 - [ep 583][lr 0.0000934][13.30s]
2026-03-19 18:42:04 | INFO     | crowdcount.trainer:240 - [MoE] epoch=584 training_stage=coordination
2026-03-19 18:42:18 | INFO     | crowdcount.engine:236 - Averaged stats: lr: 0.000093  loss_sum: 0.0573 (0.0667)  losses: 0.0319 (0.0342)  den_loss: 0.0216 (0.0301)  loss_ce: 0.0280 (0.0307)  loss_points: 0.0035 (0.0035)  loss_ce_unscaled: 0.0280 (0.0307)  loss_points_unscaled: 17.3078 (17.3856)  moe_aux_total: 0.0021 (0.0025)  moe_aux_raw: 0.0107 (0.0125)  l_balance: 0.0126 (0.0148)  l_decorr: 0.0002 (0.0002)  moe_temperature: 0.6487 (0.6489)  ema_usage_min: 0.3349 (0.3374)  ema_usage_max: 0.4222 (0.4227)
2026-03-19 18:42:18 | INFO     | crowdcount.trainer:256 - [ep 584][lr 0.0000934][14.00s]
2026-03-19 18:42:20 | INFO     | crowdcount.trainer:240 - [MoE] epoch=585 training_stage=coordination
2026-03-19 18:42:34 | INFO     | crowdcount.engine:236 - Averaged stats: lr: 0.000093  loss_sum: 0.0578 (0.0684)  losses: 0.0291 (0.0341)  den_loss: 0.0263 (0.0317)  loss_ce: 0.0255 (0.0306)  loss_points: 0.0036 (0.0035)  loss_ce_unscaled: 0.0255 (0.0306)  loss_points_unscaled: 18.1086 (17.5499)  moe_aux_total: 0.0020 (0.0026)  moe_aux_raw: 0.0098 (0.0128)  l_balance: 0.0114 (0.0150)  l_decorr: 0.0002 (0.0002)  moe_temperature: 0.6483 (0.6484)  ema_usage_min: 0.3297 (0.3303)  ema_usage_max: 0.4285 (0.4291)
2026-03-19 18:42:34 | INFO     | crowdcount.trainer:256 - [ep 585][lr 0.0000933][14.09s]
2026-03-19 18:42:46 | INFO     | crowdcount.trainer:297 - [Eval] mae=64.31  mse=105.02  time=10.5s  best_mae=57.40  best_mse=85.62
2026-03-19 18:42:46 | INFO     | crowdcount.trainer:301 - [Eval] density_mae=69.99  density_mse=99.58  best_density_mae=59.15
2026-03-19 18:42:46 | INFO     | crowdcount.trainer:240 - [MoE] epoch=586 training_stage=coordination
2026-03-19 18:42:59 | INFO     | crowdcount.engine:236 - Averaged stats: lr: 0.000093  loss_sum: 0.0454 (0.0580)  losses: 0.0283 (0.0321)  den_loss: 0.0159 (0.0235)  loss_ce: 0.0243 (0.0285)  loss_points: 0.0034 (0.0036)  loss_ce_unscaled: 0.0243 (0.0285)  loss_points_unscaled: 17.2302 (17.7714)  moe_aux_total: 0.0022 (0.0024)  moe_aux_raw: 0.0108 (0.0122)  l_balance: 0.0126 (0.0143)  l_decorr: 0.0002 (0.0003)  moe_temperature: 0.6478 (0.6479)  ema_usage_min: 0.3341 (0.3329)  ema_usage_max: 0.4210 (0.4220)
2026-03-19 18:42:59 | INFO     | crowdcount.trainer:256 - [ep 586][lr 0.0000933][12.87s]
2026-03-19 18:43:01 | INFO     | crowdcount.trainer:240 - [MoE] epoch=587 training_stage=coordination
2026-03-19 18:43:15 | INFO     | crowdcount.engine:236 - Averaged stats: lr: 0.000093  loss_sum: 0.0653 (0.0745)  losses: 0.0363 (0.0367)  den_loss: 0.0274 (0.0357)  loss_ce: 0.0326 (0.0332)  loss_points: 0.0034 (0.0035)  loss_ce_unscaled: 0.0326 (0.0332)  loss_points_unscaled: 17.2160 (17.4711)  moe_aux_total: 0.0015 (0.0021)  moe_aux_raw: 0.0075 (0.0105)  l_balance: 0.0087 (0.0123)  l_decorr: 0.0002 (0.0002)  moe_temperature: 0.6473 (0.6474)  ema_usage_min: 0.3411 (0.3400)  ema_usage_max: 0.4256 (0.4220)
2026-03-19 18:43:15 | INFO     | crowdcount.trainer:256 - [ep 587][lr 0.0000933][13.97s]
2026-03-19 18:43:16 | INFO     | crowdcount.trainer:240 - [MoE] epoch=588 training_stage=coordination
2026-03-19 18:43:31 | INFO     | crowdcount.engine:236 - Averaged stats: lr: 0.000093  loss_sum: 0.0652 (0.0690)  losses: 0.0349 (0.0349)  den_loss: 0.0239 (0.0318)  loss_ce: 0.0312 (0.0314)  loss_points: 0.0034 (0.0034)  loss_ce_unscaled: 0.0312 (0.0314)  loss_points_unscaled: 16.8912 (17.0969)  moe_aux_total: 0.0028 (0.0023)  moe_aux_raw: 0.0138 (0.0114)  l_balance: 0.0159 (0.0134)  l_decorr: 0.0001 (0.0002)  moe_temperature: 0.6468 (0.6469)  ema_usage_min: 0.3493 (0.3478)  ema_usage_max: 0.4231 (0.4249)
2026-03-19 18:43:31 | INFO     | crowdcount.trainer:256 - [ep 588][lr 0.0000933][14.58s]
2026-03-19 18:43:43 | INFO     | crowdcount.trainer:297 - [Eval] mae=64.77  mse=105.10  time=10.5s  best_mae=57.40  best_mse=85.62
2026-03-19 18:43:43 | INFO     | crowdcount.trainer:301 - [Eval] density_mae=64.97  density_mse=96.44  best_density_mae=59.15
2026-03-19 18:43:43 | INFO     | crowdcount.trainer:240 - [MoE] epoch=589 training_stage=coordination
2026-03-19 18:43:56 | INFO     | crowdcount.engine:236 - Averaged stats: lr: 0.000093  loss_sum: 0.0602 (0.0702)  losses: 0.0321 (0.0344)  den_loss: 0.0283 (0.0336)  loss_ce: 0.0283 (0.0309)  loss_points: 0.0036 (0.0035)  loss_ce_unscaled: 0.0283 (0.0309)  loss_points_unscaled: 17.9061 (17.6536)  moe_aux_total: 0.0014 (0.0022)  moe_aux_raw: 0.0068 (0.0109)  l_balance: 0.0080 (0.0128)  l_decorr: 0.0002 (0.0002)  moe_temperature: 0.6463 (0.6465)  ema_usage_min: 0.3435 (0.3435)  ema_usage_max: 0.4308 (0.4282)
2026-03-19 18:43:56 | INFO     | crowdcount.trainer:256 - [ep 589][lr 0.0000932][13.53s]
2026-03-19 18:43:58 | INFO     | crowdcount.trainer:240 - [MoE] epoch=590 training_stage=coordination
2026-03-19 18:44:12 | INFO     | crowdcount.engine:236 - Averaged stats: lr: 0.000093  loss_sum: 0.0548 (0.0660)  losses: 0.0323 (0.0342)  den_loss: 0.0189 (0.0301)  loss_ce: 0.0290 (0.0306)  loss_points: 0.0032 (0.0036)  loss_ce_unscaled: 0.0290 (0.0306)  loss_points_unscaled: 16.2309 (17.9221)  moe_aux_total: 0.0013 (0.0017)  moe_aux_raw: 0.0067 (0.0086)  l_balance: 0.0078 (0.0100)  l_decorr: 0.0001 (0.0002)  moe_temperature: 0.6459 (0.6460)  ema_usage_min: 0.3527 (0.3502)  ema_usage_max: 0.4250 (0.4270)
2026-03-19 18:44:12 | INFO     | crowdcount.trainer:256 - [ep 590][lr 0.0000932][13.83s]
2026-03-19 18:44:13 | INFO     | crowdcount.trainer:240 - [MoE] epoch=591 training_stage=coordination
2026-03-19 18:44:27 | INFO     | crowdcount.engine:236 - Averaged stats: lr: 0.000093  loss_sum: 0.0573 (0.0773)  losses: 0.0331 (0.0360)  den_loss: 0.0222 (0.0393)  loss_ce: 0.0301 (0.0326)  loss_points: 0.0032 (0.0035)  loss_ce_unscaled: 0.0301 (0.0326)  loss_points_unscaled: 15.9921 (17.2918)  moe_aux_total: 0.0016 (0.0019)  moe_aux_raw: 0.0082 (0.0094)  l_balance: 0.0093 (0.0110)  l_decorr: 0.0002 (0.0002)  moe_temperature: 0.6454 (0.6455)  ema_usage_min: 0.3527 (0.3537)  ema_usage_max: 0.4303 (0.4278)
2026-03-19 18:44:27 | INFO     | crowdcount.trainer:256 - [ep 591][lr 0.0000932][14.08s]
2026-03-19 18:44:39 | INFO     | crowdcount.trainer:297 - [Eval] mae=64.08  mse=97.61  time=10.5s  best_mae=57.40  best_mse=85.62
2026-03-19 18:44:39 | INFO     | crowdcount.trainer:301 - [Eval] density_mae=64.04  density_mse=93.98  best_density_mae=59.15
2026-03-19 18:44:39 | INFO     | crowdcount.trainer:240 - [MoE] epoch=592 training_stage=coordination
2026-03-19 18:44:52 | INFO     | crowdcount.engine:236 - Averaged stats: lr: 0.000093  loss_sum: 0.0514 (0.0639)  losses: 0.0318 (0.0334)  den_loss: 0.0172 (0.0288)  loss_ce: 0.0278 (0.0299)  loss_points: 0.0035 (0.0035)  loss_ce_unscaled: 0.0278 (0.0299)  loss_points_unscaled: 17.5604 (17.4807)  moe_aux_total: 0.0016 (0.0016)  moe_aux_raw: 0.0079 (0.0081)  l_balance: 0.0093 (0.0095)  l_decorr: 0.0001 (0.0002)  moe_temperature: 0.6449 (0.6450)  ema_usage_min: 0.3589 (0.3568)  ema_usage_max: 0.4214 (0.4257)
2026-03-19 18:44:52 | INFO     | crowdcount.trainer:256 - [ep 592][lr 0.0000932][13.06s]
2026-03-19 18:44:54 | INFO     | crowdcount.trainer:240 - [MoE] epoch=593 training_stage=coordination
2026-03-19 18:45:08 | INFO     | crowdcount.engine:236 - Averaged stats: lr: 0.000093  loss_sum: 0.0733 (0.0731)  losses: 0.0319 (0.0345)  den_loss: 0.0344 (0.0369)  loss_ce: 0.0288 (0.0311)  loss_points: 0.0032 (0.0034)  loss_ce_unscaled: 0.0288 (0.0311)  loss_points_unscaled: 16.2183 (17.1132)  moe_aux_total: 0.0016 (0.0017)  moe_aux_raw: 0.0079 (0.0087)  l_balance: 0.0093 (0.0101)  l_decorr: 0.0002 (0.0002)  moe_temperature: 0.6444 (0.6445)  ema_usage_min: 0.3619 (0.3615)  ema_usage_max: 0.4150 (0.4149)
2026-03-19 18:45:08 | INFO     | crowdcount.trainer:256 - [ep 593][lr 0.0000932][14.13s]
2026-03-19 18:45:09 | INFO     | crowdcount.trainer:240 - [MoE] epoch=594 training_stage=coordination
2026-03-19 18:45:23 | INFO     | crowdcount.engine:236 - Averaged stats: lr: 0.000093  loss_sum: 0.0559 (0.0704)  losses: 0.0325 (0.0369)  den_loss: 0.0200 (0.0316)  loss_ce: 0.0285 (0.0333)  loss_points: 0.0037 (0.0036)  loss_ce_unscaled: 0.0285 (0.0333)  loss_points_unscaled: 18.3226 (17.8981)  moe_aux_total: 0.0019 (0.0019)  moe_aux_raw: 0.0095 (0.0094)  l_balance: 0.0112 (0.0110)  l_decorr: 0.0001 (0.0002)  moe_temperature: 0.6440 (0.6441)  ema_usage_min: 0.3659 (0.3658)  ema_usage_max: 0.4114 (0.4118)
2026-03-19 18:45:23 | INFO     | crowdcount.trainer:256 - [ep 594][lr 0.0000931][13.28s]
2026-03-19 18:45:35 | INFO     | crowdcount.trainer:297 - [Eval] mae=75.23  mse=115.91  time=11.0s  best_mae=57.40  best_mse=85.62
2026-03-19 18:45:35 | INFO     | crowdcount.trainer:301 - [Eval] density_mae=69.69  density_mse=99.37  best_density_mae=59.15
2026-03-19 18:45:35 | INFO     | crowdcount.trainer:240 - [MoE] epoch=595 training_stage=coordination
2026-03-19 18:45:48 | INFO     | crowdcount.engine:236 - Averaged stats: lr: 0.000093  loss_sum: 0.0629 (0.0727)  losses: 0.0334 (0.0350)  den_loss: 0.0287 (0.0360)  loss_ce: 0.0298 (0.0315)  loss_points: 0.0033 (0.0035)  loss_ce_unscaled: 0.0298 (0.0315)  loss_points_unscaled: 16.5364 (17.3575)  moe_aux_total: 0.0016 (0.0017)  moe_aux_raw: 0.0079 (0.0084)  l_balance: 0.0093 (0.0097)  l_decorr: 0.0002 (0.0002)  moe_temperature: 0.6435 (0.6436)  ema_usage_min: 0.3617 (0.3622)  ema_usage_max: 0.4149 (0.4166)
2026-03-19 18:45:48 | INFO     | crowdcount.trainer:256 - [ep 595][lr 0.0000931][13.18s]
2026-03-19 18:45:50 | INFO     | crowdcount.trainer:240 - [MoE] epoch=596 training_stage=coordination
2026-03-19 18:46:03 | INFO     | crowdcount.engine:236 - Averaged stats: lr: 0.000093  loss_sum: 0.0429 (0.0579)  losses: 0.0279 (0.0314)  den_loss: 0.0143 (0.0245)  loss_ce: 0.0243 (0.0279)  loss_points: 0.0033 (0.0035)  loss_ce_unscaled: 0.0243 (0.0279)  loss_points_unscaled: 16.6890 (17.7427)  moe_aux_total: 0.0016 (0.0020)  moe_aux_raw: 0.0081 (0.0098)  l_balance: 0.0093 (0.0115)  l_decorr: 0.0002 (0.0002)  moe_temperature: 0.6430 (0.6431)  ema_usage_min: 0.3697 (0.3681)  ema_usage_max: 0.4136 (0.4138)
2026-03-19 18:46:03 | INFO     | crowdcount.trainer:256 - [ep 596][lr 0.0000931][13.10s]
2026-03-19 18:46:04 | INFO     | crowdcount.trainer:240 - [MoE] epoch=597 training_stage=coordination
2026-03-19 18:46:18 | INFO     | crowdcount.engine:236 - Averaged stats: lr: 0.000093  loss_sum: 0.0609 (0.0667)  losses: 0.0340 (0.0346)  den_loss: 0.0240 (0.0305)  loss_ce: 0.0311 (0.0313)  loss_points: 0.0033 (0.0033)  loss_ce_unscaled: 0.0311 (0.0313)  loss_points_unscaled: 16.4345 (16.6476)  moe_aux_total: 0.0017 (0.0015)  moe_aux_raw: 0.0086 (0.0076)  l_balance: 0.0100 (0.0089)  l_decorr: 0.0002 (0.0002)  moe_temperature: 0.6425 (0.6426)  ema_usage_min: 0.3701 (0.3700)  ema_usage_max: 0.4222 (0.4217)
2026-03-19 18:46:18 | INFO     | crowdcount.trainer:256 - [ep 597][lr 0.0000931][13.59s]
2026-03-19 18:46:30 | INFO     | crowdcount.trainer:297 - [Eval] mae=66.36  mse=105.10  time=10.5s  best_mae=57.40  best_mse=85.62
2026-03-19 18:46:30 | INFO     | crowdcount.trainer:301 - [Eval] density_mae=66.26  density_mse=99.98  best_density_mae=59.15
2026-03-19 18:46:30 | INFO     | crowdcount.trainer:240 - [MoE] epoch=598 training_stage=coordination
2026-03-19 18:46:43 | INFO     | crowdcount.engine:236 - Averaged stats: lr: 0.000093  loss_sum: 0.0542 (0.0643)  losses: 0.0301 (0.0340)  den_loss: 0.0189 (0.0284)  loss_ce: 0.0263 (0.0305)  loss_points: 0.0036 (0.0035)  loss_ce_unscaled: 0.0263 (0.0305)  loss_points_unscaled: 18.0546 (17.6324)  moe_aux_total: 0.0014 (0.0019)  moe_aux_raw: 0.0070 (0.0094)  l_balance: 0.0080 (0.0110)  l_decorr: 0.0002 (0.0002)  moe_temperature: 0.6421 (0.6422)  ema_usage_min: 0.3718 (0.3718)  ema_usage_max: 0.4122 (0.4147)
2026-03-19 18:46:43 | INFO     | crowdcount.trainer:256 - [ep 598][lr 0.0000930][12.85s]
2026-03-19 18:46:44 | INFO     | crowdcount.trainer:240 - [MoE] epoch=599 training_stage=coordination
2026-03-19 18:46:58 | INFO     | crowdcount.engine:236 - Averaged stats: lr: 0.000093  loss_sum: 0.0675 (0.0665)  losses: 0.0314 (0.0342)  den_loss: 0.0295 (0.0305)  loss_ce: 0.0275 (0.0308)  loss_points: 0.0034 (0.0034)  loss_ce_unscaled: 0.0275 (0.0308)  loss_points_unscaled: 16.9032 (17.1259)  moe_aux_total: 0.0015 (0.0017)  moe_aux_raw: 0.0075 (0.0086)  l_balance: 0.0087 (0.0100)  l_decorr: 0.0002 (0.0003)  moe_temperature: 0.6416 (0.6417)  ema_usage_min: 0.3715 (0.3718)  ema_usage_max: 0.4124 (0.4120)
2026-03-19 18:46:58 | INFO     | crowdcount.trainer:256 - [ep 599][lr 0.0000930][13.30s]
2026-03-19 18:46:59 | INFO     | crowdcount.trainer:240 - [MoE] epoch=600 training_stage=coordination
2026-03-19 18:47:13 | INFO     | crowdcount.engine:236 - Averaged stats: lr: 0.000093  loss_sum: 0.0583 (0.0738)  losses: 0.0313 (0.0338)  den_loss: 0.0229 (0.0373)  loss_ce: 0.0277 (0.0303)  loss_points: 0.0036 (0.0036)  loss_ce_unscaled: 0.0277 (0.0303)  loss_points_unscaled: 17.8555 (17.7687)  moe_aux_total: 0.0032 (0.0027)  moe_aux_raw: 0.0162 (0.0135)  l_balance: 0.0192 (0.0160)  l_decorr: 0.0001 (0.0002)  moe_temperature: 0.6411 (0.6412)  ema_usage_min: 0.3740 (0.3730)  ema_usage_max: 0.4139 (0.4137)
2026-03-19 18:47:13 | INFO     | crowdcount.trainer:256 - [ep 600][lr 0.0000930][13.89s]
2026-03-19 18:47:25 | INFO     | crowdcount.trainer:297 - [Eval] mae=66.48  mse=107.59  time=10.5s  best_mae=57.40  best_mse=85.62
2026-03-19 18:47:25 | INFO     | crowdcount.trainer:301 - [Eval] density_mae=65.78  density_mse=101.20  best_density_mae=59.15
2026-03-19 18:47:25 | INFO     | crowdcount.trainer:240 - [MoE] epoch=601 training_stage=coordination
2026-03-19 18:47:38 | INFO     | crowdcount.engine:236 - Averaged stats: lr: 0.000093  loss_sum: 0.0570 (0.0669)  losses: 0.0311 (0.0340)  den_loss: 0.0192 (0.0271)  loss_ce: 0.0277 (0.0305)  loss_points: 0.0035 (0.0034)  loss_ce_unscaled: 0.0277 (0.0305)  loss_points_unscaled: 17.6433 (17.2189)  moe_aux_total: 0.0052 (0.0057)  moe_aux_raw: 0.0261 (0.0287)  l_balance: 0.0311 (0.0341)  l_decorr: 0.0002 (0.0003)  moe_temperature: 0.6406 (0.6407)  ema_usage_min: 0.3492 (0.3617)  ema_usage_max: 0.4191 (0.4207)
2026-03-19 18:47:38 | INFO     | crowdcount.trainer:256 - [ep 601][lr 0.0000930][13.16s]
2026-03-19 18:47:39 | INFO     | crowdcount.trainer:240 - [MoE] epoch=602 training_stage=coordination
2026-03-19 18:47:53 | INFO     | crowdcount.engine:236 - Averaged stats: lr: 0.000093  loss_sum: 0.0542 (0.0629)  losses: 0.0321 (0.0335)  den_loss: 0.0219 (0.0274)  loss_ce: 0.0283 (0.0301)  loss_points: 0.0033 (0.0034)  loss_ce_unscaled: 0.0283 (0.0301)  loss_points_unscaled: 16.4190 (17.1444)  moe_aux_total: 0.0016 (0.0020)  moe_aux_raw: 0.0079 (0.0100)  l_balance: 0.0093 (0.0118)  l_decorr: 0.0002 (0.0002)  moe_temperature: 0.6402 (0.6403)  ema_usage_min: 0.3471 (0.3443)  ema_usage_max: 0.4216 (0.4215)
2026-03-19 18:47:53 | INFO     | crowdcount.trainer:256 - [ep 602][lr 0.0000929][13.58s]
2026-03-19 18:47:54 | INFO     | crowdcount.trainer:240 - [MoE] epoch=603 training_stage=coordination
2026-03-19 18:48:08 | INFO     | crowdcount.engine:236 - Averaged stats: lr: 0.000093  loss_sum: 0.0708 (0.0750)  losses: 0.0364 (0.0356)  den_loss: 0.0342 (0.0377)  loss_ce: 0.0331 (0.0322)  loss_points: 0.0034 (0.0034)  loss_ce_unscaled: 0.0331 (0.0322)  loss_points_unscaled: 17.0836 (17.2273)  moe_aux_total: 0.0010 (0.0017)  moe_aux_raw: 0.0050 (0.0087)  l_balance: 0.0053 (0.0101)  l_decorr: 0.0003 (0.0003)  moe_temperature: 0.6397 (0.6398)  ema_usage_min: 0.3707 (0.3643)  ema_usage_max: 0.4193 (0.4216)
2026-03-19 18:48:08 | INFO     | crowdcount.trainer:256 - [ep 603][lr 0.0000929][13.46s]
2026-03-19 18:48:20 | INFO     | crowdcount.trainer:297 - [Eval] mae=62.34  mse=99.87  time=10.5s  best_mae=57.40  best_mse=85.62
2026-03-19 18:48:20 | INFO     | crowdcount.trainer:301 - [Eval] density_mae=70.50  density_mse=100.94  best_density_mae=59.15
2026-03-19 18:48:20 | INFO     | crowdcount.trainer:240 - [MoE] epoch=604 training_stage=coordination
2026-03-19 18:48:33 | INFO     | crowdcount.engine:236 - Averaged stats: lr: 0.000093  loss_sum: 0.0685 (0.0727)  losses: 0.0346 (0.0357)  den_loss: 0.0296 (0.0344)  loss_ce: 0.0311 (0.0324)  loss_points: 0.0033 (0.0033)  loss_ce_unscaled: 0.0311 (0.0324)  loss_points_unscaled: 16.5165 (16.5732)  moe_aux_total: 0.0024 (0.0027)  moe_aux_raw: 0.0122 (0.0133)  l_balance: 0.0143 (0.0156)  l_decorr: 0.0002 (0.0002)  moe_temperature: 0.6392 (0.6393)  ema_usage_min: 0.3938 (0.3905)  ema_usage_max: 0.4065 (0.4088)
2026-03-19 18:48:33 | INFO     | crowdcount.trainer:256 - [ep 604][lr 0.0000929][13.56s]
2026-03-19 18:48:35 | INFO     | crowdcount.trainer:240 - [MoE] epoch=605 training_stage=coordination
2026-03-19 18:48:49 | INFO     | crowdcount.engine:236 - Averaged stats: lr: 0.000093  loss_sum: 0.0692 (0.0729)  losses: 0.0331 (0.0356)  den_loss: 0.0298 (0.0352)  loss_ce: 0.0295 (0.0322)  loss_points: 0.0032 (0.0034)  loss_ce_unscaled: 0.0295 (0.0322)  loss_points_unscaled: 16.2133 (17.1227)  moe_aux_total: 0.0017 (0.0021)  moe_aux_raw: 0.0083 (0.0107)  l_balance: 0.0087 (0.0122)  l_decorr: 0.0002 (0.0005)  moe_temperature: 0.6387 (0.6389)  ema_usage_min: 0.3880 (0.3897)  ema_usage_max: 0.4205 (0.4173)
2026-03-19 18:48:49 | INFO     | crowdcount.trainer:256 - [ep 605][lr 0.0000929][14.07s]
2026-03-19 18:48:50 | INFO     | crowdcount.trainer:240 - [MoE] epoch=606 training_stage=coordination
2026-03-19 18:49:04 | INFO     | crowdcount.engine:236 - Averaged stats: lr: 0.000093  loss_sum: 0.0510 (0.0728)  losses: 0.0320 (0.0351)  den_loss: 0.0172 (0.0354)  loss_ce: 0.0281 (0.0316)  loss_points: 0.0034 (0.0036)  loss_ce_unscaled: 0.0281 (0.0316)  loss_points_unscaled: 16.8419 (17.8416)  moe_aux_total: 0.0014 (0.0022)  moe_aux_raw: 0.0070 (0.0112)  l_balance: 0.0081 (0.0130)  l_decorr: 0.0002 (0.0003)  moe_temperature: 0.6383 (0.6384)  ema_usage_min: 0.3900 (0.3892)  ema_usage_max: 0.4112 (0.4124)
2026-03-19 18:49:04 | INFO     | crowdcount.trainer:256 - [ep 606][lr 0.0000929][13.96s]
2026-03-19 18:49:16 | INFO     | crowdcount.trainer:297 - [Eval] mae=76.71  mse=124.64  time=10.5s  best_mae=57.40  best_mse=85.62
2026-03-19 18:49:16 | INFO     | crowdcount.trainer:301 - [Eval] density_mae=81.02  density_mse=122.86  best_density_mae=59.15
2026-03-19 18:49:16 | INFO     | crowdcount.trainer:240 - [MoE] epoch=607 training_stage=coordination
2026-03-19 18:49:30 | INFO     | crowdcount.engine:236 - Averaged stats: lr: 0.000093  loss_sum: 0.0586 (0.0731)  losses: 0.0298 (0.0363)  den_loss: 0.0254 (0.0346)  loss_ce: 0.0260 (0.0329)  loss_points: 0.0031 (0.0034)  loss_ce_unscaled: 0.0260 (0.0329)  loss_points_unscaled: 15.4570 (16.9927)  moe_aux_total: 0.0021 (0.0023)  moe_aux_raw: 0.0107 (0.0114)  l_balance: 0.0126 (0.0133)  l_decorr: 0.0002 (0.0003)  moe_temperature: 0.6378 (0.6379)  ema_usage_min: 0.3876 (0.3885)  ema_usage_max: 0.4078 (0.4092)
2026-03-19 18:49:30 | INFO     | crowdcount.trainer:256 - [ep 607][lr 0.0000928][13.74s]
2026-03-19 18:49:32 | INFO     | crowdcount.trainer:240 - [MoE] epoch=608 training_stage=coordination
2026-03-19 18:49:45 | INFO     | crowdcount.engine:236 - Averaged stats: lr: 0.000093  loss_sum: 0.0639 (0.0662)  losses: 0.0366 (0.0334)  den_loss: 0.0253 (0.0304)  loss_ce: 0.0332 (0.0300)  loss_points: 0.0035 (0.0034)  loss_ce_unscaled: 0.0332 (0.0300)  loss_points_unscaled: 17.5311 (16.9605)  moe_aux_total: 0.0015 (0.0024)  moe_aux_raw: 0.0074 (0.0120)  l_balance: 0.0087 (0.0142)  l_decorr: 0.0002 (0.0002)  moe_temperature: 0.6373 (0.6374)  ema_usage_min: 0.3902 (0.3903)  ema_usage_max: 0.4091 (0.4072)
2026-03-19 18:49:45 | INFO     | crowdcount.trainer:256 - [ep 608][lr 0.0000928][13.62s]
2026-03-19 18:49:47 | INFO     | crowdcount.trainer:240 - [MoE] epoch=609 training_stage=coordination
2026-03-19 18:50:00 | INFO     | crowdcount.engine:236 - Averaged stats: lr: 0.000093  loss_sum: 0.0654 (0.0741)  losses: 0.0325 (0.0345)  den_loss: 0.0293 (0.0374)  loss_ce: 0.0287 (0.0309)  loss_points: 0.0033 (0.0035)  loss_ce_unscaled: 0.0287 (0.0309)  loss_points_unscaled: 16.6290 (17.5512)  moe_aux_total: 0.0016 (0.0022)  moe_aux_raw: 0.0079 (0.0110)  l_balance: 0.0093 (0.0129)  l_decorr: 0.0002 (0.0002)  moe_temperature: 0.6368 (0.6370)  ema_usage_min: 0.3826 (0.3872)  ema_usage_max: 0.4187 (0.4156)
2026-03-19 18:50:00 | INFO     | crowdcount.trainer:256 - [ep 609][lr 0.0000928][13.61s]
2026-03-19 18:50:12 | INFO     | crowdcount.trainer:297 - [Eval] mae=62.16  mse=98.79  time=10.5s  best_mae=57.40  best_mse=85.62
2026-03-19 18:50:12 | INFO     | crowdcount.trainer:301 - [Eval] density_mae=71.49  density_mse=101.37  best_density_mae=59.15
2026-03-19 18:50:12 | INFO     | crowdcount.trainer:240 - [MoE] epoch=610 training_stage=coordination
2026-03-19 18:50:26 | INFO     | crowdcount.engine:236 - Averaged stats: lr: 0.000093  loss_sum: 0.0605 (0.0667)  losses: 0.0333 (0.0343)  den_loss: 0.0208 (0.0299)  loss_ce: 0.0302 (0.0309)  loss_points: 0.0034 (0.0034)  loss_ce_unscaled: 0.0302 (0.0309)  loss_points_unscaled: 17.1607 (16.9794)  moe_aux_total: 0.0027 (0.0025)  moe_aux_raw: 0.0135 (0.0124)  l_balance: 0.0159 (0.0147)  l_decorr: 0.0002 (0.0002)  moe_temperature: 0.6364 (0.6365)  ema_usage_min: 0.3716 (0.3737)  ema_usage_max: 0.4205 (0.4212)
2026-03-19 18:50:26 | INFO     | crowdcount.trainer:256 - [ep 610][lr 0.0000928][13.35s]
2026-03-19 18:50:27 | INFO     | crowdcount.trainer:240 - [MoE] epoch=611 training_stage=coordination
2026-03-19 18:50:41 | INFO     | crowdcount.engine:236 - Averaged stats: lr: 0.000093  loss_sum: 0.0600 (0.0666)  losses: 0.0361 (0.0359)  den_loss: 0.0226 (0.0288)  loss_ce: 0.0323 (0.0325)  loss_points: 0.0034 (0.0034)  loss_ce_unscaled: 0.0323 (0.0325)  loss_points_unscaled: 16.8791 (17.0611)  moe_aux_total: 0.0016 (0.0019)  moe_aux_raw: 0.0079 (0.0097)  l_balance: 0.0093 (0.0114)  l_decorr: 0.0002 (0.0002)  moe_temperature: 0.6359 (0.6360)  ema_usage_min: 0.3707 (0.3685)  ema_usage_max: 0.4172 (0.4160)
2026-03-19 18:50:41 | INFO     | crowdcount.trainer:256 - [ep 611][lr 0.0000927][13.79s]
2026-03-19 18:50:43 | INFO     | crowdcount.trainer:240 - [MoE] epoch=612 training_stage=coordination
2026-03-19 18:50:57 | INFO     | crowdcount.engine:236 - Averaged stats: lr: 0.000093  loss_sum: 0.0608 (0.0723)  losses: 0.0348 (0.0350)  den_loss: 0.0222 (0.0343)  loss_ce: 0.0313 (0.0315)  loss_points: 0.0033 (0.0035)  loss_ce_unscaled: 0.0313 (0.0315)  loss_points_unscaled: 16.2901 (17.6895)  moe_aux_total: 0.0020 (0.0030)  moe_aux_raw: 0.0098 (0.0148)  l_balance: 0.0114 (0.0175)  l_decorr: 0.0002 (0.0002)  moe_temperature: 0.6354 (0.6356)  ema_usage_min: 0.3652 (0.3666)  ema_usage_max: 0.4226 (0.4218)
2026-03-19 18:50:57 | INFO     | crowdcount.trainer:256 - [ep 612][lr 0.0000927][13.84s]
2026-03-19 18:51:09 | INFO     | crowdcount.trainer:297 - [Eval] mae=85.01  mse=142.95  time=10.6s  best_mae=57.40  best_mse=85.62
2026-03-19 18:51:09 | INFO     | crowdcount.trainer:301 - [Eval] density_mae=84.65  density_mse=133.52  best_density_mae=59.15
2026-03-19 18:51:09 | INFO     | crowdcount.trainer:240 - [MoE] epoch=613 training_stage=coordination
2026-03-19 18:51:22 | INFO     | crowdcount.engine:236 - Averaged stats: lr: 0.000093  loss_sum: 0.0635 (0.0671)  losses: 0.0344 (0.0346)  den_loss: 0.0273 (0.0302)  loss_ce: 0.0308 (0.0312)  loss_points: 0.0033 (0.0034)  loss_ce_unscaled: 0.0308 (0.0312)  loss_points_unscaled: 16.7336 (17.0714)  moe_aux_total: 0.0020 (0.0023)  moe_aux_raw: 0.0098 (0.0115)  l_balance: 0.0116 (0.0136)  l_decorr: 0.0002 (0.0002)  moe_temperature: 0.6350 (0.6351)  ema_usage_min: 0.3574 (0.3576)  ema_usage_max: 0.4230 (0.4227)
2026-03-19 18:51:22 | INFO     | crowdcount.trainer:256 - [ep 613][lr 0.0000927][13.33s]
2026-03-19 18:51:24 | INFO     | crowdcount.trainer:240 - [MoE] epoch=614 training_stage=coordination
2026-03-19 18:51:37 | INFO     | crowdcount.engine:236 - Averaged stats: lr: 0.000093  loss_sum: 0.0574 (0.0635)  losses: 0.0311 (0.0332)  den_loss: 0.0215 (0.0274)  loss_ce: 0.0281 (0.0297)  loss_points: 0.0035 (0.0035)  loss_ce_unscaled: 0.0281 (0.0297)  loss_points_unscaled: 17.6078 (17.5202)  moe_aux_total: 0.0025 (0.0030)  moe_aux_raw: 0.0124 (0.0151)  l_balance: 0.0139 (0.0178)  l_decorr: 0.0002 (0.0002)  moe_temperature: 0.6345 (0.6346)  ema_usage_min: 0.3499 (0.3540)  ema_usage_max: 0.4279 (0.4283)
2026-03-19 18:51:37 | INFO     | crowdcount.trainer:256 - [ep 614][lr 0.0000927][13.14s]
2026-03-19 18:51:38 | INFO     | crowdcount.trainer:240 - [MoE] epoch=615 training_stage=coordination
2026-03-19 18:51:52 | INFO     | crowdcount.engine:236 - Averaged stats: lr: 0.000093  loss_sum: 0.0522 (0.0659)  losses: 0.0299 (0.0352)  den_loss: 0.0195 (0.0277)  loss_ce: 0.0264 (0.0317)  loss_points: 0.0033 (0.0035)  loss_ce_unscaled: 0.0264 (0.0317)  loss_points_unscaled: 16.7046 (17.6116)  moe_aux_total: 0.0016 (0.0030)  moe_aux_raw: 0.0079 (0.0150)  l_balance: 0.0093 (0.0177)  l_decorr: 0.0002 (0.0002)  moe_temperature: 0.6340 (0.6341)  ema_usage_min: 0.3405 (0.3420)  ema_usage_max: 0.4367 (0.4358)
2026-03-19 18:51:52 | INFO     | crowdcount.trainer:256 - [ep 615][lr 0.0000926][13.68s]
2026-03-19 18:52:04 | INFO     | crowdcount.trainer:297 - [Eval] mae=66.63  mse=111.31  time=10.5s  best_mae=57.40  best_mse=85.62
2026-03-19 18:52:04 | INFO     | crowdcount.trainer:301 - [Eval] density_mae=71.26  density_mse=103.98  best_density_mae=59.15
2026-03-19 18:52:04 | INFO     | crowdcount.trainer:240 - [MoE] epoch=616 training_stage=coordination
2026-03-19 18:52:17 | INFO     | crowdcount.engine:236 - Averaged stats: lr: 0.000093  loss_sum: 0.0601 (0.0711)  losses: 0.0317 (0.0355)  den_loss: 0.0242 (0.0335)  loss_ce: 0.0282 (0.0321)  loss_points: 0.0032 (0.0034)  loss_ce_unscaled: 0.0282 (0.0321)  loss_points_unscaled: 15.7897 (16.9077)  moe_aux_total: 0.0016 (0.0021)  moe_aux_raw: 0.0080 (0.0105)  l_balance: 0.0093 (0.0123)  l_decorr: 0.0001 (0.0002)  moe_temperature: 0.6336 (0.6337)  ema_usage_min: 0.3384 (0.3402)  ema_usage_max: 0.4313 (0.4328)
2026-03-19 18:52:17 | INFO     | crowdcount.trainer:256 - [ep 616][lr 0.0000926][13.32s]
2026-03-19 18:52:19 | INFO     | crowdcount.trainer:240 - [MoE] epoch=617 training_stage=coordination
2026-03-19 18:52:32 | INFO     | crowdcount.engine:236 - Averaged stats: lr: 0.000093  loss_sum: 0.0654 (0.0712)  losses: 0.0337 (0.0352)  den_loss: 0.0242 (0.0346)  loss_ce: 0.0305 (0.0318)  loss_points: 0.0034 (0.0033)  loss_ce_unscaled: 0.0305 (0.0318)  loss_points_unscaled: 16.8135 (16.7192)  moe_aux_total: 0.0011 (0.0014)  moe_aux_raw: 0.0057 (0.0070)  l_balance: 0.0065 (0.0081)  l_decorr: 0.0002 (0.0002)  moe_temperature: 0.6331 (0.6332)  ema_usage_min: 0.3421 (0.3411)  ema_usage_max: 0.4263 (0.4278)
2026-03-19 18:52:32 | INFO     | crowdcount.trainer:256 - [ep 617][lr 0.0000926][13.83s]
2026-03-19 18:52:34 | INFO     | crowdcount.trainer:240 - [MoE] epoch=618 training_stage=coordination
2026-03-19 18:52:48 | INFO     | crowdcount.engine:236 - Averaged stats: lr: 0.000093  loss_sum: 0.0636 (0.0714)  losses: 0.0315 (0.0351)  den_loss: 0.0276 (0.0346)  loss_ce: 0.0276 (0.0316)  loss_points: 0.0035 (0.0035)  loss_ce_unscaled: 0.0276 (0.0316)  loss_points_unscaled: 17.5621 (17.4413)  moe_aux_total: 0.0014 (0.0018)  moe_aux_raw: 0.0070 (0.0089)  l_balance: 0.0081 (0.0104)  l_decorr: 0.0002 (0.0002)  moe_temperature: 0.6326 (0.6327)  ema_usage_min: 0.3571 (0.3557)  ema_usage_max: 0.4182 (0.4201)
2026-03-19 18:52:48 | INFO     | crowdcount.trainer:256 - [ep 618][lr 0.0000926][13.89s]
2026-03-19 18:53:00 | INFO     | crowdcount.trainer:297 - [Eval] mae=62.32  mse=99.84  time=10.5s  best_mae=57.40  best_mse=85.62
2026-03-19 18:53:00 | INFO     | crowdcount.trainer:301 - [Eval] density_mae=71.87  density_mse=99.04  best_density_mae=59.15
2026-03-19 18:53:00 | INFO     | crowdcount.trainer:240 - [MoE] epoch=619 training_stage=coordination
2026-03-19 18:53:13 | INFO     | crowdcount.engine:236 - Averaged stats: lr: 0.000093  loss_sum: 0.0552 (0.0691)  losses: 0.0332 (0.0349)  den_loss: 0.0222 (0.0323)  loss_ce: 0.0293 (0.0314)  loss_points: 0.0034 (0.0035)  loss_ce_unscaled: 0.0293 (0.0314)  loss_points_unscaled: 16.8950 (17.4102)  moe_aux_total: 0.0017 (0.0019)  moe_aux_raw: 0.0086 (0.0094)  l_balance: 0.0100 (0.0110)  l_decorr: 0.0002 (0.0002)  moe_temperature: 0.6322 (0.6323)  ema_usage_min: 0.3756 (0.3709)  ema_usage_max: 0.4100 (0.4117)
2026-03-19 18:53:13 | INFO     | crowdcount.trainer:256 - [ep 619][lr 0.0000926][13.33s]
2026-03-19 18:53:15 | INFO     | crowdcount.trainer:240 - [MoE] epoch=620 training_stage=coordination
2026-03-19 18:53:28 | INFO     | crowdcount.engine:236 - Averaged stats: lr: 0.000093  loss_sum: 0.0732 (0.0655)  losses: 0.0353 (0.0343)  den_loss: 0.0340 (0.0294)  loss_ce: 0.0325 (0.0308)  loss_points: 0.0032 (0.0035)  loss_ce_unscaled: 0.0325 (0.0308)  loss_points_unscaled: 16.2386 (17.7170)  moe_aux_total: 0.0013 (0.0018)  moe_aux_raw: 0.0067 (0.0088)  l_balance: 0.0078 (0.0103)  l_decorr: 0.0002 (0.0002)  moe_temperature: 0.6317 (0.6318)  ema_usage_min: 0.3939 (0.3909)  ema_usage_max: 0.4084 (0.4092)
2026-03-19 18:53:28 | INFO     | crowdcount.trainer:256 - [ep 620][lr 0.0000925][13.45s]
2026-03-19 18:53:30 | INFO     | crowdcount.trainer:240 - [MoE] epoch=621 training_stage=coordination
2026-03-19 18:53:43 | INFO     | crowdcount.engine:236 - Averaged stats: lr: 0.000093  loss_sum: 0.0765 (0.0679)  losses: 0.0342 (0.0331)  den_loss: 0.0341 (0.0328)  loss_ce: 0.0311 (0.0297)  loss_points: 0.0033 (0.0034)  loss_ce_unscaled: 0.0311 (0.0297)  loss_points_unscaled: 16.2797 (16.8399)  moe_aux_total: 0.0015 (0.0021)  moe_aux_raw: 0.0075 (0.0105)  l_balance: 0.0087 (0.0123)  l_decorr: 0.0002 (0.0002)  moe_temperature: 0.6312 (0.6313)  ema_usage_min: 0.3937 (0.3947)  ema_usage_max: 0.4136 (0.4119)
2026-03-19 18:53:43 | INFO     | crowdcount.trainer:256 - [ep 621][lr 0.0000925][13.93s]
2026-03-19 18:53:55 | INFO     | crowdcount.trainer:297 - [Eval] mae=76.07  mse=121.06  time=10.6s  best_mae=57.40  best_mse=85.62
2026-03-19 18:53:55 | INFO     | crowdcount.trainer:301 - [Eval] density_mae=73.98  density_mse=112.90  best_density_mae=59.15
2026-03-19 18:53:55 | INFO     | crowdcount.trainer:240 - [MoE] epoch=622 training_stage=coordination
2026-03-19 18:54:09 | INFO     | crowdcount.engine:236 - Averaged stats: lr: 0.000092  loss_sum: 0.0493 (0.0726)  losses: 0.0306 (0.0357)  den_loss: 0.0193 (0.0347)  loss_ce: 0.0268 (0.0322)  loss_points: 0.0035 (0.0035)  loss_ce_unscaled: 0.0268 (0.0322)  loss_points_unscaled: 17.4405 (17.4706)  moe_aux_total: 0.0019 (0.0022)  moe_aux_raw: 0.0097 (0.0110)  l_balance: 0.0114 (0.0129)  l_decorr: 0.0002 (0.0002)  moe_temperature: 0.6308 (0.6309)  ema_usage_min: 0.3869 (0.3874)  ema_usage_max: 0.4151 (0.4177)
2026-03-19 18:54:09 | INFO     | crowdcount.trainer:256 - [ep 622][lr 0.0000925][13.74s]
2026-03-19 18:54:10 | INFO     | crowdcount.trainer:240 - [MoE] epoch=623 training_stage=coordination
2026-03-19 18:54:24 | INFO     | crowdcount.engine:236 - Averaged stats: lr: 0.000092  loss_sum: 0.0621 (0.0716)  losses: 0.0319 (0.0355)  den_loss: 0.0288 (0.0342)  loss_ce: 0.0282 (0.0320)  loss_points: 0.0034 (0.0035)  loss_ce_unscaled: 0.0282 (0.0320)  loss_points_unscaled: 17.0504 (17.4775)  moe_aux_total: 0.0019 (0.0020)  moe_aux_raw: 0.0095 (0.0101)  l_balance: 0.0101 (0.0118)  l_decorr: 0.0002 (0.0002)  moe_temperature: 0.6303 (0.6304)  ema_usage_min: 0.3892 (0.3873)  ema_usage_max: 0.4113 (0.4168)
2026-03-19 18:54:24 | INFO     | crowdcount.trainer:256 - [ep 623][lr 0.0000925][13.63s]
2026-03-19 18:54:25 | INFO     | crowdcount.trainer:240 - [MoE] epoch=624 training_stage=coordination
2026-03-19 18:54:40 | INFO     | crowdcount.engine:236 - Averaged stats: lr: 0.000092  loss_sum: 0.0586 (0.0746)  losses: 0.0316 (0.0354)  den_loss: 0.0233 (0.0367)  loss_ce: 0.0282 (0.0320)  loss_points: 0.0032 (0.0034)  loss_ce_unscaled: 0.0282 (0.0320)  loss_points_unscaled: 16.1791 (17.0077)  moe_aux_total: 0.0018 (0.0024)  moe_aux_raw: 0.0088 (0.0120)  l_balance: 0.0101 (0.0142)  l_decorr: 0.0002 (0.0002)  moe_temperature: 0.6298 (0.6299)  ema_usage_min: 0.3926 (0.3915)  ema_usage_max: 0.4115 (0.4115)
2026-03-19 18:54:40 | INFO     | crowdcount.trainer:256 - [ep 624][lr 0.0000924][14.20s]
2026-03-19 18:54:51 | INFO     | crowdcount.trainer:297 - [Eval] mae=73.42  mse=116.49  time=10.6s  best_mae=57.40  best_mse=85.62
2026-03-19 18:54:51 | INFO     | crowdcount.trainer:301 - [Eval] density_mae=74.84  density_mse=114.53  best_density_mae=59.15
2026-03-19 18:54:51 | INFO     | crowdcount.trainer:240 - [MoE] epoch=625 training_stage=coordination
2026-03-19 18:55:05 | INFO     | crowdcount.engine:236 - Averaged stats: lr: 0.000092  loss_sum: 0.0609 (0.0653)  losses: 0.0308 (0.0335)  den_loss: 0.0278 (0.0301)  loss_ce: 0.0274 (0.0299)  loss_points: 0.0034 (0.0036)  loss_ce_unscaled: 0.0274 (0.0299)  loss_points_unscaled: 17.1070 (17.9563)  moe_aux_total: 0.0011 (0.0017)  moe_aux_raw: 0.0057 (0.0086)  l_balance: 0.0065 (0.0101)  l_decorr: 0.0002 (0.0002)  moe_temperature: 0.6294 (0.6295)  ema_usage_min: 0.3885 (0.3892)  ema_usage_max: 0.4184 (0.4170)
2026-03-19 18:55:05 | INFO     | crowdcount.trainer:256 - [ep 625][lr 0.0000924][13.31s]
2026-03-19 18:55:06 | INFO     | crowdcount.trainer:240 - [MoE] epoch=626 training_stage=coordination
2026-03-19 18:55:20 | INFO     | crowdcount.engine:236 - Averaged stats: lr: 0.000092  loss_sum: 0.0615 (0.0699)  losses: 0.0325 (0.0349)  den_loss: 0.0279 (0.0338)  loss_ce: 0.0291 (0.0314)  loss_points: 0.0033 (0.0034)  loss_ce_unscaled: 0.0291 (0.0314)  loss_points_unscaled: 16.4518 (17.1346)  moe_aux_total: 0.0009 (0.0013)  moe_aux_raw: 0.0046 (0.0063)  l_balance: 0.0053 (0.0073)  l_decorr: 0.0002 (0.0002)  moe_temperature: 0.6289 (0.6290)  ema_usage_min: 0.3935 (0.3920)  ema_usage_max: 0.4151 (0.4166)
2026-03-19 18:55:20 | INFO     | crowdcount.trainer:256 - [ep 626][lr 0.0000924][13.77s]
2026-03-19 18:55:21 | INFO     | crowdcount.trainer:240 - [MoE] epoch=627 training_stage=coordination
2026-03-19 18:55:35 | INFO     | crowdcount.engine:236 - Averaged stats: lr: 0.000092  loss_sum: 0.0688 (0.0643)  losses: 0.0305 (0.0330)  den_loss: 0.0305 (0.0294)  loss_ce: 0.0280 (0.0295)  loss_points: 0.0034 (0.0034)  loss_ce_unscaled: 0.0280 (0.0295)  loss_points_unscaled: 16.8729 (17.1197)  moe_aux_total: 0.0016 (0.0019)  moe_aux_raw: 0.0079 (0.0094)  l_balance: 0.0093 (0.0111)  l_decorr: 0.0002 (0.0002)  moe_temperature: 0.6284 (0.6285)  ema_usage_min: 0.3923 (0.3917)  ema_usage_max: 0.4119 (0.4135)
2026-03-19 18:55:35 | INFO     | crowdcount.trainer:256 - [ep 627][lr 0.0000924][13.60s]
2026-03-19 18:55:47 | INFO     | crowdcount.trainer:297 - [Eval] mae=66.23  mse=104.49  time=10.5s  best_mae=57.40  best_mse=85.62
2026-03-19 18:55:47 | INFO     | crowdcount.trainer:301 - [Eval] density_mae=61.38  density_mse=93.95  best_density_mae=59.15
2026-03-19 18:55:47 | INFO     | crowdcount.trainer:240 - [MoE] epoch=628 training_stage=coordination
2026-03-19 18:56:00 | INFO     | crowdcount.engine:236 - Averaged stats: lr: 0.000092  loss_sum: 0.0593 (0.0691)  losses: 0.0306 (0.0342)  den_loss: 0.0251 (0.0334)  loss_ce: 0.0269 (0.0307)  loss_points: 0.0035 (0.0035)  loss_ce_unscaled: 0.0269 (0.0307)  loss_points_unscaled: 17.6945 (17.4418)  moe_aux_total: 0.0008 (0.0015)  moe_aux_raw: 0.0040 (0.0075)  l_balance: 0.0042 (0.0087)  l_decorr: 0.0002 (0.0002)  moe_temperature: 0.6280 (0.6281)  ema_usage_min: 0.3953 (0.3954)  ema_usage_max: 0.4119 (0.4120)
2026-03-19 18:56:00 | INFO     | crowdcount.trainer:256 - [ep 628][lr 0.0000923][13.75s]
2026-03-19 18:56:02 | INFO     | crowdcount.trainer:240 - [MoE] epoch=629 training_stage=coordination
2026-03-19 18:56:15 | INFO     | crowdcount.engine:236 - Averaged stats: lr: 0.000092  loss_sum: 0.0558 (0.0634)  losses: 0.0295 (0.0330)  den_loss: 0.0174 (0.0291)  loss_ce: 0.0253 (0.0296)  loss_points: 0.0030 (0.0034)  loss_ce_unscaled: 0.0253 (0.0296)  loss_points_unscaled: 15.2035 (16.8460)  moe_aux_total: 0.0009 (0.0014)  moe_aux_raw: 0.0046 (0.0068)  l_balance: 0.0053 (0.0079)  l_decorr: 0.0002 (0.0002)  moe_temperature: 0.6275 (0.6276)  ema_usage_min: 0.3960 (0.3964)  ema_usage_max: 0.4029 (0.4049)
2026-03-19 18:56:15 | INFO     | crowdcount.trainer:256 - [ep 629][lr 0.0000923][13.00s]
2026-03-19 18:56:16 | INFO     | crowdcount.trainer:240 - [MoE] epoch=630 training_stage=coordination
2026-03-19 18:56:30 | INFO     | crowdcount.engine:236 - Averaged stats: lr: 0.000092  loss_sum: 0.0630 (0.0655)  losses: 0.0314 (0.0337)  den_loss: 0.0266 (0.0300)  loss_ce: 0.0283 (0.0302)  loss_points: 0.0034 (0.0035)  loss_ce_unscaled: 0.0283 (0.0302)  loss_points_unscaled: 16.9611 (17.5997)  moe_aux_total: 0.0014 (0.0018)  moe_aux_raw: 0.0069 (0.0092)  l_balance: 0.0080 (0.0108)  l_decorr: 0.0002 (0.0002)  moe_temperature: 0.6270 (0.6271)  ema_usage_min: 0.3934 (0.3938)  ema_usage_max: 0.4059 (0.4045)
2026-03-19 18:56:30 | INFO     | crowdcount.trainer:256 - [ep 630][lr 0.0000923][13.46s]
2026-03-19 18:56:42 | INFO     | crowdcount.trainer:297 - [Eval] mae=67.23  mse=108.04  time=10.5s  best_mae=57.40  best_mse=85.62
2026-03-19 18:56:42 | INFO     | crowdcount.trainer:301 - [Eval] density_mae=73.74  density_mse=109.32  best_density_mae=59.15
2026-03-19 18:56:42 | INFO     | crowdcount.trainer:240 - [MoE] epoch=631 training_stage=coordination
2026-03-19 18:56:55 | INFO     | crowdcount.engine:236 - Averaged stats: lr: 0.000092  loss_sum: 0.0513 (0.0618)  losses: 0.0299 (0.0322)  den_loss: 0.0200 (0.0279)  loss_ce: 0.0270 (0.0286)  loss_points: 0.0035 (0.0036)  loss_ce_unscaled: 0.0270 (0.0286)  loss_points_unscaled: 17.2830 (17.7673)  moe_aux_total: 0.0007 (0.0017)  moe_aux_raw: 0.0037 (0.0083)  l_balance: 0.0040 (0.0097)  l_decorr: 0.0002 (0.0002)  moe_temperature: 0.6266 (0.6267)  ema_usage_min: 0.3939 (0.3941)  ema_usage_max: 0.4084 (0.4080)
2026-03-19 18:56:55 | INFO     | crowdcount.trainer:256 - [ep 631][lr 0.0000923][13.18s]
2026-03-19 18:56:56 | INFO     | crowdcount.trainer:240 - [MoE] epoch=632 training_stage=coordination
2026-03-19 18:57:10 | INFO     | crowdcount.engine:236 - Averaged stats: lr: 0.000092  loss_sum: 0.0562 (0.0631)  losses: 0.0305 (0.0348)  den_loss: 0.0207 (0.0266)  loss_ce: 0.0277 (0.0313)  loss_points: 0.0034 (0.0035)  loss_ce_unscaled: 0.0277 (0.0313)  loss_points_unscaled: 17.1842 (17.3710)  moe_aux_total: 0.0013 (0.0017)  moe_aux_raw: 0.0067 (0.0085)  l_balance: 0.0078 (0.0100)  l_decorr: 0.0002 (0.0002)  moe_temperature: 0.6261 (0.6262)  ema_usage_min: 0.3926 (0.3927)  ema_usage_max: 0.4054 (0.4065)
2026-03-19 18:57:10 | INFO     | crowdcount.trainer:256 - [ep 632][lr 0.0000922][13.45s]
2026-03-19 18:57:11 | INFO     | crowdcount.trainer:240 - [MoE] epoch=633 training_stage=coordination
2026-03-19 18:57:24 | INFO     | crowdcount.engine:236 - Averaged stats: lr: 0.000092  loss_sum: 0.0456 (0.0597)  losses: 0.0265 (0.0322)  den_loss: 0.0172 (0.0259)  loss_ce: 0.0234 (0.0287)  loss_points: 0.0032 (0.0035)  loss_ce_unscaled: 0.0234 (0.0287)  loss_points_unscaled: 16.0685 (17.4801)  moe_aux_total: 0.0016 (0.0016)  moe_aux_raw: 0.0079 (0.0082)  l_balance: 0.0093 (0.0096)  l_decorr: 0.0001 (0.0002)  moe_temperature: 0.6256 (0.6257)  ema_usage_min: 0.3960 (0.3950)  ema_usage_max: 0.4071 (0.4069)
2026-03-19 18:57:24 | INFO     | crowdcount.trainer:256 - [ep 633][lr 0.0000922][13.18s]
2026-03-19 18:57:36 | INFO     | crowdcount.trainer:297 - [Eval] mae=69.02  mse=106.48  time=10.5s  best_mae=57.40  best_mse=85.62
2026-03-19 18:57:36 | INFO     | crowdcount.trainer:301 - [Eval] density_mae=72.18  density_mse=98.97  best_density_mae=59.15
2026-03-19 18:57:36 | INFO     | crowdcount.trainer:240 - [MoE] epoch=634 training_stage=coordination
2026-03-19 18:57:49 | INFO     | crowdcount.engine:236 - Averaged stats: lr: 0.000092  loss_sum: 0.0508 (0.0639)  losses: 0.0305 (0.0330)  den_loss: 0.0191 (0.0292)  loss_ce: 0.0272 (0.0295)  loss_points: 0.0033 (0.0035)  loss_ce_unscaled: 0.0272 (0.0295)  loss_points_unscaled: 16.4250 (17.6766)  moe_aux_total: 0.0010 (0.0017)  moe_aux_raw: 0.0050 (0.0084)  l_balance: 0.0053 (0.0098)  l_decorr: 0.0002 (0.0003)  moe_temperature: 0.6252 (0.6253)  ema_usage_min: 0.3913 (0.3921)  ema_usage_max: 0.4177 (0.4152)
2026-03-19 18:57:49 | INFO     | crowdcount.trainer:256 - [ep 634][lr 0.0000922][13.14s]
2026-03-19 18:57:50 | INFO     | crowdcount.trainer:240 - [MoE] epoch=635 training_stage=coordination
2026-03-19 18:58:04 | INFO     | crowdcount.engine:236 - Averaged stats: lr: 0.000092  loss_sum: 0.0574 (0.0717)  losses: 0.0310 (0.0360)  den_loss: 0.0254 (0.0336)  loss_ce: 0.0283 (0.0325)  loss_points: 0.0035 (0.0035)  loss_ce_unscaled: 0.0283 (0.0325)  loss_points_unscaled: 17.3737 (17.4534)  moe_aux_total: 0.0018 (0.0021)  moe_aux_raw: 0.0088 (0.0106)  l_balance: 0.0100 (0.0123)  l_decorr: 0.0002 (0.0003)  moe_temperature: 0.6247 (0.6248)  ema_usage_min: 0.3784 (0.3821)  ema_usage_max: 0.4290 (0.4249)
2026-03-19 18:58:04 | INFO     | crowdcount.trainer:256 - [ep 635][lr 0.0000922][13.74s]
2026-03-19 18:58:06 | INFO     | crowdcount.trainer:240 - [MoE] epoch=636 training_stage=coordination
2026-03-19 18:58:20 | INFO     | crowdcount.engine:236 - Averaged stats: lr: 0.000092  loss_sum: 0.0545 (0.0748)  losses: 0.0307 (0.0372)  den_loss: 0.0207 (0.0356)  loss_ce: 0.0283 (0.0338)  loss_points: 0.0034 (0.0035)  loss_ce_unscaled: 0.0283 (0.0338)  loss_points_unscaled: 17.2181 (17.2907)  moe_aux_total: 0.0009 (0.0020)  moe_aux_raw: 0.0046 (0.0099)  l_balance: 0.0053 (0.0116)  l_decorr: 0.0002 (0.0002)  moe_temperature: 0.6242 (0.6244)  ema_usage_min: 0.3691 (0.3711)  ema_usage_max: 0.4427 (0.4393)
2026-03-19 18:58:20 | INFO     | crowdcount.trainer:256 - [ep 636][lr 0.0000922][14.10s]
2026-03-19 18:58:32 | INFO     | crowdcount.trainer:297 - [Eval] mae=112.35  mse=179.96  time=10.6s  best_mae=57.40  best_mse=85.62
2026-03-19 18:58:32 | INFO     | crowdcount.trainer:301 - [Eval] density_mae=116.99  density_mse=172.09  best_density_mae=59.15
2026-03-19 18:58:32 | INFO     | crowdcount.trainer:240 - [MoE] epoch=637 training_stage=coordination
2026-03-19 18:58:45 | INFO     | crowdcount.engine:236 - Averaged stats: lr: 0.000092  loss_sum: 0.0553 (0.0698)  losses: 0.0319 (0.0342)  den_loss: 0.0209 (0.0333)  loss_ce: 0.0282 (0.0307)  loss_points: 0.0032 (0.0035)  loss_ce_unscaled: 0.0282 (0.0307)  loss_points_unscaled: 16.2487 (17.4201)  moe_aux_total: 0.0020 (0.0022)  moe_aux_raw: 0.0100 (0.0111)  l_balance: 0.0116 (0.0130)  l_decorr: 0.0002 (0.0002)  moe_temperature: 0.6238 (0.6239)  ema_usage_min: 0.3647 (0.3676)  ema_usage_max: 0.4321 (0.4333)
2026-03-19 18:58:45 | INFO     | crowdcount.trainer:256 - [ep 637][lr 0.0000921][13.20s]
2026-03-19 18:58:47 | INFO     | crowdcount.trainer:240 - [MoE] epoch=638 training_stage=coordination
2026-03-19 18:59:00 | INFO     | crowdcount.engine:236 - Averaged stats: lr: 0.000092  loss_sum: 0.0562 (0.0672)  losses: 0.0350 (0.0341)  den_loss: 0.0227 (0.0309)  loss_ce: 0.0311 (0.0305)  loss_points: 0.0035 (0.0035)  loss_ce_unscaled: 0.0311 (0.0305)  loss_points_unscaled: 17.5933 (17.6804)  moe_aux_total: 0.0015 (0.0022)  moe_aux_raw: 0.0074 (0.0109)  l_balance: 0.0087 (0.0128)  l_decorr: 0.0002 (0.0002)  moe_temperature: 0.6233 (0.6234)  ema_usage_min: 0.3725 (0.3713)  ema_usage_max: 0.4303 (0.4309)
2026-03-19 18:59:00 | INFO     | crowdcount.trainer:256 - [ep 638][lr 0.0000921][13.88s]
2026-03-19 18:59:02 | INFO     | crowdcount.trainer:240 - [MoE] epoch=639 training_stage=coordination
2026-03-19 18:59:15 | INFO     | crowdcount.engine:236 - Averaged stats: lr: 0.000092  loss_sum: 0.0622 (0.0706)  losses: 0.0339 (0.0355)  den_loss: 0.0302 (0.0331)  loss_ce: 0.0308 (0.0321)  loss_points: 0.0034 (0.0034)  loss_ce_unscaled: 0.0308 (0.0321)  loss_points_unscaled: 16.8615 (17.2185)  moe_aux_total: 0.0020 (0.0019)  moe_aux_raw: 0.0099 (0.0096)  l_balance: 0.0112 (0.0112)  l_decorr: 0.0002 (0.0003)  moe_temperature: 0.6229 (0.6230)  ema_usage_min: 0.3714 (0.3734)  ema_usage_max: 0.4238 (0.4258)
2026-03-19 18:59:15 | INFO     | crowdcount.trainer:256 - [ep 639][lr 0.0000921][13.51s]
2026-03-19 18:59:27 | INFO     | crowdcount.trainer:297 - [Eval] mae=68.04  mse=109.89  time=10.4s  best_mae=57.40  best_mse=85.62
2026-03-19 18:59:27 | INFO     | crowdcount.trainer:301 - [Eval] density_mae=66.35  density_mse=99.07  best_density_mae=59.15
2026-03-19 18:59:27 | INFO     | crowdcount.trainer:240 - [MoE] epoch=640 training_stage=coordination
2026-03-19 18:59:40 | INFO     | crowdcount.engine:236 - Averaged stats: lr: 0.000092  loss_sum: 0.0574 (0.0638)  losses: 0.0316 (0.0331)  den_loss: 0.0231 (0.0286)  loss_ce: 0.0282 (0.0297)  loss_points: 0.0033 (0.0034)  loss_ce_unscaled: 0.0282 (0.0297)  loss_points_unscaled: 16.5700 (16.8961)  moe_aux_total: 0.0009 (0.0021)  moe_aux_raw: 0.0046 (0.0104)  l_balance: 0.0053 (0.0123)  l_decorr: 0.0002 (0.0002)  moe_temperature: 0.6224 (0.6225)  ema_usage_min: 0.3711 (0.3696)  ema_usage_max: 0.4184 (0.4209)
2026-03-19 18:59:40 | INFO     | crowdcount.trainer:256 - [ep 640][lr 0.0000921][13.16s]
2026-03-19 18:59:42 | INFO     | crowdcount.trainer:240 - [MoE] epoch=641 training_stage=coordination
2026-03-19 18:59:56 | INFO     | crowdcount.engine:236 - Averaged stats: lr: 0.000092  loss_sum: 0.0618 (0.0705)  losses: 0.0342 (0.0357)  den_loss: 0.0273 (0.0325)  loss_ce: 0.0305 (0.0323)  loss_points: 0.0032 (0.0034)  loss_ce_unscaled: 0.0305 (0.0323)  loss_points_unscaled: 16.0873 (16.8546)  moe_aux_total: 0.0020 (0.0023)  moe_aux_raw: 0.0098 (0.0117)  l_balance: 0.0116 (0.0138)  l_decorr: 0.0002 (0.0002)  moe_temperature: 0.6219 (0.6221)  ema_usage_min: 0.3788 (0.3782)  ema_usage_max: 0.4141 (0.4138)
2026-03-19 18:59:56 | INFO     | crowdcount.trainer:256 - [ep 641][lr 0.0000920][13.83s]
2026-03-19 18:59:57 | INFO     | crowdcount.trainer:240 - [MoE] epoch=642 training_stage=coordination
2026-03-19 19:00:11 | INFO     | crowdcount.engine:236 - Averaged stats: lr: 0.000092  loss_sum: 0.0660 (0.0711)  losses: 0.0350 (0.0357)  den_loss: 0.0246 (0.0334)  loss_ce: 0.0322 (0.0323)  loss_points: 0.0033 (0.0034)  loss_ce_unscaled: 0.0322 (0.0323)  loss_points_unscaled: 16.2901 (17.0108)  moe_aux_total: 0.0016 (0.0020)  moe_aux_raw: 0.0079 (0.0100)  l_balance: 0.0093 (0.0117)  l_decorr: 0.0002 (0.0002)  moe_temperature: 0.6215 (0.6216)  ema_usage_min: 0.3782 (0.3793)  ema_usage_max: 0.4160 (0.4160)
2026-03-19 19:00:11 | INFO     | crowdcount.trainer:256 - [ep 642][lr 0.0000920][13.66s]
2026-03-19 19:00:23 | INFO     | crowdcount.trainer:297 - [Eval] mae=67.37  mse=104.37  time=10.5s  best_mae=57.40  best_mse=85.62
2026-03-19 19:00:23 | INFO     | crowdcount.trainer:301 - [Eval] density_mae=69.56  density_mse=100.41  best_density_mae=59.15
2026-03-19 19:00:23 | INFO     | crowdcount.trainer:240 - [MoE] epoch=643 training_stage=coordination
2026-03-19 19:00:36 | INFO     | crowdcount.engine:236 - Averaged stats: lr: 0.000092  loss_sum: 0.0597 (0.0697)  losses: 0.0340 (0.0349)  den_loss: 0.0225 (0.0324)  loss_ce: 0.0307 (0.0315)  loss_points: 0.0036 (0.0035)  loss_ce_unscaled: 0.0307 (0.0315)  loss_points_unscaled: 18.1587 (17.3527)  moe_aux_total: 0.0014 (0.0024)  moe_aux_raw: 0.0068 (0.0120)  l_balance: 0.0078 (0.0140)  l_decorr: 0.0002 (0.0003)  moe_temperature: 0.6210 (0.6211)  ema_usage_min: 0.3714 (0.3727)  ema_usage_max: 0.4163 (0.4161)
2026-03-19 19:00:36 | INFO     | crowdcount.trainer:256 - [ep 643][lr 0.0000920][13.50s]
2026-03-19 19:00:38 | INFO     | crowdcount.trainer:240 - [MoE] epoch=644 training_stage=coordination
2026-03-19 19:00:51 | INFO     | crowdcount.engine:236 - Averaged stats: lr: 0.000092  loss_sum: 0.0718 (0.0683)  losses: 0.0349 (0.0339)  den_loss: 0.0304 (0.0317)  loss_ce: 0.0311 (0.0304)  loss_points: 0.0034 (0.0035)  loss_ce_unscaled: 0.0311 (0.0304)  loss_points_unscaled: 17.2486 (17.5056)  moe_aux_total: 0.0016 (0.0027)  moe_aux_raw: 0.0081 (0.0136)  l_balance: 0.0093 (0.0159)  l_decorr: 0.0002 (0.0003)  moe_temperature: 0.6206 (0.6207)  ema_usage_min: 0.3633 (0.3638)  ema_usage_max: 0.4240 (0.4237)
2026-03-19 19:00:51 | INFO     | crowdcount.trainer:256 - [ep 644][lr 0.0000920][13.40s]
2026-03-19 19:00:52 | INFO     | crowdcount.trainer:240 - [MoE] epoch=645 training_stage=coordination
2026-03-19 19:01:05 | INFO     | crowdcount.engine:236 - Averaged stats: lr: 0.000092  loss_sum: 0.0658 (0.0685)  losses: 0.0345 (0.0354)  den_loss: 0.0278 (0.0312)  loss_ce: 0.0312 (0.0319)  loss_points: 0.0035 (0.0034)  loss_ce_unscaled: 0.0312 (0.0319)  loss_points_unscaled: 17.2968 (17.1544)  moe_aux_total: 0.0015 (0.0020)  moe_aux_raw: 0.0075 (0.0098)  l_balance: 0.0087 (0.0115)  l_decorr: 0.0002 (0.0002)  moe_temperature: 0.6201 (0.6202)  ema_usage_min: 0.3668 (0.3671)  ema_usage_max: 0.4199 (0.4185)
2026-03-19 19:01:05 | INFO     | crowdcount.trainer:256 - [ep 645][lr 0.0000919][13.25s]
2026-03-19 19:01:17 | INFO     | crowdcount.trainer:297 - [Eval] mae=66.62  mse=105.10  time=10.4s  best_mae=57.40  best_mse=85.62
2026-03-19 19:01:17 | INFO     | crowdcount.trainer:301 - [Eval] density_mae=79.02  density_mse=118.44  best_density_mae=59.15
2026-03-19 19:01:17 | INFO     | crowdcount.trainer:240 - [MoE] epoch=646 training_stage=coordination
2026-03-19 19:01:30 | INFO     | crowdcount.engine:236 - Averaged stats: lr: 0.000092  loss_sum: 0.0482 (0.0646)  losses: 0.0288 (0.0323)  den_loss: 0.0183 (0.0299)  loss_ce: 0.0254 (0.0288)  loss_points: 0.0033 (0.0036)  loss_ce_unscaled: 0.0254 (0.0288)  loss_points_unscaled: 16.2788 (17.8152)  moe_aux_total: 0.0016 (0.0023)  moe_aux_raw: 0.0080 (0.0117)  l_balance: 0.0093 (0.0138)  l_decorr: 0.0002 (0.0002)  moe_temperature: 0.6196 (0.6198)  ema_usage_min: 0.3831 (0.3803)  ema_usage_max: 0.4160 (0.4170)
2026-03-19 19:01:30 | INFO     | crowdcount.trainer:256 - [ep 646][lr 0.0000919][13.03s]
2026-03-19 19:01:31 | INFO     | crowdcount.trainer:240 - [MoE] epoch=647 training_stage=coordination
2026-03-19 19:01:45 | INFO     | crowdcount.engine:236 - Averaged stats: lr: 0.000092  loss_sum: 0.0657 (0.0720)  losses: 0.0362 (0.0367)  den_loss: 0.0282 (0.0328)  loss_ce: 0.0325 (0.0332)  loss_points: 0.0035 (0.0035)  loss_ce_unscaled: 0.0325 (0.0332)  loss_points_unscaled: 17.3079 (17.2746)  moe_aux_total: 0.0020 (0.0026)  moe_aux_raw: 0.0099 (0.0130)  l_balance: 0.0118 (0.0153)  l_decorr: 0.0002 (0.0002)  moe_temperature: 0.6192 (0.6193)  ema_usage_min: 0.3832 (0.3838)  ema_usage_max: 0.4144 (0.4159)
2026-03-19 19:01:45 | INFO     | crowdcount.trainer:256 - [ep 647][lr 0.0000919][13.74s]
2026-03-19 19:01:46 | INFO     | crowdcount.trainer:240 - [MoE] epoch=648 training_stage=coordination
2026-03-19 19:02:00 | INFO     | crowdcount.engine:236 - Averaged stats: lr: 0.000092  loss_sum: 0.0602 (0.0671)  losses: 0.0314 (0.0340)  den_loss: 0.0248 (0.0311)  loss_ce: 0.0279 (0.0305)  loss_points: 0.0033 (0.0035)  loss_ce_unscaled: 0.0279 (0.0305)  loss_points_unscaled: 16.6954 (17.4475)  moe_aux_total: 0.0016 (0.0020)  moe_aux_raw: 0.0079 (0.0102)  l_balance: 0.0093 (0.0119)  l_decorr: 0.0002 (0.0003)  moe_temperature: 0.6187 (0.6188)  ema_usage_min: 0.3883 (0.3875)  ema_usage_max: 0.4113 (0.4119)
2026-03-19 19:02:00 | INFO     | crowdcount.trainer:256 - [ep 648][lr 0.0000919][13.86s]
2026-03-19 19:02:12 | INFO     | crowdcount.trainer:297 - [Eval] mae=68.34  mse=110.73  time=10.5s  best_mae=57.40  best_mse=85.62
2026-03-19 19:02:12 | INFO     | crowdcount.trainer:301 - [Eval] density_mae=74.75  density_mse=103.85  best_density_mae=59.15
2026-03-19 19:02:12 | INFO     | crowdcount.trainer:240 - [MoE] epoch=649 training_stage=coordination
2026-03-19 19:02:26 | INFO     | crowdcount.engine:236 - Averaged stats: lr: 0.000092  loss_sum: 0.0653 (0.0758)  losses: 0.0339 (0.0353)  den_loss: 0.0268 (0.0389)  loss_ce: 0.0302 (0.0319)  loss_points: 0.0036 (0.0034)  loss_ce_unscaled: 0.0302 (0.0319)  loss_points_unscaled: 17.8726 (16.7643)  moe_aux_total: 0.0019 (0.0016)  moe_aux_raw: 0.0097 (0.0081)  l_balance: 0.0114 (0.0094)  l_decorr: 0.0002 (0.0003)  moe_temperature: 0.6183 (0.6184)  ema_usage_min: 0.3921 (0.3905)  ema_usage_max: 0.4101 (0.4108)
2026-03-19 19:02:26 | INFO     | crowdcount.trainer:256 - [ep 649][lr 0.0000918][13.71s]
2026-03-19 19:02:28 | INFO     | crowdcount.trainer:240 - [MoE] epoch=650 training_stage=coordination
2026-03-19 19:02:41 | INFO     | crowdcount.engine:236 - Averaged stats: lr: 0.000092  loss_sum: 0.0548 (0.0690)  losses: 0.0354 (0.0349)  den_loss: 0.0193 (0.0319)  loss_ce: 0.0320 (0.0314)  loss_points: 0.0034 (0.0034)  loss_ce_unscaled: 0.0320 (0.0314)  loss_points_unscaled: 16.9822 (17.2488)  moe_aux_total: 0.0019 (0.0023)  moe_aux_raw: 0.0097 (0.0114)  l_balance: 0.0114 (0.0133)  l_decorr: 0.0002 (0.0002)  moe_temperature: 0.6178 (0.6179)  ema_usage_min: 0.3934 (0.3933)  ema_usage_max: 0.4105 (0.4111)
2026-03-19 19:02:41 | INFO     | crowdcount.trainer:256 - [ep 650][lr 0.0000918][13.42s]
2026-03-19 19:02:42 | INFO     | crowdcount.trainer:240 - [MoE] epoch=651 training_stage=coordination
2026-03-19 19:02:56 | INFO     | crowdcount.engine:236 - Averaged stats: lr: 0.000092  loss_sum: 0.0574 (0.0757)  losses: 0.0331 (0.0351)  den_loss: 0.0227 (0.0388)  loss_ce: 0.0298 (0.0316)  loss_points: 0.0035 (0.0035)  loss_ce_unscaled: 0.0298 (0.0316)  loss_points_unscaled: 17.4290 (17.4398)  moe_aux_total: 0.0010 (0.0018)  moe_aux_raw: 0.0049 (0.0089)  l_balance: 0.0053 (0.0104)  l_decorr: 0.0002 (0.0003)  moe_temperature: 0.6174 (0.6175)  ema_usage_min: 0.3863 (0.3864)  ema_usage_max: 0.4088 (0.4096)
2026-03-19 19:02:56 | INFO     | crowdcount.trainer:256 - [ep 651][lr 0.0000918][13.71s]
2026-03-19 19:03:08 | INFO     | crowdcount.trainer:297 - [Eval] mae=68.88  mse=111.12  time=10.6s  best_mae=57.40  best_mse=85.62
2026-03-19 19:03:08 | INFO     | crowdcount.trainer:301 - [Eval] density_mae=69.97  density_mse=107.86  best_density_mae=59.15
2026-03-19 19:03:08 | INFO     | crowdcount.trainer:240 - [MoE] epoch=652 training_stage=coordination
2026-03-19 19:03:22 | INFO     | crowdcount.engine:236 - Averaged stats: lr: 0.000092  loss_sum: 0.0734 (0.0651)  losses: 0.0367 (0.0342)  den_loss: 0.0303 (0.0291)  loss_ce: 0.0336 (0.0307)  loss_points: 0.0035 (0.0035)  loss_ce_unscaled: 0.0336 (0.0307)  loss_points_unscaled: 17.2696 (17.4083)  moe_aux_total: 0.0017 (0.0019)  moe_aux_raw: 0.0085 (0.0095)  l_balance: 0.0100 (0.0111)  l_decorr: 0.0002 (0.0002)  moe_temperature: 0.6169 (0.6170)  ema_usage_min: 0.3848 (0.3857)  ema_usage_max: 0.4083 (0.4085)
2026-03-19 19:03:22 | INFO     | crowdcount.trainer:256 - [ep 652][lr 0.0000918][13.25s]
2026-03-19 19:03:23 | INFO     | crowdcount.trainer:240 - [MoE] epoch=653 training_stage=coordination
2026-03-19 19:03:36 | INFO     | crowdcount.engine:236 - Averaged stats: lr: 0.000092  loss_sum: 0.0413 (0.0639)  losses: 0.0302 (0.0331)  den_loss: 0.0110 (0.0294)  loss_ce: 0.0264 (0.0297)  loss_points: 0.0033 (0.0034)  loss_ce_unscaled: 0.0264 (0.0297)  loss_points_unscaled: 16.7417 (17.0613)  moe_aux_total: 0.0012 (0.0015)  moe_aux_raw: 0.0060 (0.0074)  l_balance: 0.0069 (0.0085)  l_decorr: 0.0002 (0.0002)  moe_temperature: 0.6164 (0.6166)  ema_usage_min: 0.3943 (0.3921)  ema_usage_max: 0.4064 (0.4068)
2026-03-19 19:03:36 | INFO     | crowdcount.trainer:256 - [ep 653][lr 0.0000917][13.09s]
2026-03-19 19:03:38 | INFO     | crowdcount.trainer:240 - [MoE] epoch=654 training_stage=coordination
2026-03-19 19:03:51 | INFO     | crowdcount.engine:236 - Averaged stats: lr: 0.000092  loss_sum: 0.0568 (0.0646)  losses: 0.0309 (0.0344)  den_loss: 0.0207 (0.0275)  loss_ce: 0.0274 (0.0310)  loss_points: 0.0033 (0.0034)  loss_ce_unscaled: 0.0274 (0.0310)  loss_points_unscaled: 16.3401 (16.8737)  moe_aux_total: 0.0013 (0.0028)  moe_aux_raw: 0.0067 (0.0138)  l_balance: 0.0078 (0.0163)  l_decorr: 0.0002 (0.0002)  moe_temperature: 0.6160 (0.6161)  ema_usage_min: 0.3922 (0.3923)  ema_usage_max: 0.4184 (0.4158)
2026-03-19 19:03:51 | INFO     | crowdcount.trainer:256 - [ep 654][lr 0.0000917][13.40s]
2026-03-19 19:04:03 | INFO     | crowdcount.trainer:297 - [Eval] mae=61.16  mse=99.96  time=10.5s  best_mae=57.40  best_mse=85.62
2026-03-19 19:04:03 | INFO     | crowdcount.trainer:301 - [Eval] density_mae=64.63  density_mse=100.19  best_density_mae=59.15
2026-03-19 19:04:03 | INFO     | crowdcount.trainer:240 - [MoE] epoch=655 training_stage=coordination
2026-03-19 19:04:16 | INFO     | crowdcount.engine:236 - Averaged stats: lr: 0.000092  loss_sum: 0.0620 (0.0677)  losses: 0.0367 (0.0344)  den_loss: 0.0258 (0.0314)  loss_ce: 0.0332 (0.0310)  loss_points: 0.0033 (0.0034)  loss_ce_unscaled: 0.0332 (0.0310)  loss_points_unscaled: 16.4938 (17.1612)  moe_aux_total: 0.0016 (0.0019)  moe_aux_raw: 0.0080 (0.0096)  l_balance: 0.0093 (0.0112)  l_decorr: 0.0002 (0.0002)  moe_temperature: 0.6155 (0.6156)  ema_usage_min: 0.3860 (0.3878)  ema_usage_max: 0.4219 (0.4205)
2026-03-19 19:04:16 | INFO     | crowdcount.trainer:256 - [ep 655][lr 0.0000917][13.34s]
2026-03-19 19:04:18 | INFO     | crowdcount.trainer:240 - [MoE] epoch=656 training_stage=coordination
2026-03-19 19:04:31 | INFO     | crowdcount.engine:236 - Averaged stats: lr: 0.000092  loss_sum: 0.0542 (0.0649)  losses: 0.0309 (0.0326)  den_loss: 0.0227 (0.0304)  loss_ce: 0.0270 (0.0289)  loss_points: 0.0033 (0.0036)  loss_ce_unscaled: 0.0270 (0.0289)  loss_points_unscaled: 16.7448 (18.1159)  moe_aux_total: 0.0013 (0.0019)  moe_aux_raw: 0.0063 (0.0096)  l_balance: 0.0074 (0.0112)  l_decorr: 0.0002 (0.0002)  moe_temperature: 0.6151 (0.6152)  ema_usage_min: 0.3792 (0.3800)  ema_usage_max: 0.4176 (0.4190)
2026-03-19 19:04:31 | INFO     | crowdcount.trainer:256 - [ep 656][lr 0.0000917][13.58s]
2026-03-19 19:04:33 | INFO     | crowdcount.trainer:240 - [MoE] epoch=657 training_stage=coordination
2026-03-19 19:04:46 | INFO     | crowdcount.engine:236 - Averaged stats: lr: 0.000092  loss_sum: 0.0606 (0.0651)  losses: 0.0320 (0.0325)  den_loss: 0.0224 (0.0310)  loss_ce: 0.0274 (0.0289)  loss_points: 0.0038 (0.0036)  loss_ce_unscaled: 0.0274 (0.0289)  loss_points_unscaled: 19.1165 (17.8132)  moe_aux_total: 0.0009 (0.0017)  moe_aux_raw: 0.0046 (0.0083)  l_balance: 0.0053 (0.0096)  l_decorr: 0.0002 (0.0003)  moe_temperature: 0.6146 (0.6147)  ema_usage_min: 0.3782 (0.3771)  ema_usage_max: 0.4128 (0.4138)
2026-03-19 19:04:46 | INFO     | crowdcount.trainer:256 - [ep 657][lr 0.0000916][13.29s]
2026-03-19 19:04:58 | INFO     | crowdcount.trainer:297 - [Eval] mae=63.08  mse=100.94  time=10.5s  best_mae=57.40  best_mse=85.62
2026-03-19 19:04:58 | INFO     | crowdcount.trainer:301 - [Eval] density_mae=71.82  density_mse=103.34  best_density_mae=59.15
2026-03-19 19:04:58 | INFO     | crowdcount.trainer:240 - [MoE] epoch=658 training_stage=coordination
2026-03-19 19:05:11 | INFO     | crowdcount.engine:236 - Averaged stats: lr: 0.000092  loss_sum: 0.0666 (0.0776)  losses: 0.0373 (0.0364)  den_loss: 0.0276 (0.0384)  loss_ce: 0.0342 (0.0330)  loss_points: 0.0031 (0.0034)  loss_ce_unscaled: 0.0342 (0.0330)  loss_points_unscaled: 15.7373 (16.9784)  moe_aux_total: 0.0022 (0.0028)  moe_aux_raw: 0.0110 (0.0138)  l_balance: 0.0126 (0.0163)  l_decorr: 0.0002 (0.0002)  moe_temperature: 0.6142 (0.6143)  ema_usage_min: 0.3666 (0.3712)  ema_usage_max: 0.4164 (0.4140)
2026-03-19 19:05:11 | INFO     | crowdcount.trainer:256 - [ep 658][lr 0.0000916][13.76s]
2026-03-19 19:05:13 | INFO     | crowdcount.trainer:240 - [MoE] epoch=659 training_stage=coordination
2026-03-19 19:05:27 | INFO     | crowdcount.engine:236 - Averaged stats: lr: 0.000092  loss_sum: 0.0698 (0.0725)  losses: 0.0370 (0.0362)  den_loss: 0.0295 (0.0341)  loss_ce: 0.0325 (0.0328)  loss_points: 0.0035 (0.0034)  loss_ce_unscaled: 0.0325 (0.0328)  loss_points_unscaled: 17.4923 (17.2207)  moe_aux_total: 0.0016 (0.0022)  moe_aux_raw: 0.0082 (0.0110)  l_balance: 0.0093 (0.0129)  l_decorr: 0.0002 (0.0003)  moe_temperature: 0.6137 (0.6138)  ema_usage_min: 0.3608 (0.3614)  ema_usage_max: 0.4186 (0.4187)
2026-03-19 19:05:27 | INFO     | crowdcount.trainer:256 - [ep 659][lr 0.0000916][13.96s]
2026-03-19 19:05:28 | INFO     | crowdcount.trainer:240 - [MoE] epoch=660 training_stage=coordination
2026-03-19 19:05:42 | INFO     | crowdcount.engine:236 - Averaged stats: lr: 0.000092  loss_sum: 0.0599 (0.0786)  losses: 0.0351 (0.0366)  den_loss: 0.0199 (0.0396)  loss_ce: 0.0310 (0.0331)  loss_points: 0.0033 (0.0035)  loss_ce_unscaled: 0.0310 (0.0331)  loss_points_unscaled: 16.3015 (17.4356)  moe_aux_total: 0.0014 (0.0024)  moe_aux_raw: 0.0068 (0.0120)  l_balance: 0.0078 (0.0141)  l_decorr: 0.0002 (0.0003)  moe_temperature: 0.6133 (0.6134)  ema_usage_min: 0.3659 (0.3646)  ema_usage_max: 0.4212 (0.4194)
2026-03-19 19:05:42 | INFO     | crowdcount.trainer:256 - [ep 660][lr 0.0000916][13.64s]
2026-03-19 19:05:53 | INFO     | crowdcount.trainer:297 - [Eval] mae=67.15  mse=105.59  time=10.4s  best_mae=57.40  best_mse=85.62
2026-03-19 19:05:53 | INFO     | crowdcount.trainer:301 - [Eval] density_mae=67.88  density_mse=100.64  best_density_mae=59.15
2026-03-19 19:05:53 | INFO     | crowdcount.trainer:240 - [MoE] epoch=661 training_stage=coordination
2026-03-19 19:06:07 | INFO     | crowdcount.engine:236 - Averaged stats: lr: 0.000092  loss_sum: 0.0488 (0.0693)  losses: 0.0315 (0.0358)  den_loss: 0.0191 (0.0312)  loss_ce: 0.0284 (0.0323)  loss_points: 0.0034 (0.0034)  loss_ce_unscaled: 0.0284 (0.0323)  loss_points_unscaled: 16.8819 (17.1010)  moe_aux_total: 0.0013 (0.0023)  moe_aux_raw: 0.0067 (0.0115)  l_balance: 0.0078 (0.0133)  l_decorr: 0.0002 (0.0004)  moe_temperature: 0.6128 (0.6129)  ema_usage_min: 0.3641 (0.3634)  ema_usage_max: 0.4177 (0.4202)
2026-03-19 19:06:07 | INFO     | crowdcount.trainer:256 - [ep 661][lr 0.0000915][13.60s]
2026-03-19 19:06:08 | INFO     | crowdcount.trainer:240 - [MoE] epoch=662 training_stage=coordination
2026-03-19 19:06:22 | INFO     | crowdcount.engine:236 - Averaged stats: lr: 0.000092  loss_sum: 0.0534 (0.0669)  losses: 0.0329 (0.0336)  den_loss: 0.0197 (0.0314)  loss_ce: 0.0299 (0.0302)  loss_points: 0.0034 (0.0034)  loss_ce_unscaled: 0.0299 (0.0302)  loss_points_unscaled: 17.0553 (17.0218)  moe_aux_total: 0.0015 (0.0018)  moe_aux_raw: 0.0077 (0.0092)  l_balance: 0.0081 (0.0106)  l_decorr: 0.0002 (0.0004)  moe_temperature: 0.6124 (0.6125)  ema_usage_min: 0.3705 (0.3705)  ema_usage_max: 0.4166 (0.4155)
2026-03-19 19:06:22 | INFO     | crowdcount.trainer:256 - [ep 662][lr 0.0000915][13.79s]
2026-03-19 19:06:24 | INFO     | crowdcount.trainer:240 - [MoE] epoch=663 training_stage=coordination
2026-03-19 19:06:37 | INFO     | crowdcount.engine:236 - Averaged stats: lr: 0.000091  loss_sum: 0.0565 (0.0636)  losses: 0.0338 (0.0332)  den_loss: 0.0178 (0.0287)  loss_ce: 0.0300 (0.0298)  loss_points: 0.0034 (0.0035)  loss_ce_unscaled: 0.0300 (0.0298)  loss_points_unscaled: 17.1045 (17.2862)  moe_aux_total: 0.0014 (0.0017)  moe_aux_raw: 0.0069 (0.0086)  l_balance: 0.0080 (0.0099)  l_decorr: 0.0002 (0.0003)  moe_temperature: 0.6119 (0.6120)  ema_usage_min: 0.3745 (0.3716)  ema_usage_max: 0.4086 (0.4115)
2026-03-19 19:06:37 | INFO     | crowdcount.trainer:256 - [ep 663][lr 0.0000915][13.65s]
2026-03-19 19:06:50 | INFO     | crowdcount.trainer:297 - [Eval] mae=59.81  mse=96.79  time=10.7s  best_mae=57.40  best_mse=85.62
2026-03-19 19:06:50 | INFO     | crowdcount.trainer:301 - [Eval] density_mae=68.05  density_mse=98.66  best_density_mae=59.15
2026-03-19 19:06:50 | INFO     | crowdcount.trainer:240 - [MoE] epoch=664 training_stage=coordination
2026-03-19 19:07:03 | INFO     | crowdcount.engine:236 - Averaged stats: lr: 0.000091  loss_sum: 0.0649 (0.0668)  losses: 0.0356 (0.0335)  den_loss: 0.0293 (0.0312)  loss_ce: 0.0320 (0.0301)  loss_points: 0.0035 (0.0034)  loss_ce_unscaled: 0.0320 (0.0301)  loss_points_unscaled: 17.2862 (17.1707)  moe_aux_total: 0.0015 (0.0021)  moe_aux_raw: 0.0075 (0.0103)  l_balance: 0.0087 (0.0121)  l_decorr: 0.0002 (0.0002)  moe_temperature: 0.6114 (0.6116)  ema_usage_min: 0.3781 (0.3783)  ema_usage_max: 0.4106 (0.4100)
2026-03-19 19:07:03 | INFO     | crowdcount.trainer:256 - [ep 664][lr 0.0000915][13.29s]
2026-03-19 19:07:04 | INFO     | crowdcount.trainer:240 - [MoE] epoch=665 training_stage=coordination
2026-03-19 19:07:17 | INFO     | crowdcount.engine:236 - Averaged stats: lr: 0.000091  loss_sum: 0.0655 (0.0669)  losses: 0.0372 (0.0339)  den_loss: 0.0288 (0.0313)  loss_ce: 0.0335 (0.0304)  loss_points: 0.0035 (0.0035)  loss_ce_unscaled: 0.0335 (0.0304)  loss_points_unscaled: 17.5186 (17.4295)  moe_aux_total: 0.0009 (0.0016)  moe_aux_raw: 0.0046 (0.0081)  l_balance: 0.0053 (0.0094)  l_decorr: 0.0002 (0.0002)  moe_temperature: 0.6110 (0.6111)  ema_usage_min: 0.3872 (0.3870)  ema_usage_max: 0.4102 (0.4095)
2026-03-19 19:07:17 | INFO     | crowdcount.trainer:256 - [ep 665][lr 0.0000914][13.10s]
2026-03-19 19:07:19 | INFO     | crowdcount.trainer:240 - [MoE] epoch=666 training_stage=coordination
2026-03-19 19:07:32 | INFO     | crowdcount.engine:236 - Averaged stats: lr: 0.000091  loss_sum: 0.0605 (0.0608)  losses: 0.0296 (0.0318)  den_loss: 0.0222 (0.0274)  loss_ce: 0.0268 (0.0282)  loss_points: 0.0033 (0.0036)  loss_ce_unscaled: 0.0268 (0.0282)  loss_points_unscaled: 16.3233 (17.9271)  moe_aux_total: 0.0012 (0.0016)  moe_aux_raw: 0.0059 (0.0081)  l_balance: 0.0067 (0.0094)  l_decorr: 0.0002 (0.0002)  moe_temperature: 0.6105 (0.6107)  ema_usage_min: 0.3887 (0.3882)  ema_usage_max: 0.4081 (0.4088)
2026-03-19 19:07:32 | INFO     | crowdcount.trainer:256 - [ep 666][lr 0.0000914][13.25s]
2026-03-19 19:07:44 | INFO     | crowdcount.trainer:297 - [Eval] mae=63.71  mse=101.37  time=10.5s  best_mae=57.40  best_mse=85.62
2026-03-19 19:07:44 | INFO     | crowdcount.trainer:301 - [Eval] density_mae=66.93  density_mse=102.63  best_density_mae=59.15
2026-03-19 19:07:44 | INFO     | crowdcount.trainer:240 - [MoE] epoch=667 training_stage=coordination
2026-03-19 19:07:57 | INFO     | crowdcount.engine:236 - Averaged stats: lr: 0.000091  loss_sum: 0.0546 (0.0616)  losses: 0.0329 (0.0333)  den_loss: 0.0204 (0.0268)  loss_ce: 0.0292 (0.0298)  loss_points: 0.0034 (0.0035)  loss_ce_unscaled: 0.0292 (0.0298)  loss_points_unscaled: 16.7781 (17.5288)  moe_aux_total: 0.0009 (0.0015)  moe_aux_raw: 0.0047 (0.0075)  l_balance: 0.0053 (0.0088)  l_decorr: 0.0002 (0.0002)  moe_temperature: 0.6101 (0.6102)  ema_usage_min: 0.3939 (0.3930)  ema_usage_max: 0.4076 (0.4064)
2026-03-19 19:07:57 | INFO     | crowdcount.trainer:256 - [ep 667][lr 0.0000914][13.64s]
2026-03-19 19:07:59 | INFO     | crowdcount.trainer:240 - [MoE] epoch=668 training_stage=coordination
2026-03-19 19:08:13 | INFO     | crowdcount.engine:236 - Averaged stats: lr: 0.000091  loss_sum: 0.0532 (0.0694)  losses: 0.0317 (0.0339)  den_loss: 0.0274 (0.0338)  loss_ce: 0.0283 (0.0304)  loss_points: 0.0031 (0.0035)  loss_ce_unscaled: 0.0283 (0.0304)  loss_points_unscaled: 15.5846 (17.4905)  moe_aux_total: 0.0009 (0.0018)  moe_aux_raw: 0.0046 (0.0091)  l_balance: 0.0053 (0.0106)  l_decorr: 0.0001 (0.0002)  moe_temperature: 0.6096 (0.6098)  ema_usage_min: 0.3906 (0.3909)  ema_usage_max: 0.4155 (0.4134)
2026-03-19 19:08:13 | INFO     | crowdcount.trainer:256 - [ep 668][lr 0.0000914][13.82s]
2026-03-19 19:08:14 | INFO     | crowdcount.trainer:240 - [MoE] epoch=669 training_stage=coordination
2026-03-19 19:08:28 | INFO     | crowdcount.engine:236 - Averaged stats: lr: 0.000091  loss_sum: 0.0599 (0.0682)  losses: 0.0347 (0.0345)  den_loss: 0.0232 (0.0322)  loss_ce: 0.0310 (0.0311)  loss_points: 0.0034 (0.0034)  loss_ce_unscaled: 0.0310 (0.0311)  loss_points_unscaled: 16.7544 (17.1855)  moe_aux_total: 0.0014 (0.0015)  moe_aux_raw: 0.0069 (0.0074)  l_balance: 0.0080 (0.0086)  l_decorr: 0.0002 (0.0002)  moe_temperature: 0.6092 (0.6093)  ema_usage_min: 0.3944 (0.3936)  ema_usage_max: 0.4107 (0.4129)
2026-03-19 19:08:28 | INFO     | crowdcount.trainer:256 - [ep 669][lr 0.0000913][13.77s]
2026-03-19 19:08:39 | INFO     | crowdcount.trainer:297 - [Eval] mae=67.18  mse=111.07  time=10.4s  best_mae=57.40  best_mse=85.62
2026-03-19 19:08:39 | INFO     | crowdcount.trainer:301 - [Eval] density_mae=67.08  density_mse=105.56  best_density_mae=59.15
2026-03-19 19:08:39 | INFO     | crowdcount.trainer:240 - [MoE] epoch=670 training_stage=coordination
2026-03-19 19:08:52 | INFO     | crowdcount.engine:236 - Averaged stats: lr: 0.000091  loss_sum: 0.0564 (0.0656)  losses: 0.0335 (0.0340)  den_loss: 0.0214 (0.0300)  loss_ce: 0.0306 (0.0304)  loss_points: 0.0036 (0.0036)  loss_ce_unscaled: 0.0306 (0.0304)  loss_points_unscaled: 17.7734 (17.7713)  moe_aux_total: 0.0009 (0.0016)  moe_aux_raw: 0.0046 (0.0081)  l_balance: 0.0053 (0.0095)  l_decorr: 0.0001 (0.0002)  moe_temperature: 0.6087 (0.6088)  ema_usage_min: 0.3930 (0.3938)  ema_usage_max: 0.4133 (0.4131)
2026-03-19 19:08:52 | INFO     | crowdcount.trainer:256 - [ep 670][lr 0.0000913][12.66s]
2026-03-19 19:08:53 | INFO     | crowdcount.trainer:240 - [MoE] epoch=671 training_stage=coordination
2026-03-19 19:09:07 | INFO     | crowdcount.engine:236 - Averaged stats: lr: 0.000091  loss_sum: 0.0711 (0.0704)  losses: 0.0334 (0.0335)  den_loss: 0.0341 (0.0342)  loss_ce: 0.0299 (0.0301)  loss_points: 0.0033 (0.0033)  loss_ce_unscaled: 0.0299 (0.0301)  loss_points_unscaled: 16.4582 (16.5991)  moe_aux_total: 0.0019 (0.0028)  moe_aux_raw: 0.0096 (0.0141)  l_balance: 0.0112 (0.0167)  l_decorr: 0.0002 (0.0002)  moe_temperature: 0.6083 (0.6084)  ema_usage_min: 0.3921 (0.3925)  ema_usage_max: 0.4090 (0.4115)
2026-03-19 19:09:07 | INFO     | crowdcount.trainer:256 - [ep 671][lr 0.0000913][13.53s]
2026-03-19 19:09:08 | INFO     | crowdcount.trainer:240 - [MoE] epoch=672 training_stage=coordination
2026-03-19 19:09:22 | INFO     | crowdcount.engine:236 - Averaged stats: lr: 0.000091  loss_sum: 0.0622 (0.0772)  losses: 0.0346 (0.0351)  den_loss: 0.0256 (0.0402)  loss_ce: 0.0318 (0.0317)  loss_points: 0.0031 (0.0034)  loss_ce_unscaled: 0.0318 (0.0317)  loss_points_unscaled: 15.6633 (16.9434)  moe_aux_total: 0.0012 (0.0020)  moe_aux_raw: 0.0059 (0.0099)  l_balance: 0.0069 (0.0116)  l_decorr: 0.0002 (0.0002)  moe_temperature: 0.6078 (0.6079)  ema_usage_min: 0.3803 (0.3826)  ema_usage_max: 0.4173 (0.4162)
2026-03-19 19:09:22 | INFO     | crowdcount.trainer:256 - [ep 672][lr 0.0000913][14.00s]
2026-03-19 19:09:34 | INFO     | crowdcount.trainer:297 - [Eval] mae=62.13  mse=97.14  time=10.4s  best_mae=57.40  best_mse=85.62
2026-03-19 19:09:34 | INFO     | crowdcount.trainer:301 - [Eval] density_mae=74.40  density_mse=111.94  best_density_mae=59.15
2026-03-19 19:09:34 | INFO     | crowdcount.trainer:240 - [MoE] epoch=673 training_stage=coordination
2026-03-19 19:09:47 | INFO     | crowdcount.engine:236 - Averaged stats: lr: 0.000091  loss_sum: 0.0553 (0.0649)  losses: 0.0306 (0.0324)  den_loss: 0.0243 (0.0306)  loss_ce: 0.0271 (0.0290)  loss_points: 0.0033 (0.0034)  loss_ce_unscaled: 0.0271 (0.0290)  loss_points_unscaled: 16.6955 (17.0609)  moe_aux_total: 0.0015 (0.0019)  moe_aux_raw: 0.0075 (0.0093)  l_balance: 0.0087 (0.0109)  l_decorr: 0.0001 (0.0002)  moe_temperature: 0.6074 (0.6075)  ema_usage_min: 0.3766 (0.3780)  ema_usage_max: 0.4107 (0.4115)
2026-03-19 19:09:47 | INFO     | crowdcount.trainer:256 - [ep 673][lr 0.0000912][13.17s]
2026-03-19 19:09:49 | INFO     | crowdcount.trainer:240 - [MoE] epoch=674 training_stage=coordination
2026-03-19 19:10:02 | INFO     | crowdcount.engine:236 - Averaged stats: lr: 0.000091  loss_sum: 0.0513 (0.0649)  losses: 0.0319 (0.0334)  den_loss: 0.0165 (0.0296)  loss_ce: 0.0285 (0.0299)  loss_points: 0.0034 (0.0035)  loss_ce_unscaled: 0.0285 (0.0299)  loss_points_unscaled: 17.1166 (17.3337)  moe_aux_total: 0.0015 (0.0019)  moe_aux_raw: 0.0074 (0.0093)  l_balance: 0.0087 (0.0109)  l_decorr: 0.0002 (0.0002)  moe_temperature: 0.6069 (0.6070)  ema_usage_min: 0.3787 (0.3780)  ema_usage_max: 0.4157 (0.4153)
2026-03-19 19:10:02 | INFO     | crowdcount.trainer:256 - [ep 674][lr 0.0000912][13.29s]
2026-03-19 19:10:03 | INFO     | crowdcount.trainer:240 - [MoE] epoch=675 training_stage=coordination
2026-03-19 19:10:17 | INFO     | crowdcount.engine:236 - Averaged stats: lr: 0.000091  loss_sum: 0.0470 (0.0654)  losses: 0.0290 (0.0334)  den_loss: 0.0171 (0.0303)  loss_ce: 0.0251 (0.0299)  loss_points: 0.0034 (0.0034)  loss_ce_unscaled: 0.0251 (0.0299)  loss_points_unscaled: 17.0721 (17.1858)  moe_aux_total: 0.0010 (0.0018)  moe_aux_raw: 0.0048 (0.0088)  l_balance: 0.0053 (0.0103)  l_decorr: 0.0002 (0.0002)  moe_temperature: 0.6065 (0.6066)  ema_usage_min: 0.3789 (0.3777)  ema_usage_max: 0.4126 (0.4135)
2026-03-19 19:10:17 | INFO     | crowdcount.trainer:256 - [ep 675][lr 0.0000912][13.34s]
2026-03-19 19:10:29 | INFO     | crowdcount.trainer:297 - [Eval] mae=66.43  mse=110.76  time=10.5s  best_mae=57.40  best_mse=85.62
2026-03-19 19:10:29 | INFO     | crowdcount.trainer:301 - [Eval] density_mae=65.08  density_mse=100.73  best_density_mae=59.15
2026-03-19 19:10:29 | INFO     | crowdcount.trainer:240 - [MoE] epoch=676 training_stage=coordination
2026-03-19 19:10:42 | INFO     | crowdcount.engine:236 - Averaged stats: lr: 0.000091  loss_sum: 0.0536 (0.0725)  losses: 0.0320 (0.0344)  den_loss: 0.0208 (0.0359)  loss_ce: 0.0290 (0.0311)  loss_points: 0.0030 (0.0033)  loss_ce_unscaled: 0.0290 (0.0311)  loss_points_unscaled: 15.1891 (16.4763)  moe_aux_total: 0.0019 (0.0022)  moe_aux_raw: 0.0097 (0.0111)  l_balance: 0.0114 (0.0130)  l_decorr: 0.0002 (0.0002)  moe_temperature: 0.6060 (0.6062)  ema_usage_min: 0.3810 (0.3803)  ema_usage_max: 0.4139 (0.4133)
2026-03-19 19:10:42 | INFO     | crowdcount.trainer:256 - [ep 676][lr 0.0000912][13.60s]
2026-03-19 19:10:44 | INFO     | crowdcount.trainer:240 - [MoE] epoch=677 training_stage=coordination
2026-03-19 19:10:57 | INFO     | crowdcount.engine:236 - Averaged stats: lr: 0.000091  loss_sum: 0.0511 (0.0666)  losses: 0.0304 (0.0343)  den_loss: 0.0222 (0.0309)  loss_ce: 0.0278 (0.0308)  loss_points: 0.0034 (0.0036)  loss_ce_unscaled: 0.0278 (0.0308)  loss_points_unscaled: 16.7914 (17.7857)  moe_aux_total: 0.0007 (0.0013)  moe_aux_raw: 0.0037 (0.0066)  l_balance: 0.0042 (0.0076)  l_decorr: 0.0002 (0.0002)  moe_temperature: 0.6056 (0.6057)  ema_usage_min: 0.3854 (0.3815)  ema_usage_max: 0.4155 (0.4170)
2026-03-19 19:10:57 | INFO     | crowdcount.trainer:256 - [ep 677][lr 0.0000911][13.30s]
2026-03-19 19:10:59 | INFO     | crowdcount.trainer:240 - [MoE] epoch=678 training_stage=coordination
2026-03-19 19:11:12 | INFO     | crowdcount.engine:236 - Averaged stats: lr: 0.000091  loss_sum: 0.0520 (0.0713)  losses: 0.0297 (0.0344)  den_loss: 0.0190 (0.0352)  loss_ce: 0.0261 (0.0310)  loss_points: 0.0033 (0.0034)  loss_ce_unscaled: 0.0261 (0.0310)  loss_points_unscaled: 16.3599 (17.0001)  moe_aux_total: 0.0009 (0.0017)  moe_aux_raw: 0.0046 (0.0084)  l_balance: 0.0053 (0.0099)  l_decorr: 0.0002 (0.0002)  moe_temperature: 0.6051 (0.6053)  ema_usage_min: 0.3754 (0.3805)  ema_usage_max: 0.4156 (0.4159)
2026-03-19 19:11:12 | INFO     | crowdcount.trainer:256 - [ep 678][lr 0.0000911][13.62s]
2026-03-19 19:11:24 | INFO     | crowdcount.trainer:297 - [Eval] mae=68.43  mse=108.92  time=10.5s  best_mae=57.40  best_mse=85.62
2026-03-19 19:11:24 | INFO     | crowdcount.trainer:301 - [Eval] density_mae=78.14  density_mse=112.58  best_density_mae=59.15
2026-03-19 19:11:24 | INFO     | crowdcount.trainer:240 - [MoE] epoch=679 training_stage=coordination
2026-03-19 19:11:38 | INFO     | crowdcount.engine:236 - Averaged stats: lr: 0.000091  loss_sum: 0.0565 (0.0678)  losses: 0.0292 (0.0343)  den_loss: 0.0229 (0.0315)  loss_ce: 0.0259 (0.0309)  loss_points: 0.0033 (0.0034)  loss_ce_unscaled: 0.0259 (0.0309)  loss_points_unscaled: 16.6331 (17.0213)  moe_aux_total: 0.0011 (0.0021)  moe_aux_raw: 0.0056 (0.0103)  l_balance: 0.0065 (0.0120)  l_decorr: 0.0002 (0.0002)  moe_temperature: 0.6047 (0.6048)  ema_usage_min: 0.3653 (0.3671)  ema_usage_max: 0.4239 (0.4217)
2026-03-19 19:11:38 | INFO     | crowdcount.trainer:256 - [ep 679][lr 0.0000911][13.51s]
2026-03-19 19:11:39 | INFO     | crowdcount.trainer:240 - [MoE] epoch=680 training_stage=coordination
2026-03-19 19:11:52 | INFO     | crowdcount.engine:236 - Averaged stats: lr: 0.000091  loss_sum: 0.0653 (0.0716)  losses: 0.0337 (0.0351)  den_loss: 0.0318 (0.0351)  loss_ce: 0.0300 (0.0317)  loss_points: 0.0037 (0.0034)  loss_ce_unscaled: 0.0300 (0.0317)  loss_points_unscaled: 18.3941 (17.0768)  moe_aux_total: 0.0010 (0.0014)  moe_aux_raw: 0.0048 (0.0069)  l_balance: 0.0053 (0.0080)  l_decorr: 0.0002 (0.0002)  moe_temperature: 0.6043 (0.6044)  ema_usage_min: 0.3774 (0.3744)  ema_usage_max: 0.4187 (0.4208)
2026-03-19 19:11:52 | INFO     | crowdcount.trainer:256 - [ep 680][lr 0.0000911][13.25s]
2026-03-19 19:11:54 | INFO     | crowdcount.trainer:240 - [MoE] epoch=681 training_stage=coordination
2026-03-19 19:12:07 | INFO     | crowdcount.engine:236 - Averaged stats: lr: 0.000091  loss_sum: 0.0628 (0.0628)  losses: 0.0315 (0.0322)  den_loss: 0.0228 (0.0291)  loss_ce: 0.0282 (0.0289)  loss_points: 0.0033 (0.0033)  loss_ce_unscaled: 0.0282 (0.0289)  loss_points_unscaled: 16.4270 (16.5316)  moe_aux_total: 0.0013 (0.0014)  moe_aux_raw: 0.0063 (0.0072)  l_balance: 0.0074 (0.0084)  l_decorr: 0.0001 (0.0002)  moe_temperature: 0.6038 (0.6039)  ema_usage_min: 0.3814 (0.3814)  ema_usage_max: 0.4136 (0.4148)
2026-03-19 19:12:07 | INFO     | crowdcount.trainer:256 - [ep 681][lr 0.0000910][13.36s]
2026-03-19 19:12:19 | INFO     | crowdcount.trainer:297 - [Eval] mae=69.43  mse=113.00  time=10.6s  best_mae=57.40  best_mse=85.62
2026-03-19 19:12:19 | INFO     | crowdcount.trainer:301 - [Eval] density_mae=77.56  density_mse=112.95  best_density_mae=59.15
2026-03-19 19:12:19 | INFO     | crowdcount.trainer:240 - [MoE] epoch=682 training_stage=coordination
2026-03-19 19:12:33 | INFO     | crowdcount.engine:236 - Averaged stats: lr: 0.000091  loss_sum: 0.0549 (0.0681)  losses: 0.0310 (0.0337)  den_loss: 0.0240 (0.0327)  loss_ce: 0.0273 (0.0301)  loss_points: 0.0037 (0.0036)  loss_ce_unscaled: 0.0273 (0.0301)  loss_points_unscaled: 18.2778 (18.0788)  moe_aux_total: 0.0009 (0.0017)  moe_aux_raw: 0.0047 (0.0085)  l_balance: 0.0053 (0.0099)  l_decorr: 0.0001 (0.0002)  moe_temperature: 0.6034 (0.6035)  ema_usage_min: 0.3822 (0.3817)  ema_usage_max: 0.4088 (0.4086)
2026-03-19 19:12:33 | INFO     | crowdcount.trainer:256 - [ep 682][lr 0.0000910][13.61s]
2026-03-19 19:12:34 | INFO     | crowdcount.trainer:240 - [MoE] epoch=683 training_stage=coordination
2026-03-19 19:12:48 | INFO     | crowdcount.engine:236 - Averaged stats: lr: 0.000091  loss_sum: 0.0624 (0.0715)  losses: 0.0317 (0.0348)  den_loss: 0.0272 (0.0349)  loss_ce: 0.0277 (0.0312)  loss_points: 0.0032 (0.0035)  loss_ce_unscaled: 0.0277 (0.0312)  loss_points_unscaled: 16.1130 (17.6440)  moe_aux_total: 0.0011 (0.0018)  moe_aux_raw: 0.0056 (0.0092)  l_balance: 0.0065 (0.0108)  l_decorr: 0.0001 (0.0002)  moe_temperature: 0.6029 (0.6030)  ema_usage_min: 0.3822 (0.3827)  ema_usage_max: 0.4145 (0.4133)
2026-03-19 19:12:48 | INFO     | crowdcount.trainer:256 - [ep 683][lr 0.0000910][13.78s]
2026-03-19 19:12:49 | INFO     | crowdcount.trainer:240 - [MoE] epoch=684 training_stage=coordination
2026-03-19 19:13:03 | INFO     | crowdcount.engine:236 - Averaged stats: lr: 0.000091  loss_sum: 0.0561 (0.0716)  losses: 0.0343 (0.0343)  den_loss: 0.0200 (0.0357)  loss_ce: 0.0305 (0.0309)  loss_points: 0.0035 (0.0034)  loss_ce_unscaled: 0.0305 (0.0309)  loss_points_unscaled: 17.5068 (17.0084)  moe_aux_total: 0.0014 (0.0017)  moe_aux_raw: 0.0070 (0.0083)  l_balance: 0.0081 (0.0098)  l_decorr: 0.0001 (0.0002)  moe_temperature: 0.6025 (0.6026)  ema_usage_min: 0.3822 (0.3816)  ema_usage_max: 0.4236 (0.4211)
2026-03-19 19:13:03 | INFO     | crowdcount.trainer:256 - [ep 684][lr 0.0000910][13.63s]
2026-03-19 19:13:15 | INFO     | crowdcount.trainer:297 - [Eval] mae=65.59  mse=103.23  time=10.3s  best_mae=57.40  best_mse=85.62
2026-03-19 19:13:15 | INFO     | crowdcount.trainer:301 - [Eval] density_mae=70.84  density_mse=110.93  best_density_mae=59.15
2026-03-19 19:13:15 | INFO     | crowdcount.trainer:240 - [MoE] epoch=685 training_stage=coordination
2026-03-19 19:13:28 | INFO     | crowdcount.engine:236 - Averaged stats: lr: 0.000091  loss_sum: 0.0622 (0.0677)  losses: 0.0347 (0.0345)  den_loss: 0.0271 (0.0314)  loss_ce: 0.0314 (0.0311)  loss_points: 0.0033 (0.0034)  loss_ce_unscaled: 0.0314 (0.0311)  loss_points_unscaled: 16.6886 (17.0006)  moe_aux_total: 0.0013 (0.0018)  moe_aux_raw: 0.0067 (0.0089)  l_balance: 0.0078 (0.0104)  l_decorr: 0.0002 (0.0002)  moe_temperature: 0.6020 (0.6021)  ema_usage_min: 0.3880 (0.3864)  ema_usage_max: 0.4187 (0.4209)
2026-03-19 19:13:28 | INFO     | crowdcount.trainer:256 - [ep 685][lr 0.0000909][13.60s]
2026-03-19 19:13:30 | INFO     | crowdcount.trainer:240 - [MoE] epoch=686 training_stage=coordination
2026-03-19 19:13:43 | INFO     | crowdcount.engine:236 - Averaged stats: lr: 0.000091  loss_sum: 0.0600 (0.0665)  losses: 0.0324 (0.0347)  den_loss: 0.0258 (0.0300)  loss_ce: 0.0293 (0.0313)  loss_points: 0.0033 (0.0034)  loss_ce_unscaled: 0.0293 (0.0313)  loss_points_unscaled: 16.5813 (17.0861)  moe_aux_total: 0.0016 (0.0018)  moe_aux_raw: 0.0079 (0.0091)  l_balance: 0.0093 (0.0107)  l_decorr: 0.0002 (0.0002)  moe_temperature: 0.6016 (0.6017)  ema_usage_min: 0.3770 (0.3796)  ema_usage_max: 0.4197 (0.4196)
2026-03-19 19:13:43 | INFO     | crowdcount.trainer:256 - [ep 686][lr 0.0000909][13.63s]
2026-03-19 19:13:45 | INFO     | crowdcount.trainer:240 - [MoE] epoch=687 training_stage=coordination
2026-03-19 19:13:58 | INFO     | crowdcount.engine:236 - Averaged stats: lr: 0.000091  loss_sum: 0.0483 (0.0714)  losses: 0.0309 (0.0343)  den_loss: 0.0154 (0.0353)  loss_ce: 0.0270 (0.0310)  loss_points: 0.0031 (0.0033)  loss_ce_unscaled: 0.0270 (0.0310)  loss_points_unscaled: 15.7311 (16.7188)  moe_aux_total: 0.0019 (0.0018)  moe_aux_raw: 0.0095 (0.0092)  l_balance: 0.0112 (0.0108)  l_decorr: 0.0001 (0.0002)  moe_temperature: 0.6011 (0.6012)  ema_usage_min: 0.3854 (0.3847)  ema_usage_max: 0.4171 (0.4182)
2026-03-19 19:13:58 | INFO     | crowdcount.trainer:256 - [ep 687][lr 0.0000909][13.59s]
2026-03-19 19:14:10 | INFO     | crowdcount.trainer:297 - [Eval] mae=66.14  mse=105.49  time=10.4s  best_mae=57.40  best_mse=85.62
2026-03-19 19:14:10 | INFO     | crowdcount.trainer:301 - [Eval] density_mae=69.15  density_mse=103.24  best_density_mae=59.15
2026-03-19 19:14:10 | INFO     | crowdcount.trainer:240 - [MoE] epoch=688 training_stage=coordination
2026-03-19 19:14:24 | INFO     | crowdcount.engine:236 - Averaged stats: lr: 0.000091  loss_sum: 0.0745 (0.0654)  losses: 0.0357 (0.0331)  den_loss: 0.0328 (0.0300)  loss_ce: 0.0324 (0.0297)  loss_points: 0.0034 (0.0034)  loss_ce_unscaled: 0.0324 (0.0297)  loss_points_unscaled: 16.9084 (17.1106)  moe_aux_total: 0.0015 (0.0023)  moe_aux_raw: 0.0074 (0.0115)  l_balance: 0.0087 (0.0136)  l_decorr: 0.0002 (0.0002)  moe_temperature: 0.6007 (0.6008)  ema_usage_min: 0.3812 (0.3821)  ema_usage_max: 0.4177 (0.4167)
2026-03-19 19:14:24 | INFO     | crowdcount.trainer:256 - [ep 688][lr 0.0000909][13.18s]
2026-03-19 19:14:25 | INFO     | crowdcount.trainer:240 - [MoE] epoch=689 training_stage=coordination
2026-03-19 19:14:38 | INFO     | crowdcount.engine:236 - Averaged stats: lr: 0.000091  loss_sum: 0.0506 (0.0622)  losses: 0.0294 (0.0321)  den_loss: 0.0166 (0.0282)  loss_ce: 0.0262 (0.0287)  loss_points: 0.0035 (0.0034)  loss_ce_unscaled: 0.0262 (0.0287)  loss_points_unscaled: 17.5300 (16.9831)  moe_aux_total: 0.0016 (0.0019)  moe_aux_raw: 0.0079 (0.0093)  l_balance: 0.0093 (0.0109)  l_decorr: 0.0002 (0.0002)  moe_temperature: 0.6002 (0.6003)  ema_usage_min: 0.3714 (0.3744)  ema_usage_max: 0.4181 (0.4177)
2026-03-19 19:14:38 | INFO     | crowdcount.trainer:256 - [ep 689][lr 0.0000908][13.11s]
2026-03-19 19:14:40 | INFO     | crowdcount.trainer:240 - [MoE] epoch=690 training_stage=coordination
2026-03-19 19:14:53 | INFO     | crowdcount.engine:236 - Averaged stats: lr: 0.000091  loss_sum: 0.0584 (0.0661)  losses: 0.0318 (0.0337)  den_loss: 0.0211 (0.0301)  loss_ce: 0.0287 (0.0303)  loss_points: 0.0033 (0.0035)  loss_ce_unscaled: 0.0287 (0.0303)  loss_points_unscaled: 16.3589 (17.2636)  moe_aux_total: 0.0020 (0.0023)  moe_aux_raw: 0.0098 (0.0115)  l_balance: 0.0116 (0.0135)  l_decorr: 0.0002 (0.0002)  moe_temperature: 0.5998 (0.5999)  ema_usage_min: 0.3613 (0.3640)  ema_usage_max: 0.4180 (0.4183)
2026-03-19 19:14:53 | INFO     | crowdcount.trainer:256 - [ep 690][lr 0.0000908][13.69s]
2026-03-19 19:15:05 | INFO     | crowdcount.trainer:297 - [Eval] mae=66.32  mse=102.98  time=10.5s  best_mae=57.40  best_mse=85.62
2026-03-19 19:15:05 | INFO     | crowdcount.trainer:301 - [Eval] density_mae=69.80  density_mse=103.62  best_density_mae=59.15
2026-03-19 19:15:05 | INFO     | crowdcount.trainer:240 - [MoE] epoch=691 training_stage=coordination
2026-03-19 19:15:18 | INFO     | crowdcount.engine:236 - Averaged stats: lr: 0.000091  loss_sum: 0.0602 (0.0648)  losses: 0.0338 (0.0344)  den_loss: 0.0214 (0.0285)  loss_ce: 0.0305 (0.0310)  loss_points: 0.0036 (0.0034)  loss_ce_unscaled: 0.0305 (0.0310)  loss_points_unscaled: 18.0977 (16.8713)  moe_aux_total: 0.0019 (0.0019)  moe_aux_raw: 0.0097 (0.0097)  l_balance: 0.0114 (0.0113)  l_decorr: 0.0002 (0.0002)  moe_temperature: 0.5994 (0.5995)  ema_usage_min: 0.3638 (0.3630)  ema_usage_max: 0.4165 (0.4162)
2026-03-19 19:15:18 | INFO     | crowdcount.trainer:256 - [ep 691][lr 0.0000908][12.54s]
2026-03-19 19:15:19 | INFO     | crowdcount.trainer:240 - [MoE] epoch=692 training_stage=coordination
2026-03-19 19:15:33 | INFO     | crowdcount.engine:236 - Averaged stats: lr: 0.000091  loss_sum: 0.0552 (0.0603)  losses: 0.0307 (0.0325)  den_loss: 0.0178 (0.0254)  loss_ce: 0.0263 (0.0289)  loss_points: 0.0036 (0.0036)  loss_ce_unscaled: 0.0263 (0.0289)  loss_points_unscaled: 17.8976 (17.9662)  moe_aux_total: 0.0011 (0.0025)  moe_aux_raw: 0.0056 (0.0125)  l_balance: 0.0065 (0.0147)  l_decorr: 0.0002 (0.0002)  moe_temperature: 0.5989 (0.5990)  ema_usage_min: 0.3555 (0.3567)  ema_usage_max: 0.4234 (0.4220)
2026-03-19 19:15:33 | INFO     | crowdcount.trainer:256 - [ep 692][lr 0.0000908][13.48s]
2026-03-19 19:15:34 | INFO     | crowdcount.trainer:240 - [MoE] epoch=693 training_stage=coordination
2026-03-19 19:15:48 | INFO     | crowdcount.engine:236 - Averaged stats: lr: 0.000091  loss_sum: 0.0617 (0.0629)  losses: 0.0330 (0.0333)  den_loss: 0.0233 (0.0279)  loss_ce: 0.0294 (0.0298)  loss_points: 0.0034 (0.0035)  loss_ce_unscaled: 0.0294 (0.0298)  loss_points_unscaled: 16.8439 (17.5718)  moe_aux_total: 0.0011 (0.0017)  moe_aux_raw: 0.0056 (0.0085)  l_balance: 0.0065 (0.0100)  l_decorr: 0.0002 (0.0002)  moe_temperature: 0.5985 (0.5986)  ema_usage_min: 0.3646 (0.3624)  ema_usage_max: 0.4144 (0.4174)
2026-03-19 19:15:48 | INFO     | crowdcount.trainer:256 - [ep 693][lr 0.0000907][13.58s]
2026-03-19 19:15:59 | INFO     | crowdcount.trainer:297 - [Eval] mae=64.69  mse=101.26  time=10.4s  best_mae=57.40  best_mse=85.62
2026-03-19 19:15:59 | INFO     | crowdcount.trainer:301 - [Eval] density_mae=75.69  density_mse=104.48  best_density_mae=59.15
2026-03-19 19:15:59 | INFO     | crowdcount.trainer:240 - [MoE] epoch=694 training_stage=coordination
2026-03-19 19:16:13 | INFO     | crowdcount.engine:236 - Averaged stats: lr: 0.000091  loss_sum: 0.0579 (0.0645)  losses: 0.0309 (0.0338)  den_loss: 0.0235 (0.0293)  loss_ce: 0.0273 (0.0305)  loss_points: 0.0032 (0.0033)  loss_ce_unscaled: 0.0273 (0.0305)  loss_points_unscaled: 15.8547 (16.2600)  moe_aux_total: 0.0007 (0.0014)  moe_aux_raw: 0.0037 (0.0068)  l_balance: 0.0042 (0.0079)  l_decorr: 0.0002 (0.0002)  moe_temperature: 0.5980 (0.5981)  ema_usage_min: 0.3769 (0.3745)  ema_usage_max: 0.4085 (0.4117)
2026-03-19 19:16:13 | INFO     | crowdcount.trainer:256 - [ep 694][lr 0.0000907][13.49s]
2026-03-19 19:16:14 | INFO     | crowdcount.trainer:240 - [MoE] epoch=695 training_stage=coordination
2026-03-19 19:16:28 | INFO     | crowdcount.engine:236 - Averaged stats: lr: 0.000091  loss_sum: 0.0558 (0.0697)  losses: 0.0327 (0.0346)  den_loss: 0.0249 (0.0339)  loss_ce: 0.0286 (0.0313)  loss_points: 0.0033 (0.0033)  loss_ce_unscaled: 0.0286 (0.0313)  loss_points_unscaled: 16.6618 (16.4029)  moe_aux_total: 0.0011 (0.0012)  moe_aux_raw: 0.0057 (0.0059)  l_balance: 0.0065 (0.0068)  l_decorr: 0.0002 (0.0002)  moe_temperature: 0.5976 (0.5977)  ema_usage_min: 0.3872 (0.3858)  ema_usage_max: 0.4063 (0.4068)
2026-03-19 19:16:28 | INFO     | crowdcount.trainer:256 - [ep 695][lr 0.0000907][13.88s]
2026-03-19 19:16:30 | INFO     | crowdcount.trainer:240 - [MoE] epoch=696 training_stage=coordination
2026-03-19 19:16:42 | INFO     | crowdcount.engine:236 - Averaged stats: lr: 0.000091  loss_sum: 0.0607 (0.0630)  losses: 0.0344 (0.0325)  den_loss: 0.0268 (0.0284)  loss_ce: 0.0312 (0.0291)  loss_points: 0.0033 (0.0035)  loss_ce_unscaled: 0.0312 (0.0291)  loss_points_unscaled: 16.7245 (17.2806)  moe_aux_total: 0.0011 (0.0020)  moe_aux_raw: 0.0057 (0.0100)  l_balance: 0.0065 (0.0118)  l_decorr: 0.0002 (0.0002)  moe_temperature: 0.5971 (0.5972)  ema_usage_min: 0.3787 (0.3821)  ema_usage_max: 0.4091 (0.4077)
2026-03-19 19:16:42 | INFO     | crowdcount.trainer:256 - [ep 696][lr 0.0000907][12.73s]
2026-03-19 20:01:38 | INFO     | crowdcount.trainer:75 - Number of trainable parameters: 24,972,499
2026-03-19 20:01:38 | INFO     | crowdcount.trainer:126 - Optimizer: Adam
